timestamp,fps,speed,steering,nav_state,traffic_state,curvature,degradation_level,estop
1771932929.057,0.0,0.0,0.0,NORMAL,FATAL DEGRADATION,0.0,3,0
1771932929.159,0.1,0.0,0.0,NORMAL,FATAL DEGRADATION,0.0,3,0
1771932929.25,3.0,0.0,0.0,NORMAL,FATAL DEGRADATION,0.0,3,0
1771932929.305,5.4,0.0,0.0,NORMAL,FATAL DEGRADATION,0.0,3,0
1771932929.396,9.2,0.0,0.0,JUNCTION_PROMPT,FATAL DEGRADATION,0.0,3,0
1771932929.454,9.7,0.0,0.0,JUNCTION_RIGHT,FATAL DEGRADATION,0.0,3,0
1771932929.549,12.1,0.0,0.0,JUNCTION_RIGHT,FATAL DEGRADATION,0.0,3,0
1771932929.615,11.6,0.0,0.0,JUNCTION_RIGHT,FATAL DEGRADATION,0.0,3,0
1771932929.709,12.7,0.0,0.0,JUNCTION_RIGHT,FATAL DEGRADATION,0.0,3,0
1771932929.802,12.1,0.0,0.0,JUNCTION_RIGHT,FATAL DEGRADATION,0.0,3,0
1771932929.897,11.6,0.0,0.0,JUNCTION_RIGHT,FATAL DEGRADATION,0.0,3,0
1771932929.96,11.3,0.0,0.0,JUNCTION_RIGHT,FATAL DEGRADATION,0.0,3,0
1771932930.053,12.7,0.0,0.0,JUNCTION_RIGHT,FATAL DEGRADATION,0.0,3,0
1771932930.147,12.1,0.0,0.0,JUNCTION_RIGHT,FATAL DEGRADATION,0.0,3,0
1771932930.251,11.6,0.0,0.0,JUNCTION_RIGHT,FATAL DEGRADATION,0.0,3,0
1771932930.371,11.1,0.0,0.0,JUNCTION_RIGHT,FATAL DEGRADATION,0.0,3,0
1771932930.525,10.2,0.0,0.0,JUNCTION_RIGHT,FATAL DEGRADATION,0.0,3,0
1771932930.642,9.1,0.0,0.0,JUNCTION_RIGHT,FATAL DEGRADATION,0.0,3,0
1771932930.801,8.9,0.0,0.0,JUNCTION_RIGHT,FATAL DEGRADATION,0.0,3,0
1771932930.934,8.2,0.0,0.0,JUNCTION_RIGHT,FATAL DEGRADATION,0.0,3,0
1771932931.115,8.0,0.0,0.0,JUNCTION_RIGHT,FATAL DEGRADATION,0.0,3,0
1771932931.222,7.2,0.0,0.0,JUNCTION_RIGHT,FATAL DEGRADATION,0.0,3,0
1771932931.402,7.9,0.0,0.0,JUNCTION_RIGHT,FATAL DEGRADATION,0.0,3,0
1771932931.522,7.2,0.0,0.0,JUNCTION_RIGHT,FATAL DEGRADATION,0.0,3,0
1771932931.708,7.5,0.0,0.0,JUNCTION_RIGHT,FATAL DEGRADATION,0.0,3,0
1771932931.831,6.9,0.0,0.0,JUNCTION_RIGHT,FATAL DEGRADATION,0.0,3,0
1771932932.014,7.3,0.0,0.0,JUNCTION_RIGHT,FATAL DEGRADATION,0.0,3,0
1771932932.132,6.7,0.0,0.0,JUNCTION_RIGHT,FATAL DEGRADATION,0.0,3,0
1771932932.324,7.2,0.0,0.0,JUNCTION_RIGHT,FATAL DEGRADATION,0.0,3,0
1771932932.597,6.6,0.0,0.0,JUNCTION_RIGHT,FATAL DEGRADATION,0.0,3,0
1771932933.115,5.7,0.0,45.0,JUNCTION_RIGHT,FATAL DEGRADATION,0.0,3,0
1771932933.534,4.6,0.0,45.0,JUNCTION_RIGHT,FATAL DEGRADATION,0.0,3,0
1771932933.741,3.9,0.0,45.0,JUNCTION_RIGHT,FATAL DEGRADATION,0.0,3,0
1771932933.868,4.2,0.0,45.0,JUNCTION_RIGHT,FATAL DEGRADATION,0.0,3,0
1771932934.04,5.3,0.0,45.0,JUNCTION_RIGHT,FATAL DEGRADATION,0.0,3,0
1771932934.165,5.4,0.0,45.0,JUNCTION_RIGHT,FATAL DEGRADATION,0.0,3,0
1771932934.343,6.2,0.0,45.0,JUNCTION_RIGHT,FATAL DEGRADATION,0.0,3,0
1771932934.46,6.1,0.0,45.0,JUNCTION_RIGHT,FATAL DEGRADATION,0.0,3,0
1771932934.637,6.8,0.0,45.0,JUNCTION_RIGHT,FATAL DEGRADATION,0.0,3,0
1771932934.759,6.5,0.0,45.0,JUNCTION_RIGHT,FATAL DEGRADATION,0.0,3,0
1771932934.974,7.0,0.0,45.0,JUNCTION_RIGHT,FATAL DEGRADATION,0.0,3,0
1771932935.092,6.3,0.0,45.0,JUNCTION_RIGHT,FATAL DEGRADATION,0.0,3,0
1771932935.232,7.0,0.0,45.0,JUNCTION_RIGHT,FATAL DEGRADATION,0.0,3,0
1771932935.339,7.0,0.0,45.0,JUNCTION_RIGHT,FATAL DEGRADATION,0.0,3,0
1771932935.49,7.7,0.0,45.0,JUNCTION_RIGHT,FATAL DEGRADATION,0.0,3,0
1771932935.582,7.4,0.0,45.0,JUNCTION_RIGHT,FATAL DEGRADATION,0.0,3,0
1771932935.723,8.5,0.0,45.0,JUNCTION_RIGHT,FATAL DEGRADATION,0.0,3,0
1771932935.82,8.0,0.0,45.0,JUNCTION_RIGHT,FATAL DEGRADATION,0.0,3,0
1771932935.997,8.7,0.0,45.0,JUNCTION_RIGHT,FATAL DEGRADATION,0.0,3,0
1771932936.097,7.8,0.0,45.0,JUNCTION_RIGHT,FATAL DEGRADATION,0.0,3,0
1771932936.242,8.5,0.0,45.0,JUNCTION_RIGHT,FATAL DEGRADATION,0.0,3,0
1771932936.337,8.0,0.0,45.0,JUNCTION_RIGHT,FATAL DEGRADATION,0.0,3,0
1771932936.483,8.7,0.0,45.0,JUNCTION_RIGHT,FATAL DEGRADATION,0.0,3,0
1771932936.595,8.2,0.0,45.0,JUNCTION_RIGHT,FATAL DEGRADATION,0.0,3,0
1771932936.734,8.4,0.0,45.0,JUNCTION_RIGHT,FATAL DEGRADATION,0.0,3,0
1771932936.826,8.0,0.0,45.0,JUNCTION_RIGHT,FATAL DEGRADATION,0.0,3,0
1771932936.973,8.9,0.0,45.0,JUNCTION_RIGHT,FATAL DEGRADATION,0.0,3,0
1771932937.077,8.3,0.0,45.0,JUNCTION_RIGHT,FATAL DEGRADATION,0.0,3,0
1771932937.241,8.7,0.0,45.0,JUNCTION_RIGHT,FATAL DEGRADATION,0.0,3,0
1771932937.345,7.9,0.0,45.0,JUNCTION_RIGHT,FATAL DEGRADATION,0.0,3,0
1771932937.49,8.5,0.0,45.0,JUNCTION_RIGHT,FATAL DEGRADATION,0.0,3,0
1771932937.59,8.0,0.0,45.0,JUNCTION_RIGHT,FATAL DEGRADATION,0.0,3,0
1771932937.733,8.6,0.0,45.0,JUNCTION_RIGHT,FATAL DEGRADATION,0.0,3,0
1771932937.824,8.1,0.0,45.0,JUNCTION_RIGHT,FATAL DEGRADATION,0.0,3,0
1771932937.982,9.0,0.0,45.0,JUNCTION_RIGHT,FATAL DEGRADATION,0.0,3,0
1771932938.079,8.2,0.0,45.0,JUNCTION_RIGHT,FATAL DEGRADATION,0.0,3,0
1771932938.241,8.8,0.0,45.0,JUNCTION_RIGHT,FATAL DEGRADATION,0.0,3,0
1771932938.336,8.1,0.0,45.0,JUNCTION_RIGHT,FATAL DEGRADATION,0.0,3,0
1771932938.487,8.8,0.0,45.0,JUNCTION_RIGHT,FATAL DEGRADATION,0.0,3,0
1771932938.59,8.1,0.0,45.0,JUNCTION_RIGHT,FATAL DEGRADATION,0.0,3,0
1771932938.744,8.6,0.0,45.0,JUNCTION_RIGHT,FATAL DEGRADATION,0.0,3,0
1771932938.84,8.0,0.0,45.0,JUNCTION_RIGHT,FATAL DEGRADATION,0.0,3,0
1771932938.997,8.7,0.0,45.0,JUNCTION_RIGHT,FATAL DEGRADATION,0.0,3,0
1771932939.09,8.0,0.0,45.0,JUNCTION_RIGHT,FATAL DEGRADATION,0.0,3,0
1771932939.25,8.8,0.0,45.0,JUNCTION_RIGHT,FATAL DEGRADATION,0.0,3,0
1771932939.366,8.0,0.0,45.0,JUNCTION_RIGHT,FATAL DEGRADATION,0.0,3,0
1771932939.515,8.2,0.0,45.0,JUNCTION_RIGHT,FATAL DEGRADATION,0.0,3,0
1771932939.612,7.8,0.0,45.0,JUNCTION_RIGHT,FATAL DEGRADATION,0.0,3,0
1771932939.769,8.5,0.0,45.0,JUNCTION_RIGHT,FATAL DEGRADATION,0.0,3,0
1771932939.86,7.9,0.0,45.0,JUNCTION_RIGHT,FATAL DEGRADATION,0.0,3,0
1771932940.009,8.8,0.0,45.0,JUNCTION_RIGHT,FATAL DEGRADATION,0.0,3,0
1771932940.105,8.2,0.0,45.0,JUNCTION_RIGHT,FATAL DEGRADATION,0.0,3,0
1771932940.253,8.9,0.0,45.0,JUNCTION_RIGHT,FATAL DEGRADATION,0.0,3,0
1771932940.365,8.2,0.0,45.0,JUNCTION_RIGHT,FATAL DEGRADATION,0.0,3,0
1771932940.521,8.5,0.0,45.0,JUNCTION_RIGHT,FATAL DEGRADATION,0.0,3,0
1771932940.618,7.8,0.0,45.0,JUNCTION_RIGHT,FATAL DEGRADATION,0.0,3,0
1771932940.762,8.6,0.0,45.0,JUNCTION_RIGHT,FATAL DEGRADATION,0.0,3,0
1771932940.856,8.1,0.0,45.0,JUNCTION_RIGHT,FATAL DEGRADATION,0.0,3,0
1771932940.99,8.9,0.0,45.0,JUNCTION_RIGHT,FATAL DEGRADATION,0.0,3,0
1771932941.083,8.4,0.0,45.0,JUNCTION_RIGHT,FATAL DEGRADATION,0.0,3,0
1771932941.234,9.2,0.0,45.0,JUNCTION_RIGHT,FATAL DEGRADATION,0.0,3,0
1771932941.332,8.4,0.0,45.0,JUNCTION_RIGHT,FATAL DEGRADATION,0.0,3,0
1771932941.494,8.9,0.0,45.0,JUNCTION_RIGHT,FATAL DEGRADATION,0.0,3,0
1771932941.606,8.1,0.0,45.0,JUNCTION_RIGHT,FATAL DEGRADATION,0.0,3,0
1771932941.771,8.4,0.0,45.0,JUNCTION_RIGHT,FATAL DEGRADATION,0.0,3,0
1771932941.874,7.7,0.0,45.0,JUNCTION_RIGHT,FATAL DEGRADATION,0.0,3,0
1771932942.04,8.3,0.0,45.0,JUNCTION_RIGHT,FATAL DEGRADATION,0.0,3,0
1771932942.136,7.6,0.0,45.0,JUNCTION_RIGHT,FATAL DEGRADATION,0.0,3,0
1771932942.289,8.4,0.0,45.0,JUNCTION_RIGHT,FATAL DEGRADATION,0.0,3,0
1771932942.384,7.9,0.0,45.0,JUNCTION_RIGHT,FATAL DEGRADATION,0.0,3,0
1771932942.555,8.7,0.0,45.0,JUNCTION_RIGHT,FATAL DEGRADATION,0.0,3,0
1771932942.658,7.8,0.0,45.0,JUNCTION_RIGHT,FATAL DEGRADATION,0.0,3,0
1771932942.815,8.4,0.0,45.0,JUNCTION_RIGHT,FATAL DEGRADATION,0.0,3,0
1771932942.913,7.8,0.0,45.0,JUNCTION_RIGHT,FATAL DEGRADATION,0.0,3,0
1771932943.076,8.5,0.0,45.0,JUNCTION_RIGHT,FATAL DEGRADATION,0.0,3,0
1771932943.177,7.8,0.0,45.0,JUNCTION_RIGHT,FATAL DEGRADATION,0.0,3,0
1771932943.336,8.4,0.0,45.0,JUNCTION_RIGHT,FATAL DEGRADATION,0.0,3,0
1771932943.437,7.8,0.0,45.0,JUNCTION_RIGHT,FATAL DEGRADATION,0.0,3,0
1771932943.605,8.4,0.0,45.0,JUNCTION_RIGHT,FATAL DEGRADATION,0.0,3,0
1771932943.711,7.7,0.0,45.0,JUNCTION_RIGHT,FATAL DEGRADATION,0.0,3,0
1771932943.869,8.2,0.0,45.0,JUNCTION_RIGHT,FATAL DEGRADATION,0.0,3,0
1771932943.97,7.6,0.0,45.0,JUNCTION_RIGHT,FATAL DEGRADATION,0.0,3,0
1771932944.124,8.3,0.0,45.0,JUNCTION_RIGHT,FATAL DEGRADATION,0.0,3,0
1771932944.218,7.8,0.0,45.0,JUNCTION_RIGHT,FATAL DEGRADATION,0.0,3,0
1771932944.366,8.6,0.0,45.0,JUNCTION_RIGHT,FATAL DEGRADATION,0.0,3,0
1771932944.469,8.0,0.0,45.0,JUNCTION_RIGHT,FATAL DEGRADATION,0.0,3,0
1771932944.615,8.6,0.0,45.0,JUNCTION_RIGHT,FATAL DEGRADATION,0.0,3,0
1771932944.718,8.1,0.0,45.0,JUNCTION_RIGHT,FATAL DEGRADATION,0.0,3,0
1771932944.865,8.6,0.0,45.0,JUNCTION_RIGHT,FATAL DEGRADATION,0.0,3,0
1771932944.967,8.0,0.0,45.0,JUNCTION_RIGHT,FATAL DEGRADATION,0.0,3,0
1771932945.124,8.6,0.0,45.0,JUNCTION_RIGHT,FATAL DEGRADATION,0.0,3,0
1771932945.241,7.9,0.0,45.0,JUNCTION_RIGHT,FATAL DEGRADATION,0.0,3,0
1771932945.47,8.1,0.0,45.0,JUNCTION_RIGHT,FATAL DEGRADATION,0.0,3,0
1771932945.565,7.0,0.0,45.0,JUNCTION_RIGHT,FATAL DEGRADATION,0.0,3,0
1771932945.731,8.2,0.0,45.0,JUNCTION_RIGHT,FATAL DEGRADATION,0.0,3,0
1771932945.84,7.5,0.0,45.0,JUNCTION_RIGHT,FATAL DEGRADATION,0.0,3,0
1771932946.002,8.0,0.0,45.0,JUNCTION_RIGHT,FATAL DEGRADATION,0.0,3,0
1771932946.095,7.4,0.0,45.0,JUNCTION_RIGHT,FATAL DEGRADATION,0.0,3,0
1771932946.256,8.7,0.0,45.0,JUNCTION_RIGHT,FATAL DEGRADATION,0.0,3,0
1771932946.362,7.9,0.0,45.0,JUNCTION_RIGHT,FATAL DEGRADATION,0.0,3,0
1771932946.536,8.3,0.0,45.0,JUNCTION_RIGHT,FATAL DEGRADATION,0.0,3,0
1771932946.632,7.6,0.0,45.0,JUNCTION_RIGHT,FATAL DEGRADATION,0.0,3,0
1771932946.795,8.4,0.0,45.0,JUNCTION_RIGHT,FATAL DEGRADATION,0.0,3,0
1771932946.926,7.7,0.0,45.0,JUNCTION_RIGHT,FATAL DEGRADATION,0.0,3,0
1771932947.108,7.7,0.0,45.0,JUNCTION_RIGHT,FATAL DEGRADATION,0.0,3,0
1771932947.214,7.0,0.0,45.0,JUNCTION_RIGHT,FATAL DEGRADATION,0.0,3,0
1771932947.382,7.7,0.0,45.0,JUNCTION_RIGHT,FATAL DEGRADATION,0.0,3,0
1771932947.474,7.2,0.0,45.0,JUNCTION_RIGHT,FATAL DEGRADATION,0.0,3,0
1771932947.627,8.3,0.0,45.0,JUNCTION_RIGHT,FATAL DEGRADATION,0.0,3,0
1771932947.726,7.8,0.0,45.0,JUNCTION_RIGHT,FATAL DEGRADATION,0.0,3,0
1771932947.892,8.4,0.0,45.0,JUNCTION_RIGHT,FATAL DEGRADATION,0.0,3,0
1771932948.003,7.7,0.0,45.0,JUNCTION_RIGHT,FATAL DEGRADATION,0.0,3,0
1771932948.166,8.1,0.0,45.0,JUNCTION_RIGHT,FATAL DEGRADATION,0.0,3,0
1771932948.263,7.5,0.0,45.0,JUNCTION_RIGHT,FATAL DEGRADATION,0.0,3,0
1771932948.414,8.4,0.0,45.0,JUNCTION_RIGHT,FATAL DEGRADATION,0.0,3,0
1771932948.515,7.8,0.0,45.0,JUNCTION_RIGHT,FATAL DEGRADATION,0.0,3,0
1771932948.662,8.5,0.0,45.0,JUNCTION_RIGHT,FATAL DEGRADATION,0.0,3,0
1771932948.764,7.9,0.0,45.0,JUNCTION_RIGHT,FATAL DEGRADATION,0.0,3,0
1771932948.919,8.6,0.0,45.0,JUNCTION_RIGHT,FATAL DEGRADATION,0.0,3,0
1771932949.032,7.9,0.0,45.0,JUNCTION_RIGHT,FATAL DEGRADATION,0.0,3,0
1771932949.191,8.2,0.0,45.0,JUNCTION_RIGHT,FATAL DEGRADATION,0.0,3,0
1771932949.301,7.6,0.0,45.0,JUNCTION_RIGHT,FATAL DEGRADATION,0.0,3,0
1771932949.474,8.1,0.0,45.0,JUNCTION_RIGHT,FATAL DEGRADATION,0.0,3,0
1771932949.596,7.4,0.0,45.0,JUNCTION_RIGHT,FATAL DEGRADATION,0.0,3,0
1771932949.812,7.6,0.0,45.0,JUNCTION_RIGHT,FATAL DEGRADATION,0.0,3,0
1771932949.914,6.7,0.0,45.0,JUNCTION_RIGHT,FATAL DEGRADATION,0.0,3,0
1771932950.108,7.7,0.0,45.0,JUNCTION_RIGHT,FATAL DEGRADATION,0.0,3,0
1771932950.201,6.9,0.0,45.0,JUNCTION_RIGHT,FATAL DEGRADATION,0.0,3,0
1771932950.354,8.1,0.0,45.0,JUNCTION_RIGHT,FATAL DEGRADATION,0.0,3,0
1771932950.469,7.6,0.0,45.0,JUNCTION_RIGHT,FATAL DEGRADATION,0.0,3,0
1771932950.61,7.9,0.0,45.0,JUNCTION_RIGHT,FATAL DEGRADATION,0.0,3,0
1771932950.704,7.7,0.0,45.0,JUNCTION_RIGHT,FATAL DEGRADATION,0.0,3,0
1771932950.83,8.6,0.0,45.0,JUNCTION_RIGHT,FATAL DEGRADATION,0.0,3,0
1771932950.908,8.4,0.0,45.0,JUNCTION_RIGHT,FATAL DEGRADATION,0.0,3,0
1771932951.064,9.7,0.0,45.0,JUNCTION_RIGHT,FATAL DEGRADATION,0.0,3,0
1771932951.154,8.7,0.0,45.0,JUNCTION_RIGHT,FATAL DEGRADATION,0.0,3,0
1771932951.314,9.4,0.0,45.0,JUNCTION_RIGHT,FATAL DEGRADATION,0.0,3,0
1771932951.44,8.5,0.0,45.0,JUNCTION_RIGHT,FATAL DEGRADATION,0.0,3,0
1771932951.6,8.3,0.0,45.0,JUNCTION_RIGHT,FATAL DEGRADATION,0.0,3,0
1771932951.69,7.7,0.0,45.0,JUNCTION_RIGHT,FATAL DEGRADATION,0.0,3,0
1771932951.838,8.7,0.0,45.0,JUNCTION_RIGHT,FATAL DEGRADATION,0.0,3,0
1771932951.932,8.1,0.0,45.0,JUNCTION_RIGHT,FATAL DEGRADATION,0.0,3,0
1771932952.081,8.9,0.0,45.0,JUNCTION_RIGHT,FATAL DEGRADATION,0.0,3,0
1771932952.186,8.2,0.0,45.0,JUNCTION_RIGHT,FATAL DEGRADATION,0.0,3,0
1771932952.342,8.6,0.0,45.0,JUNCTION_RIGHT,FATAL DEGRADATION,0.0,3,0
1771932952.447,7.9,0.0,45.0,JUNCTION_RIGHT,FATAL DEGRADATION,0.0,3,0
1771932952.6,8.5,0.0,45.0,JUNCTION_RIGHT,FATAL DEGRADATION,0.0,3,0
1771932952.695,7.9,0.0,45.0,JUNCTION_RIGHT,FATAL DEGRADATION,0.0,3,0
1771932952.852,8.7,0.0,45.0,JUNCTION_RIGHT,FATAL DEGRADATION,0.0,3,0
1771932952.953,8.0,0.0,45.0,JUNCTION_RIGHT,FATAL DEGRADATION,0.0,3,0
1771932953.107,8.6,0.0,45.0,JUNCTION_RIGHT,FATAL DEGRADATION,0.0,3,0
1771932953.2,8.0,0.0,45.0,JUNCTION_RIGHT,FATAL DEGRADATION,0.0,3,0
1771932953.354,8.8,0.0,45.0,JUNCTION_RIGHT,FATAL DEGRADATION,0.0,3,0
1771932953.463,8.1,0.0,45.0,JUNCTION_RIGHT,FATAL DEGRADATION,0.0,3,0
1771932953.609,8.4,0.0,45.0,JUNCTION_RIGHT,FATAL DEGRADATION,0.0,3,0
1771932953.702,7.9,0.0,45.0,JUNCTION_RIGHT,FATAL DEGRADATION,0.0,3,0
1771932953.856,8.8,0.0,45.0,JUNCTION_RIGHT,FATAL DEGRADATION,0.0,3,0
1771932953.958,8.1,0.0,45.0,JUNCTION_RIGHT,FATAL DEGRADATION,0.0,3,0
1771932954.112,8.7,0.0,45.0,JUNCTION_RIGHT,FATAL DEGRADATION,0.0,3,0
1771932954.219,8.0,0.0,45.0,JUNCTION_RIGHT,FATAL DEGRADATION,0.0,3,0
1771932954.389,8.4,0.0,45.0,JUNCTION_RIGHT,FATAL DEGRADATION,0.0,3,0
1771932954.499,7.7,0.0,45.0,JUNCTION_RIGHT,FATAL DEGRADATION,0.0,3,0
1771932954.648,8.1,0.0,45.0,JUNCTION_RIGHT,FATAL DEGRADATION,0.0,3,0
1771932954.755,7.7,0.0,45.0,JUNCTION_RIGHT,FATAL DEGRADATION,0.0,3,0
1771932954.916,8.2,0.0,45.0,JUNCTION_RIGHT,FATAL DEGRADATION,0.0,3,0
1771932955.012,7.6,0.0,45.0,JUNCTION_RIGHT,FATAL DEGRADATION,0.0,3,0
1771932955.156,8.4,0.0,45.0,JUNCTION_RIGHT,FATAL DEGRADATION,0.0,3,0
1771932955.241,8.0,0.0,45.0,JUNCTION_RIGHT,FATAL DEGRADATION,0.0,3,0
1771932955.395,9.1,0.0,45.0,JUNCTION_RIGHT,FATAL DEGRADATION,0.0,3,0
1771932955.491,8.3,0.0,45.0,JUNCTION_RIGHT,FATAL DEGRADATION,0.0,3,0
1771932955.644,8.9,0.0,45.0,JUNCTION_RIGHT,FATAL DEGRADATION,0.0,3,0
1771932955.748,8.2,0.0,45.0,JUNCTION_RIGHT,FATAL DEGRADATION,0.0,3,0
1771932955.896,8.7,0.0,45.0,JUNCTION_RIGHT,FATAL DEGRADATION,0.0,3,0
1771932955.962,8.1,0.0,45.0,JUNCTION_RIGHT,FATAL DEGRADATION,0.0,3,0
1771932956.106,10.2,0.0,45.0,JUNCTION_RIGHT,FATAL DEGRADATION,0.0,3,0
1771932956.199,9.2,0.0,45.0,JUNCTION_RIGHT,FATAL DEGRADATION,0.0,3,0
1771932956.358,9.7,0.0,45.0,JUNCTION_RIGHT,FATAL DEGRADATION,0.0,3,0
1771932956.464,8.7,0.0,45.0,JUNCTION_RIGHT,FATAL DEGRADATION,0.0,3,0
1771932956.617,8.9,0.0,45.0,JUNCTION_RIGHT,FATAL DEGRADATION,0.0,3,0
1771932956.713,8.2,0.0,45.0,JUNCTION_RIGHT,FATAL DEGRADATION,0.0,3,0
1771932956.864,8.8,0.0,45.0,JUNCTION_RIGHT,FATAL DEGRADATION,0.0,3,0
1771932956.968,8.2,0.0,45.0,JUNCTION_RIGHT,FATAL DEGRADATION,0.0,3,0
1771932957.115,8.6,0.0,45.0,JUNCTION_RIGHT,FATAL DEGRADATION,0.0,3,0
1771932957.207,8.1,0.0,45.0,JUNCTION_RIGHT,FATAL DEGRADATION,0.0,3,0
1771932957.36,8.9,0.0,45.0,JUNCTION_RIGHT,FATAL DEGRADATION,0.0,3,0
1771932957.467,8.2,0.0,45.0,JUNCTION_RIGHT,FATAL DEGRADATION,0.0,3,0
1771932957.616,8.6,0.0,45.0,JUNCTION_RIGHT,FATAL DEGRADATION,0.0,3,0
1771932957.708,8.0,0.0,45.0,JUNCTION_RIGHT,FATAL DEGRADATION,0.0,3,0
1771932957.856,8.9,0.0,45.0,JUNCTION_RIGHT,FATAL DEGRADATION,0.0,3,0
1771932957.97,8.3,0.0,45.0,JUNCTION_RIGHT,FATAL DEGRADATION,0.0,3,0
1771932958.119,8.4,0.0,45.0,JUNCTION_RIGHT,FATAL DEGRADATION,0.0,3,0
1771932958.205,7.9,0.0,45.0,JUNCTION_RIGHT,FATAL DEGRADATION,0.0,3,0
1771932958.357,9.0,0.0,45.0,JUNCTION_RIGHT,FATAL DEGRADATION,0.0,3,0
1771932958.449,8.3,0.0,45.0,JUNCTION_RIGHT,FATAL DEGRADATION,0.0,3,0
1771932958.602,9.0,0.0,45.0,JUNCTION_RIGHT,FATAL DEGRADATION,0.0,3,0
1771932958.691,8.3,0.0,45.0,JUNCTION_RIGHT,FATAL DEGRADATION,0.0,3,0
1771932958.854,9.2,0.0,45.0,JUNCTION_RIGHT,FATAL DEGRADATION,0.0,3,0
1771932958.961,8.2,0.0,45.0,JUNCTION_RIGHT,FATAL DEGRADATION,0.0,3,0
1771932959.137,8.6,0.0,45.0,JUNCTION_RIGHT,FATAL DEGRADATION,0.0,3,0
1771932959.239,7.7,0.0,45.0,JUNCTION_RIGHT,FATAL DEGRADATION,0.0,3,0
1771932959.395,8.4,0.0,45.0,JUNCTION_RIGHT,FATAL DEGRADATION,0.0,3,0
1771932959.492,7.8,0.0,45.0,JUNCTION_RIGHT,FATAL DEGRADATION,0.0,3,0
1771932959.658,8.6,0.0,45.0,JUNCTION_RIGHT,FATAL DEGRADATION,0.0,3,0
1771932959.743,7.8,0.0,45.0,JUNCTION_RIGHT,FATAL DEGRADATION,0.0,3,0
1771932959.897,8.9,0.0,45.0,JUNCTION_RIGHT,FATAL DEGRADATION,0.0,3,0
1771932959.996,8.2,0.0,45.0,JUNCTION_RIGHT,FATAL DEGRADATION,0.0,3,0
1771932960.157,8.8,0.0,45.0,JUNCTION_RIGHT,FATAL DEGRADATION,0.0,3,0
1771932960.245,8.0,0.0,45.0,JUNCTION_RIGHT,FATAL DEGRADATION,0.0,3,0
1771932960.396,9.0,0.0,45.0,JUNCTION_RIGHT,FATAL DEGRADATION,0.0,3,0
1771932960.493,8.3,0.0,45.0,JUNCTION_RIGHT,FATAL DEGRADATION,0.0,3,0
1771932960.659,8.9,0.0,45.0,JUNCTION_RIGHT,FATAL DEGRADATION,0.0,3,0
1771932960.764,8.0,0.0,45.0,JUNCTION_RIGHT,FATAL DEGRADATION,0.0,3,0
1771932960.919,8.5,0.0,45.0,JUNCTION_RIGHT,FATAL DEGRADATION,0.0,3,0
1771932961.025,7.9,0.0,45.0,JUNCTION_RIGHT,FATAL DEGRADATION,0.0,3,0
1771932961.19,8.4,0.0,45.0,JUNCTION_RIGHT,FATAL DEGRADATION,0.0,3,0
1771932961.323,7.7,0.0,45.0,JUNCTION_RIGHT,FATAL DEGRADATION,0.0,3,0
1771932961.47,7.7,0.0,45.0,JUNCTION_RIGHT,FATAL DEGRADATION,0.0,3,0
1771932961.567,7.4,0.0,45.0,JUNCTION_RIGHT,FATAL DEGRADATION,0.0,3,0
1771932961.713,8.3,0.0,45.0,JUNCTION_RIGHT,FATAL DEGRADATION,0.0,3,0
1771932961.831,7.8,0.0,45.0,JUNCTION_RIGHT,FATAL DEGRADATION,0.0,3,0
1771932961.982,8.0,0.0,45.0,JUNCTION_RIGHT,FATAL DEGRADATION,0.0,3,0
1771932962.096,7.6,0.0,45.0,JUNCTION_RIGHT,FATAL DEGRADATION,0.0,3,0
1771932962.24,8.0,0.0,45.0,JUNCTION_RIGHT,FATAL DEGRADATION,0.0,3,0
1771932962.326,7.7,0.0,45.0,JUNCTION_RIGHT,FATAL DEGRADATION,0.0,3,0
1771932962.469,8.8,0.0,45.0,JUNCTION_RIGHT,FATAL DEGRADATION,0.0,3,0
1771932962.56,8.3,0.0,45.0,JUNCTION_RIGHT,FATAL DEGRADATION,0.0,3,0
1771932962.714,9.1,0.0,45.0,JUNCTION_RIGHT,FATAL DEGRADATION,0.0,3,0
1771932962.814,8.3,0.0,45.0,JUNCTION_RIGHT,FATAL DEGRADATION,0.0,3,0
1771932962.974,8.8,0.0,45.0,JUNCTION_RIGHT,FATAL DEGRADATION,0.0,3,0
1771932963.067,8.1,0.0,45.0,JUNCTION_RIGHT,FATAL DEGRADATION,0.0,3,0
1771932963.215,8.9,0.0,45.0,JUNCTION_RIGHT,FATAL DEGRADATION,0.0,3,0
1771932963.319,8.2,0.0,45.0,JUNCTION_RIGHT,FATAL DEGRADATION,0.0,3,0
1771932963.47,8.7,0.0,45.0,JUNCTION_RIGHT,FATAL DEGRADATION,0.0,3,0
1771932963.564,8.0,0.0,45.0,JUNCTION_RIGHT,FATAL DEGRADATION,0.0,3,0
1771932963.718,8.8,0.0,45.0,JUNCTION_RIGHT,FATAL DEGRADATION,0.0,3,0
1771932963.821,8.1,0.0,45.0,JUNCTION_RIGHT,FATAL DEGRADATION,0.0,3,0
1771932963.992,8.6,0.0,45.0,JUNCTION_RIGHT,FATAL DEGRADATION,0.0,3,0
1771932964.107,7.8,0.0,45.0,JUNCTION_RIGHT,FATAL DEGRADATION,0.0,3,0
1771932964.276,8.0,0.0,45.0,JUNCTION_RIGHT,FATAL DEGRADATION,0.0,3,0
1771932964.378,7.4,0.0,45.0,JUNCTION_RIGHT,FATAL DEGRADATION,0.0,3,0
1771932964.535,8.2,0.0,45.0,JUNCTION_RIGHT,FATAL DEGRADATION,0.0,3,0
1771932964.627,7.6,0.0,45.0,JUNCTION_RIGHT,FATAL DEGRADATION,0.0,3,0
1771932964.787,8.6,0.0,45.0,JUNCTION_RIGHT,FATAL DEGRADATION,0.0,3,0
1771932964.893,7.9,0.0,45.0,JUNCTION_RIGHT,FATAL DEGRADATION,0.0,3,0
1771932965.147,7.8,0.0,45.0,JUNCTION_RIGHT,FATAL DEGRADATION,0.0,3,0
1771932965.218,6.8,0.0,45.0,JUNCTION_RIGHT,FATAL DEGRADATION,0.0,3,0
1771932965.376,8.9,0.0,45.0,JUNCTION_RIGHT,FATAL DEGRADATION,0.0,3,0
1771932965.475,8.1,0.0,45.0,JUNCTION_RIGHT,FATAL DEGRADATION,0.0,3,0
1771932965.623,8.7,0.0,45.0,JUNCTION_RIGHT,FATAL DEGRADATION,0.0,3,0
1771932965.722,8.1,0.0,45.0,JUNCTION_RIGHT,FATAL DEGRADATION,0.0,3,0
1771932965.875,8.7,0.0,45.0,JUNCTION_RIGHT,FATAL DEGRADATION,0.0,3,0
1771932965.975,8.0,0.0,45.0,JUNCTION_RIGHT,FATAL DEGRADATION,0.0,3,0
1771932966.127,8.6,0.0,45.0,JUNCTION_RIGHT,FATAL DEGRADATION,0.0,3,0
1771932966.227,8.0,0.0,45.0,JUNCTION_RIGHT,FATAL DEGRADATION,0.0,3,0
1771932966.375,8.6,0.0,45.0,JUNCTION_RIGHT,FATAL DEGRADATION,0.0,3,0
1771932966.487,8.1,0.0,45.0,JUNCTION_RIGHT,FATAL DEGRADATION,0.0,3,0
1771932966.639,8.3,0.0,45.0,JUNCTION_RIGHT,FATAL DEGRADATION,0.0,3,0
1771932966.737,7.8,0.0,45.0,JUNCTION_RIGHT,FATAL DEGRADATION,0.0,3,0
1771932966.91,8.5,0.0,45.0,JUNCTION_RIGHT,FATAL DEGRADATION,0.0,3,0
1771932966.996,7.7,0.0,45.0,JUNCTION_RIGHT,FATAL DEGRADATION,0.0,3,0
1771932967.135,8.8,0.0,45.0,JUNCTION_RIGHT,FATAL DEGRADATION,0.0,3,0
1771932967.219,8.4,0.0,45.0,JUNCTION_RIGHT,FATAL DEGRADATION,0.0,3,0
1771932967.377,9.4,0.0,45.0,JUNCTION_RIGHT,FATAL DEGRADATION,0.0,3,0
1771932967.481,8.4,0.0,45.0,JUNCTION_RIGHT,FATAL DEGRADATION,0.0,3,0
1771932967.646,8.9,0.0,45.0,JUNCTION_RIGHT,FATAL DEGRADATION,0.0,3,0
1771932967.734,8.0,0.0,45.0,JUNCTION_RIGHT,FATAL DEGRADATION,0.0,3,0
1771932967.886,9.1,0.0,45.0,JUNCTION_RIGHT,FATAL DEGRADATION,0.0,3,0
1771932967.975,8.3,0.0,45.0,JUNCTION_RIGHT,FATAL DEGRADATION,0.0,3,0
1771932968.127,9.2,0.0,45.0,JUNCTION_RIGHT,FATAL DEGRADATION,0.0,3,0
1771932968.207,8.4,0.0,45.0,JUNCTION_RIGHT,FATAL DEGRADATION,0.0,3,0
1771932968.36,9.7,0.0,45.0,JUNCTION_RIGHT,FATAL DEGRADATION,0.0,3,0
1771932968.468,8.7,0.0,45.0,JUNCTION_RIGHT,FATAL DEGRADATION,0.0,3,0
1771932968.651,8.9,0.0,45.0,JUNCTION_RIGHT,FATAL DEGRADATION,0.0,3,0
1771932968.796,7.8,0.0,45.0,JUNCTION_RIGHT,FATAL DEGRADATION,0.0,3,0
1771932968.957,7.6,0.0,45.0,JUNCTION_RIGHT,FATAL DEGRADATION,0.0,3,0
1771932969.056,7.2,0.0,45.0,JUNCTION_RIGHT,FATAL DEGRADATION,0.0,3,0
1771932969.206,8.1,0.0,45.0,JUNCTION_RIGHT,FATAL DEGRADATION,0.0,3,0
1771932969.313,7.7,0.0,45.0,JUNCTION_RIGHT,FATAL DEGRADATION,0.0,3,0
1771932969.456,8.2,0.0,45.0,JUNCTION_RIGHT,FATAL DEGRADATION,0.0,3,0
1771932969.55,7.8,0.0,45.0,JUNCTION_RIGHT,FATAL DEGRADATION,0.0,3,0
1771932969.697,8.6,0.0,45.0,JUNCTION_RIGHT,FATAL DEGRADATION,0.0,3,0
1771932969.797,8.1,0.0,45.0,JUNCTION_RIGHT,FATAL DEGRADATION,0.0,3,0
1771932969.952,8.6,0.0,45.0,JUNCTION_RIGHT,FATAL DEGRADATION,0.0,3,0
1771932970.05,8.0,0.0,45.0,JUNCTION_RIGHT,FATAL DEGRADATION,0.0,3,0
1771932970.194,8.6,0.0,45.0,JUNCTION_RIGHT,FATAL DEGRADATION,0.0,3,0
1771932970.281,8.1,0.0,45.0,JUNCTION_RIGHT,FATAL DEGRADATION,0.0,3,0
1771932970.421,9.1,0.0,45.0,JUNCTION_RIGHT,FATAL DEGRADATION,0.0,3,0
1771932970.504,8.5,0.0,45.0,JUNCTION_RIGHT,FATAL DEGRADATION,0.0,3,0
1771932970.682,9.7,0.0,45.0,JUNCTION_RIGHT,FATAL DEGRADATION,0.0,3,0
1771932970.812,8.4,0.0,45.0,JUNCTION_RIGHT,FATAL DEGRADATION,0.0,3,0
1771932970.953,8.2,0.0,45.0,JUNCTION_RIGHT,FATAL DEGRADATION,0.0,3,0
1771932971.043,7.9,0.0,45.0,JUNCTION_RIGHT,FATAL DEGRADATION,0.0,3,0
1771932971.186,8.9,0.0,45.0,JUNCTION_RIGHT,FATAL DEGRADATION,0.0,3,0
1771932971.281,8.3,0.0,45.0,JUNCTION_RIGHT,FATAL DEGRADATION,0.0,3,0
1771932971.427,9.0,0.0,45.0,JUNCTION_RIGHT,FATAL DEGRADATION,0.0,3,0
1771932971.501,8.3,0.0,45.0,JUNCTION_RIGHT,FATAL DEGRADATION,0.0,3,0
1771932971.65,10.0,0.0,45.0,JUNCTION_RIGHT,FATAL DEGRADATION,0.0,3,0
1771932971.743,9.0,0.0,45.0,JUNCTION_RIGHT,FATAL DEGRADATION,0.0,3,0
1771932971.912,9.5,0.0,45.0,JUNCTION_RIGHT,FATAL DEGRADATION,0.0,3,0
1771932971.999,8.5,0.0,45.0,JUNCTION_RIGHT,FATAL DEGRADATION,0.0,3,0
1771932972.142,9.4,0.0,45.0,JUNCTION_RIGHT,FATAL DEGRADATION,0.0,3,0
1771932972.238,8.6,0.0,45.0,JUNCTION_RIGHT,FATAL DEGRADATION,0.0,3,0
1771932972.379,9.2,0.0,45.0,JUNCTION_RIGHT,FATAL DEGRADATION,0.0,3,0
1771932972.479,8.6,0.0,45.0,JUNCTION_RIGHT,FATAL DEGRADATION,0.0,3,0
1771932972.613,8.9,0.0,45.0,JUNCTION_RIGHT,FATAL DEGRADATION,0.0,3,0
1771932972.717,8.5,0.0,45.0,JUNCTION_RIGHT,FATAL DEGRADATION,0.0,3,0
1771932972.876,8.8,0.0,45.0,JUNCTION_RIGHT,FATAL DEGRADATION,0.0,3,0
1771932972.946,8.1,0.0,45.0,JUNCTION_RIGHT,FATAL DEGRADATION,0.0,3,0
1771932973.095,9.9,0.0,45.0,JUNCTION_RIGHT,FATAL DEGRADATION,0.0,3,0
1771932973.18,9.0,0.0,45.0,JUNCTION_RIGHT,FATAL DEGRADATION,0.0,3,0
1771932973.333,9.8,0.0,45.0,JUNCTION_RIGHT,FATAL DEGRADATION,0.0,3,0
1771932973.435,8.8,0.0,45.0,JUNCTION_RIGHT,FATAL DEGRADATION,0.0,3,0
1771932973.588,9.1,0.0,45.0,JUNCTION_RIGHT,FATAL DEGRADATION,0.0,3,0
1771932973.694,8.3,0.0,45.0,JUNCTION_RIGHT,FATAL DEGRADATION,0.0,3,0
1771932973.816,8.7,0.0,45.0,JUNCTION_RIGHT,FATAL DEGRADATION,0.0,3,0
1771932973.919,8.5,0.0,45.0,JUNCTION_RIGHT,FATAL DEGRADATION,0.0,3,0
1771932974.076,8.9,0.0,45.0,JUNCTION_RIGHT,FATAL DEGRADATION,0.0,3,0
1771932974.165,8.1,0.0,45.0,JUNCTION_RIGHT,FATAL DEGRADATION,0.0,3,0
1771932974.298,9.0,0.0,45.0,JUNCTION_RIGHT,FATAL DEGRADATION,0.0,3,0
1771932974.39,8.6,0.0,45.0,JUNCTION_RIGHT,FATAL DEGRADATION,0.0,3,0
1771932974.545,9.3,0.0,45.0,JUNCTION_RIGHT,FATAL DEGRADATION,0.0,3,0
1771932974.645,8.4,0.0,45.0,JUNCTION_RIGHT,FATAL DEGRADATION,0.0,3,0
1771932974.788,8.9,0.0,45.0,JUNCTION_RIGHT,FATAL DEGRADATION,0.0,3,0
1771932974.866,8.3,0.0,45.0,JUNCTION_RIGHT,FATAL DEGRADATION,0.0,3,0
1771932975.013,9.6,0.0,45.0,JUNCTION_RIGHT,FATAL DEGRADATION,0.0,3,0
1771932975.094,8.8,0.0,45.0,JUNCTION_RIGHT,FATAL DEGRADATION,0.0,3,0
1771932975.234,9.9,0.0,45.0,JUNCTION_RIGHT,FATAL DEGRADATION,0.0,3,0
1771932975.32,9.0,0.0,45.0,JUNCTION_RIGHT,FATAL DEGRADATION,0.0,3,0
1771932975.46,9.8,0.0,45.0,JUNCTION_RIGHT,FATAL DEGRADATION,0.0,3,0
1771932975.547,9.1,0.0,45.0,JUNCTION_RIGHT,FATAL DEGRADATION,0.0,3,0
1771932975.695,9.7,0.0,45.0,JUNCTION_RIGHT,FATAL DEGRADATION,0.0,3,0
1771932975.797,8.8,0.0,45.0,JUNCTION_RIGHT,FATAL DEGRADATION,0.0,3,0
1771932975.942,9.2,0.0,45.0,JUNCTION_RIGHT,FATAL DEGRADATION,0.0,3,0
1771932976.092,8.5,0.0,45.0,JUNCTION_RIGHT,FATAL DEGRADATION,0.0,3,0
1771932976.213,7.9,0.0,45.0,JUNCTION_RIGHT,FATAL DEGRADATION,0.0,3,0
1771932976.301,8.0,0.0,45.0,JUNCTION_RIGHT,FATAL DEGRADATION,0.0,3,0
1771932976.438,9.1,0.0,45.0,JUNCTION_RIGHT,FATAL DEGRADATION,0.0,3,0
1771932976.527,8.5,0.0,45.0,JUNCTION_RIGHT,FATAL DEGRADATION,0.0,3,0
1771932976.674,9.3,0.0,45.0,JUNCTION_RIGHT,FATAL DEGRADATION,0.0,3,0
1771932976.76,8.6,0.0,45.0,JUNCTION_RIGHT,FATAL DEGRADATION,0.0,3,0
1771932976.906,9.5,0.0,45.0,JUNCTION_RIGHT,FATAL DEGRADATION,0.0,3,0
1771932976.998,8.7,0.0,45.0,JUNCTION_RIGHT,FATAL DEGRADATION,0.0,3,0
1771932977.154,9.4,0.0,45.0,JUNCTION_RIGHT,FATAL DEGRADATION,0.0,3,0
1771932977.244,8.5,0.0,45.0,JUNCTION_RIGHT,FATAL DEGRADATION,0.0,3,0
1771932977.387,9.3,0.0,45.0,JUNCTION_RIGHT,FATAL DEGRADATION,0.0,3,0
1771932977.481,8.6,0.0,45.0,JUNCTION_RIGHT,FATAL DEGRADATION,0.0,3,0
1771932977.615,9.2,0.0,45.0,JUNCTION_RIGHT,FATAL DEGRADATION,0.0,3,0
1771932977.704,8.7,0.0,45.0,JUNCTION_RIGHT,FATAL DEGRADATION,0.0,3,0
1771932977.847,9.4,0.0,45.0,JUNCTION_RIGHT,FATAL DEGRADATION,0.0,3,0
1771932977.938,8.7,0.0,45.0,JUNCTION_RIGHT,FATAL DEGRADATION,0.0,3,0
1771932978.097,9.4,0.0,45.0,JUNCTION_RIGHT,FATAL DEGRADATION,0.0,3,0
1771932978.2,8.5,0.0,45.0,JUNCTION_RIGHT,FATAL DEGRADATION,0.0,3,0
1771932978.35,8.9,0.0,45.0,JUNCTION_RIGHT,FATAL DEGRADATION,0.0,3,0
1771932978.454,8.2,0.0,45.0,JUNCTION_RIGHT,FATAL DEGRADATION,0.0,3,0
1771932978.597,8.6,0.0,45.0,JUNCTION_RIGHT,FATAL DEGRADATION,0.0,3,0
1771932978.679,8.1,0.0,45.0,JUNCTION_RIGHT,FATAL DEGRADATION,0.0,3,0
1771932978.823,9.4,0.0,45.0,JUNCTION_RIGHT,FATAL DEGRADATION,0.0,3,0
1771932978.911,8.6,0.0,45.0,JUNCTION_RIGHT,FATAL DEGRADATION,0.0,3,0
1771932979.065,9.4,0.0,45.0,JUNCTION_RIGHT,FATAL DEGRADATION,0.0,3,0
1771932979.165,8.6,0.0,45.0,JUNCTION_RIGHT,FATAL DEGRADATION,0.0,3,0
1771932979.32,9.0,0.0,45.0,JUNCTION_RIGHT,FATAL DEGRADATION,0.0,3,0
1771932979.415,8.2,0.0,45.0,JUNCTION_RIGHT,FATAL DEGRADATION,0.0,3,0
1771932979.563,8.9,0.0,45.0,JUNCTION_RIGHT,FATAL DEGRADATION,0.0,3,0
1771932979.652,8.3,0.0,45.0,JUNCTION_RIGHT,FATAL DEGRADATION,0.0,3,0
1771932979.799,9.1,0.0,45.0,JUNCTION_RIGHT,FATAL DEGRADATION,0.0,3,0
1771932979.896,8.4,0.0,45.0,JUNCTION_RIGHT,FATAL DEGRADATION,0.0,3,0
1771932980.042,9.0,0.0,45.0,JUNCTION_RIGHT,FATAL DEGRADATION,0.0,3,0
1771932980.134,8.4,0.0,45.0,JUNCTION_RIGHT,FATAL DEGRADATION,0.0,3,0
1771932980.27,9.1,0.0,45.0,JUNCTION_RIGHT,FATAL DEGRADATION,0.0,3,0
1771932980.366,8.6,0.0,45.0,JUNCTION_RIGHT,FATAL DEGRADATION,0.0,3,0
1771932980.513,9.1,0.0,45.0,JUNCTION_RIGHT,FATAL DEGRADATION,0.0,3,0
1771932980.604,8.4,0.0,45.0,JUNCTION_RIGHT,FATAL DEGRADATION,0.0,3,0
1771932980.743,9.2,0.0,45.0,JUNCTION_RIGHT,FATAL DEGRADATION,0.0,3,0
1771932980.832,8.6,0.0,45.0,JUNCTION_RIGHT,FATAL DEGRADATION,0.0,3,0
1771932980.974,9.4,0.0,45.0,JUNCTION_RIGHT,FATAL DEGRADATION,0.0,3,0
1771932981.058,8.7,0.0,45.0,JUNCTION_RIGHT,FATAL DEGRADATION,0.0,3,0
1771932981.182,9.7,0.0,45.0,JUNCTION_RIGHT,FATAL DEGRADATION,0.0,3,0
1771932981.237,9.1,0.0,45.0,JUNCTION_RIGHT,FATAL DEGRADATION,0.0,3,0
1771932981.379,12.0,0.0,45.0,JUNCTION_RIGHT,FATAL DEGRADATION,0.0,3,0
1771932981.475,10.5,0.0,45.0,JUNCTION_RIGHT,FATAL DEGRADATION,0.0,3,0
1771932981.603,10.5,0.0,45.0,JUNCTION_RIGHT,FATAL DEGRADATION,0.0,3,0
1771932981.695,9.7,0.0,45.0,JUNCTION_RIGHT,FATAL DEGRADATION,0.0,3,0
1771932981.842,10.0,0.0,45.0,JUNCTION_RIGHT,FATAL DEGRADATION,0.0,3,0
1771932981.93,9.1,0.0,45.0,JUNCTION_RIGHT,FATAL DEGRADATION,0.0,3,0
1771932982.072,9.7,0.0,45.0,JUNCTION_RIGHT,FATAL DEGRADATION,0.0,3,0
1771932982.145,8.9,0.0,45.0,JUNCTION_RIGHT,FATAL DEGRADATION,0.0,3,0
1771932982.284,10.4,0.0,45.0,JUNCTION_RIGHT,FATAL DEGRADATION,0.0,3,0
1771932982.382,9.5,0.0,45.0,JUNCTION_RIGHT,FATAL DEGRADATION,0.0,3,0
1771932982.533,9.7,0.0,45.0,JUNCTION_RIGHT,FATAL DEGRADATION,0.0,3,0
1771932982.631,8.8,0.0,45.0,JUNCTION_RIGHT,FATAL DEGRADATION,0.0,3,0
1771932982.791,9.2,0.0,45.0,JUNCTION_RIGHT,FATAL DEGRADATION,0.0,3,0
1771932982.884,8.3,0.0,45.0,JUNCTION_RIGHT,FATAL DEGRADATION,0.0,3,0
1771932983.034,9.0,0.0,45.0,JUNCTION_RIGHT,FATAL DEGRADATION,0.0,3,0
1771932983.125,8.3,0.0,45.0,JUNCTION_RIGHT,FATAL DEGRADATION,0.0,3,0
1771932983.254,9.1,0.0,45.0,JUNCTION_RIGHT,FATAL DEGRADATION,0.0,3,0
1771932983.337,8.7,0.0,45.0,JUNCTION_RIGHT,FATAL DEGRADATION,0.0,3,0
1771932983.455,9.8,0.0,45.0,JUNCTION_RIGHT,FATAL DEGRADATION,0.0,3,0
1771932983.564,9.4,0.0,45.0,JUNCTION_RIGHT,FATAL DEGRADATION,0.0,3,0
1771932983.713,9.3,0.0,45.0,JUNCTION_RIGHT,FATAL DEGRADATION,0.0,3,0
1771932983.81,8.5,0.0,45.0,JUNCTION_RIGHT,FATAL DEGRADATION,0.0,3,0
1771932983.966,9.1,0.0,45.0,JUNCTION_RIGHT,FATAL DEGRADATION,0.0,3,0
1771932984.068,8.2,0.0,45.0,JUNCTION_RIGHT,FATAL DEGRADATION,0.0,3,0
1771932984.212,8.7,0.0,45.0,JUNCTION_RIGHT,FATAL DEGRADATION,0.0,3,0
1771932984.324,8.2,0.0,45.0,JUNCTION_RIGHT,FATAL DEGRADATION,0.0,3,0
1771932984.474,8.4,0.0,45.0,JUNCTION_RIGHT,FATAL DEGRADATION,0.0,3,0
1771932984.572,7.9,0.0,45.0,JUNCTION_RIGHT,FATAL DEGRADATION,0.0,3,0
1771932984.727,8.6,0.0,45.0,JUNCTION_RIGHT,FATAL DEGRADATION,0.0,3,0
1771932984.832,7.9,0.0,45.0,JUNCTION_RIGHT,FATAL DEGRADATION,0.0,3,0
1771932984.994,8.4,0.0,45.0,JUNCTION_RIGHT,FATAL DEGRADATION,0.0,3,0
1771932985.092,7.8,0.0,45.0,JUNCTION_RIGHT,FATAL DEGRADATION,0.0,3,0
1771932985.241,8.5,0.0,45.0,JUNCTION_RIGHT,FATAL DEGRADATION,0.0,3,0
1771932985.332,8.0,0.0,45.0,JUNCTION_RIGHT,FATAL DEGRADATION,0.0,3,0
1771932985.484,8.8,0.0,45.0,JUNCTION_RIGHT,FATAL DEGRADATION,0.0,3,0
1771932985.583,8.2,0.0,45.0,JUNCTION_RIGHT,FATAL DEGRADATION,0.0,3,0
1771932985.738,8.7,0.0,45.0,JUNCTION_RIGHT,FATAL DEGRADATION,0.0,3,0
1771932985.835,8.1,0.0,45.0,JUNCTION_RIGHT,FATAL DEGRADATION,0.0,3,0
1771932985.982,8.7,0.0,45.0,JUNCTION_RIGHT,FATAL DEGRADATION,0.0,3,0
1771932986.079,8.1,0.0,45.0,JUNCTION_RIGHT,FATAL DEGRADATION,0.0,3,0
1771932986.232,8.8,0.0,45.0,JUNCTION_RIGHT,FATAL DEGRADATION,0.0,3,0
1771932986.327,8.1,0.0,45.0,JUNCTION_RIGHT,FATAL DEGRADATION,0.0,3,0
1771932986.48,8.9,0.0,45.0,JUNCTION_RIGHT,FATAL DEGRADATION,0.0,3,0
1771932986.578,8.2,0.0,45.0,JUNCTION_RIGHT,FATAL DEGRADATION,0.0,3,0
1771932986.751,8.8,0.0,45.0,JUNCTION_RIGHT,FATAL DEGRADATION,0.0,3,0
1771932986.851,7.9,0.0,45.0,JUNCTION_RIGHT,FATAL DEGRADATION,0.0,3,0
1771932986.999,8.5,0.0,45.0,JUNCTION_RIGHT,FATAL DEGRADATION,0.0,3,0
1771932987.102,8.0,0.0,45.0,JUNCTION_RIGHT,FATAL DEGRADATION,0.0,3,0
1771932987.262,8.5,0.0,45.0,JUNCTION_RIGHT,FATAL DEGRADATION,0.0,3,0
1771932987.364,7.8,0.0,45.0,JUNCTION_RIGHT,FATAL DEGRADATION,0.0,3,0
1771932987.526,8.5,0.0,45.0,JUNCTION_RIGHT,FATAL DEGRADATION,0.0,3,0
1771932987.642,7.7,0.0,45.0,JUNCTION_RIGHT,FATAL DEGRADATION,0.0,3,0
1771932987.804,8.0,0.0,45.0,JUNCTION_RIGHT,FATAL DEGRADATION,0.0,3,0
1771932987.897,7.5,0.0,45.0,JUNCTION_RIGHT,FATAL DEGRADATION,0.0,3,0
1771932988.054,8.5,0.0,45.0,JUNCTION_RIGHT,FATAL DEGRADATION,0.0,3,0
1771932988.149,7.8,0.0,45.0,JUNCTION_RIGHT,FATAL DEGRADATION,0.0,3,0
1771932988.306,8.7,0.0,45.0,JUNCTION_RIGHT,FATAL DEGRADATION,0.0,3,0
1771932988.405,8.0,0.0,45.0,JUNCTION_RIGHT,FATAL DEGRADATION,0.0,3,0
1771932988.545,8.6,0.0,45.0,JUNCTION_RIGHT,FATAL DEGRADATION,0.0,3,0
1771932988.642,8.2,0.0,45.0,JUNCTION_RIGHT,FATAL DEGRADATION,0.0,3,0
1771932988.796,8.8,0.0,45.0,JUNCTION_RIGHT,FATAL DEGRADATION,0.0,3,0
1771932988.904,8.1,0.0,45.0,JUNCTION_RIGHT,FATAL DEGRADATION,0.0,3,0
1771932989.045,8.5,0.0,45.0,JUNCTION_RIGHT,FATAL DEGRADATION,0.0,3,0
1771932989.132,8.1,0.0,45.0,JUNCTION_RIGHT,FATAL DEGRADATION,0.0,3,0
1771932989.282,9.1,0.0,45.0,JUNCTION_RIGHT,FATAL DEGRADATION,0.0,3,0
1771932989.376,8.3,0.0,45.0,JUNCTION_RIGHT,FATAL DEGRADATION,0.0,3,0
1771932989.527,9.1,0.0,45.0,JUNCTION_RIGHT,FATAL DEGRADATION,0.0,3,0
1771932989.624,8.4,0.0,45.0,JUNCTION_RIGHT,FATAL DEGRADATION,0.0,3,0
1771932989.778,9.0,0.0,45.0,JUNCTION_RIGHT,FATAL DEGRADATION,0.0,3,0
1771932989.903,8.2,0.0,45.0,JUNCTION_RIGHT,FATAL DEGRADATION,0.0,3,0
1771932990.057,8.2,0.0,45.0,JUNCTION_RIGHT,FATAL DEGRADATION,0.0,3,0
1771932990.142,7.7,0.0,45.0,JUNCTION_RIGHT,FATAL DEGRADATION,0.0,3,0
1771932990.295,8.9,0.0,45.0,JUNCTION_RIGHT,FATAL DEGRADATION,0.0,3,0
1771932990.393,8.2,0.0,45.0,JUNCTION_RIGHT,FATAL DEGRADATION,0.0,3,0
1771932990.544,8.8,0.0,45.0,JUNCTION_RIGHT,FATAL DEGRADATION,0.0,3,0
1771932990.637,8.1,0.0,45.0,JUNCTION_RIGHT,FATAL DEGRADATION,0.0,3,0
1771932990.792,8.9,0.0,45.0,JUNCTION_RIGHT,FATAL DEGRADATION,0.0,3,0
1771932990.897,8.2,0.0,45.0,JUNCTION_RIGHT,FATAL DEGRADATION,0.0,3,0
1771932991.054,8.6,0.0,45.0,JUNCTION_RIGHT,FATAL DEGRADATION,0.0,3,0
1771932991.147,7.9,0.0,45.0,JUNCTION_RIGHT,FATAL DEGRADATION,0.0,3,0
1771932991.297,8.8,0.0,45.0,JUNCTION_RIGHT,FATAL DEGRADATION,0.0,3,0
1771932991.39,8.2,0.0,45.0,JUNCTION_RIGHT,FATAL DEGRADATION,0.0,3,0
1771932991.54,9.0,0.0,45.0,JUNCTION_RIGHT,FATAL DEGRADATION,0.0,3,0
1771932991.63,8.2,0.0,45.0,JUNCTION_RIGHT,FATAL DEGRADATION,0.0,3,0
1771932991.769,9.1,0.0,45.0,JUNCTION_RIGHT,FATAL DEGRADATION,0.0,3,0
1771932991.88,8.5,0.0,45.0,JUNCTION_RIGHT,FATAL DEGRADATION,0.0,3,0
1771932992.062,8.7,0.0,45.0,JUNCTION_RIGHT,FATAL DEGRADATION,0.0,3,0
1771932992.177,7.8,0.0,45.0,JUNCTION_RIGHT,FATAL DEGRADATION,0.0,3,0
1771932992.335,8.0,0.0,45.0,JUNCTION_RIGHT,FATAL DEGRADATION,0.0,3,0
1771932992.435,7.5,0.0,45.0,JUNCTION_RIGHT,FATAL DEGRADATION,0.0,3,0
1771932992.591,8.2,0.0,45.0,JUNCTION_RIGHT,FATAL DEGRADATION,0.0,3,0
1771932992.674,7.7,0.0,45.0,JUNCTION_RIGHT,FATAL DEGRADATION,0.0,3,0
1771932992.825,9.0,0.0,45.0,JUNCTION_RIGHT,FATAL DEGRADATION,0.0,3,0
1771932992.927,8.3,0.0,45.0,JUNCTION_RIGHT,FATAL DEGRADATION,0.0,3,0
1771932993.079,8.7,0.0,45.0,JUNCTION_RIGHT,FATAL DEGRADATION,0.0,3,0
1771932993.181,8.1,0.0,45.0,JUNCTION_RIGHT,FATAL DEGRADATION,0.0,3,0
1771932993.344,8.7,0.0,45.0,JUNCTION_RIGHT,FATAL DEGRADATION,0.0,3,0
1771932993.45,7.9,0.0,45.0,JUNCTION_RIGHT,FATAL DEGRADATION,0.0,3,0
1771932993.622,8.3,0.0,45.0,JUNCTION_RIGHT,FATAL DEGRADATION,0.0,3,0
1771932993.717,7.6,0.0,45.0,JUNCTION_RIGHT,FATAL DEGRADATION,0.0,3,0
1771932993.87,8.4,0.0,45.0,JUNCTION_RIGHT,FATAL DEGRADATION,0.0,3,0
1771932993.968,7.9,0.0,45.0,JUNCTION_RIGHT,FATAL DEGRADATION,0.0,3,0
1771932994.119,8.6,0.0,45.0,JUNCTION_RIGHT,FATAL DEGRADATION,0.0,3,0
1771932994.221,8.0,0.0,45.0,JUNCTION_RIGHT,FATAL DEGRADATION,0.0,3,0
1771932994.371,8.5,0.0,45.0,JUNCTION_RIGHT,FATAL DEGRADATION,0.0,3,0
1771932994.454,8.0,0.0,45.0,JUNCTION_RIGHT,FATAL DEGRADATION,0.0,3,0
1771932994.603,9.2,0.0,45.0,JUNCTION_RIGHT,FATAL DEGRADATION,0.0,3,0
1771932994.704,8.5,0.0,45.0,JUNCTION_RIGHT,FATAL DEGRADATION,0.0,3,0
1771932994.856,8.9,0.0,45.0,JUNCTION_RIGHT,FATAL DEGRADATION,0.0,3,0
1771932994.952,8.2,0.0,45.0,JUNCTION_RIGHT,FATAL DEGRADATION,0.0,3,0
1771932995.138,8.1,0.0,45.0,JUNCTION_RIGHT,FATAL DEGRADATION,0.0,3,0
1771932995.24,7.6,0.0,45.0,JUNCTION_RIGHT,FATAL DEGRADATION,0.0,3,0
1771932995.383,8.2,0.0,45.0,JUNCTION_RIGHT,FATAL DEGRADATION,0.0,3,0
1771932995.506,7.9,0.0,45.0,JUNCTION_RIGHT,FATAL DEGRADATION,0.0,3,0
1771932995.654,7.9,0.0,45.0,JUNCTION_RIGHT,FATAL DEGRADATION,0.0,3,0
1771932995.75,7.6,0.0,45.0,JUNCTION_RIGHT,FATAL DEGRADATION,0.0,3,0
1771932995.904,8.4,0.0,45.0,JUNCTION_RIGHT,FATAL DEGRADATION,0.0,3,0
1771932996.007,7.8,0.0,45.0,JUNCTION_RIGHT,FATAL DEGRADATION,0.0,3,0
1771932996.162,8.4,0.0,45.0,JUNCTION_RIGHT,FATAL DEGRADATION,0.0,3,0
1771932996.269,7.8,0.0,45.0,JUNCTION_RIGHT,FATAL DEGRADATION,0.0,3,0
1771932996.427,8.3,0.0,45.0,JUNCTION_RIGHT,FATAL DEGRADATION,0.0,3,0
1771932996.529,7.7,0.0,45.0,JUNCTION_RIGHT,FATAL DEGRADATION,0.0,3,0
1771932996.685,8.3,0.0,45.0,JUNCTION_RIGHT,FATAL DEGRADATION,0.0,3,0
1771932996.787,7.7,0.0,45.0,JUNCTION_RIGHT,FATAL DEGRADATION,0.0,3,0
1771932996.94,8.3,0.0,45.0,JUNCTION_RIGHT,FATAL DEGRADATION,0.0,3,0
1771932997.038,7.8,0.0,45.0,JUNCTION_RIGHT,FATAL DEGRADATION,0.0,3,0
1771932997.183,8.5,0.0,45.0,JUNCTION_RIGHT,FATAL DEGRADATION,0.0,3,0
1771932997.279,8.0,0.0,45.0,JUNCTION_RIGHT,FATAL DEGRADATION,0.0,3,0
1771932997.44,8.8,0.0,45.0,JUNCTION_RIGHT,FATAL DEGRADATION,0.0,3,0
1771932997.549,8.0,0.0,45.0,JUNCTION_RIGHT,FATAL DEGRADATION,0.0,3,0
1771932997.696,8.3,0.0,45.0,JUNCTION_RIGHT,FATAL DEGRADATION,0.0,3,0
1771932997.791,7.9,0.0,45.0,JUNCTION_RIGHT,FATAL DEGRADATION,0.0,3,0
1771932997.943,8.7,0.0,45.0,JUNCTION_RIGHT,FATAL DEGRADATION,0.0,3,0
1771932998.019,8.0,0.0,45.0,JUNCTION_RIGHT,FATAL DEGRADATION,0.0,3,0
1771932998.169,9.6,0.0,45.0,JUNCTION_RIGHT,FATAL DEGRADATION,0.0,3,0
1771932998.266,8.7,0.0,45.0,JUNCTION_RIGHT,FATAL DEGRADATION,0.0,3,0
1771932998.431,9.3,0.0,45.0,JUNCTION_RIGHT,FATAL DEGRADATION,0.0,3,0
1771932998.524,8.3,0.0,45.0,JUNCTION_RIGHT,FATAL DEGRADATION,0.0,3,0
1771932998.672,9.0,0.0,45.0,JUNCTION_RIGHT,FATAL DEGRADATION,0.0,3,0
1771932998.769,8.4,0.0,45.0,JUNCTION_RIGHT,FATAL DEGRADATION,0.0,3,0
1771932998.905,9.0,0.0,45.0,JUNCTION_RIGHT,FATAL DEGRADATION,0.0,3,0
1771932998.993,8.5,0.0,45.0,JUNCTION_RIGHT,FATAL DEGRADATION,0.0,3,0
1771932999.146,9.4,0.0,45.0,JUNCTION_RIGHT,FATAL DEGRADATION,0.0,3,0
1771932999.239,8.5,0.0,45.0,JUNCTION_RIGHT,FATAL DEGRADATION,0.0,3,0
1771932999.419,9.2,0.0,45.0,JUNCTION_RIGHT,FATAL DEGRADATION,0.0,3,0
1771932999.519,8.1,0.0,45.0,JUNCTION_RIGHT,FATAL DEGRADATION,0.0,3,0
1771932999.778,8.7,0.0,45.0,JUNCTION_RIGHT,FATAL DEGRADATION,0.0,3,0
1771933000.436,7.2,0.0,45.0,JUNCTION_RIGHT,FATAL DEGRADATION,0.0,3,0
1771933001.907,5.5,0.0,45.0,JUNCTION_RIGHT,FATAL DEGRADATION,0.0,3,0
1771933002.776,4.1,0.0,45.0,JUNCTION_RIGHT,FATAL DEGRADATION,0.0,3,0
1771933003.596,3.2,0.0,45.0,JUNCTION_RIGHT,FATAL DEGRADATION,0.0,3,0
1771933004.303,2.6,0.0,45.0,JUNCTION_RIGHT,FATAL DEGRADATION,0.0,3,0
1771933005.053,2.2,0.0,45.0,JUNCTION_RIGHT,FATAL DEGRADATION,0.0,3,0
1771933005.469,2.0,0.0,45.0,JUNCTION_RIGHT,FATAL DEGRADATION,0.0,3,0
1771933006.04,2.1,0.0,45.0,JUNCTION_RIGHT,FATAL DEGRADATION,0.0,3,0
1771933006.892,2.0,0.0,45.0,JUNCTION_RIGHT,FATAL DEGRADATION,0.0,3,0
1771933008.417,1.7,0.0,45.0,JUNCTION_RIGHT,FATAL DEGRADATION,0.0,3,0
1771933008.955,1.4,0.0,45.0,JUNCTION_RIGHT,FATAL DEGRADATION,0.0,3,0
1771933009.431,1.5,0.0,45.0,JUNCTION_RIGHT,FATAL DEGRADATION,0.0,3,0
1771933009.631,1.7,0.0,45.0,JUNCTION_RIGHT,FATAL DEGRADATION,0.0,3,0
1771933010.241,2.7,0.0,45.0,JUNCTION_RIGHT,FATAL DEGRADATION,0.0,3,0
1771933010.39,2.4,0.0,45.0,JUNCTION_RIGHT,FATAL DEGRADATION,0.0,3,0
1771933010.617,3.7,0.0,45.0,JUNCTION_RIGHT,FATAL DEGRADATION,0.0,3,0
1771933010.782,3.9,0.0,45.0,JUNCTION_RIGHT,FATAL DEGRADATION,0.0,3,0
1771933011.393,4.6,0.0,45.0,JUNCTION_RIGHT,FATAL DEGRADATION,0.0,3,0
1771933011.636,3.7,0.0,45.0,JUNCTION_RIGHT,FATAL DEGRADATION,0.0,3,0
1771933011.908,3.8,0.0,45.0,JUNCTION_RIGHT,FATAL DEGRADATION,0.0,3,0
1771933012.228,3.8,0.0,45.0,JUNCTION_RIGHT,FATAL DEGRADATION,0.0,3,0
1771933012.637,3.5,0.0,45.0,JUNCTION_RIGHT,FATAL DEGRADATION,0.0,3,0
1771933012.816,3.2,0.0,45.0,JUNCTION_RIGHT,FATAL DEGRADATION,0.0,3,0
1771933013.032,4.0,0.0,45.0,JUNCTION_RIGHT,FATAL DEGRADATION,0.0,3,0
1771933013.227,4.2,0.0,45.0,JUNCTION_RIGHT,FATAL DEGRADATION,0.0,3,0
1771933013.454,4.4,0.0,45.0,JUNCTION_RIGHT,FATAL DEGRADATION,0.0,3,0
1771933013.588,4.5,0.0,45.0,JUNCTION_RIGHT,FATAL DEGRADATION,0.0,3,0
1771933013.864,5.3,0.0,45.0,JUNCTION_RIGHT,FATAL DEGRADATION,0.0,3,0
1771933014.402,4.8,0.0,45.0,JUNCTION_RIGHT,FATAL DEGRADATION,0.0,3,0
1771933014.698,3.9,0.0,45.0,JUNCTION_RIGHT,FATAL DEGRADATION,0.0,3,0
1771933014.916,3.8,0.0,45.0,JUNCTION_RIGHT,FATAL DEGRADATION,0.0,3,0
1771933015.155,4.0,0.0,45.0,JUNCTION_RIGHT,FATAL DEGRADATION,0.0,3,0
1771933015.281,4.1,0.0,45.0,JUNCTION_RIGHT,FATAL DEGRADATION,0.0,3,0
1771933015.49,5.2,0.0,45.0,JUNCTION_RIGHT,FATAL DEGRADATION,0.0,3,0
1771933015.609,5.1,0.0,45.0,JUNCTION_RIGHT,FATAL DEGRADATION,0.0,3,0
1771933015.905,6.1,0.0,45.0,JUNCTION_RIGHT,FATAL DEGRADATION,0.0,3,0
1771933016.088,5.3,0.0,45.0,JUNCTION_RIGHT,FATAL DEGRADATION,0.0,3,0
1771933016.303,5.3,0.0,45.0,JUNCTION_RIGHT,FATAL DEGRADATION,0.0,3,0
1771933016.428,5.1,0.0,45.0,JUNCTION_RIGHT,FATAL DEGRADATION,0.0,3,0
1771933016.638,6.1,0.0,45.0,JUNCTION_RIGHT,FATAL DEGRADATION,0.0,3,0
1771933016.854,5.7,0.0,45.0,JUNCTION_RIGHT,FATAL DEGRADATION,0.0,3,0
1771933017.86,5.4,0.0,45.0,JUNCTION_RIGHT,FATAL DEGRADATION,0.0,3,0
1771933018.106,4.1,0.0,45.0,JUNCTION_RIGHT,FATAL DEGRADATION,0.0,3,0
1771933018.322,4.1,0.0,45.0,JUNCTION_RIGHT,FATAL DEGRADATION,0.0,3,0
1771933018.445,4.3,0.0,45.0,JUNCTION_RIGHT,FATAL DEGRADATION,0.0,3,0
1771933018.671,5.4,0.0,45.0,JUNCTION_RIGHT,FATAL DEGRADATION,0.0,3,0
1771933018.858,5.1,0.0,45.0,JUNCTION_RIGHT,FATAL DEGRADATION,0.0,3,0
1771933019.832,5.2,0.0,45.0,JUNCTION_RIGHT,FATAL DEGRADATION,0.0,3,0
1771933020.15,4.0,0.0,45.0,JUNCTION_RIGHT,FATAL DEGRADATION,0.0,3,0
1771933020.474,3.7,0.0,45.0,JUNCTION_RIGHT,FATAL DEGRADATION,0.0,3,0
1771933020.66,3.5,0.0,45.0,JUNCTION_RIGHT,FATAL DEGRADATION,0.0,3,0
1771933020.844,4.1,0.0,45.0,JUNCTION_RIGHT,FATAL DEGRADATION,0.0,3,0
1771933020.972,4.5,0.0,45.0,JUNCTION_RIGHT,FATAL DEGRADATION,0.0,3,0
1771933021.157,5.5,0.0,45.0,JUNCTION_RIGHT,FATAL DEGRADATION,0.0,3,0
1771933021.287,5.5,0.0,45.0,JUNCTION_RIGHT,FATAL DEGRADATION,0.0,3,0
1771933021.488,6.2,0.0,45.0,JUNCTION_RIGHT,FATAL DEGRADATION,0.0,3,0
1771933022.247,5.8,0.0,45.0,JUNCTION_RIGHT,FATAL DEGRADATION,0.0,3,0
1771933022.91,4.4,0.0,45.0,JUNCTION_RIGHT,FATAL DEGRADATION,0.0,3,0
1771933023.041,3.6,0.0,45.0,JUNCTION_RIGHT,FATAL DEGRADATION,0.0,3,0
1771933023.334,4.8,0.0,45.0,JUNCTION_RIGHT,FATAL DEGRADATION,0.0,3,0
1771933023.494,4.3,0.0,45.0,JUNCTION_RIGHT,FATAL DEGRADATION,0.0,3,0
1771933023.786,5.0,0.0,45.0,JUNCTION_RIGHT,FATAL DEGRADATION,0.0,3,0
1771933023.924,4.5,0.0,45.0,JUNCTION_RIGHT,FATAL DEGRADATION,0.0,3,0
1771933024.329,5.3,0.0,45.0,JUNCTION_RIGHT,FATAL DEGRADATION,0.0,3,0
1771933024.626,4.5,0.0,45.0,JUNCTION_RIGHT,FATAL DEGRADATION,0.0,3,0
1771933024.864,4.1,0.0,45.0,JUNCTION_RIGHT,FATAL DEGRADATION,0.0,3,0
1771933025.03,4.2,0.0,45.0,JUNCTION_RIGHT,FATAL DEGRADATION,0.0,3,0
1771933025.286,4.7,0.0,45.0,JUNCTION_RIGHT,FATAL DEGRADATION,0.0,3,0
1771933025.428,4.5,0.0,45.0,JUNCTION_RIGHT,FATAL DEGRADATION,0.0,3,0
1771933025.662,5.2,0.0,45.0,JUNCTION_RIGHT,FATAL DEGRADATION,0.0,3,0
1771933025.822,4.9,0.0,45.0,JUNCTION_RIGHT,FATAL DEGRADATION,0.0,3,0
1771933026.025,5.4,0.0,45.0,JUNCTION_RIGHT,FATAL DEGRADATION,0.0,3,0
1771933026.144,5.2,0.0,45.0,JUNCTION_RIGHT,FATAL DEGRADATION,0.0,3,0
1771933026.375,6.2,0.0,45.0,JUNCTION_RIGHT,FATAL DEGRADATION,0.0,3,0
1771933026.516,5.6,0.0,45.0,JUNCTION_RIGHT,FATAL DEGRADATION,0.0,3,0
1771933026.753,6.1,0.0,45.0,JUNCTION_RIGHT,FATAL DEGRADATION,0.0,3,0
1771933026.892,5.5,0.0,45.0,JUNCTION_RIGHT,FATAL DEGRADATION,0.0,3,0
1771933027.122,6.0,0.0,45.0,JUNCTION_RIGHT,FATAL DEGRADATION,0.0,3,0
1771933027.272,5.5,0.0,45.0,JUNCTION_RIGHT,FATAL DEGRADATION,0.0,3,0
1771933027.765,5.8,0.0,45.0,JUNCTION_RIGHT,FATAL DEGRADATION,0.0,3,0
1771933027.961,4.7,0.0,45.0,JUNCTION_RIGHT,FATAL DEGRADATION,0.0,3,0
1771933028.289,4.8,0.0,45.0,JUNCTION_RIGHT,FATAL DEGRADATION,0.0,3,0
1771933028.401,4.3,0.0,45.0,JUNCTION_RIGHT,FATAL DEGRADATION,0.0,3,0
1771933028.747,5.7,0.0,45.0,JUNCTION_RIGHT,FATAL DEGRADATION,0.0,3,0
1771933028.884,4.9,0.0,45.0,JUNCTION_RIGHT,FATAL DEGRADATION,0.0,3,0
1771933029.101,5.6,0.0,45.0,JUNCTION_RIGHT,FATAL DEGRADATION,0.0,3,0
1771933029.223,5.3,0.0,45.0,JUNCTION_RIGHT,FATAL DEGRADATION,0.0,3,0
1771933029.446,6.2,0.0,45.0,JUNCTION_RIGHT,FATAL DEGRADATION,0.0,3,0
1771933029.581,5.6,0.0,45.0,JUNCTION_RIGHT,FATAL DEGRADATION,0.0,3,0
1771933029.861,6.2,0.0,45.0,JUNCTION_RIGHT,FATAL DEGRADATION,0.0,3,0
1771933030.01,5.4,0.0,45.0,JUNCTION_RIGHT,FATAL DEGRADATION,0.0,3,0
1771933030.28,5.8,0.0,45.0,JUNCTION_RIGHT,FATAL DEGRADATION,0.0,3,0
1771933030.397,5.2,0.0,45.0,JUNCTION_RIGHT,FATAL DEGRADATION,0.0,3,0
1771933030.62,6.2,0.0,45.0,JUNCTION_RIGHT,FATAL DEGRADATION,0.0,3,0
1771933030.847,5.7,0.0,45.0,JUNCTION_RIGHT,FATAL DEGRADATION,0.0,3,0
1771933031.1,5.3,0.0,45.0,JUNCTION_RIGHT,FATAL DEGRADATION,0.0,3,0
1771933031.315,4.9,0.0,45.0,JUNCTION_RIGHT,FATAL DEGRADATION,0.0,3,0
1771933031.515,4.8,0.0,45.0,JUNCTION_RIGHT,FATAL DEGRADATION,0.0,3,0
1771933031.686,4.9,0.0,45.0,JUNCTION_RIGHT,FATAL DEGRADATION,0.0,3,0
1771933031.972,5.2,0.0,45.0,JUNCTION_RIGHT,FATAL DEGRADATION,0.0,3,0
1771933032.196,4.7,0.0,45.0,JUNCTION_RIGHT,FATAL DEGRADATION,0.0,3,0
1771933032.746,4.6,0.0,45.0,JUNCTION_RIGHT,FATAL DEGRADATION,0.0,3,0
1771933032.918,3.8,0.0,45.0,JUNCTION_RIGHT,FATAL DEGRADATION,0.0,3,0
1771933033.148,4.4,0.0,45.0,JUNCTION_RIGHT,FATAL DEGRADATION,0.0,3,0
1771933033.287,4.4,0.0,45.0,JUNCTION_RIGHT,FATAL DEGRADATION,0.0,3,0
1771933033.486,5.3,0.0,45.0,JUNCTION_RIGHT,FATAL DEGRADATION,0.0,3,0
1771933033.621,5.2,0.0,45.0,JUNCTION_RIGHT,FATAL DEGRADATION,0.0,3,0
1771933033.889,5.9,0.0,45.0,JUNCTION_RIGHT,FATAL DEGRADATION,0.0,3,0
1771933034.009,5.2,0.0,45.0,JUNCTION_RIGHT,FATAL DEGRADATION,0.0,3,0
1771933034.281,6.1,0.0,45.0,JUNCTION_RIGHT,FATAL DEGRADATION,0.0,3,0
1771933034.419,5.4,0.0,45.0,JUNCTION_RIGHT,FATAL DEGRADATION,0.0,3,0
1771933034.622,5.9,0.0,45.0,JUNCTION_RIGHT,FATAL DEGRADATION,0.0,3,0
1771933034.787,5.6,0.0,45.0,JUNCTION_RIGHT,FATAL DEGRADATION,0.0,3,0
1771933035.015,5.8,0.0,45.0,JUNCTION_RIGHT,FATAL DEGRADATION,0.0,3,0
1771933035.132,5.4,0.0,45.0,JUNCTION_RIGHT,FATAL DEGRADATION,0.0,3,0
1771933035.378,6.3,0.0,45.0,JUNCTION_RIGHT,FATAL DEGRADATION,0.0,3,0
1771933035.516,5.6,0.0,45.0,JUNCTION_RIGHT,FATAL DEGRADATION,0.0,3,0
1771933035.715,6.2,0.0,45.0,JUNCTION_RIGHT,FATAL DEGRADATION,0.0,3,0
1771933035.896,5.8,0.0,45.0,JUNCTION_RIGHT,FATAL DEGRADATION,0.0,3,0
1771933036.109,5.7,0.0,45.0,JUNCTION_RIGHT,FATAL DEGRADATION,0.0,3,0
1771933036.234,5.4,0.0,45.0,JUNCTION_RIGHT,FATAL DEGRADATION,0.0,3,0
1771933036.423,6.2,0.0,45.0,JUNCTION_RIGHT,FATAL DEGRADATION,0.0,3,0
1771933036.563,5.9,0.0,45.0,JUNCTION_RIGHT,FATAL DEGRADATION,0.0,3,0
1771933036.779,6.3,0.0,45.0,JUNCTION_RIGHT,FATAL DEGRADATION,0.0,3,0
1771933036.925,5.8,0.0,45.0,JUNCTION_RIGHT,FATAL DEGRADATION,0.0,3,0
1771933037.217,6.1,0.0,45.0,JUNCTION_RIGHT,FATAL DEGRADATION,0.0,3,0
1771933037.621,5.3,0.0,45.0,JUNCTION_RIGHT,FATAL DEGRADATION,0.0,3,0
1771933038.572,4.4,0.0,45.0,JUNCTION_RIGHT,FATAL DEGRADATION,0.0,3,0
1771933038.819,3.4,0.0,45.0,JUNCTION_RIGHT,FATAL DEGRADATION,0.0,3,0
1771933039.286,3.7,0.0,45.0,JUNCTION_RIGHT,FATAL DEGRADATION,0.0,3,0
1771933039.448,3.2,0.0,45.0,JUNCTION_RIGHT,FATAL DEGRADATION,0.0,3,0
1771933039.624,4.1,0.0,45.0,JUNCTION_RIGHT,FATAL DEGRADATION,0.0,3,0
1771933039.772,4.6,0.0,45.0,JUNCTION_RIGHT,FATAL DEGRADATION,0.0,3,0
1771933039.951,5.2,0.0,45.0,JUNCTION_RIGHT,FATAL DEGRADATION,0.0,3,0
1771933040.086,5.3,0.0,45.0,JUNCTION_RIGHT,FATAL DEGRADATION,0.0,3,0
1771933040.295,6.0,0.0,45.0,JUNCTION_RIGHT,FATAL DEGRADATION,0.0,3,0
1771933040.404,5.6,0.0,45.0,JUNCTION_RIGHT,FATAL DEGRADATION,0.0,3,0
1771933040.628,6.7,0.0,45.0,JUNCTION_RIGHT,FATAL DEGRADATION,0.0,3,0
1771933040.753,6.0,0.0,45.0,JUNCTION_RIGHT,FATAL DEGRADATION,0.0,3,0
1771933040.974,6.6,0.0,45.0,JUNCTION_RIGHT,FATAL DEGRADATION,0.0,3,0
1771933041.162,6.0,0.0,45.0,JUNCTION_RIGHT,FATAL DEGRADATION,0.0,3,0
1771933041.399,5.8,0.0,45.0,JUNCTION_RIGHT,FATAL DEGRADATION,0.0,3,0
1771933041.509,5.3,0.0,45.0,JUNCTION_RIGHT,FATAL DEGRADATION,0.0,3,0
1771933041.761,6.5,0.0,45.0,JUNCTION_RIGHT,FATAL DEGRADATION,0.0,3,0
1771933041.894,5.7,0.0,45.0,JUNCTION_RIGHT,FATAL DEGRADATION,0.0,3,0
1771933042.258,6.2,0.0,45.0,JUNCTION_RIGHT,FATAL DEGRADATION,0.0,3,0
1771933042.48,5.2,0.0,45.0,JUNCTION_RIGHT,FATAL DEGRADATION,0.0,3,0
1771933042.944,5.0,0.0,45.0,JUNCTION_RIGHT,FATAL DEGRADATION,0.0,3,0
1771933043.148,4.1,0.0,45.0,JUNCTION_RIGHT,FATAL DEGRADATION,0.0,3,0
1771933043.402,4.4,0.0,45.0,JUNCTION_RIGHT,FATAL DEGRADATION,0.0,3,0
1771933043.524,4.3,0.0,45.0,JUNCTION_RIGHT,FATAL DEGRADATION,0.0,3,0
1771933043.764,5.4,0.0,45.0,JUNCTION_RIGHT,FATAL DEGRADATION,0.0,3,0
1771933043.899,5.1,0.0,45.0,JUNCTION_RIGHT,FATAL DEGRADATION,0.0,3,0
1771933044.093,5.7,0.0,45.0,JUNCTION_RIGHT,FATAL DEGRADATION,0.0,3,0
1771933044.243,5.6,0.0,45.0,JUNCTION_RIGHT,FATAL DEGRADATION,0.0,3,0
1771933044.473,5.9,0.0,45.0,JUNCTION_RIGHT,FATAL DEGRADATION,0.0,3,0
1771933044.608,5.4,0.0,45.0,JUNCTION_RIGHT,FATAL DEGRADATION,0.0,3,0
1771933044.861,6.0,0.0,45.0,JUNCTION_RIGHT,FATAL DEGRADATION,0.0,3,0
1771933044.997,5.4,0.0,45.0,JUNCTION_RIGHT,FATAL DEGRADATION,0.0,3,0
1771933045.202,6.0,0.0,45.0,JUNCTION_RIGHT,FATAL DEGRADATION,0.0,3,0
1771933045.356,5.6,0.0,45.0,JUNCTION_RIGHT,FATAL DEGRADATION,0.0,3,0
1771933045.55,5.9,0.0,45.0,JUNCTION_RIGHT,FATAL DEGRADATION,0.0,3,0
1771933045.673,5.7,0.0,45.0,JUNCTION_RIGHT,FATAL DEGRADATION,0.0,3,0
1771933045.884,6.5,0.0,45.0,JUNCTION_RIGHT,FATAL DEGRADATION,0.0,3,0
1771933045.993,5.9,0.0,45.0,JUNCTION_RIGHT,FATAL DEGRADATION,0.0,3,0
1771933046.233,6.9,0.0,45.0,JUNCTION_RIGHT,FATAL DEGRADATION,0.0,3,0
1771933046.389,6.1,0.0,45.0,JUNCTION_RIGHT,FATAL DEGRADATION,0.0,3,0
1771933046.575,6.2,0.0,45.0,JUNCTION_RIGHT,FATAL DEGRADATION,0.0,3,0
1771933046.768,5.9,0.0,45.0,JUNCTION_RIGHT,FATAL DEGRADATION,0.0,3,0
1771933046.988,5.8,0.0,45.0,JUNCTION_RIGHT,FATAL DEGRADATION,0.0,3,0
1771933047.285,5.4,0.0,45.0,JUNCTION_RIGHT,FATAL DEGRADATION,0.0,3,0
1771933047.764,4.8,0.0,45.0,JUNCTION_RIGHT,FATAL DEGRADATION,0.0,3,0
1771933047.89,4.0,0.0,45.0,JUNCTION_RIGHT,FATAL DEGRADATION,0.0,3,0
1771933048.195,5.2,0.0,45.0,JUNCTION_RIGHT,FATAL DEGRADATION,0.0,3,0
1771933048.41,4.6,0.0,45.0,JUNCTION_RIGHT,FATAL DEGRADATION,0.0,3,0
1771933048.655,4.6,0.0,45.0,JUNCTION_RIGHT,FATAL DEGRADATION,0.0,3,0
1771933048.796,4.5,0.0,45.0,JUNCTION_RIGHT,FATAL DEGRADATION,0.0,3,0
1771933049.011,5.2,0.0,45.0,JUNCTION_RIGHT,FATAL DEGRADATION,0.0,3,0
1771933049.13,5.1,0.0,45.0,JUNCTION_RIGHT,FATAL DEGRADATION,0.0,3,0
1771933049.387,6.1,0.0,45.0,JUNCTION_RIGHT,FATAL DEGRADATION,0.0,3,0
1771933049.52,5.4,0.0,45.0,JUNCTION_RIGHT,FATAL DEGRADATION,0.0,3,0
1771933049.757,6.1,0.0,45.0,JUNCTION_RIGHT,FATAL DEGRADATION,0.0,3,0
1771933049.894,5.5,0.0,45.0,JUNCTION_RIGHT,FATAL DEGRADATION,0.0,3,0
1771933050.117,6.1,0.0,45.0,JUNCTION_RIGHT,FATAL DEGRADATION,0.0,3,0
1771933050.253,5.6,0.0,45.0,JUNCTION_RIGHT,FATAL DEGRADATION,0.0,3,0
1771933050.468,6.1,0.0,45.0,JUNCTION_RIGHT,FATAL DEGRADATION,0.0,3,0
1771933050.638,5.7,0.0,45.0,JUNCTION_RIGHT,FATAL DEGRADATION,0.0,3,0
1771933050.868,5.7,0.0,45.0,JUNCTION_RIGHT,FATAL DEGRADATION,0.0,3,0
1771933051.027,5.3,0.0,45.0,JUNCTION_RIGHT,FATAL DEGRADATION,0.0,3,0
1771933051.344,5.7,0.0,45.0,JUNCTION_RIGHT,FATAL DEGRADATION,0.0,3,0
1771933051.494,4.9,0.0,45.0,JUNCTION_RIGHT,FATAL DEGRADATION,0.0,3,0
1771933051.905,5.5,0.0,45.0,JUNCTION_RIGHT,FATAL DEGRADATION,0.0,3,0
1771933052.32,4.5,0.0,45.0,JUNCTION_RIGHT,FATAL DEGRADATION,0.0,3,0
1771933052.62,3.9,0.0,45.0,JUNCTION_RIGHT,FATAL DEGRADATION,0.0,3,0
1771933052.886,3.7,0.0,45.0,JUNCTION_RIGHT,FATAL DEGRADATION,0.0,3,0
1771933053.132,3.8,0.0,45.0,JUNCTION_RIGHT,FATAL DEGRADATION,0.0,3,0
1771933053.318,3.9,0.0,45.0,JUNCTION_RIGHT,FATAL DEGRADATION,0.0,3,0
1771933053.547,4.3,0.0,45.0,JUNCTION_RIGHT,FATAL DEGRADATION,0.0,3,0
1771933053.674,4.3,0.0,45.0,JUNCTION_RIGHT,FATAL DEGRADATION,0.0,3,0
1771933053.942,5.3,0.0,45.0,JUNCTION_RIGHT,FATAL DEGRADATION,0.0,3,0
1771933054.069,4.9,0.0,45.0,JUNCTION_RIGHT,FATAL DEGRADATION,0.0,3,0
1771933054.341,5.8,0.0,45.0,JUNCTION_RIGHT,FATAL DEGRADATION,0.0,3,0
1771933054.469,5.2,0.0,45.0,JUNCTION_RIGHT,FATAL DEGRADATION,0.0,3,0
1771933054.696,6.0,0.0,45.0,JUNCTION_RIGHT,FATAL DEGRADATION,0.0,3,0
1771933054.855,5.5,0.0,45.0,JUNCTION_RIGHT,FATAL DEGRADATION,0.0,3,0
1771933055.116,5.7,0.0,45.0,JUNCTION_RIGHT,FATAL DEGRADATION,0.0,3,0
1771933055.259,5.2,0.0,45.0,JUNCTION_RIGHT,FATAL DEGRADATION,0.0,3,0
1771933055.477,5.7,0.0,45.0,JUNCTION_RIGHT,FATAL DEGRADATION,0.0,3,0
1771933055.636,5.4,0.0,45.0,JUNCTION_RIGHT,FATAL DEGRADATION,0.0,3,0
1771933056.764,5.6,0.0,45.0,JUNCTION_RIGHT,FATAL DEGRADATION,0.0,3,0
1771933057.353,4.2,0.0,45.0,JUNCTION_RIGHT,FATAL DEGRADATION,0.0,3,0
1771933058.06,3.5,0.0,45.0,JUNCTION_RIGHT,FATAL DEGRADATION,0.0,3,0
1771933058.79,2.9,0.0,45.0,JUNCTION_RIGHT,FATAL DEGRADATION,0.0,3,0
1771933059.396,2.4,0.0,45.0,JUNCTION_RIGHT,FATAL DEGRADATION,0.0,3,0
1771933059.603,2.2,0.0,45.0,JUNCTION_RIGHT,FATAL DEGRADATION,0.0,3,0
1771933059.909,3.0,0.0,45.0,JUNCTION_RIGHT,FATAL DEGRADATION,0.0,3,0
1771933060.063,3.1,0.0,45.0,JUNCTION_RIGHT,FATAL DEGRADATION,0.0,3,0
1771933060.377,4.0,0.0,45.0,JUNCTION_RIGHT,FATAL DEGRADATION,0.0,3,0
1771933060.492,3.8,0.0,45.0,JUNCTION_RIGHT,FATAL DEGRADATION,0.0,3,0
1771933060.735,5.3,0.0,45.0,JUNCTION_RIGHT,FATAL DEGRADATION,0.0,3,0
1771933060.868,5.0,0.0,45.0,JUNCTION_RIGHT,FATAL DEGRADATION,0.0,3,0
1771933061.157,5.7,0.0,45.0,JUNCTION_RIGHT,FATAL DEGRADATION,0.0,3,0
1771933061.29,5.0,0.0,45.0,JUNCTION_RIGHT,FATAL DEGRADATION,0.0,3,0
1771933061.504,5.8,0.0,45.0,JUNCTION_RIGHT,FATAL DEGRADATION,0.0,3,0
1771933061.638,5.5,0.0,45.0,JUNCTION_RIGHT,FATAL DEGRADATION,0.0,3,0
1771933061.934,6.0,0.0,45.0,JUNCTION_RIGHT,FATAL DEGRADATION,0.0,3,0
1771933062.29,5.2,0.0,45.0,JUNCTION_RIGHT,FATAL DEGRADATION,0.0,3,0
1771933062.668,4.5,0.0,45.0,JUNCTION_RIGHT,FATAL DEGRADATION,0.0,3,0
1771933062.891,4.0,0.0,45.0,JUNCTION_RIGHT,FATAL DEGRADATION,0.0,3,0
1771933063.116,4.1,0.0,45.0,JUNCTION_RIGHT,FATAL DEGRADATION,0.0,3,0
1771933063.316,4.2,0.0,45.0,JUNCTION_RIGHT,FATAL DEGRADATION,0.0,3,0
1771933063.498,4.5,0.0,45.0,JUNCTION_RIGHT,FATAL DEGRADATION,0.0,3,0
1771933063.647,4.7,0.0,45.0,JUNCTION_RIGHT,FATAL DEGRADATION,0.0,3,0
1771933063.932,5.3,0.0,45.0,JUNCTION_RIGHT,FATAL DEGRADATION,0.0,3,0
1771933064.061,4.8,0.0,45.0,JUNCTION_RIGHT,FATAL DEGRADATION,0.0,3,0
1771933064.387,5.6,0.0,45.0,JUNCTION_RIGHT,FATAL DEGRADATION,0.0,3,0
1771933064.506,4.9,0.0,45.0,JUNCTION_RIGHT,FATAL DEGRADATION,0.0,3,0
1771933064.758,5.9,0.0,45.0,JUNCTION_RIGHT,FATAL DEGRADATION,0.0,3,0
1771933065.018,5.3,0.0,45.0,JUNCTION_RIGHT,FATAL DEGRADATION,0.0,3,0
1771933066.103,4.9,0.0,45.0,JUNCTION_RIGHT,FATAL DEGRADATION,0.0,3,0
1771933066.392,3.7,0.0,45.0,JUNCTION_RIGHT,FATAL DEGRADATION,0.0,3,0
1771933066.631,3.7,0.0,45.0,JUNCTION_RIGHT,FATAL DEGRADATION,0.0,3,0
1771933066.752,3.9,0.0,45.0,JUNCTION_RIGHT,FATAL DEGRADATION,0.0,3,0
1771933066.983,5.2,0.0,45.0,JUNCTION_RIGHT,FATAL DEGRADATION,0.0,3,0
1771933067.239,4.9,0.0,45.0,JUNCTION_RIGHT,FATAL DEGRADATION,0.0,3,0
1771933067.505,4.6,0.0,45.0,JUNCTION_RIGHT,FATAL DEGRADATION,0.0,3,0
1771933067.721,4.4,0.0,45.0,JUNCTION_RIGHT,FATAL DEGRADATION,0.0,3,0
1771933067.88,4.4,0.0,45.0,JUNCTION_RIGHT,FATAL DEGRADATION,0.0,3,0
1771933067.984,5.0,0.0,45.0,JUNCTION_RIGHT,FATAL DEGRADATION,0.0,3,0
1771933068.246,6.5,0.0,45.0,JUNCTION_RIGHT,FATAL DEGRADATION,0.0,3,0
1771933068.372,5.6,0.0,45.0,JUNCTION_RIGHT,FATAL DEGRADATION,0.0,3,0
1771933068.562,6.3,0.0,45.0,JUNCTION_RIGHT,FATAL DEGRADATION,0.0,3,0
1771933068.676,6.0,0.0,45.0,JUNCTION_RIGHT,FATAL DEGRADATION,0.0,3,0
1771933068.887,6.8,0.0,45.0,JUNCTION_RIGHT,FATAL DEGRADATION,0.0,3,0
1771933068.996,6.2,0.0,45.0,JUNCTION_RIGHT,FATAL DEGRADATION,0.0,3,0
1771933069.367,7.1,0.0,45.0,JUNCTION_RIGHT,FATAL DEGRADATION,0.0,3,0
1771933069.498,5.8,0.0,45.0,JUNCTION_RIGHT,FATAL DEGRADATION,0.0,3,0
1771933069.809,6.4,0.0,45.0,JUNCTION_RIGHT,FATAL DEGRADATION,0.0,3,0
1771933069.926,5.4,0.0,45.0,JUNCTION_RIGHT,FATAL DEGRADATION,0.0,3,0
1771933070.086,6.4,0.0,45.0,JUNCTION_RIGHT,FATAL DEGRADATION,0.0,3,0
1771933070.194,6.3,0.0,45.0,JUNCTION_RIGHT,FATAL DEGRADATION,0.0,3,0
1771933070.398,7.2,0.0,45.0,JUNCTION_RIGHT,FATAL DEGRADATION,0.0,3,0
1771933070.51,6.5,0.0,45.0,JUNCTION_RIGHT,FATAL DEGRADATION,0.0,3,0
1771933070.746,7.2,0.0,45.0,JUNCTION_RIGHT,FATAL DEGRADATION,0.0,3,0
1771933070.856,6.3,0.0,45.0,JUNCTION_RIGHT,FATAL DEGRADATION,0.0,3,0
1771933071.083,7.2,0.0,45.0,JUNCTION_RIGHT,FATAL DEGRADATION,0.0,3,0
1771933071.185,6.3,0.0,45.0,JUNCTION_RIGHT,FATAL DEGRADATION,0.0,3,0
1771933071.337,7.4,0.0,45.0,JUNCTION_RIGHT,FATAL DEGRADATION,0.0,3,0
1771933071.446,7.1,0.0,45.0,JUNCTION_RIGHT,FATAL DEGRADATION,0.0,3,0
1771933071.643,7.8,0.0,45.0,JUNCTION_RIGHT,FATAL DEGRADATION,0.0,3,0
1771933071.765,7.0,0.0,45.0,JUNCTION_RIGHT,FATAL DEGRADATION,0.0,3,0
1771933071.963,7.3,0.0,45.0,JUNCTION_RIGHT,FATAL DEGRADATION,0.0,3,0
1771933072.1,6.6,0.0,45.0,JUNCTION_RIGHT,FATAL DEGRADATION,0.0,3,0
1771933072.371,6.8,0.0,45.0,JUNCTION_RIGHT,FATAL DEGRADATION,0.0,3,0
1771933072.474,5.9,0.0,45.0,JUNCTION_RIGHT,FATAL DEGRADATION,0.0,3,0
1771933072.691,7.0,0.0,45.0,JUNCTION_RIGHT,FATAL DEGRADATION,0.0,3,0
1771933072.802,6.3,0.0,45.0,JUNCTION_RIGHT,FATAL DEGRADATION,0.0,3,0
1771933072.957,7.1,0.0,45.0,JUNCTION_RIGHT,FATAL DEGRADATION,0.0,3,0
1771933073.06,6.9,0.0,45.0,JUNCTION_RIGHT,FATAL DEGRADATION,0.0,3,0
1771933073.276,7.8,0.0,45.0,JUNCTION_RIGHT,FATAL DEGRADATION,0.0,3,0
1771933073.379,6.8,0.0,45.0,JUNCTION_RIGHT,FATAL DEGRADATION,0.0,3,0
1771933073.574,7.7,0.0,45.0,JUNCTION_RIGHT,FATAL DEGRADATION,0.0,3,0
1771933073.706,6.9,0.0,45.0,JUNCTION_RIGHT,FATAL DEGRADATION,0.0,3,0
1771933073.883,7.2,0.0,45.0,JUNCTION_RIGHT,FATAL DEGRADATION,0.0,3,0
1771933073.994,6.7,0.0,45.0,JUNCTION_RIGHT,FATAL DEGRADATION,0.0,3,0
1771933074.18,7.4,0.0,45.0,JUNCTION_RIGHT,FATAL DEGRADATION,0.0,3,0
1771933074.287,6.8,0.0,45.0,JUNCTION_RIGHT,FATAL DEGRADATION,0.0,3,0
1771933074.451,7.6,0.0,45.0,JUNCTION_RIGHT,FATAL DEGRADATION,0.0,3,0
1771933074.557,7.2,0.0,45.0,JUNCTION_RIGHT,FATAL DEGRADATION,0.0,3,0
1771933075.886,7.9,0.0,45.0,JUNCTION_RIGHT,FATAL DEGRADATION,0.0,3,0
1771933076.831,5.7,0.0,45.0,JUNCTION_RIGHT,FATAL DEGRADATION,0.0,3,0
1771933077.229,4.3,0.0,45.0,JUNCTION_RIGHT,FATAL DEGRADATION,0.0,3,0
1771933077.372,3.8,0.0,45.0,JUNCTION_RIGHT,FATAL DEGRADATION,0.0,3,0
1771933077.537,4.7,0.0,45.0,JUNCTION_RIGHT,FATAL DEGRADATION,0.0,3,0
1771933077.655,5.1,0.0,45.0,JUNCTION_RIGHT,FATAL DEGRADATION,0.0,3,0
1771933077.892,6.2,0.0,45.0,JUNCTION_RIGHT,FATAL DEGRADATION,0.0,3,0
1771933078.091,5.5,0.0,45.0,JUNCTION_RIGHT,FATAL DEGRADATION,0.0,3,0
1771933078.313,5.4,0.0,45.0,JUNCTION_RIGHT,FATAL DEGRADATION,0.0,3,0
1771933078.419,5.2,0.0,45.0,JUNCTION_RIGHT,FATAL DEGRADATION,0.0,3,0
1771933078.59,6.4,0.0,45.0,JUNCTION_RIGHT,FATAL DEGRADATION,0.0,3,0
1771933078.69,6.3,0.0,45.0,JUNCTION_RIGHT,FATAL DEGRADATION,0.0,3,0
1771933078.864,7.4,0.0,45.0,JUNCTION_RIGHT,FATAL DEGRADATION,0.0,3,0
1771933078.977,6.9,0.0,45.0,JUNCTION_RIGHT,FATAL DEGRADATION,0.0,3,0
1771933079.164,7.5,0.0,45.0,JUNCTION_RIGHT,FATAL DEGRADATION,0.0,3,0
1771933079.277,6.8,0.0,45.0,JUNCTION_RIGHT,FATAL DEGRADATION,0.0,3,0
1771933079.445,7.5,0.0,45.0,JUNCTION_RIGHT,FATAL DEGRADATION,0.0,3,0
1771933079.556,7.0,0.0,45.0,JUNCTION_RIGHT,FATAL DEGRADATION,0.0,3,0
1771933079.735,7.6,0.0,45.0,JUNCTION_RIGHT,FATAL DEGRADATION,0.0,3,0
1771933079.849,7.0,0.0,45.0,JUNCTION_RIGHT,FATAL DEGRADATION,0.0,3,0
1771933080.009,7.6,0.0,45.0,JUNCTION_RIGHT,FATAL DEGRADATION,0.0,3,0
1771933080.182,7.2,0.0,45.0,JUNCTION_RIGHT,FATAL DEGRADATION,0.0,3,0
1771933080.336,6.8,0.0,45.0,JUNCTION_RIGHT,FATAL DEGRADATION,0.0,3,0
1771933080.445,6.6,0.0,45.0,JUNCTION_RIGHT,FATAL DEGRADATION,0.0,3,0
1771933080.616,7.5,0.0,45.0,JUNCTION_RIGHT,FATAL DEGRADATION,0.0,3,0
1771933080.752,7.0,0.0,45.0,JUNCTION_RIGHT,FATAL DEGRADATION,0.0,3,0
1771933080.933,7.1,0.0,45.0,JUNCTION_RIGHT,FATAL DEGRADATION,0.0,3,0
1771933081.121,6.7,0.0,45.0,JUNCTION_RIGHT,FATAL DEGRADATION,0.0,3,0
1771933081.372,6.2,0.0,45.0,JUNCTION_RIGHT,FATAL DEGRADATION,0.0,3,0
1771933081.545,5.6,0.0,45.0,JUNCTION_RIGHT,FATAL DEGRADATION,0.0,3,0
1771933082.339,5.4,0.0,45.0,JUNCTION_RIGHT,FATAL DEGRADATION,0.0,3,0
1771933082.501,4.2,0.0,45.0,JUNCTION_RIGHT,FATAL DEGRADATION,0.0,3,0
1771933082.777,4.8,0.0,45.0,JUNCTION_RIGHT,FATAL DEGRADATION,0.0,3,0
1771933082.882,4.4,0.0,45.0,JUNCTION_RIGHT,FATAL DEGRADATION,0.0,3,0
1771933083.082,6.0,0.0,45.0,JUNCTION_RIGHT,FATAL DEGRADATION,0.0,3,0
1771933083.285,5.7,0.0,45.0,JUNCTION_RIGHT,FATAL DEGRADATION,0.0,3,0
1771933083.49,5.5,0.0,45.0,JUNCTION_RIGHT,FATAL DEGRADATION,0.0,3,0
1771933083.614,5.3,0.0,45.0,JUNCTION_RIGHT,FATAL DEGRADATION,0.0,3,0
1771933083.867,6.1,0.0,45.0,JUNCTION_RIGHT,FATAL DEGRADATION,0.0,3,0
1771933084.072,5.5,0.0,45.0,JUNCTION_RIGHT,FATAL DEGRADATION,0.0,3,0
1771933084.32,5.3,0.0,45.0,JUNCTION_RIGHT,FATAL DEGRADATION,0.0,3,0
1771933084.431,4.9,0.0,45.0,JUNCTION_RIGHT,FATAL DEGRADATION,0.0,3,0
1771933084.674,6.1,0.0,45.0,JUNCTION_RIGHT,FATAL DEGRADATION,0.0,3,0
1771933084.813,5.5,0.0,45.0,JUNCTION_RIGHT,FATAL DEGRADATION,0.0,3,0
1771933084.99,6.0,0.0,45.0,JUNCTION_RIGHT,FATAL DEGRADATION,0.0,3,0
1771933085.212,5.9,0.0,45.0,JUNCTION_RIGHT,FATAL DEGRADATION,0.0,3,0
1771933085.513,5.5,0.0,45.0,JUNCTION_RIGHT,FATAL DEGRADATION,0.0,3,0
1771933085.648,4.8,0.0,45.0,JUNCTION_RIGHT,FATAL DEGRADATION,0.0,3,0
1771933085.878,5.6,0.0,45.0,JUNCTION_RIGHT,FATAL DEGRADATION,0.0,3,0
1771933085.987,5.2,0.0,45.0,JUNCTION_RIGHT,FATAL DEGRADATION,0.0,3,0
1771933086.242,6.4,0.0,45.0,JUNCTION_RIGHT,FATAL DEGRADATION,0.0,3,0
1771933086.41,5.7,0.0,45.0,JUNCTION_RIGHT,FATAL DEGRADATION,0.0,3,0
1771933086.689,5.8,0.0,45.0,JUNCTION_RIGHT,FATAL DEGRADATION,0.0,3,0
1771933086.934,5.1,0.0,45.0,JUNCTION_RIGHT,FATAL DEGRADATION,0.0,3,0
1771933087.266,4.8,0.0,45.0,JUNCTION_RIGHT,FATAL DEGRADATION,0.0,3,0
1771933087.403,4.3,0.0,45.0,JUNCTION_RIGHT,FATAL DEGRADATION,0.0,3,0
1771933087.594,5.2,0.0,45.0,JUNCTION_RIGHT,FATAL DEGRADATION,0.0,3,0
1771933087.737,5.2,0.0,45.0,JUNCTION_RIGHT,FATAL DEGRADATION,0.0,3,0
1771933087.98,5.7,0.0,45.0,JUNCTION_RIGHT,FATAL DEGRADATION,0.0,3,0
1771933088.1,5.2,0.0,45.0,JUNCTION_RIGHT,FATAL DEGRADATION,0.0,3,0
1771933088.375,6.2,0.0,45.0,JUNCTION_RIGHT,FATAL DEGRADATION,0.0,3,0
1771933088.508,5.4,0.0,45.0,JUNCTION_RIGHT,FATAL DEGRADATION,0.0,3,0
1771933088.735,6.1,0.0,45.0,JUNCTION_RIGHT,FATAL DEGRADATION,0.0,3,0
1771933088.869,5.6,0.0,45.0,JUNCTION_RIGHT,FATAL DEGRADATION,0.0,3,0
1771933089.115,6.1,0.0,45.0,JUNCTION_RIGHT,FATAL DEGRADATION,0.0,3,0
1771933089.302,5.5,0.0,45.0,JUNCTION_RIGHT,FATAL DEGRADATION,0.0,3,0
1771933089.545,5.5,0.0,45.0,JUNCTION_RIGHT,FATAL DEGRADATION,0.0,3,0
1771933089.687,5.1,0.0,45.0,JUNCTION_RIGHT,FATAL DEGRADATION,0.0,3,0
1771933089.917,5.7,0.0,45.0,JUNCTION_RIGHT,FATAL DEGRADATION,0.0,3,0
1771933090.051,5.3,0.0,45.0,JUNCTION_RIGHT,FATAL DEGRADATION,0.0,3,0
1771933090.327,5.9,0.0,45.0,JUNCTION_RIGHT,FATAL DEGRADATION,0.0,3,0
1771933090.454,5.2,0.0,45.0,JUNCTION_RIGHT,FATAL DEGRADATION,0.0,3,0
1771933090.792,6.1,0.0,45.0,JUNCTION_RIGHT,FATAL DEGRADATION,0.0,3,0
1771933090.928,5.1,0.0,45.0,JUNCTION_RIGHT,FATAL DEGRADATION,0.0,3,0
1771933091.229,5.8,0.0,45.0,JUNCTION_RIGHT,FATAL DEGRADATION,0.0,3,0
1771933091.457,5.1,0.0,45.0,JUNCTION_RIGHT,FATAL DEGRADATION,0.0,3,0
1771933092.009,4.9,0.0,45.0,JUNCTION_RIGHT,FATAL DEGRADATION,0.0,3,0
1771933092.265,3.9,0.0,45.0,JUNCTION_RIGHT,FATAL DEGRADATION,0.0,3,0
1771933092.536,3.9,0.0,45.0,JUNCTION_RIGHT,FATAL DEGRADATION,0.0,3,0
1771933092.689,3.9,0.0,45.0,JUNCTION_RIGHT,FATAL DEGRADATION,0.0,3,0
1771933092.935,4.7,0.0,45.0,JUNCTION_RIGHT,FATAL DEGRADATION,0.0,3,0
1771933093.061,4.5,0.0,45.0,JUNCTION_RIGHT,FATAL DEGRADATION,0.0,3,0
1771933093.438,5.5,0.0,45.0,JUNCTION_RIGHT,FATAL DEGRADATION,0.0,3,0
1771933093.921,4.7,0.0,45.0,JUNCTION_RIGHT,FATAL DEGRADATION,0.0,3,0
1771933094.499,3.9,0.0,45.0,JUNCTION_RIGHT,FATAL DEGRADATION,0.0,3,0
1771933094.665,3.2,0.0,45.0,JUNCTION_RIGHT,FATAL DEGRADATION,0.0,3,0
1771933094.964,4.1,0.0,45.0,JUNCTION_RIGHT,FATAL DEGRADATION,0.0,3,0
1771933095.082,3.8,0.0,45.0,JUNCTION_RIGHT,FATAL DEGRADATION,0.0,3,0
1771933095.365,5.2,0.0,45.0,JUNCTION_RIGHT,FATAL DEGRADATION,0.0,3,0
1771933095.487,4.7,0.0,45.0,JUNCTION_RIGHT,FATAL DEGRADATION,0.0,3,0
1771933095.912,5.4,0.0,45.0,JUNCTION_RIGHT,FATAL DEGRADATION,0.0,3,0
1771933096.031,4.5,0.0,45.0,JUNCTION_RIGHT,FATAL DEGRADATION,0.0,3,0
1771933096.391,5.7,0.0,45.0,JUNCTION_RIGHT,FATAL DEGRADATION,0.0,3,0
1771933096.689,4.8,0.0,45.0,JUNCTION_RIGHT,FATAL DEGRADATION,0.0,3,0
1771933097.296,4.3,0.0,45.0,JUNCTION_RIGHT,FATAL DEGRADATION,0.0,3,0
1771933097.454,3.5,0.0,45.0,JUNCTION_RIGHT,FATAL DEGRADATION,0.0,3,0
1771933097.654,4.3,0.0,45.0,JUNCTION_RIGHT,FATAL DEGRADATION,0.0,3,0
1771933097.807,4.6,0.0,45.0,JUNCTION_RIGHT,FATAL DEGRADATION,0.0,3,0
1771933098.047,5.1,0.0,45.0,JUNCTION_RIGHT,FATAL DEGRADATION,0.0,3,0
1771933098.194,4.8,0.0,45.0,JUNCTION_RIGHT,FATAL DEGRADATION,0.0,3,0
1771933098.425,5.4,0.0,45.0,JUNCTION_RIGHT,FATAL DEGRADATION,0.0,3,0
1771933098.54,5.1,0.0,45.0,JUNCTION_RIGHT,FATAL DEGRADATION,0.0,3,0
1771933098.817,6.1,0.0,45.0,JUNCTION_RIGHT,FATAL DEGRADATION,0.0,3,0
1771933098.98,5.4,0.0,45.0,JUNCTION_RIGHT,FATAL DEGRADATION,0.0,3,0
1771933099.176,5.6,0.0,45.0,JUNCTION_RIGHT,FATAL DEGRADATION,0.0,3,0
1771933099.343,5.4,0.0,45.0,JUNCTION_RIGHT,FATAL DEGRADATION,0.0,3,0
1771933099.534,5.6,0.0,45.0,JUNCTION_RIGHT,FATAL DEGRADATION,0.0,3,0
1771933099.698,5.5,0.0,45.0,JUNCTION_RIGHT,FATAL DEGRADATION,0.0,3,0
1771933099.929,5.7,0.0,45.0,JUNCTION_RIGHT,FATAL DEGRADATION,0.0,3,0
1771933100.063,5.3,0.0,45.0,JUNCTION_RIGHT,FATAL DEGRADATION,0.0,3,0
1771933100.335,5.9,0.0,45.0,JUNCTION_RIGHT,FATAL DEGRADATION,0.0,3,0
1771933100.469,5.2,0.0,45.0,JUNCTION_RIGHT,FATAL DEGRADATION,0.0,3,0
1771933100.687,5.9,0.0,45.0,JUNCTION_RIGHT,FATAL DEGRADATION,0.0,3,0
1771933100.849,5.5,0.0,45.0,JUNCTION_RIGHT,FATAL DEGRADATION,0.0,3,0
1771933101.074,5.7,0.0,45.0,JUNCTION_RIGHT,FATAL DEGRADATION,0.0,3,0
1771933101.317,5.3,0.0,45.0,JUNCTION_RIGHT,FATAL DEGRADATION,0.0,3,0
1771933101.541,5.0,0.0,45.0,JUNCTION_RIGHT,FATAL DEGRADATION,0.0,3,0
1771933101.706,4.8,0.0,45.0,JUNCTION_RIGHT,FATAL DEGRADATION,0.0,3,0
1771933101.928,5.2,0.0,45.0,JUNCTION_RIGHT,FATAL DEGRADATION,0.0,3,0
1771933102.047,5.0,0.0,45.0,JUNCTION_RIGHT,FATAL DEGRADATION,0.0,3,0
1771933102.308,6.0,0.0,45.0,JUNCTION_RIGHT,FATAL DEGRADATION,0.0,3,0
1771933102.425,5.4,0.0,45.0,JUNCTION_RIGHT,FATAL DEGRADATION,0.0,3,0
1771933102.631,6.3,0.0,45.0,JUNCTION_RIGHT,FATAL DEGRADATION,0.0,3,0
1771933102.791,5.9,0.0,45.0,JUNCTION_RIGHT,FATAL DEGRADATION,0.0,3,0
1771933103.014,6.0,0.0,45.0,JUNCTION_RIGHT,FATAL DEGRADATION,0.0,3,0
1771933103.143,5.5,0.0,45.0,JUNCTION_RIGHT,FATAL DEGRADATION,0.0,3,0
1771933103.38,6.2,0.0,45.0,JUNCTION_RIGHT,FATAL DEGRADATION,0.0,3,0
1771933103.487,5.6,0.0,45.0,JUNCTION_RIGHT,FATAL DEGRADATION,0.0,3,0
1771933103.761,6.7,0.0,45.0,JUNCTION_RIGHT,FATAL DEGRADATION,0.0,3,0
1771933103.88,5.8,0.0,45.0,JUNCTION_RIGHT,FATAL DEGRADATION,0.0,3,0
1771933104.077,6.6,0.0,45.0,JUNCTION_RIGHT,FATAL DEGRADATION,0.0,3,0
1771933104.235,6.1,0.0,45.0,JUNCTION_RIGHT,FATAL DEGRADATION,0.0,3,0
1771933104.443,6.2,0.0,45.0,JUNCTION_RIGHT,FATAL DEGRADATION,0.0,3,0
1771933104.569,5.8,0.0,45.0,JUNCTION_RIGHT,FATAL DEGRADATION,0.0,3,0
1771933104.855,6.4,0.0,45.0,JUNCTION_RIGHT,FATAL DEGRADATION,0.0,3,0
1771933104.976,5.5,0.0,45.0,JUNCTION_RIGHT,FATAL DEGRADATION,0.0,3,0
1771933105.186,6.3,0.0,45.0,JUNCTION_RIGHT,FATAL DEGRADATION,0.0,3,0
1771933105.354,5.9,0.0,45.0,JUNCTION_RIGHT,FATAL DEGRADATION,0.0,3,0
1771933105.553,5.9,0.0,45.0,JUNCTION_RIGHT,FATAL DEGRADATION,0.0,3,0
1771933105.68,5.6,0.0,45.0,JUNCTION_RIGHT,FATAL DEGRADATION,0.0,3,0
1771933105.915,6.3,0.0,45.0,JUNCTION_RIGHT,FATAL DEGRADATION,0.0,3,0
1771933106.06,5.7,0.0,45.0,JUNCTION_RIGHT,FATAL DEGRADATION,0.0,3,0
1771933106.461,6.1,0.0,45.0,JUNCTION_RIGHT,FATAL DEGRADATION,0.0,3,0
1771933106.618,5.0,0.0,45.0,JUNCTION_RIGHT,FATAL DEGRADATION,0.0,3,0
1771933106.907,5.4,0.0,45.0,JUNCTION_RIGHT,FATAL DEGRADATION,0.0,3,0
1771933107.046,4.8,0.0,45.0,JUNCTION_RIGHT,FATAL DEGRADATION,0.0,3,0
1771933107.278,5.5,0.0,45.0,JUNCTION_RIGHT,FATAL DEGRADATION,0.0,3,0
1771933107.375,5.2,0.0,45.0,JUNCTION_RIGHT,FATAL DEGRADATION,0.0,3,0
1771933107.635,6.6,0.0,45.0,JUNCTION_RIGHT,FATAL DEGRADATION,0.0,3,0
1771933107.793,5.8,0.0,45.0,JUNCTION_RIGHT,FATAL DEGRADATION,0.0,3,0
1771933107.963,5.9,0.0,45.0,JUNCTION_RIGHT,FATAL DEGRADATION,0.0,3,0
1771933108.109,5.9,0.0,45.0,JUNCTION_RIGHT,FATAL DEGRADATION,0.0,3,0
1771933108.33,6.2,0.0,45.0,JUNCTION_RIGHT,FATAL DEGRADATION,0.0,3,0
1771933108.437,5.7,0.0,45.0,JUNCTION_RIGHT,FATAL DEGRADATION,0.0,3,0
1771933108.698,6.8,0.0,45.0,JUNCTION_RIGHT,FATAL DEGRADATION,0.0,3,0
1771933108.817,5.9,0.0,45.0,JUNCTION_RIGHT,FATAL DEGRADATION,0.0,3,0
1771933108.987,6.7,0.0,45.0,JUNCTION_RIGHT,FATAL DEGRADATION,0.0,3,0
1771933109.091,6.4,0.0,45.0,JUNCTION_RIGHT,FATAL DEGRADATION,0.0,3,0
1771933109.324,7.3,0.0,45.0,JUNCTION_RIGHT,FATAL DEGRADATION,0.0,3,0
1771933109.448,6.4,0.0,45.0,JUNCTION_RIGHT,FATAL DEGRADATION,0.0,3,0
1771933109.675,6.9,0.0,45.0,JUNCTION_RIGHT,FATAL DEGRADATION,0.0,3,0
1771933109.817,6.2,0.0,45.0,JUNCTION_RIGHT,FATAL DEGRADATION,0.0,3,0
1771933110.354,6.4,0.0,45.0,JUNCTION_RIGHT,FATAL DEGRADATION,0.0,3,0
1771933110.485,5.1,0.0,45.0,JUNCTION_RIGHT,FATAL DEGRADATION,0.0,3,0
1771933110.937,5.9,0.0,45.0,JUNCTION_RIGHT,FATAL DEGRADATION,0.0,3,0
1771933111.173,4.8,0.0,45.0,JUNCTION_RIGHT,FATAL DEGRADATION,0.0,3,0
1771933111.469,4.7,0.0,45.0,JUNCTION_RIGHT,FATAL DEGRADATION,0.0,3,0
1771933111.566,4.3,0.0,45.0,JUNCTION_RIGHT,FATAL DEGRADATION,0.0,3,0
1771933111.735,6.1,0.0,45.0,JUNCTION_RIGHT,FATAL DEGRADATION,0.0,3,0
1771933111.859,6.0,0.0,45.0,JUNCTION_RIGHT,FATAL DEGRADATION,0.0,3,0
1771933112.073,6.7,0.0,45.0,JUNCTION_RIGHT,FATAL DEGRADATION,0.0,3,0
1771933112.19,6.1,0.0,45.0,JUNCTION_RIGHT,FATAL DEGRADATION,0.0,3,0
1771933112.408,6.8,0.0,45.0,JUNCTION_RIGHT,FATAL DEGRADATION,0.0,3,0
1771933112.521,6.1,0.0,45.0,JUNCTION_RIGHT,FATAL DEGRADATION,0.0,3,0
1771933112.711,7.0,0.0,45.0,JUNCTION_RIGHT,FATAL DEGRADATION,0.0,3,0
1771933112.839,6.5,0.0,45.0,JUNCTION_RIGHT,FATAL DEGRADATION,0.0,3,0
1771933113.074,6.9,0.0,45.0,JUNCTION_RIGHT,FATAL DEGRADATION,0.0,3,0
1771933113.187,6.1,0.0,45.0,JUNCTION_RIGHT,FATAL DEGRADATION,0.0,3,0
1771933113.406,6.9,0.0,45.0,JUNCTION_RIGHT,FATAL DEGRADATION,0.0,3,0
1771933113.528,6.2,0.0,45.0,JUNCTION_RIGHT,FATAL DEGRADATION,0.0,3,0
1771933113.747,6.8,0.0,45.0,JUNCTION_RIGHT,FATAL DEGRADATION,0.0,3,0
1771933113.858,6.1,0.0,45.0,JUNCTION_RIGHT,FATAL DEGRADATION,0.0,3,0
1771933114.027,7.0,0.0,45.0,JUNCTION_RIGHT,FATAL DEGRADATION,0.0,3,0
1771933114.16,6.7,0.0,45.0,JUNCTION_RIGHT,FATAL DEGRADATION,0.0,3,0
1771933114.313,6.9,0.0,45.0,JUNCTION_RIGHT,FATAL DEGRADATION,0.0,3,0
1771933114.408,6.8,0.0,45.0,JUNCTION_RIGHT,FATAL DEGRADATION,0.0,3,0
1771933114.593,8.0,0.0,45.0,JUNCTION_RIGHT,FATAL DEGRADATION,0.0,3,0
1771933114.733,7.2,0.0,45.0,JUNCTION_RIGHT,FATAL DEGRADATION,0.0,3,0
1771933114.913,7.2,0.0,45.0,JUNCTION_RIGHT,FATAL DEGRADATION,0.0,3,0
1771933115.214,6.7,0.0,45.0,JUNCTION_RIGHT,FATAL DEGRADATION,0.0,3,0
1771933115.553,5.7,0.0,45.0,JUNCTION_RIGHT,FATAL DEGRADATION,0.0,3,0
1771933115.797,4.9,0.0,45.0,JUNCTION_RIGHT,FATAL DEGRADATION,0.0,3,0
1771933115.985,4.6,0.0,45.0,JUNCTION_RIGHT,FATAL DEGRADATION,0.0,3,0
1771933116.15,4.9,0.0,45.0,JUNCTION_RIGHT,FATAL DEGRADATION,0.0,3,0
1771933116.405,5.2,0.0,45.0,JUNCTION_RIGHT,FATAL DEGRADATION,0.0,3,0
1771933116.504,4.8,0.0,45.0,JUNCTION_RIGHT,FATAL DEGRADATION,0.0,3,0
1771933116.695,6.4,0.0,45.0,JUNCTION_RIGHT,FATAL DEGRADATION,0.0,3,0
1771933116.801,6.1,0.0,45.0,JUNCTION_RIGHT,FATAL DEGRADATION,0.0,3,0
1771933116.984,7.1,0.0,45.0,JUNCTION_RIGHT,FATAL DEGRADATION,0.0,3,0
1771933117.104,6.6,0.0,45.0,JUNCTION_RIGHT,FATAL DEGRADATION,0.0,3,0
1771933117.365,7.0,0.0,45.0,JUNCTION_RIGHT,FATAL DEGRADATION,0.0,3,0
1771933117.484,6.1,0.0,45.0,JUNCTION_RIGHT,FATAL DEGRADATION,0.0,3,0
1771933117.637,6.8,0.0,45.0,JUNCTION_RIGHT,FATAL DEGRADATION,0.0,3,0
1771933117.74,6.7,0.0,45.0,JUNCTION_RIGHT,FATAL DEGRADATION,0.0,3,0
1771933117.902,7.6,0.0,45.0,JUNCTION_RIGHT,FATAL DEGRADATION,0.0,3,0
1771933118.053,7.1,0.0,45.0,JUNCTION_RIGHT,FATAL DEGRADATION,0.0,3,0
1771933118.333,7.0,0.0,45.0,JUNCTION_RIGHT,FATAL DEGRADATION,0.0,3,0
1771933118.594,6.0,0.0,45.0,JUNCTION_RIGHT,FATAL DEGRADATION,0.0,3,0
1771933118.803,5.4,0.0,45.0,JUNCTION_RIGHT,FATAL DEGRADATION,0.0,3,0
1771933118.913,5.2,0.0,45.0,JUNCTION_RIGHT,FATAL DEGRADATION,0.0,3,0
1771933119.215,6.4,0.0,45.0,JUNCTION_RIGHT,FATAL DEGRADATION,0.0,3,0
1771933119.381,5.4,0.0,45.0,JUNCTION_RIGHT,FATAL DEGRADATION,0.0,3,0
1771933119.59,5.6,0.0,45.0,JUNCTION_RIGHT,FATAL DEGRADATION,0.0,3,0
1771933119.783,5.4,0.0,45.0,JUNCTION_RIGHT,FATAL DEGRADATION,0.0,3,0
1771933119.962,5.3,0.0,45.0,JUNCTION_RIGHT,FATAL DEGRADATION,0.0,3,0
1771933120.078,5.4,0.0,45.0,JUNCTION_RIGHT,FATAL DEGRADATION,0.0,3,0
1771933120.387,6.3,0.0,45.0,JUNCTION_RIGHT,FATAL DEGRADATION,0.0,3,0
1771933120.507,5.4,0.0,45.0,JUNCTION_RIGHT,FATAL DEGRADATION,0.0,3,0
1771933120.851,6.3,0.0,45.0,JUNCTION_RIGHT,FATAL DEGRADATION,0.0,3,0
1771933120.972,5.3,0.0,45.0,JUNCTION_RIGHT,FATAL DEGRADATION,0.0,3,0
1771933121.231,6.2,0.0,45.0,JUNCTION_RIGHT,FATAL DEGRADATION,0.0,3,0
1771933121.339,5.5,0.0,45.0,JUNCTION_RIGHT,FATAL DEGRADATION,0.0,3,0
1771933121.576,6.5,0.0,45.0,JUNCTION_RIGHT,FATAL DEGRADATION,0.0,3,0
1771933121.691,5.8,0.0,45.0,JUNCTION_RIGHT,FATAL DEGRADATION,0.0,3,0
1771933121.983,6.7,0.0,45.0,JUNCTION_RIGHT,FATAL DEGRADATION,0.0,3,0
1771933122.124,5.7,0.0,45.0,JUNCTION_RIGHT,FATAL DEGRADATION,0.0,3,0
1771933122.333,6.1,0.0,45.0,JUNCTION_RIGHT,FATAL DEGRADATION,0.0,3,0
1771933122.545,5.7,0.0,45.0,JUNCTION_RIGHT,FATAL DEGRADATION,0.0,3,0
1771933122.738,5.4,0.0,45.0,JUNCTION_RIGHT,FATAL DEGRADATION,0.0,3,0
1771933122.851,5.4,0.0,45.0,JUNCTION_RIGHT,FATAL DEGRADATION,0.0,3,0
1771933123.046,6.4,0.0,45.0,JUNCTION_RIGHT,FATAL DEGRADATION,0.0,3,0
1771933123.193,6.0,0.0,45.0,JUNCTION_RIGHT,FATAL DEGRADATION,0.0,3,0
1771933123.41,6.3,0.0,45.0,JUNCTION_RIGHT,FATAL DEGRADATION,0.0,3,0
1771933123.537,5.8,0.0,45.0,JUNCTION_RIGHT,FATAL DEGRADATION,0.0,3,0
1771933123.818,6.4,0.0,45.0,JUNCTION_RIGHT,FATAL DEGRADATION,0.0,3,0
1771933123.95,5.6,0.0,45.0,JUNCTION_RIGHT,FATAL DEGRADATION,0.0,3,0
1771933124.135,6.2,0.0,45.0,JUNCTION_RIGHT,FATAL DEGRADATION,0.0,3,0
1771933124.372,5.9,0.0,45.0,JUNCTION_RIGHT,FATAL DEGRADATION,0.0,3,0
1771933124.543,5.4,0.0,45.0,JUNCTION_RIGHT,FATAL DEGRADATION,0.0,3,0
1771933124.824,5.6,0.0,45.0,JUNCTION_RIGHT,FATAL DEGRADATION,0.0,3,0
1771933125.039,4.9,0.0,45.0,JUNCTION_RIGHT,FATAL DEGRADATION,0.0,3,0
1771933125.192,4.9,0.0,45.0,JUNCTION_RIGHT,FATAL DEGRADATION,0.0,3,0
1771933125.56,5.4,0.0,45.0,JUNCTION_RIGHT,FATAL DEGRADATION,0.0,3,0
1771933125.886,4.6,0.0,45.0,JUNCTION_RIGHT,FATAL DEGRADATION,0.0,3,0
1771933126.101,4.1,0.0,45.0,JUNCTION_RIGHT,FATAL DEGRADATION,0.0,3,0
1771933126.249,4.3,0.0,45.0,JUNCTION_RIGHT,FATAL DEGRADATION,0.0,3,0
1771933126.478,5.0,0.0,45.0,JUNCTION_RIGHT,FATAL DEGRADATION,0.0,3,0
1771933126.582,4.8,0.0,45.0,JUNCTION_RIGHT,FATAL DEGRADATION,0.0,3,0
1771933126.877,6.3,0.0,45.0,JUNCTION_RIGHT,FATAL DEGRADATION,0.0,3,0
1771933126.996,5.4,0.0,45.0,JUNCTION_RIGHT,FATAL DEGRADATION,0.0,3,0
1771933127.192,6.3,0.0,45.0,JUNCTION_RIGHT,FATAL DEGRADATION,0.0,3,0
1771933127.327,6.0,0.0,45.0,JUNCTION_RIGHT,FATAL DEGRADATION,0.0,3,0
1771933127.522,6.4,0.0,45.0,JUNCTION_RIGHT,FATAL DEGRADATION,0.0,3,0
1771933127.789,6.0,0.0,45.0,JUNCTION_RIGHT,FATAL DEGRADATION,0.0,3,0
1771933128.05,5.3,0.0,45.0,JUNCTION_RIGHT,FATAL DEGRADATION,0.0,3,0
1771933128.239,4.9,0.0,45.0,JUNCTION_RIGHT,FATAL DEGRADATION,0.0,3,0
1771933128.477,5.0,0.0,45.0,JUNCTION_RIGHT,FATAL DEGRADATION,0.0,3,0
1771933128.605,4.8,0.0,45.0,JUNCTION_RIGHT,FATAL DEGRADATION,0.0,3,0
1771933128.95,5.7,0.0,45.0,JUNCTION_RIGHT,FATAL DEGRADATION,0.0,3,0
1771933129.06,4.8,0.0,45.0,JUNCTION_RIGHT,FATAL DEGRADATION,0.0,3,0
1771933129.365,6.2,0.0,45.0,JUNCTION_RIGHT,FATAL DEGRADATION,0.0,3,0
1771933129.494,5.3,0.0,45.0,JUNCTION_RIGHT,FATAL DEGRADATION,0.0,3,0
1771933129.682,6.0,0.0,45.0,JUNCTION_RIGHT,FATAL DEGRADATION,0.0,3,0
1771933129.892,5.8,0.0,45.0,JUNCTION_RIGHT,FATAL DEGRADATION,0.0,3,0
1771933130.168,5.5,0.0,45.0,JUNCTION_RIGHT,FATAL DEGRADATION,0.0,3,0
1771933130.398,4.9,0.0,45.0,JUNCTION_RIGHT,FATAL DEGRADATION,0.0,3,0
1771933130.696,4.8,0.0,45.0,JUNCTION_RIGHT,FATAL DEGRADATION,0.0,3,0
1771933130.838,4.3,0.0,45.0,JUNCTION_RIGHT,FATAL DEGRADATION,0.0,3,0
1771933131.195,5.1,0.0,45.0,JUNCTION_RIGHT,FATAL DEGRADATION,0.0,3,0
1771933131.332,4.4,0.0,45.0,JUNCTION_RIGHT,FATAL DEGRADATION,0.0,3,0
1771933131.557,5.3,0.0,45.0,JUNCTION_RIGHT,FATAL DEGRADATION,0.0,3,0
1771933131.697,5.0,0.0,45.0,JUNCTION_RIGHT,FATAL DEGRADATION,0.0,3,0
1771933131.913,5.7,0.0,45.0,JUNCTION_RIGHT,FATAL DEGRADATION,0.0,3,0
1771933132.064,5.4,0.0,45.0,JUNCTION_RIGHT,FATAL DEGRADATION,0.0,3,0
1771933132.308,5.7,0.0,45.0,JUNCTION_RIGHT,FATAL DEGRADATION,0.0,3,0
1771933132.42,5.2,0.0,45.0,JUNCTION_RIGHT,FATAL DEGRADATION,0.0,3,0
1771933132.643,6.4,0.0,45.0,JUNCTION_RIGHT,FATAL DEGRADATION,0.0,3,0
1771933132.771,5.8,0.0,45.0,JUNCTION_RIGHT,FATAL DEGRADATION,0.0,3,0
1771933132.965,6.4,0.0,45.0,JUNCTION_RIGHT,FATAL DEGRADATION,0.0,3,0
1771933133.165,6.0,0.0,45.0,JUNCTION_RIGHT,FATAL DEGRADATION,0.0,3,0
1771933133.456,5.7,0.0,45.0,JUNCTION_RIGHT,FATAL DEGRADATION,0.0,3,0
1771933133.574,5.0,0.0,45.0,JUNCTION_RIGHT,FATAL DEGRADATION,0.0,3,0
1771933133.976,6.1,0.0,45.0,JUNCTION_RIGHT,FATAL DEGRADATION,0.0,3,0
1771933134.144,5.0,0.0,45.0,JUNCTION_RIGHT,FATAL DEGRADATION,0.0,3,0
1771933134.386,5.3,0.0,45.0,JUNCTION_RIGHT,FATAL DEGRADATION,0.0,3,0
1771933134.511,5.0,0.0,45.0,JUNCTION_RIGHT,FATAL DEGRADATION,0.0,3,0
1771933134.724,5.8,0.0,45.0,JUNCTION_RIGHT,FATAL DEGRADATION,0.0,3,0
1771933135.128,5.5,0.0,45.0,JUNCTION_RIGHT,FATAL DEGRADATION,0.0,3,0
1771933136.168,4.6,0.0,45.0,JUNCTION_RIGHT,FATAL DEGRADATION,0.0,3,0
1771933136.325,3.5,0.0,45.0,JUNCTION_RIGHT,FATAL DEGRADATION,0.0,3,0
1771933136.952,4.4,0.0,45.0,JUNCTION_RIGHT,FATAL DEGRADATION,0.0,3,0
1771933137.344,3.5,0.0,45.0,JUNCTION_RIGHT,FATAL DEGRADATION,0.0,3,0
1771933137.678,3.2,0.0,45.0,JUNCTION_RIGHT,FATAL DEGRADATION,0.0,3,0
1771933137.863,3.2,0.0,45.0,JUNCTION_RIGHT,FATAL DEGRADATION,0.0,3,0
1771933138.078,3.9,0.0,45.0,JUNCTION_RIGHT,FATAL DEGRADATION,0.0,3,0
1771933138.189,4.1,0.0,45.0,JUNCTION_RIGHT,FATAL DEGRADATION,0.0,3,0
1771933138.411,5.4,0.0,45.0,JUNCTION_RIGHT,FATAL DEGRADATION,0.0,3,0
1771933138.522,5.2,0.0,45.0,JUNCTION_RIGHT,FATAL DEGRADATION,0.0,3,0
1771933138.72,6.4,0.0,45.0,JUNCTION_RIGHT,FATAL DEGRADATION,0.0,3,0
1771933138.843,6.0,0.0,45.0,JUNCTION_RIGHT,FATAL DEGRADATION,0.0,3,0
1771933139.042,6.6,0.0,45.0,JUNCTION_RIGHT,FATAL DEGRADATION,0.0,3,0
1771933139.165,6.1,0.0,45.0,JUNCTION_RIGHT,FATAL DEGRADATION,0.0,3,0
1771933139.431,6.7,0.0,45.0,JUNCTION_RIGHT,FATAL DEGRADATION,0.0,3,0
1771933139.565,5.8,0.0,45.0,JUNCTION_RIGHT,FATAL DEGRADATION,0.0,3,0
1771933139.776,6.4,0.0,45.0,JUNCTION_RIGHT,FATAL DEGRADATION,0.0,3,0
1771933139.916,5.9,0.0,45.0,JUNCTION_RIGHT,FATAL DEGRADATION,0.0,3,0
1771933140.438,6.3,0.0,45.0,JUNCTION_RIGHT,FATAL DEGRADATION,0.0,3,0
1771933140.682,5.0,0.0,45.0,JUNCTION_RIGHT,FATAL DEGRADATION,0.0,3,0
1771933140.897,4.7,0.0,45.0,JUNCTION_RIGHT,FATAL DEGRADATION,0.0,3,0
1771933141.037,4.7,0.0,45.0,JUNCTION_RIGHT,FATAL DEGRADATION,0.0,3,0
1771933141.329,5.4,0.0,45.0,JUNCTION_RIGHT,FATAL DEGRADATION,0.0,3,0
1771933141.48,4.8,0.0,45.0,JUNCTION_RIGHT,FATAL DEGRADATION,0.0,3,0
1771933141.748,5.3,0.0,45.0,JUNCTION_RIGHT,FATAL DEGRADATION,0.0,3,0
1771933141.925,4.9,0.0,45.0,JUNCTION_RIGHT,FATAL DEGRADATION,0.0,3,0
1771933142.148,5.1,0.0,45.0,JUNCTION_RIGHT,FATAL DEGRADATION,0.0,3,0
1771933142.35,4.9,0.0,45.0,JUNCTION_RIGHT,FATAL DEGRADATION,0.0,3,0
1771933142.565,4.9,0.0,45.0,JUNCTION_RIGHT,FATAL DEGRADATION,0.0,3,0
1771933142.708,4.8,0.0,45.0,JUNCTION_RIGHT,FATAL DEGRADATION,0.0,3,0
1771933143.036,5.5,0.0,45.0,JUNCTION_RIGHT,FATAL DEGRADATION,0.0,3,0
1771933143.133,4.7,0.0,45.0,JUNCTION_RIGHT,FATAL DEGRADATION,0.0,3,0
1771933143.334,6.4,0.0,45.0,JUNCTION_RIGHT,FATAL DEGRADATION,0.0,3,0
1771933143.474,6.0,0.0,45.0,JUNCTION_RIGHT,FATAL DEGRADATION,0.0,3,0
1771933143.695,6.3,0.0,45.0,JUNCTION_RIGHT,FATAL DEGRADATION,0.0,3,0
1771933143.842,5.8,0.0,45.0,JUNCTION_RIGHT,FATAL DEGRADATION,0.0,3,0
1771933144.07,6.1,0.0,45.0,JUNCTION_RIGHT,FATAL DEGRADATION,0.0,3,0
1771933144.201,5.6,0.0,45.0,JUNCTION_RIGHT,FATAL DEGRADATION,0.0,3,0
1771933144.421,6.2,0.0,45.0,JUNCTION_RIGHT,FATAL DEGRADATION,0.0,3,0
1771933144.614,5.7,0.0,45.0,JUNCTION_RIGHT,FATAL DEGRADATION,0.0,3,0
1771933144.862,5.6,0.0,45.0,JUNCTION_RIGHT,FATAL DEGRADATION,0.0,3,0
1771933144.993,5.1,0.0,45.0,JUNCTION_RIGHT,FATAL DEGRADATION,0.0,3,0
1771933145.375,5.9,0.0,45.0,JUNCTION_RIGHT,FATAL DEGRADATION,0.0,3,0
1771933145.599,4.9,0.0,45.0,JUNCTION_RIGHT,FATAL DEGRADATION,0.0,3,0
1771933145.909,4.7,0.0,45.0,JUNCTION_RIGHT,FATAL DEGRADATION,0.0,3,0
1771933146.025,4.3,0.0,45.0,JUNCTION_RIGHT,FATAL DEGRADATION,0.0,3,0
1771933146.296,5.6,0.0,45.0,JUNCTION_RIGHT,FATAL DEGRADATION,0.0,3,0
1771933146.431,5.0,0.0,45.0,JUNCTION_RIGHT,FATAL DEGRADATION,0.0,3,0
1771933146.661,5.8,0.0,45.0,JUNCTION_RIGHT,FATAL DEGRADATION,0.0,3,0
1771933146.904,5.3,0.0,45.0,JUNCTION_RIGHT,FATAL DEGRADATION,0.0,3,0
1771933147.093,5.0,0.0,45.0,JUNCTION_RIGHT,FATAL DEGRADATION,0.0,3,0
1771933147.23,5.1,0.0,45.0,JUNCTION_RIGHT,FATAL DEGRADATION,0.0,3,0
1771933147.461,5.8,0.0,45.0,JUNCTION_RIGHT,FATAL DEGRADATION,0.0,3,0
1771933147.57,5.3,0.0,45.0,JUNCTION_RIGHT,FATAL DEGRADATION,0.0,3,0
1771933147.889,6.5,0.0,45.0,JUNCTION_RIGHT,FATAL DEGRADATION,0.0,3,0
1771933148.021,5.5,0.0,45.0,JUNCTION_RIGHT,FATAL DEGRADATION,0.0,3,0
1771933148.24,6.1,0.0,45.0,JUNCTION_RIGHT,FATAL DEGRADATION,0.0,3,0
1771933148.393,5.6,0.0,45.0,JUNCTION_RIGHT,FATAL DEGRADATION,0.0,3,0
1771933148.627,5.9,0.0,45.0,JUNCTION_RIGHT,FATAL DEGRADATION,0.0,3,0
1771933148.77,5.4,0.0,45.0,JUNCTION_RIGHT,FATAL DEGRADATION,0.0,3,0
1771933149.072,5.9,0.0,45.0,JUNCTION_RIGHT,FATAL DEGRADATION,0.0,3,0
1771933149.256,5.1,0.0,45.0,JUNCTION_RIGHT,FATAL DEGRADATION,0.0,3,0
1771933149.502,5.2,0.0,45.0,JUNCTION_RIGHT,FATAL DEGRADATION,0.0,3,0
1771933149.94,4.9,0.0,45.0,JUNCTION_RIGHT,FATAL DEGRADATION,0.0,3,0
1771933150.628,4.1,0.0,45.0,JUNCTION_RIGHT,FATAL DEGRADATION,0.0,3,0
1771933151.459,3.3,0.0,45.0,JUNCTION_RIGHT,FATAL DEGRADATION,0.0,3,0
1771933151.887,2.7,0.0,45.0,JUNCTION_RIGHT,FATAL DEGRADATION,0.0,3,0
1771933152.202,2.6,0.0,45.0,JUNCTION_RIGHT,FATAL DEGRADATION,0.0,3,0
1771933152.63,2.8,0.0,45.0,JUNCTION_RIGHT,FATAL DEGRADATION,0.0,3,0
1771933152.868,2.6,0.0,45.0,JUNCTION_RIGHT,FATAL DEGRADATION,0.0,3,0
1771933153.146,3.1,0.0,45.0,JUNCTION_RIGHT,FATAL DEGRADATION,0.0,3,0
1771933153.269,3.2,0.0,45.0,JUNCTION_RIGHT,FATAL DEGRADATION,0.0,3,0
1771933153.488,4.8,0.0,45.0,JUNCTION_RIGHT,FATAL DEGRADATION,0.0,3,0
1771933153.641,4.7,0.0,45.0,JUNCTION_RIGHT,FATAL DEGRADATION,0.0,3,0
1771933153.888,5.2,0.0,45.0,JUNCTION_RIGHT,FATAL DEGRADATION,0.0,3,0
1771933154.019,4.9,0.0,45.0,JUNCTION_RIGHT,FATAL DEGRADATION,0.0,3,0
1771933154.32,5.7,0.0,45.0,JUNCTION_RIGHT,FATAL DEGRADATION,0.0,3,0
1771933154.481,5.0,0.0,45.0,JUNCTION_RIGHT,FATAL DEGRADATION,0.0,3,0
1771933154.89,5.4,0.0,45.0,JUNCTION_RIGHT,FATAL DEGRADATION,0.0,3,0
1771933155.147,4.5,0.0,45.0,JUNCTION_RIGHT,FATAL DEGRADATION,0.0,3,0
1771933155.479,4.3,0.0,45.0,JUNCTION_RIGHT,FATAL DEGRADATION,0.0,3,0
1771933155.599,3.9,0.0,45.0,JUNCTION_RIGHT,FATAL DEGRADATION,0.0,3,0
1771933155.93,5.3,0.0,45.0,JUNCTION_RIGHT,FATAL DEGRADATION,0.0,3,0
1771933156.07,4.6,0.0,45.0,JUNCTION_RIGHT,FATAL DEGRADATION,0.0,3,0
1771933156.287,5.4,0.0,45.0,JUNCTION_RIGHT,FATAL DEGRADATION,0.0,3,0
1771933156.445,5.1,0.0,45.0,JUNCTION_RIGHT,FATAL DEGRADATION,0.0,3,0
1771933156.646,5.5,0.0,45.0,JUNCTION_RIGHT,FATAL DEGRADATION,0.0,3,0
1771933156.792,5.3,0.0,45.0,JUNCTION_RIGHT,FATAL DEGRADATION,0.0,3,0
1771933157.049,5.8,0.0,45.0,JUNCTION_RIGHT,FATAL DEGRADATION,0.0,3,0
1771933157.202,5.2,0.0,45.0,JUNCTION_RIGHT,FATAL DEGRADATION,0.0,3,0
1771933157.464,5.6,0.0,45.0,JUNCTION_RIGHT,FATAL DEGRADATION,0.0,3,0
1771933157.603,5.1,0.0,45.0,JUNCTION_RIGHT,FATAL DEGRADATION,0.0,3,0
1771933157.861,5.7,0.0,45.0,JUNCTION_RIGHT,FATAL DEGRADATION,0.0,3,0
1771933157.973,5.2,0.0,45.0,JUNCTION_RIGHT,FATAL DEGRADATION,0.0,3,0
1771933158.327,6.3,0.0,45.0,JUNCTION_RIGHT,FATAL DEGRADATION,0.0,3,0
1771933158.437,5.2,0.0,45.0,JUNCTION_RIGHT,FATAL DEGRADATION,0.0,3,0
1771933158.672,6.4,0.0,45.0,JUNCTION_RIGHT,FATAL DEGRADATION,0.0,3,0
1771933158.856,5.7,0.0,45.0,JUNCTION_RIGHT,FATAL DEGRADATION,0.0,3,0
1771933159.192,5.6,0.0,45.0,JUNCTION_RIGHT,FATAL DEGRADATION,0.0,3,0
1771933159.356,4.8,0.0,45.0,JUNCTION_RIGHT,FATAL DEGRADATION,0.0,3,0
1771933159.581,5.2,0.0,45.0,JUNCTION_RIGHT,FATAL DEGRADATION,0.0,3,0
1771933159.901,5.0,0.0,45.0,JUNCTION_RIGHT,FATAL DEGRADATION,0.0,3,0
1771933160.201,4.4,0.0,45.0,JUNCTION_RIGHT,FATAL DEGRADATION,0.0,3,0
1771933160.403,4.1,0.0,45.0,JUNCTION_RIGHT,FATAL DEGRADATION,0.0,3,0
1771933160.574,4.4,0.0,45.0,JUNCTION_RIGHT,FATAL DEGRADATION,0.0,3,0
1771933160.694,4.8,0.0,45.0,JUNCTION_RIGHT,FATAL DEGRADATION,0.0,3,0
1771933160.979,5.9,0.0,45.0,JUNCTION_RIGHT,FATAL DEGRADATION,0.0,3,0
1771933161.101,5.2,0.0,45.0,JUNCTION_RIGHT,FATAL DEGRADATION,0.0,3,0
1771933161.361,6.0,0.0,45.0,JUNCTION_RIGHT,FATAL DEGRADATION,0.0,3,0
1771933161.535,5.4,0.0,45.0,JUNCTION_RIGHT,FATAL DEGRADATION,0.0,3,0
1771933161.749,5.5,0.0,45.0,JUNCTION_RIGHT,FATAL DEGRADATION,0.0,3,0
1771933161.922,5.3,0.0,45.0,JUNCTION_RIGHT,FATAL DEGRADATION,0.0,3,0
1771933162.147,5.4,0.0,45.0,JUNCTION_RIGHT,FATAL DEGRADATION,0.0,3,0
1771933162.293,5.1,0.0,45.0,JUNCTION_RIGHT,FATAL DEGRADATION,0.0,3,0
1771933162.528,5.6,0.0,45.0,JUNCTION_RIGHT,FATAL DEGRADATION,0.0,3,0
1771933162.665,5.2,0.0,45.0,JUNCTION_RIGHT,FATAL DEGRADATION,0.0,3,0
1771933162.891,5.9,0.0,45.0,JUNCTION_RIGHT,FATAL DEGRADATION,0.0,3,0
1771933163.007,5.4,0.0,45.0,JUNCTION_RIGHT,FATAL DEGRADATION,0.0,3,0
1771933163.249,6.4,0.0,45.0,JUNCTION_RIGHT,FATAL DEGRADATION,0.0,3,0
1771933163.41,5.7,0.0,45.0,JUNCTION_RIGHT,FATAL DEGRADATION,0.0,3,0
1771933163.626,5.9,0.0,45.0,JUNCTION_RIGHT,FATAL DEGRADATION,0.0,3,0
1771933163.792,5.5,0.0,45.0,JUNCTION_RIGHT,FATAL DEGRADATION,0.0,3,0
1771933163.99,5.7,0.0,45.0,JUNCTION_RIGHT,FATAL DEGRADATION,0.0,3,0
1771933164.12,5.5,0.0,45.0,JUNCTION_RIGHT,FATAL DEGRADATION,0.0,3,0
1771933164.589,6.1,0.0,45.0,JUNCTION_RIGHT,FATAL DEGRADATION,0.0,3,0
1771933164.985,4.9,0.0,45.0,JUNCTION_RIGHT,FATAL DEGRADATION,0.0,3,0
1771933165.386,4.2,0.0,45.0,JUNCTION_RIGHT,FATAL DEGRADATION,0.0,3,0
1771933165.554,3.7,0.0,45.0,JUNCTION_RIGHT,FATAL DEGRADATION,0.0,3,0
1771933165.772,4.4,0.0,45.0,JUNCTION_RIGHT,FATAL DEGRADATION,0.0,3,0
1771933165.946,4.4,0.0,45.0,JUNCTION_RIGHT,FATAL DEGRADATION,0.0,3,0
1771933166.172,4.8,0.0,45.0,JUNCTION_RIGHT,FATAL DEGRADATION,0.0,3,0
1771933166.32,4.7,0.0,45.0,JUNCTION_RIGHT,FATAL DEGRADATION,0.0,3,0
1771933166.548,5.3,0.0,45.0,JUNCTION_RIGHT,FATAL DEGRADATION,0.0,3,0
1771933166.699,5.0,0.0,45.0,JUNCTION_RIGHT,FATAL DEGRADATION,0.0,3,0
1771933166.907,5.5,0.0,45.0,JUNCTION_RIGHT,FATAL DEGRADATION,0.0,3,0
1771933167.028,5.3,0.0,45.0,JUNCTION_RIGHT,FATAL DEGRADATION,0.0,3,0
1771933167.253,6.2,0.0,45.0,JUNCTION_RIGHT,FATAL DEGRADATION,0.0,3,0
1771933167.392,5.7,0.0,45.0,JUNCTION_RIGHT,FATAL DEGRADATION,0.0,3,0
1771933167.639,6.1,0.0,45.0,JUNCTION_RIGHT,FATAL DEGRADATION,0.0,3,0
1771933167.804,5.5,0.0,45.0,JUNCTION_RIGHT,FATAL DEGRADATION,0.0,3,0
1771933167.981,5.7,0.0,45.0,JUNCTION_RIGHT,FATAL DEGRADATION,0.0,3,0
1771933168.118,5.7,0.0,45.0,JUNCTION_RIGHT,FATAL DEGRADATION,0.0,3,0
1771933168.343,6.2,0.0,45.0,JUNCTION_RIGHT,FATAL DEGRADATION,0.0,3,0
1771933168.457,5.6,0.0,45.0,JUNCTION_RIGHT,FATAL DEGRADATION,0.0,3,0
1771933168.887,6.6,0.0,45.0,JUNCTION_RIGHT,FATAL DEGRADATION,0.0,3,0
1771933168.99,5.3,0.0,45.0,JUNCTION_RIGHT,FATAL DEGRADATION,0.0,3,0
1771933169.185,6.6,0.0,45.0,JUNCTION_RIGHT,FATAL DEGRADATION,0.0,3,0
1771933169.379,6.2,0.0,45.0,JUNCTION_RIGHT,FATAL DEGRADATION,0.0,3,0
1771933169.574,5.9,0.0,45.0,JUNCTION_RIGHT,FATAL DEGRADATION,0.0,3,0
1771933169.84,5.7,0.0,45.0,JUNCTION_RIGHT,FATAL DEGRADATION,0.0,3,0
1771933170.087,5.1,0.0,45.0,JUNCTION_RIGHT,FATAL DEGRADATION,0.0,3,0
1771933170.219,4.8,0.0,45.0,JUNCTION_RIGHT,FATAL DEGRADATION,0.0,3,0
1771933170.486,5.6,0.0,45.0,JUNCTION_RIGHT,FATAL DEGRADATION,0.0,3,0
1771933170.621,5.0,0.0,45.0,JUNCTION_RIGHT,FATAL DEGRADATION,0.0,3,0
1771933170.989,5.8,0.0,45.0,JUNCTION_RIGHT,FATAL DEGRADATION,0.0,3,0
1771933171.184,4.9,0.0,45.0,JUNCTION_RIGHT,FATAL DEGRADATION,0.0,3,0
1771933171.381,5.0,0.0,45.0,JUNCTION_RIGHT,FATAL DEGRADATION,0.0,3,0
1771933171.531,5.0,0.0,45.0,JUNCTION_RIGHT,FATAL DEGRADATION,0.0,3,0
1771933171.769,5.5,0.0,45.0,JUNCTION_RIGHT,FATAL DEGRADATION,0.0,3,0
1771933171.968,5.1,0.0,45.0,JUNCTION_RIGHT,FATAL DEGRADATION,0.0,3,0
1771933172.228,5.1,0.0,45.0,JUNCTION_RIGHT,FATAL DEGRADATION,0.0,3,0
1771933172.379,4.7,0.0,45.0,JUNCTION_RIGHT,FATAL DEGRADATION,0.0,3,0
1771933172.576,5.3,0.0,45.0,JUNCTION_RIGHT,FATAL DEGRADATION,0.0,3,0
1771933172.762,5.2,0.0,45.0,JUNCTION_RIGHT,FATAL DEGRADATION,0.0,3,0
1771933173.035,5.3,0.0,45.0,JUNCTION_RIGHT,FATAL DEGRADATION,0.0,3,0
1771933173.238,4.8,0.0,45.0,JUNCTION_RIGHT,FATAL DEGRADATION,0.0,3,0
1771933173.48,4.8,0.0,45.0,JUNCTION_RIGHT,FATAL DEGRADATION,0.0,3,0
1771933173.614,4.6,0.0,45.0,JUNCTION_RIGHT,FATAL DEGRADATION,0.0,3,0
1771933173.942,5.5,0.0,45.0,JUNCTION_RIGHT,FATAL DEGRADATION,0.0,3,0
1771933174.054,4.8,0.0,45.0,JUNCTION_RIGHT,FATAL DEGRADATION,0.0,3,0
1771933174.479,6.0,0.0,45.0,JUNCTION_RIGHT,FATAL DEGRADATION,0.0,3,0
1771933174.673,4.9,0.0,45.0,JUNCTION_RIGHT,FATAL DEGRADATION,0.0,3,0
1771933175.054,4.9,0.0,45.0,JUNCTION_RIGHT,FATAL DEGRADATION,0.0,3,0
1771933175.192,4.3,0.0,45.0,JUNCTION_RIGHT,FATAL DEGRADATION,0.0,3,0
1771933175.397,5.2,0.0,45.0,JUNCTION_RIGHT,FATAL DEGRADATION,0.0,3,0
1771933175.532,5.1,0.0,45.0,JUNCTION_RIGHT,FATAL DEGRADATION,0.0,3,0
1771933175.775,5.8,0.0,45.0,JUNCTION_RIGHT,FATAL DEGRADATION,0.0,3,0
1771933175.943,5.3,0.0,45.0,JUNCTION_RIGHT,FATAL DEGRADATION,0.0,3,0
1771933176.255,5.5,0.0,45.0,JUNCTION_RIGHT,FATAL DEGRADATION,0.0,3,0
1771933176.398,4.8,0.0,45.0,JUNCTION_RIGHT,FATAL DEGRADATION,0.0,3,0
1771933176.65,5.5,0.0,45.0,JUNCTION_RIGHT,FATAL DEGRADATION,0.0,3,0
1771933176.782,5.0,0.0,45.0,JUNCTION_RIGHT,FATAL DEGRADATION,0.0,3,0
1771933177.028,5.7,0.0,45.0,JUNCTION_RIGHT,FATAL DEGRADATION,0.0,3,0
1771933177.217,5.2,0.0,45.0,JUNCTION_RIGHT,FATAL DEGRADATION,0.0,3,0
1771933177.442,5.2,0.0,45.0,JUNCTION_RIGHT,FATAL DEGRADATION,0.0,3,0
1771933177.564,5.0,0.0,45.0,JUNCTION_RIGHT,FATAL DEGRADATION,0.0,3,0
1771933177.9,6.0,0.0,45.0,JUNCTION_RIGHT,FATAL DEGRADATION,0.0,3,0
1771933178.031,5.1,0.0,45.0,JUNCTION_RIGHT,FATAL DEGRADATION,0.0,3,0
1771933178.267,5.8,0.0,45.0,JUNCTION_RIGHT,FATAL DEGRADATION,0.0,3,0
1771933178.474,5.4,0.0,45.0,JUNCTION_RIGHT,FATAL DEGRADATION,0.0,3,0
1771933178.685,5.2,0.0,45.0,JUNCTION_RIGHT,FATAL DEGRADATION,0.0,3,0
1771933178.795,5.1,0.0,45.0,JUNCTION_RIGHT,FATAL DEGRADATION,0.0,3,0
1771933179.095,6.3,0.0,45.0,JUNCTION_RIGHT,FATAL DEGRADATION,0.0,3,0
1771933179.295,5.4,0.0,45.0,JUNCTION_RIGHT,FATAL DEGRADATION,0.0,3,0
1771933180.395,5.3,0.0,45.0,JUNCTION_RIGHT,FATAL DEGRADATION,0.0,3,0
1771933181.06,4.0,0.0,45.0,JUNCTION_RIGHT,FATAL DEGRADATION,0.0,3,0
1771933181.483,3.2,0.0,45.0,JUNCTION_RIGHT,FATAL DEGRADATION,0.0,3,0
1771933181.728,3.0,0.0,45.0,JUNCTION_RIGHT,FATAL DEGRADATION,0.0,3,0
1771933182.02,3.3,0.0,45.0,JUNCTION_RIGHT,FATAL DEGRADATION,0.0,3,0
1771933182.15,3.3,0.0,45.0,JUNCTION_RIGHT,FATAL DEGRADATION,0.0,3,0
1771933182.491,4.7,0.0,45.0,JUNCTION_RIGHT,FATAL DEGRADATION,0.0,3,0
1771933182.636,4.2,0.0,45.0,JUNCTION_RIGHT,FATAL DEGRADATION,0.0,3,0
1771933182.952,5.0,0.0,45.0,JUNCTION_RIGHT,FATAL DEGRADATION,0.0,3,0
1771933183.087,4.4,0.0,45.0,JUNCTION_RIGHT,FATAL DEGRADATION,0.0,3,0
1771933183.363,5.3,0.0,45.0,JUNCTION_RIGHT,FATAL DEGRADATION,0.0,3,0
1771933183.499,4.8,0.0,45.0,JUNCTION_RIGHT,FATAL DEGRADATION,0.0,3,0
1771933183.724,5.6,0.0,45.0,JUNCTION_RIGHT,FATAL DEGRADATION,0.0,3,0
1771933183.89,5.2,0.0,45.0,JUNCTION_RIGHT,FATAL DEGRADATION,0.0,3,0
1771933184.132,5.5,0.0,45.0,JUNCTION_RIGHT,FATAL DEGRADATION,0.0,3,0
1771933184.257,5.1,0.0,45.0,JUNCTION_RIGHT,FATAL DEGRADATION,0.0,3,0
1771933184.47,5.9,0.0,45.0,JUNCTION_RIGHT,FATAL DEGRADATION,0.0,3,0
1771933184.595,5.6,0.0,45.0,JUNCTION_RIGHT,FATAL DEGRADATION,0.0,3,0
1771933184.871,6.3,0.0,45.0,JUNCTION_RIGHT,FATAL DEGRADATION,0.0,3,0
1771933184.998,5.5,0.0,45.0,JUNCTION_RIGHT,FATAL DEGRADATION,0.0,3,0
1771933185.436,6.2,0.0,45.0,JUNCTION_RIGHT,FATAL DEGRADATION,0.0,3,0
1771933185.595,5.0,0.0,45.0,JUNCTION_RIGHT,FATAL DEGRADATION,0.0,3,0
1771933186.016,5.3,0.0,45.0,JUNCTION_RIGHT,FATAL DEGRADATION,0.0,3,0
1771933186.166,4.4,0.0,45.0,JUNCTION_RIGHT,FATAL DEGRADATION,0.0,3,0
1771933186.512,4.7,0.0,45.0,JUNCTION_RIGHT,FATAL DEGRADATION,0.0,3,0
1771933186.67,4.3,0.0,45.0,JUNCTION_RIGHT,FATAL DEGRADATION,0.0,3,0
1771933186.997,4.9,0.0,45.0,JUNCTION_RIGHT,FATAL DEGRADATION,0.0,3,0
1771933187.137,4.3,0.0,45.0,JUNCTION_RIGHT,FATAL DEGRADATION,0.0,3,0
1771933187.411,5.2,0.0,45.0,JUNCTION_RIGHT,FATAL DEGRADATION,0.0,3,0
1771933187.532,4.7,0.0,45.0,JUNCTION_RIGHT,FATAL DEGRADATION,0.0,3,0
1771933187.75,5.8,0.0,45.0,JUNCTION_RIGHT,FATAL DEGRADATION,0.0,3,0
1771933187.934,5.4,0.0,45.0,JUNCTION_RIGHT,FATAL DEGRADATION,0.0,3,0
1771933188.202,5.4,0.0,45.0,JUNCTION_RIGHT,FATAL DEGRADATION,0.0,3,0
1771933188.369,4.9,0.0,45.0,JUNCTION_RIGHT,FATAL DEGRADATION,0.0,3,0
1771933188.573,5.3,0.0,45.0,JUNCTION_RIGHT,FATAL DEGRADATION,0.0,3,0
1771933188.72,5.1,0.0,45.0,JUNCTION_RIGHT,FATAL DEGRADATION,0.0,3,0
1771933188.968,5.7,0.0,45.0,JUNCTION_RIGHT,FATAL DEGRADATION,0.0,3,0
1771933189.165,5.2,0.0,45.0,JUNCTION_RIGHT,FATAL DEGRADATION,0.0,3,0
1771933189.408,5.1,0.0,45.0,JUNCTION_RIGHT,FATAL DEGRADATION,0.0,3,0
1771933189.53,4.9,0.0,45.0,JUNCTION_RIGHT,FATAL DEGRADATION,0.0,3,0
1771933189.793,5.8,0.0,45.0,JUNCTION_RIGHT,FATAL DEGRADATION,0.0,3,0
1771933189.935,5.2,0.0,45.0,JUNCTION_RIGHT,FATAL DEGRADATION,0.0,3,0
1771933190.424,5.7,0.0,45.0,JUNCTION_RIGHT,FATAL DEGRADATION,0.0,3,0
1771933190.556,4.6,0.0,45.0,JUNCTION_RIGHT,FATAL DEGRADATION,0.0,3,0
1771933190.937,5.5,0.0,45.0,JUNCTION_RIGHT,FATAL DEGRADATION,0.0,3,0
1771933191.078,4.6,0.0,45.0,JUNCTION_RIGHT,FATAL DEGRADATION,0.0,3,0
1771933191.377,5.4,0.0,45.0,JUNCTION_RIGHT,FATAL DEGRADATION,0.0,3,0
1771933191.572,4.8,0.0,45.0,JUNCTION_RIGHT,FATAL DEGRADATION,0.0,3,0
1771933191.794,4.9,0.0,45.0,JUNCTION_RIGHT,FATAL DEGRADATION,0.0,3,0
1771933191.952,4.8,0.0,45.0,JUNCTION_RIGHT,FATAL DEGRADATION,0.0,3,0
1771933192.207,5.2,0.0,45.0,JUNCTION_RIGHT,FATAL DEGRADATION,0.0,3,0
1771933192.426,4.8,0.0,45.0,JUNCTION_RIGHT,FATAL DEGRADATION,0.0,3,0
1771933192.64,4.8,0.0,45.0,JUNCTION_RIGHT,FATAL DEGRADATION,0.0,3,0
1771933192.809,4.7,0.0,45.0,JUNCTION_RIGHT,FATAL DEGRADATION,0.0,3,0
1771933193.023,5.1,0.0,45.0,JUNCTION_RIGHT,FATAL DEGRADATION,0.0,3,0
1771933193.173,5.0,0.0,45.0,JUNCTION_RIGHT,FATAL DEGRADATION,0.0,3,0
1771933193.469,5.5,0.0,45.0,JUNCTION_RIGHT,FATAL DEGRADATION,0.0,3,0
1771933193.612,4.8,0.0,45.0,JUNCTION_RIGHT,FATAL DEGRADATION,0.0,3,0
1771933193.893,5.4,0.0,45.0,JUNCTION_RIGHT,FATAL DEGRADATION,0.0,3,0
1771933194.047,4.9,0.0,45.0,JUNCTION_RIGHT,FATAL DEGRADATION,0.0,3,0
1771933194.382,5.3,0.0,45.0,JUNCTION_RIGHT,FATAL DEGRADATION,0.0,3,0
1771933194.502,4.6,0.0,45.0,JUNCTION_RIGHT,FATAL DEGRADATION,0.0,3,0
1771933194.813,5.7,0.0,45.0,JUNCTION_RIGHT,FATAL DEGRADATION,0.0,3,0
1771933195.038,5.0,0.0,45.0,JUNCTION_RIGHT,FATAL DEGRADATION,0.0,3,0
1771933195.559,4.8,0.0,45.0,JUNCTION_RIGHT,FATAL DEGRADATION,0.0,3,0
1771933195.772,3.9,0.0,45.0,JUNCTION_RIGHT,FATAL DEGRADATION,0.0,3,0
1771933195.997,4.2,0.0,45.0,JUNCTION_RIGHT,FATAL DEGRADATION,0.0,3,0
1771933196.139,4.3,0.0,45.0,JUNCTION_RIGHT,FATAL DEGRADATION,0.0,3,0
1771933196.435,5.1,0.0,45.0,JUNCTION_RIGHT,FATAL DEGRADATION,0.0,3,0
1771933196.586,4.6,0.0,45.0,JUNCTION_RIGHT,FATAL DEGRADATION,0.0,3,0
1771933196.81,5.2,0.0,45.0,JUNCTION_RIGHT,FATAL DEGRADATION,0.0,3,0
1771933196.948,5.0,0.0,45.0,JUNCTION_RIGHT,FATAL DEGRADATION,0.0,3,0
1771933197.174,5.6,0.0,45.0,JUNCTION_RIGHT,FATAL DEGRADATION,0.0,3,0
1771933197.32,5.3,0.0,45.0,JUNCTION_RIGHT,FATAL DEGRADATION,0.0,3,0
1771933197.574,5.7,0.0,45.0,JUNCTION_RIGHT,FATAL DEGRADATION,0.0,3,0
1771933197.714,5.2,0.0,45.0,JUNCTION_RIGHT,FATAL DEGRADATION,0.0,3,0
1771933197.936,5.8,0.0,45.0,JUNCTION_RIGHT,FATAL DEGRADATION,0.0,3,0
1771933198.062,5.4,0.0,45.0,JUNCTION_RIGHT,FATAL DEGRADATION,0.0,3,0
1771933198.324,6.2,0.0,45.0,JUNCTION_RIGHT,FATAL DEGRADATION,0.0,3,0
1771933198.472,5.5,0.0,45.0,JUNCTION_RIGHT,FATAL DEGRADATION,0.0,3,0
1771933198.716,5.9,0.0,45.0,JUNCTION_RIGHT,FATAL DEGRADATION,0.0,3,0
1771933198.883,5.4,0.0,45.0,JUNCTION_RIGHT,FATAL DEGRADATION,0.0,3,0
1771933199.086,5.6,0.0,45.0,JUNCTION_RIGHT,FATAL DEGRADATION,0.0,3,0
1771933199.222,5.4,0.0,45.0,JUNCTION_RIGHT,FATAL DEGRADATION,0.0,3,0
1771933199.46,5.9,0.0,45.0,JUNCTION_RIGHT,FATAL DEGRADATION,0.0,3,0
1771933199.605,5.4,0.0,45.0,JUNCTION_RIGHT,FATAL DEGRADATION,0.0,3,0
1771933199.936,5.9,0.0,45.0,JUNCTION_RIGHT,FATAL DEGRADATION,0.0,3,0
1771933200.219,5.0,0.0,45.0,JUNCTION_RIGHT,FATAL DEGRADATION,0.0,3,0
1771933200.733,4.6,0.0,45.0,JUNCTION_RIGHT,FATAL DEGRADATION,0.0,3,0
1771933200.882,3.8,0.0,45.0,JUNCTION_RIGHT,FATAL DEGRADATION,0.0,3,0
1771933201.099,4.6,0.0,45.0,JUNCTION_RIGHT,FATAL DEGRADATION,0.0,3,0
1771933201.25,4.6,0.0,45.0,JUNCTION_RIGHT,FATAL DEGRADATION,0.0,3,0
1771933201.509,5.2,0.0,45.0,JUNCTION_RIGHT,FATAL DEGRADATION,0.0,3,0
1771933201.751,4.8,0.0,45.0,JUNCTION_RIGHT,FATAL DEGRADATION,0.0,3,0
1771933201.989,4.6,0.0,45.0,JUNCTION_RIGHT,FATAL DEGRADATION,0.0,3,0
1771933202.09,4.5,0.0,45.0,JUNCTION_RIGHT,FATAL DEGRADATION,0.0,3,0
1771933202.376,6.1,0.0,45.0,JUNCTION_RIGHT,FATAL DEGRADATION,0.0,3,0
1771933202.503,5.4,0.0,45.0,JUNCTION_RIGHT,FATAL DEGRADATION,0.0,3,0
1771933202.794,6.0,0.0,45.0,JUNCTION_RIGHT,FATAL DEGRADATION,0.0,3,0
1771933202.945,5.3,0.0,45.0,JUNCTION_RIGHT,FATAL DEGRADATION,0.0,3,0
1771933203.149,5.7,0.0,45.0,JUNCTION_RIGHT,FATAL DEGRADATION,0.0,3,0
1771933203.322,5.4,0.0,45.0,JUNCTION_RIGHT,FATAL DEGRADATION,0.0,3,0
1771933203.512,5.5,0.0,45.0,JUNCTION_RIGHT,FATAL DEGRADATION,0.0,3,0
1771933203.669,5.5,0.0,45.0,JUNCTION_RIGHT,FATAL DEGRADATION,0.0,3,0
1771933203.953,5.7,0.0,45.0,JUNCTION_RIGHT,FATAL DEGRADATION,0.0,3,0
1771933204.091,5.0,0.0,45.0,JUNCTION_RIGHT,FATAL DEGRADATION,0.0,3,0
1771933204.543,5.8,0.0,45.0,JUNCTION_RIGHT,FATAL DEGRADATION,0.0,3,0
1771933205.162,4.7,0.0,45.0,JUNCTION_RIGHT,FATAL DEGRADATION,0.0,3,0
1771933206.072,3.8,0.0,45.0,JUNCTION_RIGHT,FATAL DEGRADATION,0.0,3,0
1771933206.262,3.0,0.0,45.0,JUNCTION_RIGHT,FATAL DEGRADATION,0.0,3,0
1771933206.662,3.6,0.0,45.0,JUNCTION_RIGHT,FATAL DEGRADATION,0.0,3,0
1771933207.002,3.3,0.0,45.0,JUNCTION_RIGHT,FATAL DEGRADATION,0.0,3,0
1771933207.303,3.2,0.0,45.0,JUNCTION_RIGHT,FATAL DEGRADATION,0.0,3,0
1771933207.463,3.2,0.0,45.0,JUNCTION_RIGHT,FATAL DEGRADATION,0.0,3,0
1771933207.703,4.1,0.0,45.0,JUNCTION_RIGHT,FATAL DEGRADATION,0.0,3,0
1771933207.972,4.1,0.0,45.0,JUNCTION_RIGHT,FATAL DEGRADATION,0.0,3,0
1771933208.235,4.0,0.0,45.0,JUNCTION_RIGHT,FATAL DEGRADATION,0.0,3,0
1771933208.404,4.0,0.0,45.0,JUNCTION_RIGHT,FATAL DEGRADATION,0.0,3,0
1771933208.598,4.5,0.0,45.0,JUNCTION_RIGHT,FATAL DEGRADATION,0.0,3,0
1771933208.752,4.7,0.0,45.0,JUNCTION_RIGHT,FATAL DEGRADATION,0.0,3,0
1771933209.006,5.2,0.0,45.0,JUNCTION_RIGHT,FATAL DEGRADATION,0.0,3,0
1771933209.138,4.9,0.0,45.0,JUNCTION_RIGHT,FATAL DEGRADATION,0.0,3,0
1771933209.429,5.7,0.0,45.0,JUNCTION_RIGHT,FATAL DEGRADATION,0.0,3,0
1771933209.604,5.0,0.0,45.0,JUNCTION_RIGHT,FATAL DEGRADATION,0.0,3,0
1771933209.909,5.2,0.0,45.0,JUNCTION_RIGHT,FATAL DEGRADATION,0.0,3,0
1771933210.472,4.6,0.0,45.0,JUNCTION_RIGHT,FATAL DEGRADATION,0.0,3,0
1771933211.057,3.8,0.0,45.0,JUNCTION_RIGHT,FATAL DEGRADATION,0.0,3,0
1771933211.231,3.2,0.0,45.0,JUNCTION_RIGHT,FATAL DEGRADATION,0.0,3,0
1771933211.406,4.0,0.0,45.0,JUNCTION_RIGHT,FATAL DEGRADATION,0.0,3,0
1771933211.57,4.5,0.0,45.0,JUNCTION_RIGHT,FATAL DEGRADATION,0.0,3,0
1771933211.809,4.9,0.0,45.0,JUNCTION_RIGHT,FATAL DEGRADATION,0.0,3,0
1771933211.982,4.7,0.0,45.0,JUNCTION_RIGHT,FATAL DEGRADATION,0.0,3,0
1771933212.32,5.0,0.0,45.0,JUNCTION_RIGHT,FATAL DEGRADATION,0.0,3,0
1771933212.534,4.4,0.0,45.0,JUNCTION_RIGHT,FATAL DEGRADATION,0.0,3,0
1771933212.803,4.5,0.0,45.0,JUNCTION_RIGHT,FATAL DEGRADATION,0.0,3,0
1771933212.951,4.2,0.0,45.0,JUNCTION_RIGHT,FATAL DEGRADATION,0.0,3,0
1771933213.149,5.0,0.0,45.0,JUNCTION_RIGHT,FATAL DEGRADATION,0.0,3,0
1771933213.332,5.0,0.0,45.0,JUNCTION_RIGHT,FATAL DEGRADATION,0.0,3,0
1771933213.55,5.1,0.0,45.0,JUNCTION_RIGHT,FATAL DEGRADATION,0.0,3,0
1771933213.71,5.0,0.0,45.0,JUNCTION_RIGHT,FATAL DEGRADATION,0.0,3,0
1771933214.0,5.3,0.0,45.0,JUNCTION_RIGHT,FATAL DEGRADATION,0.0,3,0
1771933214.105,4.8,0.0,45.0,JUNCTION_RIGHT,FATAL DEGRADATION,0.0,3,0
1771933214.407,6.2,0.0,45.0,JUNCTION_RIGHT,FATAL DEGRADATION,0.0,3,0
1771933214.55,5.3,0.0,45.0,JUNCTION_RIGHT,FATAL DEGRADATION,0.0,3,0
1771933214.746,5.8,0.0,45.0,JUNCTION_RIGHT,FATAL DEGRADATION,0.0,3,0
1771933214.89,5.6,0.0,45.0,JUNCTION_RIGHT,FATAL DEGRADATION,0.0,3,0
1771933215.221,6.0,0.0,45.0,JUNCTION_RIGHT,FATAL DEGRADATION,0.0,3,0
1771933215.527,5.1,0.0,45.0,JUNCTION_RIGHT,FATAL DEGRADATION,0.0,3,0
1771933215.889,4.5,0.0,45.0,JUNCTION_RIGHT,FATAL DEGRADATION,0.0,3,0
1771933216.007,4.0,0.0,45.0,JUNCTION_RIGHT,FATAL DEGRADATION,0.0,3,0
1771933216.233,5.3,0.0,45.0,JUNCTION_RIGHT,FATAL DEGRADATION,0.0,3,0
1771933216.36,5.0,0.0,45.0,JUNCTION_RIGHT,FATAL DEGRADATION,0.0,3,0
1771933216.57,5.9,0.0,45.0,JUNCTION_RIGHT,FATAL DEGRADATION,0.0,3,0
1771933216.726,5.5,0.0,45.0,JUNCTION_RIGHT,FATAL DEGRADATION,0.0,3,0
1771933217.408,5.8,0.0,45.0,JUNCTION_RIGHT,FATAL DEGRADATION,0.0,3,0
1771933217.687,4.5,0.0,45.0,JUNCTION_RIGHT,FATAL DEGRADATION,0.0,3,0
1771933218.103,4.2,0.0,45.0,JUNCTION_RIGHT,FATAL DEGRADATION,0.0,3,0
1771933218.311,3.7,0.0,45.0,JUNCTION_RIGHT,FATAL DEGRADATION,0.0,3,0
1771933218.58,4.0,0.0,45.0,JUNCTION_RIGHT,FATAL DEGRADATION,0.0,3,0
1771933218.724,3.9,0.0,45.0,JUNCTION_RIGHT,FATAL DEGRADATION,0.0,3,0
1771933219.008,4.9,0.0,45.0,JUNCTION_RIGHT,FATAL DEGRADATION,0.0,3,0
1771933219.135,4.4,0.0,45.0,JUNCTION_RIGHT,FATAL DEGRADATION,0.0,3,0
1771933219.387,5.5,0.0,45.0,JUNCTION_RIGHT,FATAL DEGRADATION,0.0,3,0
1771933219.506,5.1,0.0,45.0,JUNCTION_RIGHT,FATAL DEGRADATION,0.0,3,0
1771933219.764,6.1,0.0,45.0,JUNCTION_RIGHT,FATAL DEGRADATION,0.0,3,0
1771933219.949,5.4,0.0,45.0,JUNCTION_RIGHT,FATAL DEGRADATION,0.0,3,0
1771933220.342,5.4,0.0,45.0,JUNCTION_RIGHT,FATAL DEGRADATION,0.0,3,0
1771933220.534,4.5,0.0,45.0,JUNCTION_RIGHT,FATAL DEGRADATION,0.0,3,0
1771933220.907,4.8,0.0,45.0,JUNCTION_RIGHT,FATAL DEGRADATION,0.0,3,0
1771933221.051,4.1,0.0,45.0,JUNCTION_RIGHT,FATAL DEGRADATION,0.0,3,0
1771933221.319,4.9,0.0,45.0,JUNCTION_RIGHT,FATAL DEGRADATION,0.0,3,0
1771933221.44,4.6,0.0,45.0,JUNCTION_RIGHT,FATAL DEGRADATION,0.0,3,0
1771933221.741,5.7,0.0,45.0,JUNCTION_RIGHT,FATAL DEGRADATION,0.0,3,0
1771933221.916,5.0,0.0,45.0,JUNCTION_RIGHT,FATAL DEGRADATION,0.0,3,0
1771933222.084,5.2,0.0,45.0,JUNCTION_RIGHT,FATAL DEGRADATION,0.0,3,0
1771933222.248,5.4,0.0,45.0,JUNCTION_RIGHT,FATAL DEGRADATION,0.0,3,0
1771933222.499,5.6,0.0,45.0,JUNCTION_RIGHT,FATAL DEGRADATION,0.0,3,0
1771933222.617,5.1,0.0,45.0,JUNCTION_RIGHT,FATAL DEGRADATION,0.0,3,0
1771933222.977,6.2,0.0,45.0,JUNCTION_RIGHT,FATAL DEGRADATION,0.0,3,0
1771933223.093,5.2,0.0,45.0,JUNCTION_RIGHT,FATAL DEGRADATION,0.0,3,0
1771933223.393,6.2,0.0,45.0,JUNCTION_RIGHT,FATAL DEGRADATION,0.0,3,0
1771933223.508,5.3,0.0,45.0,JUNCTION_RIGHT,FATAL DEGRADATION,0.0,3,0
1771933223.753,6.3,0.0,45.0,JUNCTION_RIGHT,FATAL DEGRADATION,0.0,3,0
1771933223.979,5.6,0.0,45.0,JUNCTION_RIGHT,FATAL DEGRADATION,0.0,3,0
1771933224.19,5.3,0.0,45.0,JUNCTION_RIGHT,FATAL DEGRADATION,0.0,3,0
1771933224.333,5.1,0.0,45.0,JUNCTION_RIGHT,FATAL DEGRADATION,0.0,3,0
1771933224.556,5.7,0.0,45.0,JUNCTION_RIGHT,FATAL DEGRADATION,0.0,3,0
1771933224.758,5.3,0.0,45.0,JUNCTION_RIGHT,FATAL DEGRADATION,0.0,3,0
1771933225.428,5.2,0.0,45.0,JUNCTION_RIGHT,FATAL DEGRADATION,0.0,3,0
1771933225.892,4.1,0.0,45.0,JUNCTION_RIGHT,FATAL DEGRADATION,0.0,3,0
1771933226.324,3.5,0.0,45.0,JUNCTION_RIGHT,FATAL DEGRADATION,0.0,3,0
1771933226.503,3.1,0.0,45.0,JUNCTION_RIGHT,FATAL DEGRADATION,0.0,3,0
1771933226.733,3.9,0.0,45.0,JUNCTION_RIGHT,FATAL DEGRADATION,0.0,3,0
1771933226.942,4.0,0.0,45.0,JUNCTION_RIGHT,FATAL DEGRADATION,0.0,3,0
1771933227.121,4.3,0.0,45.0,JUNCTION_RIGHT,FATAL DEGRADATION,0.0,3,0
1771933227.311,4.7,0.0,45.0,JUNCTION_RIGHT,FATAL DEGRADATION,0.0,3,0
1771933227.538,4.8,0.0,45.0,JUNCTION_RIGHT,FATAL DEGRADATION,0.0,3,0
1771933227.65,4.7,0.0,45.0,JUNCTION_RIGHT,FATAL DEGRADATION,0.0,3,0
1771933227.992,6.0,0.0,45.0,JUNCTION_RIGHT,FATAL DEGRADATION,0.0,3,0
1771933228.137,5.0,0.0,45.0,JUNCTION_RIGHT,FATAL DEGRADATION,0.0,3,0
1771933228.396,5.7,0.0,45.0,JUNCTION_RIGHT,FATAL DEGRADATION,0.0,3,0
1771933228.516,5.1,0.0,45.0,JUNCTION_RIGHT,FATAL DEGRADATION,0.0,3,0
1771933228.742,6.1,0.0,45.0,JUNCTION_RIGHT,FATAL DEGRADATION,0.0,3,0
1771933228.915,5.6,0.0,45.0,JUNCTION_RIGHT,FATAL DEGRADATION,0.0,3,0
1771933229.683,5.5,0.0,45.0,JUNCTION_RIGHT,FATAL DEGRADATION,0.0,3,0
1771933230.033,4.2,0.0,45.0,JUNCTION_RIGHT,FATAL DEGRADATION,0.0,3,0
1771933230.818,3.8,0.0,45.0,JUNCTION_RIGHT,FATAL DEGRADATION,0.0,3,0
1771933230.981,3.1,0.0,45.0,JUNCTION_RIGHT,FATAL DEGRADATION,0.0,3,0
1771933231.275,4.0,0.0,45.0,JUNCTION_RIGHT,FATAL DEGRADATION,0.0,3,0
1771933231.421,3.8,0.0,45.0,JUNCTION_RIGHT,FATAL DEGRADATION,0.0,3,0
1771933231.663,4.7,0.0,45.0,JUNCTION_RIGHT,FATAL DEGRADATION,0.0,3,0
1771933231.805,4.5,0.0,45.0,JUNCTION_RIGHT,FATAL DEGRADATION,0.0,3,0
1771933232.038,5.3,0.0,45.0,JUNCTION_RIGHT,FATAL DEGRADATION,0.0,3,0
1771933232.178,5.0,0.0,45.0,JUNCTION_RIGHT,FATAL DEGRADATION,0.0,3,0
1771933232.442,5.6,0.0,45.0,JUNCTION_RIGHT,FATAL DEGRADATION,0.0,3,0
1771933232.591,5.1,0.0,45.0,JUNCTION_RIGHT,FATAL DEGRADATION,0.0,3,0
1771933232.857,5.5,0.0,45.0,JUNCTION_RIGHT,FATAL DEGRADATION,0.0,3,0
1771933232.984,5.0,0.0,45.0,JUNCTION_RIGHT,FATAL DEGRADATION,0.0,3,0
1771933233.224,5.9,0.0,45.0,JUNCTION_RIGHT,FATAL DEGRADATION,0.0,3,0
1771933233.423,5.4,0.0,45.0,JUNCTION_RIGHT,FATAL DEGRADATION,0.0,3,0
1771933233.629,5.3,0.0,45.0,JUNCTION_RIGHT,FATAL DEGRADATION,0.0,3,0
1771933233.77,5.1,0.0,45.0,JUNCTION_RIGHT,FATAL DEGRADATION,0.0,3,0
1771933234.009,5.7,0.0,45.0,JUNCTION_RIGHT,FATAL DEGRADATION,0.0,3,0
1771933234.158,5.3,0.0,45.0,JUNCTION_RIGHT,FATAL DEGRADATION,0.0,3,0
1771933234.46,5.7,0.0,45.0,JUNCTION_RIGHT,FATAL DEGRADATION,0.0,3,0
1771933234.581,5.0,0.0,45.0,JUNCTION_RIGHT,FATAL DEGRADATION,0.0,3,0
1771933234.863,6.0,0.0,45.0,JUNCTION_RIGHT,FATAL DEGRADATION,0.0,3,0
1771933235.026,5.2,0.0,45.0,JUNCTION_RIGHT,FATAL DEGRADATION,0.0,3,0
1771933235.447,5.5,0.0,45.0,JUNCTION_RIGHT,FATAL DEGRADATION,0.0,3,0
1771933235.626,4.6,0.0,45.0,JUNCTION_RIGHT,FATAL DEGRADATION,0.0,3,0
1771933235.895,4.8,0.0,45.0,JUNCTION_RIGHT,FATAL DEGRADATION,0.0,3,0
1771933236.062,4.5,0.0,45.0,JUNCTION_RIGHT,FATAL DEGRADATION,0.0,3,0
1771933236.295,5.0,0.0,45.0,JUNCTION_RIGHT,FATAL DEGRADATION,0.0,3,0
1771933236.483,4.8,0.0,45.0,JUNCTION_RIGHT,FATAL DEGRADATION,0.0,3,0
1771933236.686,4.9,0.0,45.0,JUNCTION_RIGHT,FATAL DEGRADATION,0.0,3,0
1771933236.857,4.9,0.0,45.0,JUNCTION_RIGHT,FATAL DEGRADATION,0.0,3,0
1771933237.052,5.2,0.0,45.0,JUNCTION_RIGHT,FATAL DEGRADATION,0.0,3,0
1771933237.178,5.2,0.0,45.0,JUNCTION_RIGHT,FATAL DEGRADATION,0.0,3,0
1771933237.421,6.0,0.0,45.0,JUNCTION_RIGHT,FATAL DEGRADATION,0.0,3,0
1771933237.584,5.4,0.0,45.0,JUNCTION_RIGHT,FATAL DEGRADATION,0.0,3,0
1771933237.852,5.5,0.0,45.0,JUNCTION_RIGHT,FATAL DEGRADATION,0.0,3,0
1771933238.025,5.0,0.0,45.0,JUNCTION_RIGHT,FATAL DEGRADATION,0.0,3,0
1771933238.246,5.2,0.0,45.0,JUNCTION_RIGHT,FATAL DEGRADATION,0.0,3,0
1771933238.42,5.0,0.0,45.0,JUNCTION_RIGHT,FATAL DEGRADATION,0.0,3,0
1771933238.804,5.3,0.0,45.0,JUNCTION_RIGHT,FATAL DEGRADATION,0.0,3,0
1771933238.982,4.5,0.0,45.0,JUNCTION_RIGHT,FATAL DEGRADATION,0.0,3,0
1771933239.249,4.8,0.0,45.0,JUNCTION_RIGHT,FATAL DEGRADATION,0.0,3,0
1771933239.529,4.5,0.0,45.0,JUNCTION_RIGHT,FATAL DEGRADATION,0.0,3,0
1771933239.797,4.2,0.0,45.0,JUNCTION_RIGHT,FATAL DEGRADATION,0.0,3,0
1771933240.037,4.1,0.0,45.0,JUNCTION_RIGHT,FATAL DEGRADATION,0.0,3,0
1771933240.638,4.1,0.0,45.0,JUNCTION_RIGHT,FATAL DEGRADATION,0.0,3,0
1771933240.78,3.4,0.0,45.0,JUNCTION_RIGHT,FATAL DEGRADATION,0.0,3,0
1771933241.019,4.5,0.0,45.0,JUNCTION_RIGHT,FATAL DEGRADATION,0.0,3,0
1771933241.164,4.4,0.0,45.0,JUNCTION_RIGHT,FATAL DEGRADATION,0.0,3,0
1771933241.475,5.2,0.0,45.0,JUNCTION_RIGHT,FATAL DEGRADATION,0.0,3,0
1771933241.759,4.6,0.0,45.0,JUNCTION_RIGHT,FATAL DEGRADATION,0.0,3,0
1771933242.06,4.3,0.0,45.0,JUNCTION_RIGHT,FATAL DEGRADATION,0.0,3,0
1771933242.21,4.0,0.0,45.0,JUNCTION_RIGHT,FATAL DEGRADATION,0.0,3,0
1771933242.557,4.8,0.0,45.0,JUNCTION_RIGHT,FATAL DEGRADATION,0.0,3,0
1771933242.747,4.2,0.0,45.0,JUNCTION_RIGHT,FATAL DEGRADATION,0.0,3,0
1771933242.998,4.6,0.0,45.0,JUNCTION_RIGHT,FATAL DEGRADATION,0.0,3,0
1771933243.128,4.4,0.0,45.0,JUNCTION_RIGHT,FATAL DEGRADATION,0.0,3,0
1771933243.354,5.4,0.0,45.0,JUNCTION_RIGHT,FATAL DEGRADATION,0.0,3,0
1771933243.531,5.1,0.0,45.0,JUNCTION_RIGHT,FATAL DEGRADATION,0.0,3,0
1771933243.755,5.3,0.0,45.0,JUNCTION_RIGHT,FATAL DEGRADATION,0.0,3,0
1771933243.934,5.0,0.0,45.0,JUNCTION_RIGHT,FATAL DEGRADATION,0.0,3,0
1771933244.166,5.2,0.0,45.0,JUNCTION_RIGHT,FATAL DEGRADATION,0.0,3,0
1771933244.337,4.9,0.0,45.0,JUNCTION_RIGHT,FATAL DEGRADATION,0.0,3,0
1771933244.573,5.2,0.0,45.0,JUNCTION_RIGHT,FATAL DEGRADATION,0.0,3,0
1771933244.731,4.9,0.0,45.0,JUNCTION_RIGHT,FATAL DEGRADATION,0.0,3,0
1771933245.17,5.3,0.0,45.0,JUNCTION_RIGHT,FATAL DEGRADATION,0.0,3,0
1771933245.491,4.4,0.0,45.0,JUNCTION_RIGHT,FATAL DEGRADATION,0.0,3,0
1771933245.754,4.0,0.0,45.0,JUNCTION_RIGHT,FATAL DEGRADATION,0.0,3,0
1771933245.935,4.0,0.0,45.0,JUNCTION_RIGHT,FATAL DEGRADATION,0.0,3,0
1771933246.223,4.4,0.0,45.0,JUNCTION_RIGHT,FATAL DEGRADATION,0.0,3,0
1771933246.418,4.2,0.0,45.0,JUNCTION_RIGHT,FATAL DEGRADATION,0.0,3,0
1771933246.647,4.4,0.0,45.0,JUNCTION_RIGHT,FATAL DEGRADATION,0.0,3,0
1771933246.816,4.4,0.0,45.0,JUNCTION_RIGHT,FATAL DEGRADATION,0.0,3,0
1771933247.034,4.8,0.0,45.0,JUNCTION_RIGHT,FATAL DEGRADATION,0.0,3,0
1771933247.153,4.8,0.0,45.0,JUNCTION_RIGHT,FATAL DEGRADATION,0.0,3,0
1771933247.401,5.9,0.0,45.0,JUNCTION_RIGHT,FATAL DEGRADATION,0.0,3,0
1771933247.524,5.3,0.0,45.0,JUNCTION_RIGHT,FATAL DEGRADATION,0.0,3,0
1771933247.847,6.2,0.0,45.0,JUNCTION_RIGHT,FATAL DEGRADATION,0.0,3,0
1771933248.03,5.3,0.0,45.0,JUNCTION_RIGHT,FATAL DEGRADATION,0.0,3,0
1771933248.284,5.3,0.0,45.0,JUNCTION_RIGHT,FATAL DEGRADATION,0.0,3,0
1771933248.462,4.9,0.0,45.0,JUNCTION_RIGHT,FATAL DEGRADATION,0.0,3,0
1771933248.69,5.2,0.0,45.0,JUNCTION_RIGHT,FATAL DEGRADATION,0.0,3,0
1771933248.871,4.9,0.0,45.0,JUNCTION_RIGHT,FATAL DEGRADATION,0.0,3,0
1771933249.071,5.1,0.0,45.0,JUNCTION_RIGHT,FATAL DEGRADATION,0.0,3,0
1771933249.192,5.1,0.0,45.0,JUNCTION_RIGHT,FATAL DEGRADATION,0.0,3,0
1771933249.483,6.0,0.0,45.0,JUNCTION_RIGHT,FATAL DEGRADATION,0.0,3,0
1771933249.842,5.2,0.0,45.0,JUNCTION_RIGHT,FATAL DEGRADATION,0.0,3,0
1771933250.208,4.5,0.0,45.0,JUNCTION_RIGHT,FATAL DEGRADATION,0.0,3,0
1771933250.669,4.0,0.0,45.0,JUNCTION_RIGHT,FATAL DEGRADATION,0.0,3,0
1771933251.176,3.4,0.0,45.0,JUNCTION_RIGHT,FATAL DEGRADATION,0.0,3,0
1771933251.431,3.0,0.0,45.0,JUNCTION_RIGHT,FATAL DEGRADATION,0.0,3,0
1771933251.846,3.3,0.0,45.0,JUNCTION_RIGHT,FATAL DEGRADATION,0.0,3,0
1771933252.074,3.0,0.0,45.0,JUNCTION_RIGHT,FATAL DEGRADATION,0.0,3,0
1771933252.325,3.4,0.0,45.0,JUNCTION_RIGHT,FATAL DEGRADATION,0.0,3,0
1771933252.503,3.6,0.0,45.0,JUNCTION_RIGHT,FATAL DEGRADATION,0.0,3,0
1771933252.796,4.2,0.0,45.0,JUNCTION_RIGHT,FATAL DEGRADATION,0.0,3,0
1771933253.059,4.0,0.0,45.0,JUNCTION_RIGHT,FATAL DEGRADATION,0.0,3,0
1771933253.287,3.9,0.0,45.0,JUNCTION_RIGHT,FATAL DEGRADATION,0.0,3,0
1771933253.461,4.0,0.0,45.0,JUNCTION_RIGHT,FATAL DEGRADATION,0.0,3,0
1771933253.671,4.6,0.0,45.0,JUNCTION_RIGHT,FATAL DEGRADATION,0.0,3,0
1771933253.879,4.6,0.0,45.0,JUNCTION_RIGHT,FATAL DEGRADATION,0.0,3,0
1771933254.051,4.7,0.0,45.0,JUNCTION_RIGHT,FATAL DEGRADATION,0.0,3,0
1771933254.203,5.0,0.0,45.0,JUNCTION_RIGHT,FATAL DEGRADATION,0.0,3,0
1771933254.43,5.5,0.0,45.0,JUNCTION_RIGHT,FATAL DEGRADATION,0.0,3,0
1771933254.55,5.2,0.0,45.0,JUNCTION_RIGHT,FATAL DEGRADATION,0.0,3,0
1771933255.092,6.1,0.0,45.0,JUNCTION_RIGHT,FATAL DEGRADATION,0.0,3,0
1771933255.322,4.8,0.0,45.0,JUNCTION_RIGHT,FATAL DEGRADATION,0.0,3,0
1771933255.537,4.7,0.0,45.0,JUNCTION_RIGHT,FATAL DEGRADATION,0.0,3,0
1771933255.66,4.7,0.0,45.0,JUNCTION_RIGHT,FATAL DEGRADATION,0.0,3,0
1771933255.97,5.7,0.0,45.0,JUNCTION_RIGHT,FATAL DEGRADATION,0.0,3,0
1771933256.129,5.0,0.0,45.0,JUNCTION_RIGHT,FATAL DEGRADATION,0.0,3,0
1771933256.355,5.4,0.0,45.0,JUNCTION_RIGHT,FATAL DEGRADATION,0.0,3,0
1771933256.465,5.1,0.0,45.0,JUNCTION_RIGHT,FATAL DEGRADATION,0.0,3,0
1771933256.704,6.3,0.0,45.0,JUNCTION_RIGHT,FATAL DEGRADATION,0.0,3,0
1771933256.938,5.6,0.0,45.0,JUNCTION_RIGHT,FATAL DEGRADATION,0.0,3,0
1771933257.105,5.2,0.0,45.0,JUNCTION_RIGHT,FATAL DEGRADATION,0.0,3,0
1771933257.259,5.5,0.0,45.0,JUNCTION_RIGHT,FATAL DEGRADATION,0.0,3,0
1771933257.51,5.8,0.0,45.0,JUNCTION_RIGHT,FATAL DEGRADATION,0.0,3,0
1771933257.647,5.2,0.0,45.0,JUNCTION_RIGHT,FATAL DEGRADATION,0.0,3,0
1771933257.952,5.9,0.0,45.0,JUNCTION_RIGHT,FATAL DEGRADATION,0.0,3,0
1771933258.113,5.1,0.0,45.0,JUNCTION_RIGHT,FATAL DEGRADATION,0.0,3,0
1771933258.368,5.4,0.0,45.0,JUNCTION_RIGHT,FATAL DEGRADATION,0.0,3,0
1771933258.49,5.0,0.0,45.0,JUNCTION_RIGHT,FATAL DEGRADATION,0.0,3,0
1771933258.743,6.0,0.0,45.0,JUNCTION_RIGHT,FATAL DEGRADATION,0.0,3,0
1771933258.919,5.4,0.0,45.0,JUNCTION_RIGHT,FATAL DEGRADATION,0.0,3,0
1771933259.107,5.5,0.0,45.0,JUNCTION_RIGHT,FATAL DEGRADATION,0.0,3,0
1771933259.265,5.4,0.0,45.0,JUNCTION_RIGHT,FATAL DEGRADATION,0.0,3,0
1771933259.594,5.7,0.0,45.0,JUNCTION_RIGHT,FATAL DEGRADATION,0.0,3,0
1771933259.896,4.9,0.0,45.0,JUNCTION_RIGHT,FATAL DEGRADATION,0.0,3,0
1771933260.426,4.4,0.0,45.0,JUNCTION_RIGHT,FATAL DEGRADATION,0.0,3,0
1771933260.571,3.7,0.0,45.0,JUNCTION_RIGHT,FATAL DEGRADATION,0.0,3,0
1771933260.815,4.6,0.0,45.0,JUNCTION_RIGHT,FATAL DEGRADATION,0.0,3,0
1771933260.971,4.5,0.0,45.0,JUNCTION_RIGHT,FATAL DEGRADATION,0.0,3,0
1771933261.3,4.9,0.0,45.0,JUNCTION_RIGHT,FATAL DEGRADATION,0.0,3,0
1771933261.496,4.4,0.0,45.0,JUNCTION_RIGHT,FATAL DEGRADATION,0.0,3,0
1771933261.768,4.6,0.0,45.0,JUNCTION_RIGHT,FATAL DEGRADATION,0.0,3,0
1771933262.027,4.3,0.0,45.0,JUNCTION_RIGHT,FATAL DEGRADATION,0.0,3,0
1771933262.442,4.2,0.0,45.0,JUNCTION_RIGHT,FATAL DEGRADATION,0.0,3,0
1771933262.611,3.7,0.0,45.0,JUNCTION_RIGHT,FATAL DEGRADATION,0.0,3,0
1771933262.945,4.3,0.0,45.0,JUNCTION_RIGHT,FATAL DEGRADATION,0.0,3,0
1771933263.204,3.9,0.0,45.0,JUNCTION_RIGHT,FATAL DEGRADATION,0.0,3,0
1771933263.461,3.9,0.0,45.0,JUNCTION_RIGHT,FATAL DEGRADATION,0.0,3,0
1771933263.576,3.9,0.0,45.0,JUNCTION_RIGHT,FATAL DEGRADATION,0.0,3,0
1771933263.803,5.4,0.0,45.0,JUNCTION_RIGHT,FATAL DEGRADATION,0.0,3,0
1771933263.979,5.1,0.0,45.0,JUNCTION_RIGHT,FATAL DEGRADATION,0.0,3,0
1771933264.324,5.3,0.0,45.0,JUNCTION_RIGHT,FATAL DEGRADATION,0.0,3,0
1771933265.321,4.6,0.0,45.0,JUNCTION_RIGHT,FATAL DEGRADATION,0.0,3,0
1771933265.645,3.5,0.0,45.0,JUNCTION_RIGHT,FATAL DEGRADATION,0.0,3,0
1771933265.801,3.4,0.0,45.0,JUNCTION_RIGHT,FATAL DEGRADATION,0.0,3,0
1771933266.377,4.2,0.0,45.0,JUNCTION_RIGHT,FATAL DEGRADATION,0.0,3,0
1771933266.611,3.5,0.0,45.0,JUNCTION_RIGHT,FATAL DEGRADATION,0.0,3,0
1771933266.869,3.7,0.0,45.0,JUNCTION_RIGHT,FATAL DEGRADATION,0.0,3,0
1771933267.07,3.8,0.0,45.0,JUNCTION_RIGHT,FATAL DEGRADATION,0.0,3,0
1771933267.382,4.1,0.0,45.0,JUNCTION_RIGHT,FATAL DEGRADATION,0.0,3,0
1771933267.585,3.8,0.0,45.0,JUNCTION_RIGHT,FATAL DEGRADATION,0.0,3,0
1771933267.806,4.3,0.0,45.0,JUNCTION_RIGHT,FATAL DEGRADATION,0.0,3,0
1771933267.98,4.4,0.0,45.0,JUNCTION_RIGHT,FATAL DEGRADATION,0.0,3,0
1771933268.319,4.8,0.0,45.0,JUNCTION_RIGHT,FATAL DEGRADATION,0.0,3,0
1771933268.529,4.2,0.0,45.0,JUNCTION_RIGHT,FATAL DEGRADATION,0.0,3,0
1771933268.743,4.4,0.0,45.0,JUNCTION_RIGHT,FATAL DEGRADATION,0.0,3,0
1771933268.978,4.5,0.0,45.0,JUNCTION_RIGHT,FATAL DEGRADATION,0.0,3,0
1771933269.208,4.4,0.0,45.0,JUNCTION_RIGHT,FATAL DEGRADATION,0.0,3,0
1771933269.497,4.4,0.0,45.0,JUNCTION_RIGHT,FATAL DEGRADATION,0.0,3,0
1771933269.926,4.1,0.0,45.0,JUNCTION_RIGHT,FATAL DEGRADATION,0.0,3,0
1771933270.139,3.6,0.0,45.0,JUNCTION_RIGHT,FATAL DEGRADATION,0.0,3,0
1771933270.509,3.8,0.0,45.0,JUNCTION_RIGHT,FATAL DEGRADATION,0.0,3,0
1771933270.659,3.5,0.0,45.0,JUNCTION_RIGHT,FATAL DEGRADATION,0.0,3,0
1771933271.068,4.5,0.0,45.0,JUNCTION_RIGHT,FATAL DEGRADATION,0.0,3,0
1771933271.237,3.9,0.0,45.0,JUNCTION_RIGHT,FATAL DEGRADATION,0.0,3,0
1771933271.515,4.4,0.0,45.0,JUNCTION_RIGHT,FATAL DEGRADATION,0.0,3,0
1771933271.803,4.2,0.0,45.0,JUNCTION_RIGHT,FATAL DEGRADATION,0.0,3,0
1771933272.075,4.0,0.0,45.0,JUNCTION_RIGHT,FATAL DEGRADATION,0.0,3,0
1771933272.306,3.9,0.0,45.0,JUNCTION_RIGHT,FATAL DEGRADATION,0.0,3,0
1771933272.736,4.0,0.0,45.0,JUNCTION_RIGHT,FATAL DEGRADATION,0.0,3,0
1771933272.931,3.5,0.0,45.0,JUNCTION_RIGHT,FATAL DEGRADATION,0.0,3,0
1771933273.214,3.9,0.0,45.0,JUNCTION_RIGHT,FATAL DEGRADATION,0.0,3,0
1771933273.362,3.8,0.0,45.0,JUNCTION_RIGHT,FATAL DEGRADATION,0.0,3,0
1771933273.765,4.7,0.0,45.0,JUNCTION_RIGHT,FATAL DEGRADATION,0.0,3,0
1771933274.076,4.0,0.0,45.0,JUNCTION_RIGHT,FATAL DEGRADATION,0.0,3,0
1771933274.55,3.8,0.0,45.0,JUNCTION_RIGHT,FATAL DEGRADATION,0.0,3,0
1771933274.91,3.3,0.0,45.0,JUNCTION_RIGHT,FATAL DEGRADATION,0.0,3,0
1771933275.304,3.1,0.0,45.0,JUNCTION_RIGHT,FATAL DEGRADATION,0.0,3,0
1771933275.439,3.0,0.0,45.0,JUNCTION_RIGHT,FATAL DEGRADATION,0.0,3,0
1771933275.747,4.2,0.0,45.0,JUNCTION_RIGHT,FATAL DEGRADATION,0.0,3,0
1771933275.926,3.9,0.0,45.0,JUNCTION_RIGHT,FATAL DEGRADATION,0.0,3,0
1771933276.166,4.4,0.0,45.0,JUNCTION_RIGHT,FATAL DEGRADATION,0.0,3,0
1771933276.301,4.3,0.0,45.0,JUNCTION_RIGHT,FATAL DEGRADATION,0.0,3,0
1771933276.591,5.3,0.0,45.0,JUNCTION_RIGHT,FATAL DEGRADATION,0.0,3,0
1771933276.778,4.7,0.0,45.0,JUNCTION_RIGHT,FATAL DEGRADATION,0.0,3,0
1771933277.064,4.9,0.0,45.0,JUNCTION_RIGHT,FATAL DEGRADATION,0.0,3,0
1771933277.209,4.5,0.0,45.0,JUNCTION_RIGHT,FATAL DEGRADATION,0.0,3,0
1771933277.48,5.2,0.0,45.0,JUNCTION_RIGHT,FATAL DEGRADATION,0.0,3,0
1771933277.651,4.8,0.0,45.0,JUNCTION_RIGHT,FATAL DEGRADATION,0.0,3,0
1771933278.062,5.0,0.0,45.0,JUNCTION_RIGHT,FATAL DEGRADATION,0.0,3,0
1771933278.396,4.3,0.0,45.0,JUNCTION_RIGHT,FATAL DEGRADATION,0.0,3,0
1771933278.635,3.9,0.0,45.0,JUNCTION_RIGHT,FATAL DEGRADATION,0.0,3,0
1771933278.804,4.0,0.0,45.0,JUNCTION_RIGHT,FATAL DEGRADATION,0.0,3,0
1771933279.059,4.5,0.0,45.0,JUNCTION_RIGHT,FATAL DEGRADATION,0.0,3,0
1771933279.214,4.4,0.0,45.0,JUNCTION_RIGHT,FATAL DEGRADATION,0.0,3,0
1771933279.491,5.0,0.0,45.0,JUNCTION_RIGHT,FATAL DEGRADATION,0.0,3,0
1771933279.661,4.6,0.0,45.0,JUNCTION_RIGHT,FATAL DEGRADATION,0.0,3,0
1771933280.264,5.0,0.0,45.0,JUNCTION_RIGHT,FATAL DEGRADATION,0.0,3,0
1771933280.473,4.0,0.0,45.0,JUNCTION_RIGHT,FATAL DEGRADATION,0.0,3,0
1771933280.661,4.2,0.0,45.0,JUNCTION_RIGHT,FATAL DEGRADATION,0.0,3,0
1771933280.815,4.6,0.0,45.0,JUNCTION_RIGHT,FATAL DEGRADATION,0.0,3,0
1771933281.12,5.2,0.0,45.0,JUNCTION_RIGHT,FATAL DEGRADATION,0.0,3,0
1771933281.25,4.6,0.0,45.0,JUNCTION_RIGHT,FATAL DEGRADATION,0.0,3,0
1771933281.542,5.5,0.0,45.0,JUNCTION_RIGHT,FATAL DEGRADATION,0.0,3,0
1771933281.68,4.9,0.0,45.0,JUNCTION_RIGHT,FATAL DEGRADATION,0.0,3,0
1771933282.015,5.7,0.0,45.0,JUNCTION_RIGHT,FATAL DEGRADATION,0.0,3,0
1771933282.292,4.9,0.0,45.0,JUNCTION_RIGHT,FATAL DEGRADATION,0.0,3,0
1771933282.396,4.5,0.0,45.0,JUNCTION_RIGHT,FATAL DEGRADATION,0.0,3,0
1771933282.464,6.0,0.0,45.0,JUNCTION_RIGHT,FATAL DEGRADATION,0.0,3,0
1771933282.587,8.7,0.0,45.0,JUNCTION_RIGHT,FATAL DEGRADATION,0.0,3,0
1771933282.663,8.5,0.0,45.0,JUNCTION_RIGHT,FATAL DEGRADATION,0.0,3,0
1771933282.782,10.0,0.0,45.0,JUNCTION_RIGHT,FATAL DEGRADATION,0.0,3,0
1771933282.852,9.5,0.0,45.0,JUNCTION_RIGHT,FATAL DEGRADATION,0.0,3,0
1771933282.956,10.9,0.0,45.0,JUNCTION_RIGHT,FATAL DEGRADATION,0.0,3,0
1771933283.002,10.5,0.0,45.0,JUNCTION_RIGHT,FATAL DEGRADATION,0.0,3,0
1771933283.107,14.0,0.0,45.0,JUNCTION_RIGHT,FATAL DEGRADATION,0.0,3,0
1771933283.216,12.7,0.0,45.0,JUNCTION_RIGHT,FATAL DEGRADATION,0.0,3,0
1771933283.318,11.6,0.0,45.0,JUNCTION_RIGHT,FATAL DEGRADATION,0.0,3,0
1771933283.377,11.1,0.0,45.0,JUNCTION_RIGHT,FATAL DEGRADATION,0.0,3,0
1771933283.474,12.9,0.0,45.0,JUNCTION_RIGHT,FATAL DEGRADATION,0.0,3,0
1771933283.537,12.1,0.0,45.0,JUNCTION_RIGHT,FATAL DEGRADATION,0.0,3,0
1771933283.624,13.2,0.0,45.0,JUNCTION_RIGHT,FATAL DEGRADATION,0.0,3,0
1771933283.741,12.7,0.0,45.0,JUNCTION_RIGHT,FATAL DEGRADATION,0.0,3,0
1771933283.857,11.4,0.0,45.0,JUNCTION_RIGHT,FATAL DEGRADATION,0.0,3,0
1771933283.924,10.6,0.0,45.0,JUNCTION_RIGHT,FATAL DEGRADATION,0.0,3,0
1771933283.987,12.0,0.0,45.0,JUNCTION_RIGHT,FATAL DEGRADATION,0.0,3,0
1771933284.06,13.1,0.0,45.0,JUNCTION_RIGHT,FATAL DEGRADATION,0.0,3,0
1771933284.165,13.3,0.0,45.0,JUNCTION_RIGHT,FATAL DEGRADATION,0.0,3,0
1771933284.282,12.1,0.0,45.0,JUNCTION_RIGHT,FATAL DEGRADATION,0.0,3,0
1771933284.376,11.1,0.0,45.0,JUNCTION_RIGHT,FATAL DEGRADATION,0.0,3,0
1771933284.451,10.9,0.0,45.0,JUNCTION_RIGHT,FATAL DEGRADATION,0.0,3,0
1771933284.551,11.7,0.0,45.0,JUNCTION_RIGHT,FATAL DEGRADATION,0.0,3,0
1771933284.613,11.2,0.0,45.0,JUNCTION_RIGHT,FATAL DEGRADATION,0.0,3,0
1771933284.709,12.7,0.0,45.0,JUNCTION_RIGHT,FATAL DEGRADATION,0.0,3,0
1771933284.777,12.0,0.0,45.0,JUNCTION_RIGHT,FATAL DEGRADATION,0.0,3,0
1771933284.88,12.9,0.0,45.0,JUNCTION_RIGHT,FATAL DEGRADATION,0.0,3,0
1771933284.951,11.9,0.0,45.0,JUNCTION_RIGHT,FATAL DEGRADATION,0.0,3,0
1771933285.055,12.5,0.0,45.0,JUNCTION_RIGHT,FATAL DEGRADATION,0.0,3,0
1771933285.122,11.7,0.0,45.0,JUNCTION_RIGHT,FATAL DEGRADATION,0.0,3,0
1771933285.218,12.6,0.0,45.0,JUNCTION_RIGHT,FATAL DEGRADATION,0.0,3,0
1771933285.283,12.0,0.0,45.0,JUNCTION_RIGHT,FATAL DEGRADATION,0.0,3,0
1771933285.376,13.1,0.0,45.0,JUNCTION_RIGHT,FATAL DEGRADATION,0.0,3,0
1771933285.474,12.3,0.0,45.0,JUNCTION_RIGHT,FATAL DEGRADATION,0.0,3,0
1771933285.577,11.7,0.0,45.0,JUNCTION_RIGHT,FATAL DEGRADATION,0.0,3,0
1771933285.633,11.1,0.0,45.0,JUNCTION_RIGHT,FATAL DEGRADATION,0.0,3,0
1771933285.729,13.1,0.0,45.0,JUNCTION_RIGHT,FATAL DEGRADATION,0.0,3,0
1771933285.822,12.3,0.0,45.0,JUNCTION_RIGHT,FATAL DEGRADATION,0.0,3,0
1771933285.921,11.8,0.0,45.0,JUNCTION_RIGHT,FATAL DEGRADATION,0.0,3,0
1771933285.99,11.3,0.0,45.0,JUNCTION_RIGHT,FATAL DEGRADATION,0.0,3,0
1771933286.088,12.3,0.0,45.0,JUNCTION_RIGHT,FATAL DEGRADATION,0.0,3,0
1771933286.152,11.6,0.0,45.0,JUNCTION_RIGHT,FATAL DEGRADATION,0.0,3,0
1771933286.241,12.9,0.0,45.0,JUNCTION_RIGHT,FATAL DEGRADATION,0.0,3,0
1771933286.334,12.4,0.0,45.0,JUNCTION_RIGHT,FATAL DEGRADATION,0.0,3,0
1771933286.428,11.9,0.0,45.0,JUNCTION_RIGHT,FATAL DEGRADATION,0.0,3,0
1771933286.492,11.5,0.0,45.0,JUNCTION_RIGHT,FATAL DEGRADATION,0.0,3,0
1771933286.586,12.7,0.0,45.0,JUNCTION_RIGHT,FATAL DEGRADATION,0.0,3,0
1771933286.69,12.1,0.0,45.0,JUNCTION_RIGHT,FATAL DEGRADATION,0.0,3,0
1771933286.773,11.4,0.0,45.0,JUNCTION_RIGHT,FATAL DEGRADATION,0.0,3,0
1771933286.841,11.6,0.0,45.0,JUNCTION_RIGHT,FATAL DEGRADATION,0.0,3,0
1771933286.936,12.6,0.0,45.0,JUNCTION_RIGHT,FATAL DEGRADATION,0.0,3,0
1771933286.996,11.9,0.0,45.0,JUNCTION_RIGHT,FATAL DEGRADATION,0.0,3,0
1771933287.101,13.4,0.0,45.0,JUNCTION_RIGHT,FATAL DEGRADATION,0.0,3,0
1771933287.202,12.2,0.0,45.0,JUNCTION_RIGHT,FATAL DEGRADATION,0.0,3,0
1771933287.301,11.5,0.0,45.0,JUNCTION_RIGHT,FATAL DEGRADATION,0.0,3,0
1771933287.37,11.1,0.0,45.0,JUNCTION_RIGHT,FATAL DEGRADATION,0.0,3,0
1771933287.465,12.1,0.0,45.0,JUNCTION_RIGHT,FATAL DEGRADATION,0.0,3,0
1771933287.537,11.7,0.0,45.0,JUNCTION_RIGHT,FATAL DEGRADATION,0.0,3,0
1771933287.631,12.3,0.0,45.0,JUNCTION_RIGHT,FATAL DEGRADATION,0.0,3,0
1771933287.682,11.8,0.0,45.0,JUNCTION_RIGHT,FATAL DEGRADATION,0.0,3,0
1771933287.791,14.2,0.0,45.0,JUNCTION_RIGHT,FATAL DEGRADATION,0.0,3,0
1771933287.889,12.7,0.0,45.0,JUNCTION_RIGHT,FATAL DEGRADATION,0.0,3,0
1771933287.997,11.9,0.0,45.0,JUNCTION_RIGHT,FATAL DEGRADATION,0.0,3,0
1771933288.067,11.1,0.0,45.0,JUNCTION_RIGHT,FATAL DEGRADATION,0.0,3,0
1771933288.161,12.1,0.0,45.0,JUNCTION_RIGHT,FATAL DEGRADATION,0.0,3,0
1771933288.227,11.7,0.0,45.0,JUNCTION_RIGHT,FATAL DEGRADATION,0.0,3,0
1771933288.35,12.8,0.0,45.0,JUNCTION_RIGHT,FATAL DEGRADATION,0.0,3,0
1771933288.425,11.4,0.0,45.0,JUNCTION_RIGHT,FATAL DEGRADATION,0.0,3,0
1771933288.526,11.9,0.0,45.0,JUNCTION_RIGHT,FATAL DEGRADATION,0.0,3,0
1771933288.575,11.3,0.0,45.0,JUNCTION_RIGHT,FATAL DEGRADATION,0.0,3,0
1771933288.681,14.1,0.0,45.0,JUNCTION_RIGHT,FATAL DEGRADATION,0.0,3,0
1771933288.777,12.7,0.0,45.0,JUNCTION_RIGHT,FATAL DEGRADATION,0.0,3,0
1771933288.884,12.0,0.0,45.0,JUNCTION_RIGHT,FATAL DEGRADATION,0.0,3,0
1771933288.955,11.2,0.0,45.0,JUNCTION_RIGHT,FATAL DEGRADATION,0.0,3,0
1771933289.056,12.2,0.0,45.0,JUNCTION_RIGHT,FATAL DEGRADATION,0.0,3,0
1771933289.116,11.4,0.0,45.0,JUNCTION_RIGHT,FATAL DEGRADATION,0.0,3,0
1771933289.215,13.0,0.0,45.0,JUNCTION_RIGHT,FATAL DEGRADATION,0.0,3,0
1771933289.314,12.1,0.0,45.0,JUNCTION_RIGHT,FATAL DEGRADATION,0.0,3,0
1771933289.419,11.5,0.0,45.0,JUNCTION_RIGHT,FATAL DEGRADATION,0.0,3,0
1771933289.499,10.9,0.0,45.0,JUNCTION_RIGHT,FATAL DEGRADATION,0.0,3,0
1771933289.594,11.4,0.0,45.0,JUNCTION_RIGHT,FATAL DEGRADATION,0.0,3,0
1771933289.658,11.1,0.0,45.0,JUNCTION_RIGHT,FATAL DEGRADATION,0.0,3,0
1771933289.754,12.6,0.0,45.0,JUNCTION_RIGHT,FATAL DEGRADATION,0.0,3,0
1771933289.82,11.9,0.0,45.0,JUNCTION_RIGHT,FATAL DEGRADATION,0.0,3,0
1771933289.919,12.9,0.0,45.0,JUNCTION_RIGHT,FATAL DEGRADATION,0.0,3,0
1771933289.989,12.0,0.0,45.0,JUNCTION_RIGHT,FATAL DEGRADATION,0.0,3,0
1771933290.097,12.9,0.0,45.0,JUNCTION_RIGHT,FATAL DEGRADATION,0.0,3,0
1771933290.161,11.8,0.0,45.0,JUNCTION_RIGHT,FATAL DEGRADATION,0.0,3,0
1771933290.256,12.9,0.0,45.0,JUNCTION_RIGHT,FATAL DEGRADATION,0.0,3,0
1771933290.363,12.2,0.0,45.0,JUNCTION_RIGHT,FATAL DEGRADATION,0.0,3,0
1771933290.464,11.4,0.0,45.0,JUNCTION_RIGHT,FATAL DEGRADATION,0.0,3,0
1771933290.527,10.9,0.0,45.0,JUNCTION_RIGHT,FATAL DEGRADATION,0.0,3,0
1771933290.635,12.4,0.0,45.0,JUNCTION_RIGHT,FATAL DEGRADATION,0.0,3,0
1771933290.701,11.5,0.0,45.0,JUNCTION_RIGHT,FATAL DEGRADATION,0.0,3,0
1771933290.799,12.6,0.0,45.0,JUNCTION_RIGHT,FATAL DEGRADATION,0.0,3,0
1771933290.848,11.9,0.0,45.0,JUNCTION_RIGHT,FATAL DEGRADATION,0.0,3,0
1771933290.944,14.4,0.0,45.0,JUNCTION_RIGHT,FATAL DEGRADATION,0.0,3,0
1771933291.035,13.2,0.0,45.0,JUNCTION_RIGHT,FATAL DEGRADATION,0.0,3,0
1771933291.09,12.6,0.0,45.0,JUNCTION_RIGHT,FATAL DEGRADATION,0.0,3,0
1771933291.18,14.2,0.0,45.0,JUNCTION_RIGHT,FATAL DEGRADATION,0.0,3,0
1771933291.24,13.2,0.0,45.0,JUNCTION_RIGHT,FATAL DEGRADATION,0.0,3,0
1771933291.344,14.2,0.0,45.0,JUNCTION_RIGHT,FATAL DEGRADATION,0.0,3,0
1771933291.443,12.9,0.0,45.0,JUNCTION_RIGHT,FATAL DEGRADATION,0.0,3,0
1771933291.535,12.0,0.0,45.0,JUNCTION_RIGHT,FATAL DEGRADATION,0.0,3,0
1771933291.593,11.7,0.0,45.0,JUNCTION_RIGHT,FATAL DEGRADATION,0.0,3,0
1771933291.67,13.5,0.0,45.0,JUNCTION_RIGHT,FATAL DEGRADATION,0.0,3,0
1771933291.737,13.3,0.0,45.0,JUNCTION_RIGHT,FATAL DEGRADATION,0.0,3,0
1771933291.788,13.7,0.0,45.0,JUNCTION_RIGHT,FATAL DEGRADATION,0.0,3,0
1771933291.859,15.6,0.0,45.0,JUNCTION_RIGHT,FATAL DEGRADATION,0.0,3,0
1771933291.921,15.2,0.0,45.0,JUNCTION_RIGHT,FATAL DEGRADATION,0.0,3,0
1771933292.015,15.4,0.0,45.0,JUNCTION_RIGHT,FATAL DEGRADATION,0.0,3,0
1771933292.122,13.9,0.0,45.0,JUNCTION_RIGHT,FATAL DEGRADATION,0.0,3,0
1771933292.223,12.6,0.0,45.0,JUNCTION_RIGHT,FATAL DEGRADATION,0.0,3,0
1771933292.285,11.8,0.0,45.0,JUNCTION_RIGHT,FATAL DEGRADATION,0.0,3,0
1771933292.393,13.1,0.0,45.0,JUNCTION_RIGHT,FATAL DEGRADATION,0.0,3,0
1771933292.441,11.9,0.0,45.0,JUNCTION_RIGHT,FATAL DEGRADATION,0.0,3,0
1771933292.52,14.8,0.0,45.0,JUNCTION_RIGHT,FATAL DEGRADATION,0.0,3,0
1771933292.62,14.1,0.0,45.0,JUNCTION_RIGHT,FATAL DEGRADATION,0.0,3,0
1771933292.712,12.9,0.0,45.0,JUNCTION_RIGHT,FATAL DEGRADATION,0.0,3,0
1771933292.811,12.3,0.0,45.0,JUNCTION_RIGHT,FATAL DEGRADATION,0.0,3,0
1771933292.88,11.6,0.0,45.0,JUNCTION_RIGHT,FATAL DEGRADATION,0.0,3,0
1771933292.951,12.6,0.0,45.0,JUNCTION_RIGHT,FATAL DEGRADATION,0.0,3,0
1771933293.004,13.0,0.0,45.0,JUNCTION_RIGHT,FATAL DEGRADATION,0.0,3,0
1771933293.074,14.7,0.0,45.0,JUNCTION_RIGHT,FATAL DEGRADATION,0.0,3,0
1771933293.176,14.6,0.0,45.0,JUNCTION_RIGHT,FATAL DEGRADATION,0.0,3,0
1771933293.258,13.1,0.0,45.0,JUNCTION_RIGHT,FATAL DEGRADATION,0.0,3,0
1771933293.321,12.9,0.0,45.0,JUNCTION_RIGHT,FATAL DEGRADATION,0.0,3,0
1771933293.416,13.8,0.0,45.0,JUNCTION_RIGHT,FATAL DEGRADATION,0.0,3,0
1771933293.491,12.8,0.0,45.0,JUNCTION_RIGHT,FATAL DEGRADATION,0.0,3,0
1771933293.586,13.0,0.0,45.0,JUNCTION_RIGHT,FATAL DEGRADATION,0.0,3,0
1771933293.687,12.2,0.0,45.0,JUNCTION_RIGHT,FATAL DEGRADATION,0.0,3,0
1771933293.756,11.5,0.0,45.0,JUNCTION_RIGHT,FATAL DEGRADATION,0.0,3,0
1771933293.852,12.5,0.0,45.0,JUNCTION_RIGHT,FATAL DEGRADATION,0.0,3,0
1771933293.918,11.8,0.0,45.0,JUNCTION_RIGHT,FATAL DEGRADATION,0.0,3,0
1771933294.011,12.9,0.0,45.0,JUNCTION_RIGHT,FATAL DEGRADATION,0.0,3,0
1771933294.096,12.2,0.0,45.0,JUNCTION_RIGHT,FATAL DEGRADATION,0.0,3,0
1771933294.199,12.1,0.0,45.0,JUNCTION_RIGHT,FATAL DEGRADATION,0.0,3,0
1771933294.275,11.4,0.0,45.0,JUNCTION_RIGHT,FATAL DEGRADATION,0.0,3,0
1771933294.367,12.0,0.0,45.0,JUNCTION_RIGHT,FATAL DEGRADATION,0.0,3,0
1771933294.43,11.7,0.0,45.0,JUNCTION_RIGHT,FATAL DEGRADATION,0.0,3,0
1771933294.533,12.8,0.0,45.0,JUNCTION_RIGHT,FATAL DEGRADATION,0.0,3,0
1771933294.594,11.9,0.0,45.0,JUNCTION_RIGHT,FATAL DEGRADATION,0.0,3,0
1771933294.707,13.3,0.0,45.0,JUNCTION_RIGHT,FATAL DEGRADATION,0.0,3,0
1771933294.775,11.9,0.0,45.0,JUNCTION_RIGHT,FATAL DEGRADATION,0.0,3,0
1771933294.875,12.7,0.0,45.0,JUNCTION_RIGHT,FATAL DEGRADATION,0.0,3,0
1771933294.931,11.9,0.0,45.0,JUNCTION_RIGHT,FATAL DEGRADATION,0.0,3,0
1771933295.02,13.8,0.0,45.0,JUNCTION_RIGHT,FATAL DEGRADATION,0.0,3,0
1771933295.112,13.1,0.0,45.0,JUNCTION_RIGHT,FATAL DEGRADATION,0.0,3,0
1771933295.209,12.3,0.0,45.0,JUNCTION_RIGHT,FATAL DEGRADATION,0.0,3,0
1771933295.27,11.7,0.0,45.0,JUNCTION_RIGHT,FATAL DEGRADATION,0.0,3,0
1771933295.377,13.2,0.0,45.0,JUNCTION_RIGHT,FATAL DEGRADATION,0.0,3,0
1771933295.48,12.1,0.0,45.0,JUNCTION_RIGHT,FATAL DEGRADATION,0.0,3,0
1771933295.541,11.3,0.0,45.0,JUNCTION_RIGHT,FATAL DEGRADATION,0.0,3,0
1771933295.64,12.9,0.0,45.0,JUNCTION_RIGHT,FATAL DEGRADATION,0.0,3,0
1771933295.753,12.0,0.0,45.0,JUNCTION_RIGHT,FATAL DEGRADATION,0.0,3,0
1771933295.824,11.1,0.0,45.0,JUNCTION_RIGHT,FATAL DEGRADATION,0.0,3,0
1771933295.938,12.0,0.0,45.0,JUNCTION_RIGHT,FATAL DEGRADATION,0.0,3,0
1771933296.017,11.0,0.0,45.0,JUNCTION_RIGHT,FATAL DEGRADATION,0.0,3,0
1771933296.136,11.6,0.0,45.0,JUNCTION_RIGHT,FATAL DEGRADATION,0.0,3,0
1771933296.218,10.6,0.0,45.0,JUNCTION_RIGHT,FATAL DEGRADATION,0.0,3,0
1771933296.322,11.1,0.0,45.0,JUNCTION_RIGHT,FATAL DEGRADATION,0.0,3,0
1771933296.374,10.6,0.0,45.0,JUNCTION_RIGHT,FATAL DEGRADATION,0.0,3,0
1771933296.481,13.1,0.0,45.0,JUNCTION_RIGHT,FATAL DEGRADATION,0.0,3,0
1771933296.584,12.0,0.0,45.0,JUNCTION_RIGHT,FATAL DEGRADATION,0.0,3,0
1771933296.684,11.3,0.0,45.0,JUNCTION_RIGHT,FATAL DEGRADATION,0.0,3,0
1771933296.742,10.9,0.0,45.0,JUNCTION_RIGHT,FATAL DEGRADATION,0.0,3,0
1771933296.817,12.8,0.0,45.0,JUNCTION_RIGHT,FATAL DEGRADATION,0.0,3,0
1771933296.895,13.0,0.0,45.0,JUNCTION_RIGHT,FATAL DEGRADATION,0.0,3,0
1771933296.962,13.0,0.0,45.0,JUNCTION_RIGHT,FATAL DEGRADATION,0.0,3,0
1771933297.045,13.5,0.0,45.0,JUNCTION_RIGHT,FATAL DEGRADATION,0.0,3,0
1771933297.139,13.1,0.0,45.0,JUNCTION_RIGHT,FATAL DEGRADATION,0.0,3,0
1771933297.211,12.3,0.0,45.0,JUNCTION_RIGHT,FATAL DEGRADATION,0.0,3,0
1771933297.32,12.8,0.0,45.0,JUNCTION_RIGHT,FATAL DEGRADATION,0.0,3,0
1771933297.387,11.7,0.0,45.0,JUNCTION_RIGHT,FATAL DEGRADATION,0.0,3,0
1771933297.491,12.7,0.0,45.0,JUNCTION_RIGHT,FATAL DEGRADATION,0.0,3,0
1771933297.553,11.8,0.0,45.0,JUNCTION_RIGHT,FATAL DEGRADATION,0.0,3,0
1771933297.667,13.1,0.0,45.0,JUNCTION_RIGHT,FATAL DEGRADATION,0.0,3,0
1771933297.736,11.8,0.0,45.0,JUNCTION_RIGHT,FATAL DEGRADATION,0.0,3,0
1771933297.827,12.6,0.0,45.0,JUNCTION_RIGHT,FATAL DEGRADATION,0.0,3,0
1771933297.928,12.1,0.0,45.0,JUNCTION_RIGHT,FATAL DEGRADATION,0.0,3,0
1771933298.021,11.4,0.0,45.0,JUNCTION_RIGHT,FATAL DEGRADATION,0.0,3,0
1771933298.077,11.2,0.0,45.0,JUNCTION_RIGHT,FATAL DEGRADATION,0.0,3,0
1771933298.165,13.3,0.0,45.0,JUNCTION_RIGHT,FATAL DEGRADATION,0.0,3,0
1771933298.266,12.7,0.0,45.0,JUNCTION_RIGHT,FATAL DEGRADATION,0.0,3,0
1771933298.381,11.8,0.0,45.0,JUNCTION_RIGHT,FATAL DEGRADATION,0.0,3,0
1771933298.445,10.9,0.0,45.0,JUNCTION_RIGHT,FATAL DEGRADATION,0.0,3,0
1771933298.524,12.3,0.0,45.0,JUNCTION_RIGHT,FATAL DEGRADATION,0.0,3,0
1771933298.599,12.4,0.0,45.0,JUNCTION_RIGHT,FATAL DEGRADATION,0.0,3,0
1771933298.674,12.7,0.0,45.0,JUNCTION_RIGHT,FATAL DEGRADATION,0.0,3,0
1771933298.757,12.9,0.0,45.0,JUNCTION_RIGHT,FATAL DEGRADATION,0.0,3,0
1771933298.862,12.6,0.0,45.0,JUNCTION_RIGHT,FATAL DEGRADATION,0.0,3,0
1771933298.94,11.7,0.0,45.0,JUNCTION_RIGHT,FATAL DEGRADATION,0.0,3,0
1771933299.043,12.0,0.0,45.0,JUNCTION_RIGHT,FATAL DEGRADATION,0.0,3,0
1771933299.093,11.3,0.0,45.0,JUNCTION_RIGHT,FATAL DEGRADATION,0.0,3,0
1771933299.191,14.2,0.0,45.0,JUNCTION_RIGHT,FATAL DEGRADATION,0.0,3,0
1771933299.283,13.0,0.0,45.0,JUNCTION_RIGHT,FATAL DEGRADATION,0.0,3,0
1771933299.395,12.4,0.0,45.0,JUNCTION_RIGHT,FATAL DEGRADATION,0.0,3,0
1771933299.46,11.3,0.0,45.0,JUNCTION_RIGHT,FATAL DEGRADATION,0.0,3,0
1771933299.554,12.5,0.0,45.0,JUNCTION_RIGHT,FATAL DEGRADATION,0.0,3,0
1771933299.62,12.0,0.0,45.0,JUNCTION_RIGHT,FATAL DEGRADATION,0.0,3,0
1771933299.718,13.0,0.0,45.0,JUNCTION_RIGHT,FATAL DEGRADATION,0.0,3,0
1771933299.818,12.1,0.0,45.0,JUNCTION_RIGHT,FATAL DEGRADATION,0.0,3,0
1771933299.913,11.4,0.0,45.0,JUNCTION_RIGHT,FATAL DEGRADATION,0.0,3,0
1771933299.962,11.2,0.0,45.0,JUNCTION_RIGHT,FATAL DEGRADATION,0.0,3,0
1771933300.036,14.1,0.0,45.0,JUNCTION_RIGHT,FATAL DEGRADATION,0.0,3,0
1771933300.138,13.8,0.0,45.0,JUNCTION_RIGHT,FATAL DEGRADATION,0.0,3,0
1771933300.235,12.6,0.0,45.0,JUNCTION_RIGHT,FATAL DEGRADATION,0.0,3,0
1771933300.321,12.0,0.0,45.0,JUNCTION_RIGHT,FATAL DEGRADATION,0.0,3,0
1771933300.429,11.9,0.0,45.0,JUNCTION_RIGHT,FATAL DEGRADATION,0.0,3,0
1771933300.496,11.1,0.0,45.0,JUNCTION_RIGHT,FATAL DEGRADATION,0.0,3,0
1771933300.597,12.3,0.0,45.0,JUNCTION_RIGHT,FATAL DEGRADATION,0.0,3,0
1771933300.665,11.6,0.0,45.0,JUNCTION_RIGHT,FATAL DEGRADATION,0.0,3,0
1771933300.751,12.5,0.0,45.0,JUNCTION_RIGHT,FATAL DEGRADATION,0.0,3,0
1771933300.841,12.2,0.0,45.0,JUNCTION_RIGHT,FATAL DEGRADATION,0.0,3,0
1771933300.904,11.9,0.0,45.0,JUNCTION_RIGHT,FATAL DEGRADATION,0.0,3,0
1771933300.957,13.1,0.0,45.0,JUNCTION_RIGHT,FATAL DEGRADATION,0.0,3,0
1771933301.049,14.9,0.0,45.0,JUNCTION_RIGHT,FATAL DEGRADATION,0.0,3,0
1771933301.146,13.7,0.0,45.0,JUNCTION_RIGHT,FATAL DEGRADATION,0.0,3,0
1771933301.233,12.7,0.0,45.0,JUNCTION_RIGHT,FATAL DEGRADATION,0.0,3,0
1771933301.327,12.3,0.0,45.0,JUNCTION_RIGHT,FATAL DEGRADATION,0.0,3,0
1771933301.438,11.8,0.0,45.0,JUNCTION_RIGHT,FATAL DEGRADATION,0.0,3,0
1771933301.505,11.0,0.0,45.0,JUNCTION_RIGHT,FATAL DEGRADATION,0.0,3,0
1771933301.597,12.1,0.0,45.0,JUNCTION_RIGHT,FATAL DEGRADATION,0.0,3,0
1771933301.652,11.8,0.0,45.0,JUNCTION_RIGHT,FATAL DEGRADATION,0.0,3,0
1771933301.737,13.6,0.0,45.0,JUNCTION_RIGHT,FATAL DEGRADATION,0.0,3,0
1771933301.839,13.1,0.0,45.0,JUNCTION_RIGHT,FATAL DEGRADATION,0.0,3,0
1771933301.918,12.1,0.0,45.0,JUNCTION_RIGHT,FATAL DEGRADATION,0.0,3,0
1771933301.994,12.3,0.0,45.0,JUNCTION_RIGHT,FATAL DEGRADATION,0.0,3,0
1771933302.079,12.6,0.0,45.0,JUNCTION_RIGHT,FATAL DEGRADATION,0.0,3,0
1771933302.163,12.3,0.0,45.0,JUNCTION_RIGHT,FATAL DEGRADATION,0.0,3,0
1771933302.222,12.1,0.0,45.0,JUNCTION_RIGHT,FATAL DEGRADATION,0.0,3,0
1771933302.271,13.7,0.0,45.0,JUNCTION_RIGHT,FATAL DEGRADATION,0.0,3,0
1771933302.329,15.7,0.0,45.0,JUNCTION_RIGHT,FATAL DEGRADATION,0.0,3,0
1771933302.428,16.0,0.0,45.0,JUNCTION_RIGHT,FATAL DEGRADATION,0.0,3,0
1771933302.531,14.3,0.0,45.0,JUNCTION_RIGHT,FATAL DEGRADATION,0.0,3,0
1771933302.628,12.9,0.0,45.0,JUNCTION_RIGHT,FATAL DEGRADATION,0.0,3,0
1771933302.701,12.1,0.0,45.0,JUNCTION_RIGHT,FATAL DEGRADATION,0.0,3,0
1771933302.78,12.6,0.0,45.0,JUNCTION_RIGHT,FATAL DEGRADATION,0.0,3,0
1771933302.876,12.6,0.0,45.0,JUNCTION_RIGHT,FATAL DEGRADATION,0.0,3,0
1771933302.943,12.0,0.0,45.0,JUNCTION_RIGHT,FATAL DEGRADATION,0.0,3,0
1771933303.052,12.9,0.0,45.0,JUNCTION_RIGHT,FATAL DEGRADATION,0.0,3,0
1771933303.084,11.8,0.0,45.0,JUNCTION_RIGHT,FATAL DEGRADATION,0.0,3,0
1771933303.163,17.2,0.0,45.0,JUNCTION_RIGHT,FATAL DEGRADATION,0.0,3,0
1771933303.259,15.8,0.0,45.0,JUNCTION_RIGHT,FATAL DEGRADATION,0.0,3,0
1771933303.349,14.3,0.0,45.0,JUNCTION_RIGHT,FATAL DEGRADATION,0.0,3,0
1771933303.44,13.3,0.0,45.0,JUNCTION_RIGHT,FATAL DEGRADATION,0.0,3,0
1771933303.554,12.6,0.0,45.0,JUNCTION_RIGHT,FATAL DEGRADATION,0.0,3,0
1771933303.623,11.4,0.0,45.0,JUNCTION_RIGHT,FATAL DEGRADATION,0.0,3,0
1771933303.719,12.4,0.0,45.0,JUNCTION_RIGHT,FATAL DEGRADATION,0.0,3,0
1771933303.784,11.8,0.0,45.0,JUNCTION_RIGHT,FATAL DEGRADATION,0.0,3,0
1771933303.884,12.9,0.0,45.0,JUNCTION_RIGHT,FATAL DEGRADATION,0.0,3,0
1771933303.986,12.0,0.0,45.0,JUNCTION_RIGHT,FATAL DEGRADATION,0.0,3,0
1771933304.084,11.4,0.0,45.0,JUNCTION_RIGHT,FATAL DEGRADATION,0.0,3,0
1771933304.152,11.0,0.0,45.0,JUNCTION_RIGHT,FATAL DEGRADATION,0.0,3,0
1771933304.248,12.3,0.0,45.0,JUNCTION_RIGHT,FATAL DEGRADATION,0.0,3,0
1771933304.316,11.7,0.0,45.0,JUNCTION_RIGHT,FATAL DEGRADATION,0.0,3,0
1771933304.42,12.6,0.0,45.0,JUNCTION_RIGHT,FATAL DEGRADATION,0.0,3,0
1771933304.481,11.7,0.0,45.0,JUNCTION_RIGHT,FATAL DEGRADATION,0.0,3,0
1771933304.58,13.2,0.0,45.0,JUNCTION_RIGHT,FATAL DEGRADATION,0.0,3,0
1771933304.695,12.2,0.0,45.0,JUNCTION_RIGHT,FATAL DEGRADATION,0.0,3,0
1771933304.792,11.2,0.0,45.0,JUNCTION_RIGHT,FATAL DEGRADATION,0.0,3,0
1771933304.867,10.9,0.0,45.0,JUNCTION_RIGHT,FATAL DEGRADATION,0.0,3,0
1771933304.977,11.6,0.0,45.0,JUNCTION_RIGHT,FATAL DEGRADATION,0.0,3,0
1771933305.045,10.9,0.0,45.0,JUNCTION_RIGHT,FATAL DEGRADATION,0.0,3,0
1771933305.138,12.0,0.0,45.0,JUNCTION_RIGHT,FATAL DEGRADATION,0.0,3,0
1771933305.205,11.6,0.0,45.0,JUNCTION_RIGHT,FATAL DEGRADATION,0.0,3,0
1771933305.309,12.6,0.0,45.0,JUNCTION_RIGHT,FATAL DEGRADATION,0.0,3,0
1771933305.383,11.7,0.0,45.0,JUNCTION_RIGHT,FATAL DEGRADATION,0.0,3,0
1771933305.49,12.4,0.0,45.0,JUNCTION_RIGHT,FATAL DEGRADATION,0.0,3,0
1771933305.559,11.4,0.0,45.0,JUNCTION_RIGHT,FATAL DEGRADATION,0.0,3,0
1771933305.673,12.3,0.0,45.0,JUNCTION_RIGHT,FATAL DEGRADATION,0.0,3,0
1771933305.739,11.3,0.0,45.0,JUNCTION_RIGHT,FATAL DEGRADATION,0.0,3,0
1771933305.848,12.4,0.0,45.0,JUNCTION_RIGHT,FATAL DEGRADATION,0.0,3,0
1771933305.921,11.4,0.0,45.0,JUNCTION_RIGHT,FATAL DEGRADATION,0.0,3,0
1771933306.031,12.1,0.0,45.0,JUNCTION_RIGHT,FATAL DEGRADATION,0.0,3,0
1771933306.1,11.2,0.0,45.0,JUNCTION_RIGHT,FATAL DEGRADATION,0.0,3,0
1771933306.198,12.2,0.0,45.0,JUNCTION_RIGHT,FATAL DEGRADATION,0.0,3,0
1771933306.274,11.6,0.0,45.0,JUNCTION_RIGHT,FATAL DEGRADATION,0.0,3,0
1771933306.397,12.1,0.0,45.0,JUNCTION_RIGHT,FATAL DEGRADATION,0.0,3,0
1771933306.446,10.9,0.0,45.0,JUNCTION_RIGHT,FATAL DEGRADATION,0.0,3,0
1771933306.561,13.9,0.0,45.0,JUNCTION_RIGHT,FATAL DEGRADATION,0.0,3,0
1771933306.673,12.3,0.0,45.0,JUNCTION_RIGHT,FATAL DEGRADATION,0.0,3,0
1771933306.78,11.3,0.0,45.0,JUNCTION_RIGHT,FATAL DEGRADATION,0.0,3,0
1771933306.842,10.7,0.0,45.0,JUNCTION_RIGHT,FATAL DEGRADATION,0.0,3,0
1771933306.942,12.3,0.0,45.0,JUNCTION_RIGHT,FATAL DEGRADATION,0.0,3,0
1771933307.007,11.6,0.0,45.0,JUNCTION_RIGHT,FATAL DEGRADATION,0.0,3,0
1771933307.107,12.8,0.0,45.0,JUNCTION_RIGHT,FATAL DEGRADATION,0.0,3,0
1771933307.15,11.9,0.0,45.0,JUNCTION_RIGHT,FATAL DEGRADATION,0.0,3,0
1771933307.23,15.3,0.0,45.0,JUNCTION_RIGHT,FATAL DEGRADATION,0.0,3,0
1771933307.295,14.5,0.0,45.0,JUNCTION_RIGHT,FATAL DEGRADATION,0.0,3,0
1771933307.418,14.7,0.0,45.0,JUNCTION_RIGHT,FATAL DEGRADATION,0.0,3,0
1771933307.521,12.7,0.0,45.0,JUNCTION_RIGHT,FATAL DEGRADATION,0.0,3,0
1771933307.622,11.8,0.0,45.0,JUNCTION_RIGHT,FATAL DEGRADATION,0.0,3,0
1771933307.677,11.3,0.0,45.0,JUNCTION_RIGHT,FATAL DEGRADATION,0.0,3,0
1771933307.771,13.3,0.0,45.0,JUNCTION_RIGHT,FATAL DEGRADATION,0.0,3,0
1771933307.878,12.5,0.0,45.0,JUNCTION_RIGHT,FATAL DEGRADATION,0.0,3,0
1771933307.987,11.5,0.0,45.0,JUNCTION_RIGHT,FATAL DEGRADATION,0.0,3,0
1771933308.058,10.8,0.0,45.0,JUNCTION_RIGHT,FATAL DEGRADATION,0.0,3,0
1771933308.159,11.8,0.0,45.0,JUNCTION_RIGHT,FATAL DEGRADATION,0.0,3,0
1771933308.214,11.2,0.0,45.0,JUNCTION_RIGHT,FATAL DEGRADATION,0.0,3,0
1771933308.308,13.5,0.0,45.0,JUNCTION_RIGHT,FATAL DEGRADATION,0.0,3,0
1771933308.413,12.6,0.0,45.0,JUNCTION_RIGHT,FATAL DEGRADATION,0.0,3,0
1771933308.526,11.7,0.0,45.0,JUNCTION_RIGHT,FATAL DEGRADATION,0.0,3,0
1771933308.584,10.8,0.0,45.0,JUNCTION_RIGHT,FATAL DEGRADATION,0.0,3,0
1771933308.702,12.8,0.0,45.0,JUNCTION_RIGHT,FATAL DEGRADATION,0.0,3,0
1771933308.777,11.5,0.0,45.0,JUNCTION_RIGHT,FATAL DEGRADATION,0.0,3,0
1771933308.893,12.1,0.0,45.0,JUNCTION_RIGHT,FATAL DEGRADATION,0.0,3,0
1771933308.968,11.0,0.0,45.0,JUNCTION_RIGHT,FATAL DEGRADATION,0.0,3,0
1771933309.085,11.8,0.0,45.0,JUNCTION_RIGHT,FATAL DEGRADATION,0.0,3,0
1771933309.157,10.8,0.0,45.0,JUNCTION_RIGHT,FATAL DEGRADATION,0.0,3,0
1771933309.281,11.7,0.0,45.0,JUNCTION_RIGHT,FATAL DEGRADATION,0.0,3,0
1771933309.354,10.6,0.0,45.0,JUNCTION_RIGHT,FATAL DEGRADATION,0.0,3,0
1771933309.462,11.5,0.0,45.0,JUNCTION_RIGHT,FATAL DEGRADATION,0.0,3,0
1771933309.546,10.9,0.0,45.0,JUNCTION_RIGHT,FATAL DEGRADATION,0.0,3,0
1771933309.655,11.2,0.0,45.0,JUNCTION_RIGHT,FATAL DEGRADATION,0.0,3,0
1771933309.734,10.6,0.0,45.0,JUNCTION_RIGHT,FATAL DEGRADATION,0.0,3,0
1771933309.85,11.2,0.0,45.0,JUNCTION_RIGHT,FATAL DEGRADATION,0.0,3,0
1771933309.929,10.4,0.0,45.0,JUNCTION_RIGHT,FATAL DEGRADATION,0.0,3,0
1771933310.031,11.1,0.0,45.0,JUNCTION_RIGHT,FATAL DEGRADATION,0.0,3,0
1771933310.1,10.7,0.0,45.0,JUNCTION_RIGHT,FATAL DEGRADATION,0.0,3,0
1771933310.207,11.8,0.0,45.0,JUNCTION_RIGHT,FATAL DEGRADATION,0.0,3,0
1771933310.294,11.1,0.0,45.0,JUNCTION_RIGHT,FATAL DEGRADATION,0.0,3,0
1771933310.428,11.2,0.0,45.0,JUNCTION_RIGHT,FATAL DEGRADATION,0.0,3,0
1771933310.508,10.1,0.0,45.0,JUNCTION_RIGHT,FATAL DEGRADATION,0.0,3,0
1771933310.625,10.8,0.0,45.0,JUNCTION_RIGHT,FATAL DEGRADATION,0.0,3,0
1771933310.697,10.1,0.0,45.0,JUNCTION_RIGHT,FATAL DEGRADATION,0.0,3,0
1771933310.812,11.3,0.0,45.0,JUNCTION_RIGHT,FATAL DEGRADATION,0.0,3,0
1771933310.882,10.5,0.0,45.0,JUNCTION_RIGHT,FATAL DEGRADATION,0.0,3,0
1771933310.998,11.8,0.0,45.0,JUNCTION_RIGHT,FATAL DEGRADATION,0.0,3,0
1771933311.074,10.8,0.0,45.0,JUNCTION_RIGHT,FATAL DEGRADATION,0.0,3,0
1771933311.176,11.5,0.0,45.0,JUNCTION_RIGHT,FATAL DEGRADATION,0.0,3,0
1771933311.233,11.0,0.0,45.0,JUNCTION_RIGHT,FATAL DEGRADATION,0.0,3,0
1771933311.345,12.9,0.0,45.0,JUNCTION_RIGHT,FATAL DEGRADATION,0.0,3,0
1771933311.416,11.7,0.0,45.0,JUNCTION_RIGHT,FATAL DEGRADATION,0.0,3,0
1771933311.516,12.4,0.0,45.0,JUNCTION_RIGHT,FATAL DEGRADATION,0.0,3,0
1771933311.59,11.7,0.0,45.0,JUNCTION_RIGHT,FATAL DEGRADATION,0.0,3,0
1771933311.706,12.3,0.0,45.0,JUNCTION_RIGHT,FATAL DEGRADATION,0.0,3,0
1771933311.777,11.2,0.0,45.0,JUNCTION_RIGHT,FATAL DEGRADATION,0.0,3,0
1771933311.882,12.0,0.0,45.0,JUNCTION_RIGHT,FATAL DEGRADATION,0.0,3,0
1771933311.932,11.2,0.0,45.0,JUNCTION_RIGHT,FATAL DEGRADATION,0.0,3,0
1771933312.031,13.8,0.0,45.0,JUNCTION_RIGHT,FATAL DEGRADATION,0.0,3,0
1771933312.138,12.7,0.0,45.0,JUNCTION_RIGHT,FATAL DEGRADATION,0.0,3,0
1771933312.246,11.7,0.0,45.0,JUNCTION_RIGHT,FATAL DEGRADATION,0.0,3,0
1771933312.317,11.0,0.0,45.0,JUNCTION_RIGHT,FATAL DEGRADATION,0.0,3,0
1771933312.423,11.9,0.0,45.0,JUNCTION_RIGHT,FATAL DEGRADATION,0.0,3,0
1771933312.483,11.2,0.0,45.0,JUNCTION_RIGHT,FATAL DEGRADATION,0.0,3,0
1771933312.574,12.8,0.0,45.0,JUNCTION_RIGHT,FATAL DEGRADATION,0.0,3,0
1771933312.664,12.3,0.0,45.0,JUNCTION_RIGHT,FATAL DEGRADATION,0.0,3,0
1771933313.664,11.9,0.0,45.0,JUNCTION_RIGHT,FATAL DEGRADATION,0.0,3,0
1771933313.718,8.6,0.0,45.0,JUNCTION_RIGHT,FATAL DEGRADATION,0.0,3,0
1771933313.797,11.7,0.0,45.0,JUNCTION_RIGHT,FATAL DEGRADATION,0.0,3,0
1771933313.843,12.0,0.0,45.0,JUNCTION_RIGHT,FATAL DEGRADATION,0.0,3,0
1771933313.889,14.7,0.0,45.0,JUNCTION_RIGHT,FATAL DEGRADATION,0.0,3,0
1771933313.936,17.0,0.0,45.0,JUNCTION_RIGHT,FATAL DEGRADATION,0.0,3,0
1771933313.994,18.3,0.0,45.0,JUNCTION_RIGHT,FATAL DEGRADATION,0.0,3,0
1771933314.066,17.9,0.0,45.0,JUNCTION_RIGHT,FATAL DEGRADATION,0.0,3,0
1771933314.144,16.7,0.0,45.0,JUNCTION_RIGHT,FATAL DEGRADATION,0.0,3,0
1771933314.627,15.6,0.0,45.0,JUNCTION_RIGHT,FATAL DEGRADATION,0.0,3,0
1771933314.703,11.5,0.0,45.0,JUNCTION_RIGHT,FATAL DEGRADATION,0.0,3,0
1771933314.752,12.0,0.0,45.0,JUNCTION_RIGHT,FATAL DEGRADATION,0.0,3,0
1771933314.818,14.6,0.0,45.0,JUNCTION_RIGHT,FATAL DEGRADATION,0.0,3,0
1771933314.885,14.7,0.0,45.0,JUNCTION_RIGHT,FATAL DEGRADATION,0.0,3,0
1771933314.99,14.8,0.0,45.0,JUNCTION_RIGHT,FATAL DEGRADATION,0.0,3,0
1771933879.529,13.2,0.0,45.0,JUNCTION_RIGHT,FATAL DEGRADATION,0.0,3,0
1771933879.732,9.3,0.0,45.0,JUNCTION_RIGHT,FATAL DEGRADATION,0.0,3,0
1771933879.783,13.5,0.0,45.0,JUNCTION_RIGHT,FATAL DEGRADATION,0.0,3,0
1771933879.832,15.3,0.0,45.0,JUNCTION_RIGHT,FATAL DEGRADATION,0.0,3,0
1771933879.876,16.9,0.0,45.0,JUNCTION_RIGHT,FATAL DEGRADATION,0.0,3,0
1771933879.918,18.5,0.0,45.0,JUNCTION_RIGHT,FATAL DEGRADATION,0.0,3,0
1771933879.959,20.2,0.0,45.0,JUNCTION_RIGHT,FATAL DEGRADATION,0.0,3,0
1771933879.994,21.5,0.0,45.0,JUNCTION_RIGHT,FATAL DEGRADATION,0.0,3,0
1771933880.031,23.4,0.0,45.0,JUNCTION_RIGHT,FATAL DEGRADATION,0.0,3,0
1771933880.073,24.5,0.0,45.0,JUNCTION_RIGHT,FATAL DEGRADATION,0.0,3,0
1771933880.111,24.5,0.0,45.0,JUNCTION_RIGHT,FATAL DEGRADATION,0.0,3,0
1771933880.153,24.9,0.0,45.0,JUNCTION_RIGHT,FATAL DEGRADATION,0.0,3,0
1771933880.199,24.5,0.0,45.0,JUNCTION_RIGHT,FATAL DEGRADATION,0.0,3,0
1771933880.246,23.7,0.0,45.0,JUNCTION_RIGHT,FATAL DEGRADATION,0.0,3,0
1771933880.286,22.9,0.0,45.0,JUNCTION_RIGHT,FATAL DEGRADATION,0.0,3,0
1771933880.35,23.7,0.0,45.0,JUNCTION_RIGHT,FATAL DEGRADATION,0.0,3,0
1771933880.39,21.3,0.0,45.0,JUNCTION_RIGHT,FATAL DEGRADATION,0.0,3,0
1771933880.426,22.5,0.0,45.0,JUNCTION_RIGHT,FATAL DEGRADATION,0.0,3,0
1771933880.472,23.9,0.0,45.0,JUNCTION_RIGHT,FATAL DEGRADATION,0.0,3,0
1771933880.513,23.2,0.0,45.0,JUNCTION_RIGHT,FATAL DEGRADATION,0.0,3,0
1771933880.558,23.5,0.0,45.0,JUNCTION_RIGHT,FATAL DEGRADATION,0.0,3,0
1771933881.897,23.3,0.0,45.0,JUNCTION_RIGHT,FATAL DEGRADATION,0.0,3,0
1771933881.98,16.5,0.0,45.0,JUNCTION_RIGHT,FATAL DEGRADATION,0.0,3,0
1771933882.076,15.2,0.0,45.0,JUNCTION_RIGHT,FATAL DEGRADATION,0.0,3,0
1771933882.172,13.7,0.0,45.0,JUNCTION_RIGHT,FATAL DEGRADATION,0.0,3,0
1771933882.258,12.8,0.0,45.0,JUNCTION_RIGHT,FATAL DEGRADATION,0.0,3,0
1771933882.356,12.4,0.0,45.0,JUNCTION_RIGHT,FATAL DEGRADATION,0.0,3,0
1771933883.103,11.8,0.0,45.0,JUNCTION_RIGHT,FATAL DEGRADATION,0.0,3,0
1771933883.738,8.6,0.0,45.0,JUNCTION_RIGHT,FATAL DEGRADATION,0.0,3,0
1771933884.259,6.5,0.0,45.0,JUNCTION_RIGHT,FATAL DEGRADATION,0.0,3,0
1771933884.305,5.1,0.0,45.0,JUNCTION_RIGHT,FATAL DEGRADATION,0.0,3,0
1771933884.397,8.0,0.0,45.0,JUNCTION_RIGHT,FATAL DEGRADATION,0.0,3,0
1771933884.746,9.9,0.0,45.0,JUNCTION_RIGHT,FATAL DEGRADATION,0.0,3,0
1771933885.022,7.8,0.0,45.0,JUNCTION_RIGHT,FATAL DEGRADATION,0.0,3,0
1771933885.077,6.5,0.0,45.0,JUNCTION_RIGHT,FATAL DEGRADATION,0.0,3,0
1771933885.164,10.0,0.0,45.0,JUNCTION_RIGHT,FATAL DEGRADATION,0.0,3,0
1771933885.228,10.5,0.0,45.0,JUNCTION_RIGHT,FATAL DEGRADATION,0.0,3,0
1771933885.324,11.9,0.0,45.0,JUNCTION_RIGHT,FATAL DEGRADATION,0.0,3,0
1771933885.875,11.5,0.0,45.0,JUNCTION_RIGHT,FATAL DEGRADATION,0.0,3,0
1771933886.028,8.6,0.0,45.0,JUNCTION_RIGHT,FATAL DEGRADATION,0.0,3,0
1771933886.078,8.1,0.0,45.0,JUNCTION_RIGHT,FATAL DEGRADATION,0.0,3,0
1771933886.193,11.7,0.0,45.0,JUNCTION_RIGHT,FATAL DEGRADATION,0.0,3,0
1771933886.598,10.8,0.0,45.0,JUNCTION_RIGHT,FATAL DEGRADATION,0.0,3,0
1771933886.743,8.3,0.0,45.0,JUNCTION_RIGHT,FATAL DEGRADATION,0.0,3,0
1771933886.802,7.9,0.0,45.0,JUNCTION_RIGHT,FATAL DEGRADATION,0.0,3,0
1771933886.875,10.7,0.0,45.0,JUNCTION_RIGHT,FATAL DEGRADATION,0.0,3,0
1771933886.918,11.5,0.0,45.0,JUNCTION_RIGHT,FATAL DEGRADATION,0.0,3,0
1771933886.989,15.2,0.0,45.0,JUNCTION_RIGHT,FATAL DEGRADATION,0.0,3,0
1771933887.059,14.8,0.0,45.0,JUNCTION_RIGHT,FATAL DEGRADATION,0.0,3,0
1771933887.163,14.7,0.0,45.0,JUNCTION_RIGHT,FATAL DEGRADATION,0.0,3,0
1771933887.362,13.2,0.0,45.0,JUNCTION_RIGHT,FATAL DEGRADATION,0.0,3,0
1771933887.482,10.7,0.0,45.0,JUNCTION_RIGHT,FATAL DEGRADATION,0.0,3,0
1771933887.534,10.0,0.0,45.0,JUNCTION_RIGHT,FATAL DEGRADATION,0.0,3,0
1771933887.607,12.7,0.0,45.0,JUNCTION_RIGHT,FATAL DEGRADATION,0.0,3,0
1771933887.679,13.0,0.0,45.0,JUNCTION_RIGHT,FATAL DEGRADATION,0.0,3,0
1771933887.743,13.3,0.0,45.0,JUNCTION_RIGHT,FATAL DEGRADATION,0.0,3,0
1771933887.811,13.9,0.0,45.0,JUNCTION_RIGHT,FATAL DEGRADATION,0.0,3,0
1771933887.883,14.2,0.0,45.0,JUNCTION_RIGHT,FATAL DEGRADATION,0.0,3,0
1771933887.959,14.1,0.0,45.0,JUNCTION_RIGHT,FATAL DEGRADATION,0.0,3,0
1771933888.023,13.8,0.0,45.0,JUNCTION_RIGHT,FATAL DEGRADATION,0.0,3,0
1771933888.081,14.4,0.0,45.0,JUNCTION_RIGHT,FATAL DEGRADATION,0.0,3,0
1771933888.15,15.2,0.0,45.0,JUNCTION_RIGHT,FATAL DEGRADATION,0.0,3,0
1771933888.216,15.1,0.0,45.0,JUNCTION_RIGHT,FATAL DEGRADATION,0.0,3,0
1771933888.281,15.0,0.0,45.0,JUNCTION_RIGHT,FATAL DEGRADATION,0.0,3,0
1771933888.351,15.2,0.0,45.0,JUNCTION_RIGHT,FATAL DEGRADATION,0.0,3,0
1771933888.424,14.9,0.0,45.0,JUNCTION_RIGHT,FATAL DEGRADATION,0.0,3,0
1771933888.492,14.5,0.0,45.0,JUNCTION_RIGHT,FATAL DEGRADATION,0.0,3,0
1771933888.555,14.6,0.0,45.0,JUNCTION_RIGHT,FATAL DEGRADATION,0.0,3,0
1771933888.616,14.9,0.0,45.0,JUNCTION_RIGHT,FATAL DEGRADATION,0.0,3,0
1771933888.68,15.5,0.0,45.0,JUNCTION_RIGHT,FATAL DEGRADATION,0.0,3,0
1771933888.746,15.4,0.0,45.0,JUNCTION_RIGHT,FATAL DEGRADATION,0.0,3,0
1771933888.816,15.3,0.0,45.0,JUNCTION_RIGHT,FATAL DEGRADATION,0.0,3,0
1771933888.882,15.1,0.0,45.0,JUNCTION_RIGHT,FATAL DEGRADATION,0.0,3,0
1771933888.95,15.1,0.0,45.0,JUNCTION_RIGHT,FATAL DEGRADATION,0.0,3,0
1771933889.021,14.9,0.0,45.0,JUNCTION_RIGHT,FATAL DEGRADATION,0.0,3,0
1771933889.084,14.7,0.0,45.0,JUNCTION_RIGHT,FATAL DEGRADATION,0.0,3,0
1771933889.158,15.1,0.0,45.0,JUNCTION_RIGHT,FATAL DEGRADATION,0.0,3,0
1771933889.229,14.6,0.0,45.0,JUNCTION_RIGHT,FATAL DEGRADATION,0.0,3,0
1771933889.291,14.5,0.0,45.0,JUNCTION_RIGHT,FATAL DEGRADATION,0.0,3,0
1771933889.358,15.0,0.0,45.0,JUNCTION_RIGHT,FATAL DEGRADATION,0.0,3,0
1771933889.427,14.9,0.0,45.0,JUNCTION_RIGHT,FATAL DEGRADATION,0.0,3,0
1771933889.502,14.8,0.0,45.0,JUNCTION_RIGHT,FATAL DEGRADATION,0.0,3,0
1771933889.571,14.3,0.0,45.0,JUNCTION_RIGHT,FATAL DEGRADATION,0.0,3,0
1771933889.635,14.4,0.0,45.0,JUNCTION_RIGHT,FATAL DEGRADATION,0.0,3,0
1771933889.71,14.8,0.0,45.0,JUNCTION_RIGHT,FATAL DEGRADATION,0.0,3,0
1771933889.778,14.3,0.0,45.0,JUNCTION_RIGHT,FATAL DEGRADATION,0.0,3,0
1771933889.852,14.4,0.0,45.0,JUNCTION_RIGHT,FATAL DEGRADATION,0.0,3,0
1771933889.924,14.1,0.0,45.0,JUNCTION_RIGHT,FATAL DEGRADATION,0.0,3,0
1771933889.987,14.1,0.0,45.0,JUNCTION_RIGHT,FATAL DEGRADATION,0.0,3,0
1771933890.057,14.7,0.0,45.0,JUNCTION_RIGHT,FATAL DEGRADATION,0.0,3,0
1771933890.13,14.5,0.0,45.0,JUNCTION_RIGHT,FATAL DEGRADATION,0.0,3,0
1771933890.197,14.3,0.0,45.0,JUNCTION_RIGHT,FATAL DEGRADATION,0.0,3,0
1771933890.268,14.5,0.0,45.0,JUNCTION_RIGHT,FATAL DEGRADATION,0.0,3,0
1771933890.338,14.4,0.0,45.0,JUNCTION_RIGHT,FATAL DEGRADATION,0.0,3,0
1771933890.416,14.3,0.0,45.0,JUNCTION_RIGHT,FATAL DEGRADATION,0.0,3,0
1771933890.484,13.9,0.0,45.0,JUNCTION_RIGHT,FATAL DEGRADATION,0.0,3,0
1771933890.552,14.1,0.0,45.0,JUNCTION_RIGHT,FATAL DEGRADATION,0.0,3,0
1771933890.623,14.3,0.0,45.0,JUNCTION_RIGHT,FATAL DEGRADATION,0.0,3,0
1771933890.695,14.2,0.0,45.0,JUNCTION_RIGHT,FATAL DEGRADATION,0.0,3,0
1771933890.779,14.1,0.0,45.0,JUNCTION_RIGHT,FATAL DEGRADATION,0.0,3,0
1771933890.843,13.5,0.0,45.0,JUNCTION_RIGHT,FATAL DEGRADATION,0.0,3,0
1771933890.907,14.1,0.0,45.0,JUNCTION_RIGHT,FATAL DEGRADATION,0.0,3,0
1771933890.981,14.5,0.0,45.0,JUNCTION_RIGHT,FATAL DEGRADATION,0.0,3,0
1771933891.047,14.3,0.0,45.0,JUNCTION_RIGHT,FATAL DEGRADATION,0.0,3,0
1771933891.117,14.5,0.0,45.0,JUNCTION_RIGHT,FATAL DEGRADATION,0.0,3,0
1771933891.181,14.5,0.0,45.0,JUNCTION_RIGHT,FATAL DEGRADATION,0.0,3,0
1771933891.249,14.8,0.0,45.0,JUNCTION_RIGHT,FATAL DEGRADATION,0.0,3,0
1771933891.319,14.8,0.0,45.0,JUNCTION_RIGHT,FATAL DEGRADATION,0.0,3,0
1771933891.386,14.6,0.0,45.0,JUNCTION_RIGHT,FATAL DEGRADATION,0.0,3,0
1771933891.453,14.8,0.0,45.0,JUNCTION_RIGHT,FATAL DEGRADATION,0.0,3,0
1771933891.517,14.7,0.0,45.0,JUNCTION_RIGHT,FATAL DEGRADATION,0.0,3,0
1771933891.585,15.1,0.0,45.0,JUNCTION_RIGHT,FATAL DEGRADATION,0.0,3,0
1771933891.65,14.9,0.0,45.0,JUNCTION_RIGHT,FATAL DEGRADATION,0.0,3,0
1771933891.718,15.2,0.0,45.0,JUNCTION_RIGHT,FATAL DEGRADATION,0.0,3,0
1771933891.787,15.0,0.0,45.0,JUNCTION_RIGHT,FATAL DEGRADATION,0.0,3,0
1771933891.853,14.8,0.0,45.0,JUNCTION_RIGHT,FATAL DEGRADATION,0.0,3,0
1771933891.919,14.9,0.0,45.0,JUNCTION_RIGHT,FATAL DEGRADATION,0.0,3,0
1771933891.991,15.0,0.0,45.0,JUNCTION_RIGHT,FATAL DEGRADATION,0.0,3,0
1771933892.061,14.6,0.0,45.0,JUNCTION_RIGHT,FATAL DEGRADATION,0.0,3,0
1771933892.12,14.5,0.0,45.0,JUNCTION_RIGHT,FATAL DEGRADATION,0.0,3,0
1771933892.182,15.4,0.0,45.0,JUNCTION_RIGHT,FATAL DEGRADATION,0.0,3,0
1771933892.238,15.5,0.0,45.0,JUNCTION_RIGHT,FATAL DEGRADATION,0.0,3,0
1771933892.297,16.3,0.0,45.0,JUNCTION_RIGHT,FATAL DEGRADATION,0.0,3,0
1771933892.357,16.5,0.0,45.0,JUNCTION_RIGHT,FATAL DEGRADATION,0.0,3,0
1771933892.421,16.5,0.0,45.0,JUNCTION_RIGHT,FATAL DEGRADATION,0.0,3,0
1771933892.483,16.3,0.0,45.0,JUNCTION_RIGHT,FATAL DEGRADATION,0.0,3,0
1771933892.544,16.2,0.0,45.0,JUNCTION_RIGHT,FATAL DEGRADATION,0.0,3,0
1771933892.602,16.3,0.0,45.0,JUNCTION_RIGHT,FATAL DEGRADATION,0.0,3,0
1771933892.668,16.5,0.0,45.0,JUNCTION_RIGHT,FATAL DEGRADATION,0.0,3,0
1771933892.728,16.1,0.0,45.0,JUNCTION_RIGHT,FATAL DEGRADATION,0.0,3,0
1771933892.793,16.4,0.0,45.0,JUNCTION_RIGHT,FATAL DEGRADATION,0.0,3,0
1771933892.855,16.1,0.0,45.0,JUNCTION_RIGHT,FATAL DEGRADATION,0.0,3,0
1771933892.921,16.0,0.0,45.0,JUNCTION_RIGHT,FATAL DEGRADATION,0.0,3,0
1771933892.989,15.7,0.0,45.0,JUNCTION_RIGHT,FATAL DEGRADATION,0.0,3,0
1771933893.053,15.5,0.0,45.0,JUNCTION_RIGHT,FATAL DEGRADATION,0.0,3,0
1771933893.118,15.5,0.0,45.0,JUNCTION_RIGHT,FATAL DEGRADATION,0.0,3,0
1771933893.185,15.4,0.0,45.0,JUNCTION_RIGHT,FATAL DEGRADATION,0.0,3,0
1771933893.242,15.4,0.0,45.0,JUNCTION_RIGHT,FATAL DEGRADATION,0.0,3,0
1771933893.3,15.9,0.0,45.0,JUNCTION_RIGHT,FATAL DEGRADATION,0.0,3,0
1771933893.36,16.4,0.0,45.0,JUNCTION_RIGHT,FATAL DEGRADATION,0.0,3,0
1771933893.428,16.4,0.0,45.0,JUNCTION_RIGHT,FATAL DEGRADATION,0.0,3,0
1771933893.492,15.9,0.0,45.0,JUNCTION_RIGHT,FATAL DEGRADATION,0.0,3,0
1771933893.558,15.9,0.0,45.0,JUNCTION_RIGHT,FATAL DEGRADATION,0.0,3,0
1771933893.617,15.6,0.0,45.0,JUNCTION_RIGHT,FATAL DEGRADATION,0.0,3,0
1771933893.676,16.0,0.0,45.0,JUNCTION_RIGHT,FATAL DEGRADATION,0.0,3,0
1771933893.733,16.4,0.0,45.0,JUNCTION_RIGHT,FATAL DEGRADATION,0.0,3,0
1771933893.797,16.7,0.0,45.0,JUNCTION_RIGHT,FATAL DEGRADATION,0.0,3,0
1771933893.862,16.4,0.0,45.0,JUNCTION_RIGHT,FATAL DEGRADATION,0.0,3,0
1771933893.925,16.0,0.0,45.0,JUNCTION_RIGHT,FATAL DEGRADATION,0.0,3,0
1771933893.99,16.0,0.0,45.0,JUNCTION_RIGHT,FATAL DEGRADATION,0.0,3,0
1771933894.05,15.8,0.0,45.0,JUNCTION_RIGHT,FATAL DEGRADATION,0.0,3,0
1771933894.114,16.1,0.0,45.0,JUNCTION_RIGHT,FATAL DEGRADATION,0.0,3,0
1771933894.17,16.0,0.0,45.0,JUNCTION_RIGHT,FATAL DEGRADATION,0.0,3,0
1771933894.232,16.5,0.0,45.0,JUNCTION_RIGHT,FATAL DEGRADATION,0.0,3,0
1771933894.289,16.3,0.0,45.0,JUNCTION_RIGHT,FATAL DEGRADATION,0.0,3,0
1771933894.368,16.7,0.0,45.0,JUNCTION_RIGHT,FATAL DEGRADATION,0.0,3,0
1771933894.429,15.5,0.0,45.0,JUNCTION_RIGHT,FATAL DEGRADATION,0.0,3,0
1771933894.499,15.7,0.0,45.0,JUNCTION_RIGHT,FATAL DEGRADATION,0.0,3,0
1771933894.557,15.4,0.0,45.0,JUNCTION_RIGHT,FATAL DEGRADATION,0.0,3,0
1771933894.626,15.8,0.0,45.0,JUNCTION_RIGHT,FATAL DEGRADATION,0.0,3,0
1771933894.685,15.5,0.0,45.0,JUNCTION_RIGHT,FATAL DEGRADATION,0.0,3,0
1771933894.744,15.9,0.0,45.0,JUNCTION_RIGHT,FATAL DEGRADATION,0.0,3,0
1771933894.808,16.3,0.0,45.0,JUNCTION_RIGHT,FATAL DEGRADATION,0.0,3,0
1771933894.864,16.0,0.0,45.0,JUNCTION_RIGHT,FATAL DEGRADATION,0.0,3,0
1771933894.924,16.6,0.0,45.0,JUNCTION_RIGHT,FATAL DEGRADATION,0.0,3,0
1771933894.987,16.6,0.0,45.0,JUNCTION_RIGHT,FATAL DEGRADATION,0.0,3,0
1771933895.047,16.3,0.0,45.0,JUNCTION_RIGHT,FATAL DEGRADATION,0.0,3,0
1771933895.108,16.4,0.0,45.0,JUNCTION_RIGHT,FATAL DEGRADATION,0.0,3,0
1771933895.166,16.5,0.0,45.0,JUNCTION_RIGHT,FATAL DEGRADATION,0.0,3,0
1771933895.224,16.7,0.0,45.0,JUNCTION_RIGHT,FATAL DEGRADATION,0.0,3,0
1771933895.281,16.8,0.0,45.0,JUNCTION_RIGHT,FATAL DEGRADATION,0.0,3,0
1771933895.337,17.2,0.0,45.0,JUNCTION_RIGHT,FATAL DEGRADATION,0.0,3,0
1771933895.402,17.2,0.0,45.0,JUNCTION_RIGHT,FATAL DEGRADATION,0.0,3,0
1771933895.479,16.8,0.0,45.0,JUNCTION_RIGHT,FATAL DEGRADATION,0.0,3,0
1771933895.546,15.6,0.0,45.0,JUNCTION_RIGHT,FATAL DEGRADATION,0.0,3,0
1771933895.608,15.4,0.0,45.0,JUNCTION_RIGHT,FATAL DEGRADATION,0.0,3,0
1771933895.669,15.6,0.0,45.0,JUNCTION_RIGHT,FATAL DEGRADATION,0.0,3,0
1771933895.733,15.8,0.0,45.0,JUNCTION_RIGHT,FATAL DEGRADATION,0.0,3,0
1771933895.787,15.9,0.0,45.0,JUNCTION_RIGHT,FATAL DEGRADATION,0.0,3,0
1771933895.85,16.6,0.0,45.0,JUNCTION_RIGHT,FATAL DEGRADATION,0.0,3,0
1771933895.908,16.4,0.0,45.0,JUNCTION_RIGHT,FATAL DEGRADATION,0.0,3,0
1771933895.973,16.6,0.0,45.0,JUNCTION_RIGHT,FATAL DEGRADATION,0.0,3,0
1771933896.042,16.3,0.0,45.0,JUNCTION_RIGHT,FATAL DEGRADATION,0.0,3,0
1771933896.129,15.7,0.0,45.0,JUNCTION_RIGHT,FATAL DEGRADATION,0.0,3,0
1771933896.187,14.4,0.0,45.0,JUNCTION_RIGHT,FATAL DEGRADATION,0.0,3,0
1771933896.256,15.3,0.0,45.0,JUNCTION_RIGHT,FATAL DEGRADATION,0.0,3,0
1771933896.315,15.1,0.0,45.0,JUNCTION_RIGHT,FATAL DEGRADATION,0.0,3,0
1771933896.372,15.6,0.0,45.0,JUNCTION_RIGHT,FATAL DEGRADATION,0.0,3,0
1771933896.444,16.2,0.0,45.0,JUNCTION_RIGHT,FATAL DEGRADATION,0.0,3,0
1771933896.507,15.5,0.0,45.0,JUNCTION_RIGHT,FATAL DEGRADATION,0.0,3,0
1771933896.569,15.7,0.0,45.0,JUNCTION_RIGHT,FATAL DEGRADATION,0.0,3,0
1771933896.631,15.6,0.0,45.0,JUNCTION_RIGHT,FATAL DEGRADATION,0.0,3,0
1771933896.693,15.8,0.0,45.0,JUNCTION_RIGHT,FATAL DEGRADATION,0.0,3,0
1771933896.752,15.9,0.0,45.0,JUNCTION_RIGHT,FATAL DEGRADATION,0.0,3,0
1771933896.814,16.3,0.0,45.0,JUNCTION_RIGHT,FATAL DEGRADATION,0.0,3,0
1771933896.87,16.2,0.0,45.0,JUNCTION_RIGHT,FATAL DEGRADATION,0.0,3,0
1771933896.931,16.7,0.0,45.0,JUNCTION_RIGHT,FATAL DEGRADATION,0.0,3,0
1771933896.986,16.6,0.0,45.0,JUNCTION_RIGHT,FATAL DEGRADATION,0.0,3,0
1771933897.045,17.1,0.0,45.0,JUNCTION_RIGHT,FATAL DEGRADATION,0.0,3,0
1771933897.108,17.1,0.0,45.0,JUNCTION_RIGHT,FATAL DEGRADATION,0.0,3,0
1771933897.174,16.6,0.0,45.0,JUNCTION_RIGHT,FATAL DEGRADATION,0.0,3,0
1771933897.238,16.3,0.0,45.0,JUNCTION_RIGHT,FATAL DEGRADATION,0.0,3,0
1771933897.291,16.1,0.0,45.0,JUNCTION_RIGHT,FATAL DEGRADATION,0.0,3,0
1771933897.345,16.9,0.0,45.0,JUNCTION_RIGHT,FATAL DEGRADATION,0.0,3,0
1771933897.397,17.3,0.0,45.0,JUNCTION_RIGHT,FATAL DEGRADATION,0.0,3,0
1771933897.456,17.7,0.0,45.0,JUNCTION_RIGHT,FATAL DEGRADATION,0.0,3,0
1771933897.515,17.6,0.0,45.0,JUNCTION_RIGHT,FATAL DEGRADATION,0.0,3,0
1771933897.579,17.5,0.0,45.0,JUNCTION_RIGHT,FATAL DEGRADATION,0.0,3,0
1771933897.642,17.0,0.0,45.0,JUNCTION_RIGHT,FATAL DEGRADATION,0.0,3,0
1771933897.7,16.6,0.0,45.0,JUNCTION_RIGHT,FATAL DEGRADATION,0.0,3,0
1771933897.762,16.8,0.0,45.0,JUNCTION_RIGHT,FATAL DEGRADATION,0.0,3,0
1771933897.823,16.6,0.0,45.0,JUNCTION_RIGHT,FATAL DEGRADATION,0.0,3,0
1771933897.881,16.5,0.0,45.0,JUNCTION_RIGHT,FATAL DEGRADATION,0.0,3,0
1771933897.941,16.7,0.0,45.0,JUNCTION_RIGHT,FATAL DEGRADATION,0.0,3,0
1771933897.996,16.7,0.0,45.0,JUNCTION_RIGHT,FATAL DEGRADATION,0.0,3,0
1771933898.055,17.2,0.0,45.0,JUNCTION_RIGHT,FATAL DEGRADATION,0.0,3,0
1771933898.117,17.1,0.0,45.0,JUNCTION_RIGHT,FATAL DEGRADATION,0.0,3,0
1771933898.187,16.9,0.0,45.0,JUNCTION_RIGHT,FATAL DEGRADATION,0.0,3,0
1771933898.25,16.0,0.0,45.0,JUNCTION_RIGHT,FATAL DEGRADATION,0.0,3,0
1771933898.322,16.0,0.0,45.0,JUNCTION_RIGHT,FATAL DEGRADATION,0.0,3,0
1771933898.394,15.4,0.0,45.0,JUNCTION_RIGHT,FATAL DEGRADATION,0.0,3,0
1771933898.461,15.0,0.0,45.0,JUNCTION_RIGHT,FATAL DEGRADATION,0.0,3,0
1771933898.525,14.9,0.0,45.0,JUNCTION_RIGHT,FATAL DEGRADATION,0.0,3,0
1771933898.593,15.2,0.0,45.0,JUNCTION_RIGHT,FATAL DEGRADATION,0.0,3,0
1771933898.658,15.0,0.0,45.0,JUNCTION_RIGHT,FATAL DEGRADATION,0.0,3,0
1771933898.738,15.1,0.0,45.0,JUNCTION_RIGHT,FATAL DEGRADATION,0.0,3,0
1771933898.798,14.3,0.0,45.0,JUNCTION_RIGHT,FATAL DEGRADATION,0.0,3,0
1771933898.861,15.1,0.0,45.0,JUNCTION_RIGHT,FATAL DEGRADATION,0.0,3,0
1771933898.938,15.3,0.0,45.0,JUNCTION_RIGHT,FATAL DEGRADATION,0.0,3,0
1771933899.001,14.6,0.0,45.0,JUNCTION_RIGHT,FATAL DEGRADATION,0.0,3,0
1771933899.062,14.9,0.0,45.0,JUNCTION_RIGHT,FATAL DEGRADATION,0.0,3,0
1771933899.129,15.4,0.0,45.0,JUNCTION_RIGHT,FATAL DEGRADATION,0.0,3,0
1771933899.203,15.2,0.0,45.0,JUNCTION_RIGHT,FATAL DEGRADATION,0.0,3,0
1771933899.274,14.8,0.0,45.0,JUNCTION_RIGHT,FATAL DEGRADATION,0.0,3,0
1771933899.35,14.6,0.0,45.0,JUNCTION_RIGHT,FATAL DEGRADATION,0.0,3,0
1771933899.411,14.1,0.0,45.0,JUNCTION_RIGHT,FATAL DEGRADATION,0.0,3,0
1771933899.475,14.8,0.0,45.0,JUNCTION_RIGHT,FATAL DEGRADATION,0.0,3,0
1771933899.545,15.1,0.0,45.0,JUNCTION_RIGHT,FATAL DEGRADATION,0.0,3,0
1771933899.605,14.9,0.0,45.0,JUNCTION_RIGHT,FATAL DEGRADATION,0.0,3,0
1771933899.665,15.4,0.0,45.0,JUNCTION_RIGHT,FATAL DEGRADATION,0.0,3,0
1771933899.735,15.7,0.0,45.0,JUNCTION_RIGHT,FATAL DEGRADATION,0.0,3,0
1771933899.809,15.3,0.0,45.0,JUNCTION_RIGHT,FATAL DEGRADATION,0.0,3,0
1771933899.885,14.8,0.0,45.0,JUNCTION_RIGHT,FATAL DEGRADATION,0.0,3,0
1771933899.949,14.3,0.0,45.0,JUNCTION_RIGHT,FATAL DEGRADATION,0.0,3,0
1771933900.021,14.6,0.0,45.0,JUNCTION_RIGHT,FATAL DEGRADATION,0.0,3,0
1771933900.083,14.5,0.0,45.0,JUNCTION_RIGHT,FATAL DEGRADATION,0.0,3,0
1771933900.15,14.9,0.0,45.0,JUNCTION_RIGHT,FATAL DEGRADATION,0.0,3,0
1771933900.212,14.8,0.0,45.0,JUNCTION_RIGHT,FATAL DEGRADATION,0.0,3,0
1771933900.279,15.3,0.0,45.0,JUNCTION_RIGHT,FATAL DEGRADATION,0.0,3,0
1771933900.353,15.2,0.0,45.0,JUNCTION_RIGHT,FATAL DEGRADATION,0.0,3,0
1771933900.418,14.7,0.0,45.0,JUNCTION_RIGHT,FATAL DEGRADATION,0.0,3,0
1771933900.483,14.9,0.0,45.0,JUNCTION_RIGHT,FATAL DEGRADATION,0.0,3,0
1771933900.551,15.0,0.0,45.0,JUNCTION_RIGHT,FATAL DEGRADATION,0.0,3,0
1771933900.621,14.9,0.0,45.0,JUNCTION_RIGHT,FATAL DEGRADATION,0.0,3,0
1771933900.685,14.7,0.0,45.0,JUNCTION_RIGHT,FATAL DEGRADATION,0.0,3,0
1771933900.751,15.0,0.0,45.0,JUNCTION_RIGHT,FATAL DEGRADATION,0.0,3,0
1771933900.813,15.0,0.0,45.0,JUNCTION_RIGHT,FATAL DEGRADATION,0.0,3,0
1771933900.872,15.4,0.0,45.0,JUNCTION_RIGHT,FATAL DEGRADATION,0.0,3,0
1771933900.935,15.8,0.0,45.0,JUNCTION_RIGHT,FATAL DEGRADATION,0.0,3,0
1771933900.995,15.9,0.0,45.0,JUNCTION_RIGHT,FATAL DEGRADATION,0.0,3,0
1771933901.056,16.2,0.0,45.0,JUNCTION_RIGHT,FATAL DEGRADATION,0.0,3,0
1771933901.143,16.3,0.0,45.0,JUNCTION_RIGHT,FATAL DEGRADATION,0.0,3,0
1771933901.208,14.8,0.0,45.0,JUNCTION_RIGHT,FATAL DEGRADATION,0.0,3,0
1771933901.281,14.9,0.0,45.0,JUNCTION_RIGHT,FATAL DEGRADATION,0.0,3,0
1771933901.341,14.6,0.0,45.0,JUNCTION_RIGHT,FATAL DEGRADATION,0.0,3,0
1771933901.401,15.1,0.0,45.0,JUNCTION_RIGHT,FATAL DEGRADATION,0.0,3,0
1771933901.454,15.7,0.0,45.0,JUNCTION_RIGHT,FATAL DEGRADATION,0.0,3,0
1771933901.512,16.5,0.0,45.0,JUNCTION_RIGHT,FATAL DEGRADATION,0.0,3,0
1771933901.58,16.9,0.0,45.0,JUNCTION_RIGHT,FATAL DEGRADATION,0.0,3,0
1771933901.635,16.2,0.0,45.0,JUNCTION_RIGHT,FATAL DEGRADATION,0.0,3,0
1771933901.701,16.8,0.0,45.0,JUNCTION_RIGHT,FATAL DEGRADATION,0.0,3,0
1771933901.767,16.2,0.0,45.0,JUNCTION_RIGHT,FATAL DEGRADATION,0.0,3,0
1771933901.839,16.0,0.0,45.0,JUNCTION_RIGHT,FATAL DEGRADATION,0.0,3,0
1771933901.938,15.3,0.0,45.0,JUNCTION_RIGHT,FATAL DEGRADATION,0.0,3,0
1771933902.0,13.7,0.0,45.0,JUNCTION_RIGHT,FATAL DEGRADATION,0.0,3,0
1771933902.074,14.5,0.0,45.0,JUNCTION_RIGHT,FATAL DEGRADATION,0.0,3,0
1771933902.133,14.2,0.0,45.0,JUNCTION_RIGHT,FATAL DEGRADATION,0.0,3,0
1771933902.201,15.0,0.0,45.0,JUNCTION_RIGHT,FATAL DEGRADATION,0.0,3,0
1771933902.272,14.9,0.0,45.0,JUNCTION_RIGHT,FATAL DEGRADATION,0.0,3,0
1771933902.334,14.7,0.0,45.0,JUNCTION_RIGHT,FATAL DEGRADATION,0.0,3,0
1771933902.406,15.1,0.0,45.0,JUNCTION_RIGHT,FATAL DEGRADATION,0.0,3,0
1771933902.469,14.8,0.0,45.0,JUNCTION_RIGHT,FATAL DEGRADATION,0.0,3,0
1771933902.529,15.0,0.0,45.0,JUNCTION_RIGHT,FATAL DEGRADATION,0.0,3,0
1771933902.587,15.5,0.0,45.0,JUNCTION_RIGHT,FATAL DEGRADATION,0.0,3,0
1771933902.652,16.1,0.0,45.0,JUNCTION_RIGHT,FATAL DEGRADATION,0.0,3,0
1771933902.713,15.8,0.0,45.0,JUNCTION_RIGHT,FATAL DEGRADATION,0.0,3,0
1771933902.78,16.0,0.0,45.0,JUNCTION_RIGHT,FATAL DEGRADATION,0.0,3,0
1771933902.834,15.7,0.0,45.0,JUNCTION_RIGHT,FATAL DEGRADATION,0.0,3,0
1771933902.901,16.5,0.0,45.0,JUNCTION_RIGHT,FATAL DEGRADATION,0.0,3,0
1771933902.964,16.1,0.0,45.0,JUNCTION_RIGHT,FATAL DEGRADATION,0.0,3,0
1771933903.021,16.1,0.0,45.0,JUNCTION_RIGHT,FATAL DEGRADATION,0.0,3,0
1771933903.074,16.5,0.0,45.0,JUNCTION_RIGHT,FATAL DEGRADATION,0.0,3,0
1771933903.138,17.1,0.0,45.0,JUNCTION_RIGHT,FATAL DEGRADATION,0.0,3,0
1771933903.191,16.7,0.0,45.0,JUNCTION_RIGHT,FATAL DEGRADATION,0.0,3,0
1771933903.253,17.4,0.0,45.0,JUNCTION_RIGHT,FATAL DEGRADATION,0.0,3,0
1771933903.325,17.0,0.0,45.0,JUNCTION_RIGHT,FATAL DEGRADATION,0.0,3,0
1771933903.393,16.1,0.0,45.0,JUNCTION_RIGHT,FATAL DEGRADATION,0.0,3,0
1771933903.477,15.6,0.0,45.0,JUNCTION_RIGHT,FATAL DEGRADATION,0.0,3,0
1771933903.565,14.6,0.0,45.0,JUNCTION_RIGHT,FATAL DEGRADATION,0.0,3,0
1771933903.641,13.5,0.0,45.0,JUNCTION_RIGHT,FATAL DEGRADATION,0.0,3,0
1771933903.707,13.5,0.0,45.0,JUNCTION_RIGHT,FATAL DEGRADATION,0.0,3,0
1771933903.777,14.0,0.0,45.0,JUNCTION_RIGHT,FATAL DEGRADATION,0.0,3,0
1771933903.835,14.1,0.0,45.0,JUNCTION_RIGHT,FATAL DEGRADATION,0.0,3,0
1771933903.9,15.0,0.0,45.0,JUNCTION_RIGHT,FATAL DEGRADATION,0.0,3,0
1771933903.969,15.2,0.0,45.0,JUNCTION_RIGHT,FATAL DEGRADATION,0.0,3,0
1771933904.031,14.9,0.0,45.0,JUNCTION_RIGHT,FATAL DEGRADATION,0.0,3,0
1771933904.093,15.3,0.0,45.0,JUNCTION_RIGHT,FATAL DEGRADATION,0.0,3,0
1771933904.17,15.6,0.0,45.0,JUNCTION_RIGHT,FATAL DEGRADATION,0.0,3,0
1771933904.227,14.8,0.0,45.0,JUNCTION_RIGHT,FATAL DEGRADATION,0.0,3,0
1771933904.284,15.6,0.0,45.0,JUNCTION_RIGHT,FATAL DEGRADATION,0.0,3,0
1771933904.344,16.1,0.0,45.0,JUNCTION_RIGHT,FATAL DEGRADATION,0.0,3,0
1771933904.407,16.3,0.0,45.0,JUNCTION_RIGHT,FATAL DEGRADATION,0.0,3,0
1771933904.464,16.2,0.0,45.0,JUNCTION_RIGHT,FATAL DEGRADATION,0.0,3,0
1771933904.528,16.5,0.0,45.0,JUNCTION_RIGHT,FATAL DEGRADATION,0.0,3,0
1771933904.59,16.4,0.0,45.0,JUNCTION_RIGHT,FATAL DEGRADATION,0.0,3,0
1771933904.65,16.3,0.0,45.0,JUNCTION_RIGHT,FATAL DEGRADATION,0.0,3,0
1771933904.707,16.4,0.0,45.0,JUNCTION_RIGHT,FATAL DEGRADATION,0.0,3,0
1771933904.775,16.7,0.0,45.0,JUNCTION_RIGHT,FATAL DEGRADATION,0.0,3,0
1771933904.829,16.1,0.0,45.0,JUNCTION_RIGHT,FATAL DEGRADATION,0.0,3,0
1771933904.882,16.9,0.0,45.0,JUNCTION_RIGHT,FATAL DEGRADATION,0.0,3,0
1771933904.938,17.4,0.0,45.0,JUNCTION_RIGHT,FATAL DEGRADATION,0.0,3,0
1771933904.993,17.7,0.0,45.0,JUNCTION_RIGHT,FATAL DEGRADATION,0.0,3,0
1771933905.05,17.7,0.0,45.0,JUNCTION_RIGHT,FATAL DEGRADATION,0.0,3,0
1771933905.105,17.8,0.0,45.0,JUNCTION_RIGHT,FATAL DEGRADATION,0.0,3,0
1771933905.16,17.9,0.0,45.0,JUNCTION_RIGHT,FATAL DEGRADATION,0.0,3,0
1771933905.214,17.9,0.0,45.0,JUNCTION_RIGHT,FATAL DEGRADATION,0.0,3,0
1771933905.275,18.0,0.0,45.0,JUNCTION_RIGHT,FATAL DEGRADATION,0.0,3,0
1771933905.334,17.5,0.0,45.0,JUNCTION_RIGHT,FATAL DEGRADATION,0.0,3,0
1771933905.387,17.4,0.0,45.0,JUNCTION_RIGHT,FATAL DEGRADATION,0.0,3,0
1771933905.44,17.8,0.0,45.0,JUNCTION_RIGHT,FATAL DEGRADATION,0.0,3,0
1771933905.497,18.2,0.0,45.0,JUNCTION_RIGHT,FATAL DEGRADATION,0.0,3,0
1771933905.553,18.0,0.0,45.0,JUNCTION_RIGHT,FATAL DEGRADATION,0.0,3,0
1771933905.61,18.0,0.0,45.0,JUNCTION_RIGHT,FATAL DEGRADATION,0.0,3,0
1771933905.661,17.8,0.0,45.0,JUNCTION_RIGHT,FATAL DEGRADATION,0.0,3,0
1771933905.714,18.3,0.0,45.0,JUNCTION_RIGHT,FATAL DEGRADATION,0.0,3,0
1771933905.77,18.5,0.0,45.0,JUNCTION_RIGHT,FATAL DEGRADATION,0.0,3,0
1771933905.83,18.4,0.0,45.0,JUNCTION_RIGHT,FATAL DEGRADATION,0.0,3,0
1771933905.882,17.9,0.0,45.0,JUNCTION_RIGHT,FATAL DEGRADATION,0.0,3,0
1771933905.932,18.3,0.0,45.0,JUNCTION_RIGHT,FATAL DEGRADATION,0.0,3,0
1771933905.98,18.6,0.0,45.0,JUNCTION_RIGHT,FATAL DEGRADATION,0.0,3,0
1771933906.031,19.4,0.0,45.0,JUNCTION_RIGHT,FATAL DEGRADATION,0.0,3,0
1771933906.08,19.5,0.0,45.0,JUNCTION_RIGHT,FATAL DEGRADATION,0.0,3,0
1771933906.135,19.8,0.0,45.0,JUNCTION_RIGHT,FATAL DEGRADATION,0.0,3,0
1771933906.182,19.3,0.0,45.0,JUNCTION_RIGHT,FATAL DEGRADATION,0.0,3,0
1771933906.23,19.9,0.0,45.0,JUNCTION_RIGHT,FATAL DEGRADATION,0.0,3,0
1771933906.276,20.1,0.0,45.0,JUNCTION_RIGHT,FATAL DEGRADATION,0.0,3,0
1771933906.326,20.8,0.0,45.0,JUNCTION_RIGHT,FATAL DEGRADATION,0.0,3,0
1771933906.375,20.5,0.0,45.0,JUNCTION_RIGHT,FATAL DEGRADATION,0.0,3,0
1771933906.424,20.5,0.0,45.0,JUNCTION_RIGHT,FATAL DEGRADATION,0.0,3,0
1771933906.468,20.5,0.0,45.0,JUNCTION_RIGHT,FATAL DEGRADATION,0.0,3,0
1771933906.515,20.9,0.0,45.0,JUNCTION_RIGHT,FATAL DEGRADATION,0.0,3,0
1771933906.564,21.1,0.0,45.0,JUNCTION_RIGHT,FATAL DEGRADATION,0.0,3,0
1771933906.61,20.9,0.0,45.0,JUNCTION_RIGHT,FATAL DEGRADATION,0.0,3,0
1771933906.658,21.2,0.0,45.0,JUNCTION_RIGHT,FATAL DEGRADATION,0.0,3,0
1771933906.722,21.2,0.0,45.0,JUNCTION_RIGHT,FATAL DEGRADATION,0.0,3,0
1771933906.778,19.5,0.0,45.0,JUNCTION_RIGHT,FATAL DEGRADATION,0.0,3,0
1771933906.832,19.0,0.0,45.0,JUNCTION_RIGHT,FATAL DEGRADATION,0.0,3,0
1771933906.885,18.7,0.0,45.0,JUNCTION_RIGHT,FATAL DEGRADATION,0.0,3,0
1771933906.941,18.8,0.0,45.0,JUNCTION_RIGHT,FATAL DEGRADATION,0.0,3,0
1771933906.997,18.6,0.0,45.0,JUNCTION_RIGHT,FATAL DEGRADATION,0.0,3,0
1771933907.056,18.4,0.0,45.0,JUNCTION_RIGHT,FATAL DEGRADATION,0.0,3,0
1771933907.115,18.0,0.0,45.0,JUNCTION_RIGHT,FATAL DEGRADATION,0.0,3,0
1771933907.175,17.6,0.0,45.0,JUNCTION_RIGHT,FATAL DEGRADATION,0.0,3,0
1771933907.24,17.3,0.0,45.0,JUNCTION_RIGHT,FATAL DEGRADATION,0.0,3,0
1771933907.3,16.7,0.0,45.0,JUNCTION_RIGHT,FATAL DEGRADATION,0.0,3,0
1771933907.354,16.7,0.0,45.0,JUNCTION_RIGHT,FATAL DEGRADATION,0.0,3,0
1771933907.407,17.3,0.0,45.0,JUNCTION_RIGHT,FATAL DEGRADATION,0.0,3,0
1771933907.455,17.8,0.0,45.0,JUNCTION_RIGHT,FATAL DEGRADATION,0.0,3,0
1771933907.504,18.6,0.0,45.0,JUNCTION_RIGHT,FATAL DEGRADATION,0.0,3,0
1771933907.551,19.3,0.0,45.0,JUNCTION_RIGHT,FATAL DEGRADATION,0.0,3,0
1771933907.599,19.7,0.0,45.0,JUNCTION_RIGHT,FATAL DEGRADATION,0.0,3,0
1771933907.652,20.2,0.0,45.0,JUNCTION_RIGHT,FATAL DEGRADATION,0.0,3,0
1771933907.71,19.8,0.0,45.0,JUNCTION_RIGHT,FATAL DEGRADATION,0.0,3,0
1771933907.773,18.9,0.0,45.0,JUNCTION_RIGHT,FATAL DEGRADATION,0.0,3,0
1771933907.837,18.1,0.0,45.0,JUNCTION_RIGHT,FATAL DEGRADATION,0.0,3,0
1771933907.901,17.3,0.0,45.0,JUNCTION_RIGHT,FATAL DEGRADATION,0.0,3,0
1771933907.965,16.8,0.0,45.0,JUNCTION_RIGHT,FATAL DEGRADATION,0.0,3,0
1771933908.023,16.5,0.0,45.0,JUNCTION_RIGHT,FATAL DEGRADATION,0.0,3,0
1771933908.08,16.6,0.0,45.0,JUNCTION_RIGHT,FATAL DEGRADATION,0.0,3,0
1771933908.132,17.0,0.0,45.0,JUNCTION_RIGHT,FATAL DEGRADATION,0.0,3,0
1771933908.183,17.7,0.0,45.0,JUNCTION_RIGHT,FATAL DEGRADATION,0.0,3,0
1771933908.233,18.1,0.0,45.0,JUNCTION_RIGHT,FATAL DEGRADATION,0.0,3,0
1771933908.29,18.7,0.0,45.0,JUNCTION_RIGHT,FATAL DEGRADATION,0.0,3,0
