timestamp,fps,speed,steering,nav_state,traffic_state,curvature,degradation_level,estop
1771929917.338,0.0,0.0,0.0,NORMAL,FATAL DEGRADATION,0.0,3,0
1771929917.423,0.1,0.0,0.0,NORMAL,FATAL DEGRADATION,0.0,3,0
1771929917.494,3.6,0.0,0.0,NORMAL,FATAL DEGRADATION,0.0,3,0
1771929917.526,6.7,0.0,0.0,NORMAL,FATAL DEGRADATION,0.0,3,0
1771929917.602,14.2,0.0,0.0,JUNCTION_PROMPT,FATAL DEGRADATION,0.0,3,0
1771929917.677,13.9,0.0,0.0,JUNCTION_RIGHT,FATAL DEGRADATION,0.0,3,0
1771929917.748,13.6,0.0,0.0,JUNCTION_RIGHT,FATAL DEGRADATION,0.0,3,0
1771929917.813,13.8,0.0,0.0,JUNCTION_RIGHT,FATAL DEGRADATION,0.0,3,0
1771929917.885,14.0,0.0,0.0,JUNCTION_RIGHT,FATAL DEGRADATION,0.0,3,0
1771929917.953,14.2,0.0,0.0,JUNCTION_RIGHT,FATAL DEGRADATION,0.0,3,0
1771929918.022,14.4,0.0,0.0,JUNCTION_RIGHT,FATAL DEGRADATION,0.0,3,0
1771929918.092,14.4,0.0,0.0,JUNCTION_RIGHT,FATAL DEGRADATION,0.0,3,0
1771929918.16,14.4,0.0,0.0,JUNCTION_RIGHT,FATAL DEGRADATION,0.0,3,0
1771929918.232,14.5,0.0,0.0,JUNCTION_RIGHT,FATAL DEGRADATION,0.0,3,0
1771929918.3,14.2,0.0,0.0,JUNCTION_RIGHT,FATAL DEGRADATION,0.0,3,0
1771929918.416,14.4,0.0,0.0,JUNCTION_RIGHT,FATAL DEGRADATION,0.0,3,0
1771929918.544,12.6,0.0,0.0,JUNCTION_RIGHT,FATAL DEGRADATION,0.0,3,0
1771929918.625,11.2,0.0,0.0,JUNCTION_RIGHT,FATAL DEGRADATION,0.0,3,0
1771929918.773,11.5,0.0,0.0,JUNCTION_RIGHT,FATAL DEGRADATION,0.0,3,0
1771929918.832,10.1,0.0,0.0,JUNCTION_RIGHT,FATAL DEGRADATION,0.0,3,0
1771929918.967,12.2,0.0,0.0,JUNCTION_RIGHT,FATAL DEGRADATION,0.0,3,0
1771929919.035,10.8,0.0,0.0,JUNCTION_RIGHT,FATAL DEGRADATION,0.0,3,0
1771929919.15,12.0,0.0,0.0,JUNCTION_RIGHT,FATAL DEGRADATION,0.0,3,0
1771929919.307,11.0,0.0,0.0,JUNCTION_RIGHT,FATAL DEGRADATION,0.0,3,0
1771929919.519,9.6,0.0,0.0,JUNCTION_RIGHT,FATAL DEGRADATION,0.0,3,0
1771929919.595,8.1,0.0,0.0,JUNCTION_RIGHT,FATAL DEGRADATION,0.0,3,0
1771929919.774,9.3,0.0,0.0,JUNCTION_RIGHT,FATAL DEGRADATION,0.0,3,0
1771929919.863,8.3,0.0,0.0,JUNCTION_RIGHT,FATAL DEGRADATION,0.0,3,0
1771929920.033,9.1,0.0,0.0,JUNCTION_RIGHT,FATAL DEGRADATION,0.0,3,0
1771929920.106,8.1,0.0,0.0,JUNCTION_RIGHT,FATAL DEGRADATION,0.0,3,0
1771929920.24,9.9,0.0,0.0,JUNCTION_RIGHT,FATAL DEGRADATION,0.0,3,0
1771929920.316,9.1,0.0,0.0,JUNCTION_RIGHT,FATAL DEGRADATION,0.0,3,0
1771929920.517,10.3,0.0,0.0,JUNCTION_RIGHT,FATAL DEGRADATION,0.0,3,0
1771929920.593,8.7,0.0,0.0,JUNCTION_RIGHT,FATAL DEGRADATION,0.0,3,0
1771929920.727,10.0,0.0,0.0,JUNCTION_RIGHT,FATAL DEGRADATION,0.0,3,0
1771929920.801,9.3,0.0,0.0,JUNCTION_RIGHT,FATAL DEGRADATION,0.0,3,0
1771929920.944,10.5,0.0,45.0,JUNCTION_RIGHT,FATAL DEGRADATION,0.0,3,0
1771929921.038,9.3,0.0,45.0,JUNCTION_RIGHT,FATAL DEGRADATION,0.0,3,0
1771929921.166,10.3,0.0,45.0,JUNCTION_RIGHT,FATAL DEGRADATION,0.0,3,0
1771929921.237,9.6,0.0,45.0,JUNCTION_RIGHT,FATAL DEGRADATION,0.0,3,0
1771929921.36,10.9,0.0,45.0,JUNCTION_RIGHT,FATAL DEGRADATION,0.0,3,0
1771929921.443,10.1,0.0,45.0,JUNCTION_RIGHT,FATAL DEGRADATION,0.0,3,0
1771929921.588,10.6,0.0,45.0,JUNCTION_RIGHT,FATAL DEGRADATION,0.0,3,0
1771929921.665,9.5,0.0,45.0,JUNCTION_RIGHT,FATAL DEGRADATION,0.0,3,0
1771929921.796,10.6,0.0,45.0,JUNCTION_RIGHT,FATAL DEGRADATION,0.0,3,0
1771929921.872,9.7,0.0,45.0,JUNCTION_RIGHT,FATAL DEGRADATION,0.0,3,0
1771929922.009,10.7,0.0,45.0,JUNCTION_RIGHT,FATAL DEGRADATION,0.0,3,0
1771929922.09,9.7,0.0,45.0,JUNCTION_RIGHT,FATAL DEGRADATION,0.0,3,0
1771929922.214,10.5,0.0,45.0,JUNCTION_RIGHT,FATAL DEGRADATION,0.0,3,0
1771929922.282,9.8,0.0,45.0,JUNCTION_RIGHT,FATAL DEGRADATION,0.0,3,0
1771929922.41,11.2,0.0,45.0,JUNCTION_RIGHT,FATAL DEGRADATION,0.0,3,0
1771929922.501,10.2,0.0,45.0,JUNCTION_RIGHT,FATAL DEGRADATION,0.0,3,0
1771929922.634,10.4,0.0,45.0,JUNCTION_RIGHT,FATAL DEGRADATION,0.0,3,0
1771929922.723,9.5,0.0,45.0,JUNCTION_RIGHT,FATAL DEGRADATION,0.0,3,0
1771929922.845,10.1,0.0,45.0,JUNCTION_RIGHT,FATAL DEGRADATION,0.0,3,0
1771929922.965,9.5,0.0,45.0,JUNCTION_RIGHT,FATAL DEGRADATION,0.0,3,0
1771929923.107,9.2,0.0,45.0,JUNCTION_RIGHT,FATAL DEGRADATION,0.0,3,0
1771929923.21,8.5,0.0,45.0,JUNCTION_RIGHT,FATAL DEGRADATION,0.0,3,0
1771929923.316,8.9,0.0,45.0,JUNCTION_RIGHT,FATAL DEGRADATION,0.0,3,0
1771929923.407,9.0,0.0,45.0,JUNCTION_RIGHT,FATAL DEGRADATION,0.0,3,0
1771929923.557,9.6,0.0,45.0,JUNCTION_RIGHT,FATAL DEGRADATION,0.0,3,0
1771929923.639,8.8,0.0,45.0,JUNCTION_RIGHT,FATAL DEGRADATION,0.0,3,0
1771929923.78,9.7,0.0,45.0,JUNCTION_RIGHT,FATAL DEGRADATION,0.0,3,0
1771929923.858,8.9,0.0,45.0,JUNCTION_RIGHT,FATAL DEGRADATION,0.0,3,0
1771929923.995,10.1,0.0,45.0,JUNCTION_RIGHT,FATAL DEGRADATION,0.0,3,0
1771929924.081,9.2,0.0,45.0,JUNCTION_RIGHT,FATAL DEGRADATION,0.0,3,0
1771929924.211,9.9,0.0,45.0,JUNCTION_RIGHT,FATAL DEGRADATION,0.0,3,0
1771929924.294,9.3,0.0,45.0,JUNCTION_RIGHT,FATAL DEGRADATION,0.0,3,0
1771929924.443,10.2,0.0,45.0,JUNCTION_RIGHT,FATAL DEGRADATION,0.0,3,0
1771929924.542,9.1,0.0,45.0,JUNCTION_RIGHT,FATAL DEGRADATION,0.0,3,0
1771929924.677,9.3,0.0,45.0,JUNCTION_RIGHT,FATAL DEGRADATION,0.0,3,0
1771929924.77,8.8,0.0,45.0,JUNCTION_RIGHT,FATAL DEGRADATION,0.0,3,0
1771929924.92,9.4,0.0,45.0,JUNCTION_RIGHT,FATAL DEGRADATION,0.0,3,0
1771929925.004,8.6,0.0,45.0,JUNCTION_RIGHT,FATAL DEGRADATION,0.0,3,0
1771929925.122,9.6,0.0,45.0,JUNCTION_RIGHT,FATAL DEGRADATION,0.0,3,0
1771929925.19,9.3,0.0,45.0,JUNCTION_RIGHT,FATAL DEGRADATION,0.0,3,0
1771929925.309,10.9,0.0,45.0,JUNCTION_RIGHT,FATAL DEGRADATION,0.0,3,0
1771929925.39,10.2,0.0,45.0,JUNCTION_RIGHT,FATAL DEGRADATION,0.0,3,0
1771929925.529,10.8,0.0,45.0,JUNCTION_RIGHT,FATAL DEGRADATION,0.0,3,0
1771929925.602,9.7,0.0,45.0,JUNCTION_RIGHT,FATAL DEGRADATION,0.0,3,0
1771929925.722,10.9,0.0,45.0,JUNCTION_RIGHT,FATAL DEGRADATION,0.0,3,0
1771929925.792,10.1,0.0,45.0,JUNCTION_RIGHT,FATAL DEGRADATION,0.0,3,0
1771929925.989,10.4,0.0,45.0,JUNCTION_RIGHT,FATAL DEGRADATION,0.0,3,0
1771929926.064,9.0,0.0,45.0,JUNCTION_RIGHT,FATAL DEGRADATION,0.0,3,0
1771929926.187,10.2,0.0,45.0,JUNCTION_RIGHT,FATAL DEGRADATION,0.0,3,0
1771929926.258,9.6,0.0,45.0,JUNCTION_RIGHT,FATAL DEGRADATION,0.0,3,0
1771929926.38,10.9,0.0,45.0,JUNCTION_RIGHT,FATAL DEGRADATION,0.0,3,0
1771929926.467,10.1,0.0,45.0,JUNCTION_RIGHT,FATAL DEGRADATION,0.0,3,0
1771929926.602,10.5,0.0,45.0,JUNCTION_RIGHT,FATAL DEGRADATION,0.0,3,0
1771929926.684,9.6,0.0,45.0,JUNCTION_RIGHT,FATAL DEGRADATION,0.0,3,0
1771929926.816,10.4,0.0,45.0,JUNCTION_RIGHT,FATAL DEGRADATION,0.0,3,0
1771929926.894,9.5,0.0,45.0,JUNCTION_RIGHT,FATAL DEGRADATION,0.0,3,0
1771929927.053,10.5,0.0,45.0,JUNCTION_RIGHT,FATAL DEGRADATION,0.0,3,0
1771929927.142,9.3,0.0,45.0,JUNCTION_RIGHT,FATAL DEGRADATION,0.0,3,0
1771929927.272,9.9,0.0,45.0,JUNCTION_RIGHT,FATAL DEGRADATION,0.0,3,0
1771929927.354,9.2,0.0,45.0,JUNCTION_RIGHT,FATAL DEGRADATION,0.0,3,0
1771929927.498,10.1,0.0,45.0,JUNCTION_RIGHT,FATAL DEGRADATION,0.0,3,0
1771929927.566,9.1,0.0,45.0,JUNCTION_RIGHT,FATAL DEGRADATION,0.0,3,0
1771929927.701,10.9,0.0,45.0,JUNCTION_RIGHT,FATAL DEGRADATION,0.0,3,0
1771929927.771,9.8,0.0,45.0,JUNCTION_RIGHT,FATAL DEGRADATION,0.0,3,0
1771929927.901,11.2,0.0,45.0,JUNCTION_RIGHT,FATAL DEGRADATION,0.0,3,0
1771929927.989,10.1,0.0,45.0,JUNCTION_RIGHT,FATAL DEGRADATION,0.0,3,0
1771929928.164,10.4,0.0,45.0,JUNCTION_RIGHT,FATAL DEGRADATION,0.0,3,0
1771929928.294,9.0,0.0,45.0,JUNCTION_RIGHT,FATAL DEGRADATION,0.0,3,0
1771929928.531,8.6,0.0,45.0,JUNCTION_RIGHT,FATAL DEGRADATION,0.0,3,0
1771929928.722,7.2,0.0,45.0,JUNCTION_RIGHT,FATAL DEGRADATION,0.0,3,0
1771929928.951,6.7,0.0,45.0,JUNCTION_RIGHT,FATAL DEGRADATION,0.0,3,0
1771929929.073,6.0,0.0,45.0,JUNCTION_RIGHT,FATAL DEGRADATION,0.0,3,0
1771929929.315,6.7,0.0,45.0,JUNCTION_RIGHT,FATAL DEGRADATION,0.0,3,0
1771929929.407,5.9,0.0,45.0,JUNCTION_RIGHT,FATAL DEGRADATION,0.0,3,0
1771929929.578,7.4,0.0,45.0,JUNCTION_RIGHT,FATAL DEGRADATION,0.0,3,0
1771929929.655,6.9,0.0,45.0,JUNCTION_RIGHT,FATAL DEGRADATION,0.0,3,0
1771929929.803,8.7,0.0,45.0,JUNCTION_RIGHT,FATAL DEGRADATION,0.0,3,0
1771929929.913,8.1,0.0,45.0,JUNCTION_RIGHT,FATAL DEGRADATION,0.0,3,0
1771929930.326,8.4,0.0,45.0,JUNCTION_RIGHT,FATAL DEGRADATION,0.0,3,0
1771929930.529,6.6,0.0,45.0,JUNCTION_RIGHT,FATAL DEGRADATION,0.0,3,0
1771929930.775,6.1,0.0,45.0,JUNCTION_RIGHT,FATAL DEGRADATION,0.0,3,0
1771929930.861,5.5,0.0,45.0,JUNCTION_RIGHT,FATAL DEGRADATION,0.0,3,0
1771929931.113,7.4,0.0,45.0,JUNCTION_RIGHT,FATAL DEGRADATION,0.0,3,0
1771929931.252,6.3,0.0,45.0,JUNCTION_RIGHT,FATAL DEGRADATION,0.0,3,0
1771929931.692,6.6,0.0,45.0,JUNCTION_RIGHT,FATAL DEGRADATION,0.0,3,0
1771929931.96,5.3,0.0,45.0,JUNCTION_RIGHT,FATAL DEGRADATION,0.0,3,0
1771929932.276,4.8,0.0,45.0,JUNCTION_RIGHT,FATAL DEGRADATION,0.0,3,0
1771929932.358,4.3,0.0,45.0,JUNCTION_RIGHT,FATAL DEGRADATION,0.0,3,0
1771929932.507,6.6,0.0,45.0,JUNCTION_RIGHT,FATAL DEGRADATION,0.0,3,0
1771929932.586,6.7,0.0,45.0,JUNCTION_RIGHT,FATAL DEGRADATION,0.0,3,0
1771929932.724,8.4,0.0,45.0,JUNCTION_RIGHT,FATAL DEGRADATION,0.0,3,0
1771929932.809,8.0,0.0,45.0,JUNCTION_RIGHT,FATAL DEGRADATION,0.0,3,0
1771929932.937,9.2,0.0,45.0,JUNCTION_RIGHT,FATAL DEGRADATION,0.0,3,0
1771929933.016,8.8,0.0,45.0,JUNCTION_RIGHT,FATAL DEGRADATION,0.0,3,0
1771929933.149,10.0,0.0,45.0,JUNCTION_RIGHT,FATAL DEGRADATION,0.0,3,0
1771929933.231,9.2,0.0,45.0,JUNCTION_RIGHT,FATAL DEGRADATION,0.0,3,0
1771929933.359,10.1,0.0,45.0,JUNCTION_RIGHT,FATAL DEGRADATION,0.0,3,0
1771929933.45,9.4,0.0,45.0,JUNCTION_RIGHT,FATAL DEGRADATION,0.0,3,0
1771929933.588,9.8,0.0,45.0,JUNCTION_RIGHT,FATAL DEGRADATION,0.0,3,0
1771929933.669,9.0,0.0,45.0,JUNCTION_RIGHT,FATAL DEGRADATION,0.0,3,0
1771929933.84,10.2,0.0,45.0,JUNCTION_RIGHT,FATAL DEGRADATION,0.0,3,0
1771929933.937,8.9,0.0,45.0,JUNCTION_RIGHT,FATAL DEGRADATION,0.0,3,0
1771929934.092,9.2,0.0,45.0,JUNCTION_RIGHT,FATAL DEGRADATION,0.0,3,0
1771929934.172,8.4,0.0,45.0,JUNCTION_RIGHT,FATAL DEGRADATION,0.0,3,0
1771929934.344,9.6,0.0,45.0,JUNCTION_RIGHT,FATAL DEGRADATION,0.0,3,0
1771929934.445,8.5,0.0,45.0,JUNCTION_RIGHT,FATAL DEGRADATION,0.0,3,0
1771929934.58,8.7,0.0,45.0,JUNCTION_RIGHT,FATAL DEGRADATION,0.0,3,0
1771929934.656,8.4,0.0,45.0,JUNCTION_RIGHT,FATAL DEGRADATION,0.0,3,0
1771929934.81,9.9,0.0,45.0,JUNCTION_RIGHT,FATAL DEGRADATION,0.0,3,0
1771929934.896,8.9,0.0,45.0,JUNCTION_RIGHT,FATAL DEGRADATION,0.0,3,0
1771929935.037,9.6,0.0,45.0,JUNCTION_RIGHT,FATAL DEGRADATION,0.0,3,0
1771929935.123,8.9,0.0,45.0,JUNCTION_RIGHT,FATAL DEGRADATION,0.0,3,0
1771929935.261,9.8,0.0,45.0,JUNCTION_RIGHT,FATAL DEGRADATION,0.0,3,0
1771929935.322,9.0,0.0,45.0,JUNCTION_RIGHT,FATAL DEGRADATION,0.0,3,0
1771929935.5,11.4,0.0,45.0,JUNCTION_RIGHT,FATAL DEGRADATION,0.0,3,0
1771929935.581,9.7,0.0,45.0,JUNCTION_RIGHT,FATAL DEGRADATION,0.0,3,0
1771929935.716,10.5,0.0,45.0,JUNCTION_RIGHT,FATAL DEGRADATION,0.0,3,0
1771929935.789,9.6,0.0,45.0,JUNCTION_RIGHT,FATAL DEGRADATION,0.0,3,0
1771929935.976,10.8,0.0,45.0,JUNCTION_RIGHT,FATAL DEGRADATION,0.0,3,0
1771929936.06,9.1,0.0,45.0,JUNCTION_RIGHT,FATAL DEGRADATION,0.0,3,0
1771929936.214,10.1,0.0,45.0,JUNCTION_RIGHT,FATAL DEGRADATION,0.0,3,0
1771929936.288,9.0,0.0,45.0,JUNCTION_RIGHT,FATAL DEGRADATION,0.0,3,0
1771929936.451,10.3,0.0,45.0,JUNCTION_RIGHT,FATAL DEGRADATION,0.0,3,0
1771929936.55,9.0,0.0,45.0,JUNCTION_RIGHT,FATAL DEGRADATION,0.0,3,0
1771929936.679,9.4,0.0,45.0,JUNCTION_RIGHT,FATAL DEGRADATION,0.0,3,0
1771929936.766,8.9,0.0,45.0,JUNCTION_RIGHT,FATAL DEGRADATION,0.0,3,0
1771929936.901,9.7,0.0,45.0,JUNCTION_RIGHT,FATAL DEGRADATION,0.0,3,0
1771929936.98,9.0,0.0,45.0,JUNCTION_RIGHT,FATAL DEGRADATION,0.0,3,0
1771929937.126,10.1,0.0,45.0,JUNCTION_RIGHT,FATAL DEGRADATION,0.0,3,0
1771929937.208,9.1,0.0,45.0,JUNCTION_RIGHT,FATAL DEGRADATION,0.0,3,0
1771929937.342,10.0,0.0,45.0,JUNCTION_RIGHT,FATAL DEGRADATION,0.0,3,0
1771929937.423,9.3,0.0,45.0,JUNCTION_RIGHT,FATAL DEGRADATION,0.0,3,0
1771929937.724,10.2,0.0,45.0,JUNCTION_RIGHT,FATAL DEGRADATION,0.0,3,0
1771929937.825,8.1,0.0,45.0,JUNCTION_RIGHT,FATAL DEGRADATION,0.0,3,0
1771929938.001,8.7,0.0,45.0,JUNCTION_RIGHT,FATAL DEGRADATION,0.0,3,0
1771929938.115,7.8,0.0,45.0,JUNCTION_RIGHT,FATAL DEGRADATION,0.0,3,0
1771929938.267,8.1,0.0,45.0,JUNCTION_RIGHT,FATAL DEGRADATION,0.0,3,0
1771929938.349,7.6,0.0,45.0,JUNCTION_RIGHT,FATAL DEGRADATION,0.0,3,0
1771929938.534,9.0,0.0,45.0,JUNCTION_RIGHT,FATAL DEGRADATION,0.0,3,0
1771929938.666,7.9,0.0,45.0,JUNCTION_RIGHT,FATAL DEGRADATION,0.0,3,0
1771929938.836,7.8,0.0,45.0,JUNCTION_RIGHT,FATAL DEGRADATION,0.0,3,0
1771929938.919,7.2,0.0,45.0,JUNCTION_RIGHT,FATAL DEGRADATION,0.0,3,0
1771929939.077,8.8,0.0,45.0,JUNCTION_RIGHT,FATAL DEGRADATION,0.0,3,0
1771929939.155,8.0,0.0,45.0,JUNCTION_RIGHT,FATAL DEGRADATION,0.0,3,0
1771929939.294,9.5,0.0,45.0,JUNCTION_RIGHT,FATAL DEGRADATION,0.0,3,0
1771929939.377,8.8,0.0,45.0,JUNCTION_RIGHT,FATAL DEGRADATION,0.0,3,0
1771929939.527,9.7,0.0,45.0,JUNCTION_RIGHT,FATAL DEGRADATION,0.0,3,0
1771929939.619,8.8,0.0,45.0,JUNCTION_RIGHT,FATAL DEGRADATION,0.0,3,0
1771929939.798,9.5,0.0,45.0,JUNCTION_RIGHT,FATAL DEGRADATION,0.0,3,0
1771929939.927,8.3,0.0,45.0,JUNCTION_RIGHT,FATAL DEGRADATION,0.0,3,0
1771929940.095,8.2,0.0,45.0,JUNCTION_RIGHT,FATAL DEGRADATION,0.0,3,0
1771929940.175,7.5,0.0,45.0,JUNCTION_RIGHT,FATAL DEGRADATION,0.0,3,0
1771929940.391,9.0,0.0,45.0,JUNCTION_RIGHT,FATAL DEGRADATION,0.0,3,0
1771929940.574,7.7,0.0,45.0,JUNCTION_RIGHT,FATAL DEGRADATION,0.0,3,0
1771929940.785,7.0,0.0,45.0,JUNCTION_RIGHT,FATAL DEGRADATION,0.0,3,0
1771929940.879,6.3,0.0,45.0,JUNCTION_RIGHT,FATAL DEGRADATION,0.0,3,0
1771929941.084,7.7,0.0,45.0,JUNCTION_RIGHT,FATAL DEGRADATION,0.0,3,0
1771929941.167,6.8,0.0,45.0,JUNCTION_RIGHT,FATAL DEGRADATION,0.0,3,0
1771929941.358,8.4,0.0,45.0,JUNCTION_RIGHT,FATAL DEGRADATION,0.0,3,0
1771929941.443,7.4,0.0,45.0,JUNCTION_RIGHT,FATAL DEGRADATION,0.0,3,0
1771929941.624,8.7,0.0,45.0,JUNCTION_RIGHT,FATAL DEGRADATION,0.0,3,0
1771929941.705,7.8,0.0,45.0,JUNCTION_RIGHT,FATAL DEGRADATION,0.0,3,0
1771929941.834,9.2,0.0,45.0,JUNCTION_RIGHT,FATAL DEGRADATION,0.0,3,0
1771929941.916,8.7,0.0,45.0,JUNCTION_RIGHT,FATAL DEGRADATION,0.0,3,0
1771929942.053,9.6,0.0,45.0,JUNCTION_RIGHT,FATAL DEGRADATION,0.0,3,0
1771929942.141,9.0,0.0,45.0,JUNCTION_RIGHT,FATAL DEGRADATION,0.0,3,0
1771929942.271,9.7,0.0,45.0,JUNCTION_RIGHT,FATAL DEGRADATION,0.0,3,0
1771929942.351,9.1,0.0,45.0,JUNCTION_RIGHT,FATAL DEGRADATION,0.0,3,0
1771929942.504,10.1,0.0,45.0,JUNCTION_RIGHT,FATAL DEGRADATION,0.0,3,0
1771929942.595,9.0,0.0,45.0,JUNCTION_RIGHT,FATAL DEGRADATION,0.0,3,0
1771929942.741,9.6,0.0,45.0,JUNCTION_RIGHT,FATAL DEGRADATION,0.0,3,0
1771929942.826,8.8,0.0,45.0,JUNCTION_RIGHT,FATAL DEGRADATION,0.0,3,0
1771929942.974,9.7,0.0,45.0,JUNCTION_RIGHT,FATAL DEGRADATION,0.0,3,0
1771929943.061,8.8,0.0,45.0,JUNCTION_RIGHT,FATAL DEGRADATION,0.0,3,0
1771929943.231,9.6,0.0,45.0,JUNCTION_RIGHT,FATAL DEGRADATION,0.0,3,0
1771929943.319,8.5,0.0,45.0,JUNCTION_RIGHT,FATAL DEGRADATION,0.0,3,0
1771929943.486,9.3,0.0,45.0,JUNCTION_RIGHT,FATAL DEGRADATION,0.0,3,0
1771929943.593,8.3,0.0,45.0,JUNCTION_RIGHT,FATAL DEGRADATION,0.0,3,0
1771929943.756,8.7,0.0,45.0,JUNCTION_RIGHT,FATAL DEGRADATION,0.0,3,0
1771929943.85,7.9,0.0,45.0,JUNCTION_RIGHT,FATAL DEGRADATION,0.0,3,0
1771929944.016,8.8,0.0,45.0,JUNCTION_RIGHT,FATAL DEGRADATION,0.0,3,0
1771929944.101,8.0,0.0,45.0,JUNCTION_RIGHT,FATAL DEGRADATION,0.0,3,0
1771929944.25,9.1,0.0,45.0,JUNCTION_RIGHT,FATAL DEGRADATION,0.0,3,0
1771929944.336,8.4,0.0,45.0,JUNCTION_RIGHT,FATAL DEGRADATION,0.0,3,0
1771929944.499,9.4,0.0,45.0,JUNCTION_RIGHT,FATAL DEGRADATION,0.0,3,0
1771929944.588,8.4,0.0,45.0,JUNCTION_RIGHT,FATAL DEGRADATION,0.0,3,0
1771929944.742,9.3,0.0,45.0,JUNCTION_RIGHT,FATAL DEGRADATION,0.0,3,0
1771929944.835,8.4,0.0,45.0,JUNCTION_RIGHT,FATAL DEGRADATION,0.0,3,0
1771929944.999,9.2,0.0,45.0,JUNCTION_RIGHT,FATAL DEGRADATION,0.0,3,0
1771929945.116,8.3,0.0,45.0,JUNCTION_RIGHT,FATAL DEGRADATION,0.0,3,0
1771929945.259,8.3,0.0,45.0,JUNCTION_RIGHT,FATAL DEGRADATION,0.0,3,0
1771929945.355,7.9,0.0,45.0,JUNCTION_RIGHT,FATAL DEGRADATION,0.0,3,0
1771929945.531,8.7,0.0,45.0,JUNCTION_RIGHT,FATAL DEGRADATION,0.0,3,0
1771929945.622,7.8,0.0,45.0,JUNCTION_RIGHT,FATAL DEGRADATION,0.0,3,0
1771929945.764,8.7,0.0,45.0,JUNCTION_RIGHT,FATAL DEGRADATION,0.0,3,0
1771929945.864,8.2,0.0,45.0,JUNCTION_RIGHT,FATAL DEGRADATION,0.0,3,0
1771929946.031,8.7,0.0,45.0,JUNCTION_RIGHT,FATAL DEGRADATION,0.0,3,0
1771929946.115,7.9,0.0,45.0,JUNCTION_RIGHT,FATAL DEGRADATION,0.0,3,0
1771929946.252,9.1,0.0,45.0,JUNCTION_RIGHT,FATAL DEGRADATION,0.0,3,0
1771929946.343,8.5,0.0,45.0,JUNCTION_RIGHT,FATAL DEGRADATION,0.0,3,0
1771929946.52,9.3,0.0,45.0,JUNCTION_RIGHT,FATAL DEGRADATION,0.0,3,0
1771929946.623,8.2,0.0,45.0,JUNCTION_RIGHT,FATAL DEGRADATION,0.0,3,0
1771929946.76,8.7,0.0,45.0,JUNCTION_RIGHT,FATAL DEGRADATION,0.0,3,0
1771929946.84,8.3,0.0,45.0,JUNCTION_RIGHT,FATAL DEGRADATION,0.0,3,0
1771929946.991,9.5,0.0,45.0,JUNCTION_RIGHT,FATAL DEGRADATION,0.0,3,0
1771929947.081,8.6,0.0,45.0,JUNCTION_RIGHT,FATAL DEGRADATION,0.0,3,0
1771929947.218,9.4,0.0,45.0,JUNCTION_RIGHT,FATAL DEGRADATION,0.0,3,0
1771929947.303,8.7,0.0,45.0,JUNCTION_RIGHT,FATAL DEGRADATION,0.0,3,0
1771929947.45,9.7,0.0,45.0,JUNCTION_RIGHT,FATAL DEGRADATION,0.0,3,0
1771929947.54,8.8,0.0,45.0,JUNCTION_RIGHT,FATAL DEGRADATION,0.0,3,0
1771929947.703,9.4,0.0,45.0,JUNCTION_RIGHT,FATAL DEGRADATION,0.0,3,0
1771929947.794,8.4,0.0,45.0,JUNCTION_RIGHT,FATAL DEGRADATION,0.0,3,0
1771929947.944,9.2,0.0,45.0,JUNCTION_RIGHT,FATAL DEGRADATION,0.0,3,0
1771929948.044,8.4,0.0,45.0,JUNCTION_RIGHT,FATAL DEGRADATION,0.0,3,0
1771929948.227,8.9,0.0,45.0,JUNCTION_RIGHT,FATAL DEGRADATION,0.0,3,0
1771929948.315,7.9,0.0,45.0,JUNCTION_RIGHT,FATAL DEGRADATION,0.0,3,0
1771929948.475,8.9,0.0,45.0,JUNCTION_RIGHT,FATAL DEGRADATION,0.0,3,0
1771929948.565,8.1,0.0,45.0,JUNCTION_RIGHT,FATAL DEGRADATION,0.0,3,0
1771929948.764,8.9,0.0,45.0,JUNCTION_RIGHT,FATAL DEGRADATION,0.0,3,0
1771929948.847,7.8,0.0,45.0,JUNCTION_RIGHT,FATAL DEGRADATION,0.0,3,0
1771929948.998,9.0,0.0,45.0,JUNCTION_RIGHT,FATAL DEGRADATION,0.0,3,0
1771929949.079,8.3,0.0,45.0,JUNCTION_RIGHT,FATAL DEGRADATION,0.0,3,0
1771929949.22,9.5,0.0,45.0,JUNCTION_RIGHT,FATAL DEGRADATION,0.0,3,0
1771929949.305,8.8,0.0,45.0,JUNCTION_RIGHT,FATAL DEGRADATION,0.0,3,0
1771929949.451,9.7,0.0,45.0,JUNCTION_RIGHT,FATAL DEGRADATION,0.0,3,0
1771929949.535,8.8,0.0,45.0,JUNCTION_RIGHT,FATAL DEGRADATION,0.0,3,0
1771929949.676,9.8,0.0,45.0,JUNCTION_RIGHT,FATAL DEGRADATION,0.0,3,0
1771929949.759,9.0,0.0,45.0,JUNCTION_RIGHT,FATAL DEGRADATION,0.0,3,0
1771929949.91,10.0,0.0,45.0,JUNCTION_RIGHT,FATAL DEGRADATION,0.0,3,0
1771929949.997,9.0,0.0,45.0,JUNCTION_RIGHT,FATAL DEGRADATION,0.0,3,0
1771929950.135,9.7,0.0,45.0,JUNCTION_RIGHT,FATAL DEGRADATION,0.0,3,0
1771929950.221,9.0,0.0,45.0,JUNCTION_RIGHT,FATAL DEGRADATION,0.0,3,0
1771929950.366,9.7,0.0,45.0,JUNCTION_RIGHT,FATAL DEGRADATION,0.0,3,0
1771929950.579,8.9,0.0,45.0,JUNCTION_RIGHT,FATAL DEGRADATION,0.0,3,0
1771929951.019,7.6,0.0,45.0,JUNCTION_RIGHT,FATAL DEGRADATION,0.0,3,0
1771929951.214,6.0,0.0,45.0,JUNCTION_RIGHT,FATAL DEGRADATION,0.0,3,0
1771929951.352,5.8,0.0,45.0,JUNCTION_RIGHT,FATAL DEGRADATION,0.0,3,0
1771929951.444,6.2,0.0,45.0,JUNCTION_RIGHT,FATAL DEGRADATION,0.0,3,0
1771929951.594,7.6,0.0,45.0,JUNCTION_RIGHT,FATAL DEGRADATION,0.0,3,0
1771929951.679,7.3,0.0,45.0,JUNCTION_RIGHT,FATAL DEGRADATION,0.0,3,0
1771929951.818,8.6,0.0,45.0,JUNCTION_RIGHT,FATAL DEGRADATION,0.0,3,0
1771929951.9,8.2,0.0,45.0,JUNCTION_RIGHT,FATAL DEGRADATION,0.0,3,0
1771929952.045,9.4,0.0,45.0,JUNCTION_RIGHT,FATAL DEGRADATION,0.0,3,0
1771929952.134,8.7,0.0,45.0,JUNCTION_RIGHT,FATAL DEGRADATION,0.0,3,0
1771929952.269,9.4,0.0,45.0,JUNCTION_RIGHT,FATAL DEGRADATION,0.0,3,0
1771929952.355,8.8,0.0,45.0,JUNCTION_RIGHT,FATAL DEGRADATION,0.0,3,0
1771929952.493,9.6,0.0,45.0,JUNCTION_RIGHT,FATAL DEGRADATION,0.0,3,0
1771929952.589,8.9,0.0,45.0,JUNCTION_RIGHT,FATAL DEGRADATION,0.0,3,0
1771929952.733,9.4,0.0,45.0,JUNCTION_RIGHT,FATAL DEGRADATION,0.0,3,0
1771929952.822,8.7,0.0,45.0,JUNCTION_RIGHT,FATAL DEGRADATION,0.0,3,0
1771929953.009,9.4,0.0,45.0,JUNCTION_RIGHT,FATAL DEGRADATION,0.0,3,0
1771929953.11,8.2,0.0,45.0,JUNCTION_RIGHT,FATAL DEGRADATION,0.0,3,0
1771929953.31,8.6,0.0,45.0,JUNCTION_RIGHT,FATAL DEGRADATION,0.0,3,0
1771929953.399,7.6,0.0,45.0,JUNCTION_RIGHT,FATAL DEGRADATION,0.0,3,0
1771929953.56,8.6,0.0,45.0,JUNCTION_RIGHT,FATAL DEGRADATION,0.0,3,0
1771929953.657,7.9,0.0,45.0,JUNCTION_RIGHT,FATAL DEGRADATION,0.0,3,0
1771929953.794,8.6,0.0,45.0,JUNCTION_RIGHT,FATAL DEGRADATION,0.0,3,0
1771929953.873,8.2,0.0,45.0,JUNCTION_RIGHT,FATAL DEGRADATION,0.0,3,0
1771929954.01,9.5,0.0,45.0,JUNCTION_RIGHT,FATAL DEGRADATION,0.0,3,0
1771929954.087,8.8,0.0,45.0,JUNCTION_RIGHT,FATAL DEGRADATION,0.0,3,0
1771929954.215,10.2,0.0,45.0,JUNCTION_RIGHT,FATAL DEGRADATION,0.0,3,0
1771929954.3,9.4,0.0,45.0,JUNCTION_RIGHT,FATAL DEGRADATION,0.0,3,0
1771929954.449,10.2,0.0,45.0,JUNCTION_RIGHT,FATAL DEGRADATION,0.0,3,0
1771929954.536,9.1,0.0,45.0,JUNCTION_RIGHT,FATAL DEGRADATION,0.0,3,0
1771929954.682,9.8,0.0,45.0,JUNCTION_RIGHT,FATAL DEGRADATION,0.0,3,0
1771929954.765,8.9,0.0,45.0,JUNCTION_RIGHT,FATAL DEGRADATION,0.0,3,0
1771929954.913,9.9,0.0,45.0,JUNCTION_RIGHT,FATAL DEGRADATION,0.0,3,0
1771929954.994,8.9,0.0,45.0,JUNCTION_RIGHT,FATAL DEGRADATION,0.0,3,0
1771929955.129,9.9,0.0,45.0,JUNCTION_RIGHT,FATAL DEGRADATION,0.0,3,0
1771929955.214,9.2,0.0,45.0,JUNCTION_RIGHT,FATAL DEGRADATION,0.0,3,0
1771929955.348,9.9,0.0,45.0,JUNCTION_RIGHT,FATAL DEGRADATION,0.0,3,0
1771929955.449,9.2,0.0,45.0,JUNCTION_RIGHT,FATAL DEGRADATION,0.0,3,0
1771929955.579,9.4,0.0,45.0,JUNCTION_RIGHT,FATAL DEGRADATION,0.0,3,0
1771929955.664,8.9,0.0,45.0,JUNCTION_RIGHT,FATAL DEGRADATION,0.0,3,0
1771929955.815,9.8,0.0,45.0,JUNCTION_RIGHT,FATAL DEGRADATION,0.0,3,0
1771929955.927,8.9,0.0,45.0,JUNCTION_RIGHT,FATAL DEGRADATION,0.0,3,0
1771929956.114,8.9,0.0,45.0,JUNCTION_RIGHT,FATAL DEGRADATION,0.0,3,0
1771929956.203,7.8,0.0,45.0,JUNCTION_RIGHT,FATAL DEGRADATION,0.0,3,0
1771929956.336,8.8,0.0,45.0,JUNCTION_RIGHT,FATAL DEGRADATION,0.0,3,0
1771929956.446,8.4,0.0,45.0,JUNCTION_RIGHT,FATAL DEGRADATION,0.0,3,0
1771929956.61,8.5,0.0,45.0,JUNCTION_RIGHT,FATAL DEGRADATION,0.0,3,0
1771929956.7,7.8,0.0,45.0,JUNCTION_RIGHT,FATAL DEGRADATION,0.0,3,0
1771929956.845,8.8,0.0,45.0,JUNCTION_RIGHT,FATAL DEGRADATION,0.0,3,0
1771929956.935,8.2,0.0,45.0,JUNCTION_RIGHT,FATAL DEGRADATION,0.0,3,0
1771929957.091,9.2,0.0,45.0,JUNCTION_RIGHT,FATAL DEGRADATION,0.0,3,0
1771929957.183,8.3,0.0,45.0,JUNCTION_RIGHT,FATAL DEGRADATION,0.0,3,0
1771929957.322,9.1,0.0,45.0,JUNCTION_RIGHT,FATAL DEGRADATION,0.0,3,0
1771929957.409,8.5,0.0,45.0,JUNCTION_RIGHT,FATAL DEGRADATION,0.0,3,0
1771929957.545,9.4,0.0,45.0,JUNCTION_RIGHT,FATAL DEGRADATION,0.0,3,0
1771929957.636,8.8,0.0,45.0,JUNCTION_RIGHT,FATAL DEGRADATION,0.0,3,0
1771929957.906,9.5,0.0,45.0,JUNCTION_RIGHT,FATAL DEGRADATION,0.0,3,0
1771929958.023,7.7,0.0,45.0,JUNCTION_RIGHT,FATAL DEGRADATION,0.0,3,0
1771929958.231,8.0,0.0,45.0,JUNCTION_RIGHT,FATAL DEGRADATION,0.0,3,0
1771929958.326,7.0,0.0,45.0,JUNCTION_RIGHT,FATAL DEGRADATION,0.0,3,0
1771929958.489,8.0,0.0,45.0,JUNCTION_RIGHT,FATAL DEGRADATION,0.0,3,0
1771929958.576,7.4,0.0,45.0,JUNCTION_RIGHT,FATAL DEGRADATION,0.0,3,0
1771929958.727,8.8,0.0,45.0,JUNCTION_RIGHT,FATAL DEGRADATION,0.0,3,0
1771929958.826,8.1,0.0,45.0,JUNCTION_RIGHT,FATAL DEGRADATION,0.0,3,0
1771929958.969,8.8,0.0,45.0,JUNCTION_RIGHT,FATAL DEGRADATION,0.0,3,0
1771929959.062,8.2,0.0,45.0,JUNCTION_RIGHT,FATAL DEGRADATION,0.0,3,0
1771929959.197,8.9,0.0,45.0,JUNCTION_RIGHT,FATAL DEGRADATION,0.0,3,0
1771929959.288,8.5,0.0,45.0,JUNCTION_RIGHT,FATAL DEGRADATION,0.0,3,0
1771929959.452,9.3,0.0,45.0,JUNCTION_RIGHT,FATAL DEGRADATION,0.0,3,0
1771929959.538,8.4,0.0,45.0,JUNCTION_RIGHT,FATAL DEGRADATION,0.0,3,0
1771929959.68,9.3,0.0,45.0,JUNCTION_RIGHT,FATAL DEGRADATION,0.0,3,0
1771929959.781,8.6,0.0,45.0,JUNCTION_RIGHT,FATAL DEGRADATION,0.0,3,0
1771929959.941,9.0,0.0,45.0,JUNCTION_RIGHT,FATAL DEGRADATION,0.0,3,0
1771929960.03,8.2,0.0,45.0,JUNCTION_RIGHT,FATAL DEGRADATION,0.0,3,0
1771929960.174,9.2,0.0,45.0,JUNCTION_RIGHT,FATAL DEGRADATION,0.0,3,0
1771929960.273,8.5,0.0,45.0,JUNCTION_RIGHT,FATAL DEGRADATION,0.0,3,0
1771929960.447,9.0,0.0,45.0,JUNCTION_RIGHT,FATAL DEGRADATION,0.0,3,0
1771929960.535,8.0,0.0,45.0,JUNCTION_RIGHT,FATAL DEGRADATION,0.0,3,0
1771929960.689,9.0,0.0,45.0,JUNCTION_RIGHT,FATAL DEGRADATION,0.0,3,0
1771929960.78,8.3,0.0,45.0,JUNCTION_RIGHT,FATAL DEGRADATION,0.0,3,0
1771929960.922,9.0,0.0,45.0,JUNCTION_RIGHT,FATAL DEGRADATION,0.0,3,0
1771929961.026,8.4,0.0,45.0,JUNCTION_RIGHT,FATAL DEGRADATION,0.0,3,0
1771929961.171,8.8,0.0,45.0,JUNCTION_RIGHT,FATAL DEGRADATION,0.0,3,0
1771929961.268,8.2,0.0,45.0,JUNCTION_RIGHT,FATAL DEGRADATION,0.0,3,0
1771929961.421,8.9,0.0,45.0,JUNCTION_RIGHT,FATAL DEGRADATION,0.0,3,0
1771929961.529,8.2,0.0,45.0,JUNCTION_RIGHT,FATAL DEGRADATION,0.0,3,0
1771929961.664,8.6,0.0,45.0,JUNCTION_RIGHT,FATAL DEGRADATION,0.0,3,0
1771929961.751,8.2,0.0,45.0,JUNCTION_RIGHT,FATAL DEGRADATION,0.0,3,0
1771929961.893,9.2,0.0,45.0,JUNCTION_RIGHT,FATAL DEGRADATION,0.0,3,0
1771929962.008,8.6,0.0,45.0,JUNCTION_RIGHT,FATAL DEGRADATION,0.0,3,0
1771929962.148,8.6,0.0,45.0,JUNCTION_RIGHT,FATAL DEGRADATION,0.0,3,0
1771929962.237,8.2,0.0,45.0,JUNCTION_RIGHT,FATAL DEGRADATION,0.0,3,0
1771929962.377,9.1,0.0,45.0,JUNCTION_RIGHT,FATAL DEGRADATION,0.0,3,0
1771929962.466,8.5,0.0,45.0,JUNCTION_RIGHT,FATAL DEGRADATION,0.0,3,0
1771929962.68,9.4,0.0,45.0,JUNCTION_RIGHT,FATAL DEGRADATION,0.0,3,0
1771929962.775,8.0,0.0,45.0,JUNCTION_RIGHT,FATAL DEGRADATION,0.0,3,0
1771929962.935,8.5,0.0,45.0,JUNCTION_RIGHT,FATAL DEGRADATION,0.0,3,0
1771929963.046,7.9,0.0,45.0,JUNCTION_RIGHT,FATAL DEGRADATION,0.0,3,0
1771929963.222,8.2,0.0,45.0,JUNCTION_RIGHT,FATAL DEGRADATION,0.0,3,0
1771929963.313,7.5,0.0,45.0,JUNCTION_RIGHT,FATAL DEGRADATION,0.0,3,0
1771929963.467,8.6,0.0,45.0,JUNCTION_RIGHT,FATAL DEGRADATION,0.0,3,0
1771929963.559,8.0,0.0,45.0,JUNCTION_RIGHT,FATAL DEGRADATION,0.0,3,0
1771929963.751,8.8,0.0,45.0,JUNCTION_RIGHT,FATAL DEGRADATION,0.0,3,0
1771929963.827,7.8,0.0,45.0,JUNCTION_RIGHT,FATAL DEGRADATION,0.0,3,0
1771929963.986,9.3,0.0,45.0,JUNCTION_RIGHT,FATAL DEGRADATION,0.0,3,0
1771929964.084,8.4,0.0,45.0,JUNCTION_RIGHT,FATAL DEGRADATION,0.0,3,0
1771929964.286,9.0,0.0,45.0,JUNCTION_RIGHT,FATAL DEGRADATION,0.0,3,0
1771929964.371,7.8,0.0,45.0,JUNCTION_RIGHT,FATAL DEGRADATION,0.0,3,0
1771929964.535,8.9,0.0,45.0,JUNCTION_RIGHT,FATAL DEGRADATION,0.0,3,0
1771929964.618,8.1,0.0,45.0,JUNCTION_RIGHT,FATAL DEGRADATION,0.0,3,0
1771929964.798,9.2,0.0,45.0,JUNCTION_RIGHT,FATAL DEGRADATION,0.0,3,0
1771929964.88,8.1,0.0,45.0,JUNCTION_RIGHT,FATAL DEGRADATION,0.0,3,0
1771929965.022,9.3,0.0,45.0,JUNCTION_RIGHT,FATAL DEGRADATION,0.0,3,0
1771929965.112,8.7,0.0,45.0,JUNCTION_RIGHT,FATAL DEGRADATION,0.0,3,0
1771929965.267,9.4,0.0,45.0,JUNCTION_RIGHT,FATAL DEGRADATION,0.0,3,0
1771929965.361,8.5,0.0,45.0,JUNCTION_RIGHT,FATAL DEGRADATION,0.0,3,0
1771929965.52,9.0,0.0,45.0,JUNCTION_RIGHT,FATAL DEGRADATION,0.0,3,0
1771929965.61,8.2,0.0,45.0,JUNCTION_RIGHT,FATAL DEGRADATION,0.0,3,0
1771929965.75,9.1,0.0,45.0,JUNCTION_RIGHT,FATAL DEGRADATION,0.0,3,0
1771929965.842,8.5,0.0,45.0,JUNCTION_RIGHT,FATAL DEGRADATION,0.0,3,0
1771929965.986,9.3,0.0,45.0,JUNCTION_RIGHT,FATAL DEGRADATION,0.0,3,0
1771929966.068,8.6,0.0,45.0,JUNCTION_RIGHT,FATAL DEGRADATION,0.0,3,0
1771929966.218,9.7,0.0,45.0,JUNCTION_RIGHT,FATAL DEGRADATION,0.0,3,0
1771929966.313,8.8,0.0,45.0,JUNCTION_RIGHT,FATAL DEGRADATION,0.0,3,0
1771929966.468,9.3,0.0,45.0,JUNCTION_RIGHT,FATAL DEGRADATION,0.0,3,0
1771929966.551,8.4,0.0,45.0,JUNCTION_RIGHT,FATAL DEGRADATION,0.0,3,0
1771929966.708,9.6,0.0,45.0,JUNCTION_RIGHT,FATAL DEGRADATION,0.0,3,0
1771929966.798,8.6,0.0,45.0,JUNCTION_RIGHT,FATAL DEGRADATION,0.0,3,0
1771929966.953,9.3,0.0,45.0,JUNCTION_RIGHT,FATAL DEGRADATION,0.0,3,0
1771929967.077,8.4,0.0,45.0,JUNCTION_RIGHT,FATAL DEGRADATION,0.0,3,0
1771929967.218,8.4,0.0,45.0,JUNCTION_RIGHT,FATAL DEGRADATION,0.0,3,0
1771929967.31,8.0,0.0,45.0,JUNCTION_RIGHT,FATAL DEGRADATION,0.0,3,0
1771929967.48,8.9,0.0,45.0,JUNCTION_RIGHT,FATAL DEGRADATION,0.0,3,0
1771929967.577,8.0,0.0,45.0,JUNCTION_RIGHT,FATAL DEGRADATION,0.0,3,0
1771929967.731,8.6,0.0,45.0,JUNCTION_RIGHT,FATAL DEGRADATION,0.0,3,0
1771929967.818,8.0,0.0,45.0,JUNCTION_RIGHT,FATAL DEGRADATION,0.0,3,0
1771929968.008,9.0,0.0,45.0,JUNCTION_RIGHT,FATAL DEGRADATION,0.0,3,0
1771929968.095,7.9,0.0,45.0,JUNCTION_RIGHT,FATAL DEGRADATION,0.0,3,0
1771929968.236,9.1,0.0,45.0,JUNCTION_RIGHT,FATAL DEGRADATION,0.0,3,0
1771929968.341,8.5,0.0,45.0,JUNCTION_RIGHT,FATAL DEGRADATION,0.0,3,0
1771929968.483,8.8,0.0,45.0,JUNCTION_RIGHT,FATAL DEGRADATION,0.0,3,0
1771929968.569,8.3,0.0,45.0,JUNCTION_RIGHT,FATAL DEGRADATION,0.0,3,0
1771929968.719,9.2,0.0,45.0,JUNCTION_RIGHT,FATAL DEGRADATION,0.0,3,0
1771929968.802,8.5,0.0,45.0,JUNCTION_RIGHT,FATAL DEGRADATION,0.0,3,0
1771929968.959,9.4,0.0,45.0,JUNCTION_RIGHT,FATAL DEGRADATION,0.0,3,0
1771929969.046,8.5,0.0,45.0,JUNCTION_RIGHT,FATAL DEGRADATION,0.0,3,0
1771929969.199,9.4,0.0,45.0,JUNCTION_RIGHT,FATAL DEGRADATION,0.0,3,0
1771929969.285,8.6,0.0,45.0,JUNCTION_RIGHT,FATAL DEGRADATION,0.0,3,0
1771929969.438,9.5,0.0,45.0,JUNCTION_RIGHT,FATAL DEGRADATION,0.0,3,0
1771929969.534,8.6,0.0,45.0,JUNCTION_RIGHT,FATAL DEGRADATION,0.0,3,0
1771929969.674,9.1,0.0,45.0,JUNCTION_RIGHT,FATAL DEGRADATION,0.0,3,0
1771929969.771,8.6,0.0,45.0,JUNCTION_RIGHT,FATAL DEGRADATION,0.0,3,0
1771929969.903,9.1,0.0,45.0,JUNCTION_RIGHT,FATAL DEGRADATION,0.0,3,0
1771929969.991,8.7,0.0,45.0,JUNCTION_RIGHT,FATAL DEGRADATION,0.0,3,0
1771929970.114,9.4,0.0,45.0,JUNCTION_RIGHT,FATAL DEGRADATION,0.0,3,0
1771929970.181,9.0,0.0,45.0,JUNCTION_RIGHT,FATAL DEGRADATION,0.0,3,0
1771929970.327,10.7,0.0,45.0,JUNCTION_RIGHT,FATAL DEGRADATION,0.0,3,0
1771929970.414,9.6,0.0,45.0,JUNCTION_RIGHT,FATAL DEGRADATION,0.0,3,0
1771929970.554,10.2,0.0,45.0,JUNCTION_RIGHT,FATAL DEGRADATION,0.0,3,0
1771929970.659,9.2,0.0,45.0,JUNCTION_RIGHT,FATAL DEGRADATION,0.0,3,0
1771929970.794,9.4,0.0,45.0,JUNCTION_RIGHT,FATAL DEGRADATION,0.0,3,0
1771929970.882,8.7,0.0,45.0,JUNCTION_RIGHT,FATAL DEGRADATION,0.0,3,0
1771929971.054,9.6,0.0,45.0,JUNCTION_RIGHT,FATAL DEGRADATION,0.0,3,0
1771929971.13,8.5,0.0,45.0,JUNCTION_RIGHT,FATAL DEGRADATION,0.0,3,0
1771929971.254,9.9,0.0,45.0,JUNCTION_RIGHT,FATAL DEGRADATION,0.0,3,0
1771929971.34,9.4,0.0,45.0,JUNCTION_RIGHT,FATAL DEGRADATION,0.0,3,0
1771929971.497,10.1,0.0,45.0,JUNCTION_RIGHT,FATAL DEGRADATION,0.0,3,0
1771929971.573,9.0,0.0,45.0,JUNCTION_RIGHT,FATAL DEGRADATION,0.0,3,0
1771929971.688,10.2,0.0,45.0,JUNCTION_RIGHT,FATAL DEGRADATION,0.0,3,0
1771929971.756,9.8,0.0,45.0,JUNCTION_RIGHT,FATAL DEGRADATION,0.0,3,0
1771929971.895,11.3,0.0,45.0,JUNCTION_RIGHT,FATAL DEGRADATION,0.0,3,0
1771929972.203,10.0,0.0,45.0,JUNCTION_RIGHT,FATAL DEGRADATION,0.0,3,0
1771929972.824,8.0,0.0,45.0,JUNCTION_RIGHT,FATAL DEGRADATION,0.0,3,0
1771929973.157,6.1,0.0,45.0,JUNCTION_RIGHT,FATAL DEGRADATION,0.0,3,0
1771929973.298,5.2,0.0,45.0,JUNCTION_RIGHT,FATAL DEGRADATION,0.0,3,0
1771929973.382,5.7,0.0,45.0,JUNCTION_RIGHT,FATAL DEGRADATION,0.0,3,0
1771929973.527,7.7,0.0,45.0,JUNCTION_RIGHT,FATAL DEGRADATION,0.0,3,0
1771929973.614,7.4,0.0,45.0,JUNCTION_RIGHT,FATAL DEGRADATION,0.0,3,0
1771929973.766,8.6,0.0,45.0,JUNCTION_RIGHT,FATAL DEGRADATION,0.0,3,0
1771929973.858,8.0,0.0,45.0,JUNCTION_RIGHT,FATAL DEGRADATION,0.0,3,0
1771929974.011,8.9,0.0,45.0,JUNCTION_RIGHT,FATAL DEGRADATION,0.0,3,0
1771929974.09,8.2,0.0,45.0,JUNCTION_RIGHT,FATAL DEGRADATION,0.0,3,0
1771929974.236,9.6,0.0,45.0,JUNCTION_RIGHT,FATAL DEGRADATION,0.0,3,0
1771929974.315,8.7,0.0,45.0,JUNCTION_RIGHT,FATAL DEGRADATION,0.0,3,0
1771929974.446,9.9,0.0,45.0,JUNCTION_RIGHT,FATAL DEGRADATION,0.0,3,0
1771929974.536,9.3,0.0,45.0,JUNCTION_RIGHT,FATAL DEGRADATION,0.0,3,0
1771929974.669,9.8,0.0,45.0,JUNCTION_RIGHT,FATAL DEGRADATION,0.0,3,0
1771929974.785,9.1,0.0,45.0,JUNCTION_RIGHT,FATAL DEGRADATION,0.0,3,0
1771929974.92,9.0,0.0,45.0,JUNCTION_RIGHT,FATAL DEGRADATION,0.0,3,0
1771929975.008,8.5,0.0,45.0,JUNCTION_RIGHT,FATAL DEGRADATION,0.0,3,0
1771929975.14,9.3,0.0,45.0,JUNCTION_RIGHT,FATAL DEGRADATION,0.0,3,0
1771929975.23,8.8,0.0,45.0,JUNCTION_RIGHT,FATAL DEGRADATION,0.0,3,0
1771929975.371,9.5,0.0,45.0,JUNCTION_RIGHT,FATAL DEGRADATION,0.0,3,0
1771929975.472,8.8,0.0,45.0,JUNCTION_RIGHT,FATAL DEGRADATION,0.0,3,0
1771929975.598,9.1,0.0,45.0,JUNCTION_RIGHT,FATAL DEGRADATION,0.0,3,0
1771929975.691,8.7,0.0,45.0,JUNCTION_RIGHT,FATAL DEGRADATION,0.0,3,0
1771929975.831,9.4,0.0,45.0,JUNCTION_RIGHT,FATAL DEGRADATION,0.0,3,0
1771929975.929,8.7,0.0,45.0,JUNCTION_RIGHT,FATAL DEGRADATION,0.0,3,0
1771929976.036,9.2,0.0,45.0,JUNCTION_RIGHT,FATAL DEGRADATION,0.0,3,0
1771929976.102,9.2,0.0,45.0,JUNCTION_RIGHT,FATAL DEGRADATION,0.0,3,0
1771929976.218,11.1,0.0,45.0,JUNCTION_RIGHT,FATAL DEGRADATION,0.0,3,0
1771929976.283,10.4,0.0,45.0,JUNCTION_RIGHT,FATAL DEGRADATION,0.0,3,0
1771929976.435,11.8,0.0,45.0,JUNCTION_RIGHT,FATAL DEGRADATION,0.0,3,0
1771929976.503,10.2,0.0,45.0,JUNCTION_RIGHT,FATAL DEGRADATION,0.0,3,0
1771929976.62,11.6,0.0,45.0,JUNCTION_RIGHT,FATAL DEGRADATION,0.0,3,0
1771929976.685,10.7,0.0,45.0,JUNCTION_RIGHT,FATAL DEGRADATION,0.0,3,0
1771929976.802,12.0,0.0,45.0,JUNCTION_RIGHT,FATAL DEGRADATION,0.0,3,0
1771929976.869,11.0,0.0,45.0,JUNCTION_RIGHT,FATAL DEGRADATION,0.0,3,0
1771929977.002,12.3,0.0,45.0,JUNCTION_RIGHT,FATAL DEGRADATION,0.0,3,0
1771929977.07,10.8,0.0,45.0,JUNCTION_RIGHT,FATAL DEGRADATION,0.0,3,0
1771929977.2,12.1,0.0,45.0,JUNCTION_RIGHT,FATAL DEGRADATION,0.0,3,0
1771929977.279,10.7,0.0,45.0,JUNCTION_RIGHT,FATAL DEGRADATION,0.0,3,0
1771929977.419,11.3,0.0,45.0,JUNCTION_RIGHT,FATAL DEGRADATION,0.0,3,0
1771929977.491,10.1,0.0,45.0,JUNCTION_RIGHT,FATAL DEGRADATION,0.0,3,0
1771929977.627,11.4,0.0,45.0,JUNCTION_RIGHT,FATAL DEGRADATION,0.0,3,0
1771929977.714,10.2,0.0,45.0,JUNCTION_RIGHT,FATAL DEGRADATION,0.0,3,0
1771929977.852,10.5,0.0,45.0,JUNCTION_RIGHT,FATAL DEGRADATION,0.0,3,0
1771929977.927,9.5,0.0,45.0,JUNCTION_RIGHT,FATAL DEGRADATION,0.0,3,0
1771929978.069,10.7,0.0,45.0,JUNCTION_RIGHT,FATAL DEGRADATION,0.0,3,0
1771929978.151,9.5,0.0,45.0,JUNCTION_RIGHT,FATAL DEGRADATION,0.0,3,0
1771929978.27,10.6,0.0,45.0,JUNCTION_RIGHT,FATAL DEGRADATION,0.0,3,0
1771929978.357,9.9,0.0,45.0,JUNCTION_RIGHT,FATAL DEGRADATION,0.0,3,0
1771929978.48,10.4,0.0,45.0,JUNCTION_RIGHT,FATAL DEGRADATION,0.0,3,0
1771929978.552,9.7,0.0,45.0,JUNCTION_RIGHT,FATAL DEGRADATION,0.0,3,0
1771929978.692,10.9,0.0,45.0,JUNCTION_RIGHT,FATAL DEGRADATION,0.0,3,0
1771929978.758,9.8,0.0,45.0,JUNCTION_RIGHT,FATAL DEGRADATION,0.0,3,0
1771929978.867,11.4,0.0,45.0,JUNCTION_RIGHT,FATAL DEGRADATION,0.0,3,0
1771929978.932,10.7,0.0,45.0,JUNCTION_RIGHT,FATAL DEGRADATION,0.0,3,0
1771929979.038,12.2,0.0,45.0,JUNCTION_RIGHT,FATAL DEGRADATION,0.0,3,0
1771929979.106,11.4,0.0,45.0,JUNCTION_RIGHT,FATAL DEGRADATION,0.0,3,0
1771929979.242,12.3,0.0,45.0,JUNCTION_RIGHT,FATAL DEGRADATION,0.0,3,0
1771929979.308,10.8,0.0,45.0,JUNCTION_RIGHT,FATAL DEGRADATION,0.0,3,0
1771929979.434,12.2,0.0,45.0,JUNCTION_RIGHT,FATAL DEGRADATION,0.0,3,0
1771929979.508,10.9,0.0,45.0,JUNCTION_RIGHT,FATAL DEGRADATION,0.0,3,0
1771929979.629,11.8,0.0,45.0,JUNCTION_RIGHT,FATAL DEGRADATION,0.0,3,0
1771929979.698,10.7,0.0,45.0,JUNCTION_RIGHT,FATAL DEGRADATION,0.0,3,0
1771929979.832,11.8,0.0,45.0,JUNCTION_RIGHT,FATAL DEGRADATION,0.0,3,0
1771929979.905,10.5,0.0,45.0,JUNCTION_RIGHT,FATAL DEGRADATION,0.0,3,0
1771929980.023,11.5,0.0,45.0,JUNCTION_RIGHT,FATAL DEGRADATION,0.0,3,0
1771929980.093,10.6,0.0,45.0,JUNCTION_RIGHT,FATAL DEGRADATION,0.0,3,0
1771929980.21,11.9,0.0,45.0,JUNCTION_RIGHT,FATAL DEGRADATION,0.0,3,0
1771929980.296,10.8,0.0,45.0,JUNCTION_RIGHT,FATAL DEGRADATION,0.0,3,0
1771929980.436,11.0,0.0,45.0,JUNCTION_RIGHT,FATAL DEGRADATION,0.0,3,0
1771929980.511,9.9,0.0,45.0,JUNCTION_RIGHT,FATAL DEGRADATION,0.0,3,0
1771929980.639,10.9,0.0,45.0,JUNCTION_RIGHT,FATAL DEGRADATION,0.0,3,0
1771929980.714,10.0,0.0,45.0,JUNCTION_RIGHT,FATAL DEGRADATION,0.0,3,0
1771929980.86,10.9,0.0,45.0,JUNCTION_RIGHT,FATAL DEGRADATION,0.0,3,0
1771929980.932,9.7,0.0,45.0,JUNCTION_RIGHT,FATAL DEGRADATION,0.0,3,0
1771929981.065,11.0,0.0,45.0,JUNCTION_RIGHT,FATAL DEGRADATION,0.0,3,0
1771929981.138,9.9,0.0,45.0,JUNCTION_RIGHT,FATAL DEGRADATION,0.0,3,0
1771929981.269,11.1,0.0,45.0,JUNCTION_RIGHT,FATAL DEGRADATION,0.0,3,0
1771929981.334,10.1,0.0,45.0,JUNCTION_RIGHT,FATAL DEGRADATION,0.0,3,0
1771929981.47,11.8,0.0,45.0,JUNCTION_RIGHT,FATAL DEGRADATION,0.0,3,0
1771929981.549,10.4,0.0,45.0,JUNCTION_RIGHT,FATAL DEGRADATION,0.0,3,0
1771929981.704,11.0,0.0,45.0,JUNCTION_RIGHT,FATAL DEGRADATION,0.0,3,0
1771929981.758,9.7,0.0,45.0,JUNCTION_RIGHT,FATAL DEGRADATION,0.0,3,0
1771929981.889,12.1,0.0,45.0,JUNCTION_RIGHT,FATAL DEGRADATION,0.0,3,0
1771929982.008,10.8,0.0,45.0,JUNCTION_RIGHT,FATAL DEGRADATION,0.0,3,0
1771929982.131,10.1,0.0,45.0,JUNCTION_RIGHT,FATAL DEGRADATION,0.0,3,0
1771929982.212,9.5,0.0,45.0,JUNCTION_RIGHT,FATAL DEGRADATION,0.0,3,0
1771929982.363,10.3,0.0,45.0,JUNCTION_RIGHT,FATAL DEGRADATION,0.0,3,0
1771929982.436,9.2,0.0,45.0,JUNCTION_RIGHT,FATAL DEGRADATION,0.0,3,0
1771929982.598,10.6,0.0,45.0,JUNCTION_RIGHT,FATAL DEGRADATION,0.0,3,0
1771929982.678,9.3,0.0,45.0,JUNCTION_RIGHT,FATAL DEGRADATION,0.0,3,0
1771929982.808,10.3,0.0,45.0,JUNCTION_RIGHT,FATAL DEGRADATION,0.0,3,0
1771929982.883,9.5,0.0,45.0,JUNCTION_RIGHT,FATAL DEGRADATION,0.0,3,0
1771929983.044,10.7,0.0,45.0,JUNCTION_RIGHT,FATAL DEGRADATION,0.0,3,0
1771929983.126,9.3,0.0,45.0,JUNCTION_RIGHT,FATAL DEGRADATION,0.0,3,0
1771929983.257,10.2,0.0,45.0,JUNCTION_RIGHT,FATAL DEGRADATION,0.0,3,0
1771929983.34,9.4,0.0,45.0,JUNCTION_RIGHT,FATAL DEGRADATION,0.0,3,0
1771929983.487,10.2,0.0,45.0,JUNCTION_RIGHT,FATAL DEGRADATION,0.0,3,0
1771929983.567,9.2,0.0,45.0,JUNCTION_RIGHT,FATAL DEGRADATION,0.0,3,0
1771929983.707,10.1,0.0,45.0,JUNCTION_RIGHT,FATAL DEGRADATION,0.0,3,0
1771929983.773,9.3,0.0,45.0,JUNCTION_RIGHT,FATAL DEGRADATION,0.0,3,0
1771929983.9,11.0,0.0,45.0,JUNCTION_RIGHT,FATAL DEGRADATION,0.0,3,0
1771929983.967,10.0,0.0,45.0,JUNCTION_RIGHT,FATAL DEGRADATION,0.0,3,0
1771929984.109,11.6,0.0,45.0,JUNCTION_RIGHT,FATAL DEGRADATION,0.0,3,0
1771929984.184,10.2,0.0,45.0,JUNCTION_RIGHT,FATAL DEGRADATION,0.0,3,0
1771929984.294,11.2,0.0,45.0,JUNCTION_RIGHT,FATAL DEGRADATION,0.0,3,0
1771929984.371,10.6,0.0,45.0,JUNCTION_RIGHT,FATAL DEGRADATION,0.0,3,0
1771929984.507,11.3,0.0,45.0,JUNCTION_RIGHT,FATAL DEGRADATION,0.0,3,0
1771929984.586,10.1,0.0,45.0,JUNCTION_RIGHT,FATAL DEGRADATION,0.0,3,0
1771929984.738,10.8,0.0,45.0,JUNCTION_RIGHT,FATAL DEGRADATION,0.0,3,0
1771929984.813,9.6,0.0,45.0,JUNCTION_RIGHT,FATAL DEGRADATION,0.0,3,0
1771929984.935,10.7,0.0,45.0,JUNCTION_RIGHT,FATAL DEGRADATION,0.0,3,0
1771929985.005,9.9,0.0,45.0,JUNCTION_RIGHT,FATAL DEGRADATION,0.0,3,0
1771929985.133,11.2,0.0,45.0,JUNCTION_RIGHT,FATAL DEGRADATION,0.0,3,0
1771929985.21,10.2,0.0,45.0,JUNCTION_RIGHT,FATAL DEGRADATION,0.0,3,0
1771929985.332,10.9,0.0,45.0,JUNCTION_RIGHT,FATAL DEGRADATION,0.0,3,0
1771929985.405,10.1,0.0,45.0,JUNCTION_RIGHT,FATAL DEGRADATION,0.0,3,0
1771929985.552,11.2,0.0,45.0,JUNCTION_RIGHT,FATAL DEGRADATION,0.0,3,0
1771929985.63,9.9,0.0,45.0,JUNCTION_RIGHT,FATAL DEGRADATION,0.0,3,0
1771929985.765,10.8,0.0,45.0,JUNCTION_RIGHT,FATAL DEGRADATION,0.0,3,0
1771929985.849,9.7,0.0,45.0,JUNCTION_RIGHT,FATAL DEGRADATION,0.0,3,0
1771929985.972,10.5,0.0,45.0,JUNCTION_RIGHT,FATAL DEGRADATION,0.0,3,0
1771929986.034,9.8,0.0,45.0,JUNCTION_RIGHT,FATAL DEGRADATION,0.0,3,0
1771929986.178,11.8,0.0,45.0,JUNCTION_RIGHT,FATAL DEGRADATION,0.0,3,0
1771929986.258,10.3,0.0,45.0,JUNCTION_RIGHT,FATAL DEGRADATION,0.0,3,0
1771929986.376,11.1,0.0,45.0,JUNCTION_RIGHT,FATAL DEGRADATION,0.0,3,0
1771929986.46,10.3,0.0,45.0,JUNCTION_RIGHT,FATAL DEGRADATION,0.0,3,0
1771929986.594,10.8,0.0,45.0,JUNCTION_RIGHT,FATAL DEGRADATION,0.0,3,0
1771929986.666,9.8,0.0,45.0,JUNCTION_RIGHT,FATAL DEGRADATION,0.0,3,0
1771929986.802,11.0,0.0,45.0,JUNCTION_RIGHT,FATAL DEGRADATION,0.0,3,0
1771929986.925,9.9,0.0,45.0,JUNCTION_RIGHT,FATAL DEGRADATION,0.0,3,0
1771929987.068,9.4,0.0,45.0,JUNCTION_RIGHT,FATAL DEGRADATION,0.0,3,0
1771929987.159,8.7,0.0,45.0,JUNCTION_RIGHT,FATAL DEGRADATION,0.0,3,0
1771929987.302,9.3,0.0,45.0,JUNCTION_RIGHT,FATAL DEGRADATION,0.0,3,0
1771929987.362,8.7,0.0,45.0,JUNCTION_RIGHT,FATAL DEGRADATION,0.0,3,0
1771929987.49,11.1,0.0,45.0,JUNCTION_RIGHT,FATAL DEGRADATION,0.0,3,0
1771929987.556,10.1,0.0,45.0,JUNCTION_RIGHT,FATAL DEGRADATION,0.0,3,0
1771929987.69,11.6,0.0,45.0,JUNCTION_RIGHT,FATAL DEGRADATION,0.0,3,0
1771929987.75,10.4,0.0,45.0,JUNCTION_RIGHT,FATAL DEGRADATION,0.0,3,0
1771929987.876,12.4,0.0,45.0,JUNCTION_RIGHT,FATAL DEGRADATION,0.0,3,0
1771929987.954,11.0,0.0,45.0,JUNCTION_RIGHT,FATAL DEGRADATION,0.0,3,0
1771929988.088,11.5,0.0,45.0,JUNCTION_RIGHT,FATAL DEGRADATION,0.0,3,0
1771929988.168,10.3,0.0,45.0,JUNCTION_RIGHT,FATAL DEGRADATION,0.0,3,0
1771929988.305,11.0,0.0,45.0,JUNCTION_RIGHT,FATAL DEGRADATION,0.0,3,0
1771929988.384,9.8,0.0,45.0,JUNCTION_RIGHT,FATAL DEGRADATION,0.0,3,0
1771929988.513,10.7,0.0,45.0,JUNCTION_RIGHT,FATAL DEGRADATION,0.0,3,0
1771929988.595,9.8,0.0,45.0,JUNCTION_RIGHT,FATAL DEGRADATION,0.0,3,0
1771929988.738,10.6,0.0,45.0,JUNCTION_RIGHT,FATAL DEGRADATION,0.0,3,0
1771929988.807,9.5,0.0,45.0,JUNCTION_RIGHT,FATAL DEGRADATION,0.0,3,0
1771929988.948,11.0,0.0,45.0,JUNCTION_RIGHT,FATAL DEGRADATION,0.0,3,0
1771929989.018,9.8,0.0,45.0,JUNCTION_RIGHT,FATAL DEGRADATION,0.0,3,0
1771929989.155,11.1,0.0,45.0,JUNCTION_RIGHT,FATAL DEGRADATION,0.0,3,0
1771929989.229,9.9,0.0,45.0,JUNCTION_RIGHT,FATAL DEGRADATION,0.0,3,0
1771929989.361,11.1,0.0,45.0,JUNCTION_RIGHT,FATAL DEGRADATION,0.0,3,0
1771929989.439,10.1,0.0,45.0,JUNCTION_RIGHT,FATAL DEGRADATION,0.0,3,0
1771929989.58,10.9,0.0,45.0,JUNCTION_RIGHT,FATAL DEGRADATION,0.0,3,0
1771929989.673,9.7,0.0,45.0,JUNCTION_RIGHT,FATAL DEGRADATION,0.0,3,0
1771929989.804,10.1,0.0,45.0,JUNCTION_RIGHT,FATAL DEGRADATION,0.0,3,0
1771929989.885,9.3,0.0,45.0,JUNCTION_RIGHT,FATAL DEGRADATION,0.0,3,0
1771929990.005,10.2,0.0,45.0,JUNCTION_RIGHT,FATAL DEGRADATION,0.0,3,0
1771929990.08,9.6,0.0,45.0,JUNCTION_RIGHT,FATAL DEGRADATION,0.0,3,0
1771929990.231,10.8,0.0,45.0,JUNCTION_RIGHT,FATAL DEGRADATION,0.0,3,0
1771929990.306,9.5,0.0,45.0,JUNCTION_RIGHT,FATAL DEGRADATION,0.0,3,0
1771929990.443,10.6,0.0,45.0,JUNCTION_RIGHT,FATAL DEGRADATION,0.0,3,0
1771929990.514,9.6,0.0,45.0,JUNCTION_RIGHT,FATAL DEGRADATION,0.0,3,0
1771929990.651,11.1,0.0,45.0,JUNCTION_RIGHT,FATAL DEGRADATION,0.0,3,0
1771929990.741,9.9,0.0,45.0,JUNCTION_RIGHT,FATAL DEGRADATION,0.0,3,0
1771929990.883,10.3,0.0,45.0,JUNCTION_RIGHT,FATAL DEGRADATION,0.0,3,0
1771929990.957,9.3,0.0,45.0,JUNCTION_RIGHT,FATAL DEGRADATION,0.0,3,0
1771929991.091,10.6,0.0,45.0,JUNCTION_RIGHT,FATAL DEGRADATION,0.0,3,0
1771929991.16,9.6,0.0,45.0,JUNCTION_RIGHT,FATAL DEGRADATION,0.0,3,0
1771929991.307,11.1,0.0,45.0,JUNCTION_RIGHT,FATAL DEGRADATION,0.0,3,0
1771929991.386,9.8,0.0,45.0,JUNCTION_RIGHT,FATAL DEGRADATION,0.0,3,0
1771929991.527,10.7,0.0,45.0,JUNCTION_RIGHT,FATAL DEGRADATION,0.0,3,0
1771929991.611,9.6,0.0,45.0,JUNCTION_RIGHT,FATAL DEGRADATION,0.0,3,0
1771929991.744,10.3,0.0,45.0,JUNCTION_RIGHT,FATAL DEGRADATION,0.0,3,0
1771929991.843,9.5,0.0,45.0,JUNCTION_RIGHT,FATAL DEGRADATION,0.0,3,0
1771929991.97,9.7,0.0,45.0,JUNCTION_RIGHT,FATAL DEGRADATION,0.0,3,0
1771929992.048,9.1,0.0,45.0,JUNCTION_RIGHT,FATAL DEGRADATION,0.0,3,0
1771929992.162,10.3,0.0,45.0,JUNCTION_RIGHT,FATAL DEGRADATION,0.0,3,0
1771929992.241,9.9,0.0,45.0,JUNCTION_RIGHT,FATAL DEGRADATION,0.0,3,0
1771929992.376,10.7,0.0,45.0,JUNCTION_RIGHT,FATAL DEGRADATION,0.0,3,0
1771929992.46,9.7,0.0,45.0,JUNCTION_RIGHT,FATAL DEGRADATION,0.0,3,0
1771929992.61,10.3,0.0,45.0,JUNCTION_RIGHT,FATAL DEGRADATION,0.0,3,0
1771929992.68,9.2,0.0,45.0,JUNCTION_RIGHT,FATAL DEGRADATION,0.0,3,0
1771929992.823,10.9,0.0,45.0,JUNCTION_RIGHT,FATAL DEGRADATION,0.0,3,0
1771929992.906,9.7,0.0,45.0,JUNCTION_RIGHT,FATAL DEGRADATION,0.0,3,0
1771929993.066,10.3,0.0,45.0,JUNCTION_RIGHT,FATAL DEGRADATION,0.0,3,0
1771929993.133,9.1,0.0,45.0,JUNCTION_RIGHT,FATAL DEGRADATION,0.0,3,0
1771929993.267,10.9,0.0,45.0,JUNCTION_RIGHT,FATAL DEGRADATION,0.0,3,0
1771929993.34,9.9,0.0,45.0,JUNCTION_RIGHT,FATAL DEGRADATION,0.0,3,0
1771929993.485,11.0,0.0,45.0,JUNCTION_RIGHT,FATAL DEGRADATION,0.0,3,0
1771929993.557,9.8,0.0,45.0,JUNCTION_RIGHT,FATAL DEGRADATION,0.0,3,0
1771929993.68,11.0,0.0,45.0,JUNCTION_RIGHT,FATAL DEGRADATION,0.0,3,0
1771929993.75,10.1,0.0,45.0,JUNCTION_RIGHT,FATAL DEGRADATION,0.0,3,0
1771929993.894,11.4,0.0,45.0,JUNCTION_RIGHT,FATAL DEGRADATION,0.0,3,0
1771929994.015,10.1,0.0,45.0,JUNCTION_RIGHT,FATAL DEGRADATION,0.0,3,0
1771929994.146,9.5,0.0,45.0,JUNCTION_RIGHT,FATAL DEGRADATION,0.0,3,0
1771929994.222,8.9,0.0,45.0,JUNCTION_RIGHT,FATAL DEGRADATION,0.0,3,0
1771929994.351,10.2,0.0,45.0,JUNCTION_RIGHT,FATAL DEGRADATION,0.0,3,0
1771929994.427,9.5,0.0,45.0,JUNCTION_RIGHT,FATAL DEGRADATION,0.0,3,0
1771929994.56,10.5,0.0,45.0,JUNCTION_RIGHT,FATAL DEGRADATION,0.0,3,0
1771929994.64,9.6,0.0,45.0,JUNCTION_RIGHT,FATAL DEGRADATION,0.0,3,0
1771929994.765,10.5,0.0,45.0,JUNCTION_RIGHT,FATAL DEGRADATION,0.0,3,0
1771929994.83,9.8,0.0,45.0,JUNCTION_RIGHT,FATAL DEGRADATION,0.0,3,0
1771929994.956,11.4,0.0,45.0,JUNCTION_RIGHT,FATAL DEGRADATION,0.0,3,0
1771929995.042,10.4,0.0,45.0,JUNCTION_RIGHT,FATAL DEGRADATION,0.0,3,0
1771929995.166,10.7,0.0,45.0,JUNCTION_RIGHT,FATAL DEGRADATION,0.0,3,0
1771929995.25,9.9,0.0,45.0,JUNCTION_RIGHT,FATAL DEGRADATION,0.0,3,0
1771929995.378,10.5,0.0,45.0,JUNCTION_RIGHT,FATAL DEGRADATION,0.0,3,0
1771929995.455,9.7,0.0,45.0,JUNCTION_RIGHT,FATAL DEGRADATION,0.0,3,0
1771929995.576,10.7,0.0,45.0,JUNCTION_RIGHT,FATAL DEGRADATION,0.0,3,0
1771929995.666,9.9,0.0,45.0,JUNCTION_RIGHT,FATAL DEGRADATION,0.0,3,0
1771929995.797,10.4,0.0,45.0,JUNCTION_RIGHT,FATAL DEGRADATION,0.0,3,0
1771929995.874,9.6,0.0,45.0,JUNCTION_RIGHT,FATAL DEGRADATION,0.0,3,0
1771929996.0,10.7,0.0,45.0,JUNCTION_RIGHT,FATAL DEGRADATION,0.0,3,0
1771929996.071,9.8,0.0,45.0,JUNCTION_RIGHT,FATAL DEGRADATION,0.0,3,0
1771929996.251,11.0,0.0,45.0,JUNCTION_RIGHT,FATAL DEGRADATION,0.0,3,0
1771929996.333,9.4,0.0,45.0,JUNCTION_RIGHT,FATAL DEGRADATION,0.0,3,0
1771929996.463,10.3,0.0,45.0,JUNCTION_RIGHT,FATAL DEGRADATION,0.0,3,0
1771929996.545,9.5,0.0,45.0,JUNCTION_RIGHT,FATAL DEGRADATION,0.0,3,0
1771929996.668,10.3,0.0,45.0,JUNCTION_RIGHT,FATAL DEGRADATION,0.0,3,0
1771929996.756,9.6,0.0,45.0,JUNCTION_RIGHT,FATAL DEGRADATION,0.0,3,0
1771929996.881,10.2,0.0,45.0,JUNCTION_RIGHT,FATAL DEGRADATION,0.0,3,0
1771929996.952,9.6,0.0,45.0,JUNCTION_RIGHT,FATAL DEGRADATION,0.0,3,0
1771929997.089,10.8,0.0,45.0,JUNCTION_RIGHT,FATAL DEGRADATION,0.0,3,0
1771929997.173,9.8,0.0,45.0,JUNCTION_RIGHT,FATAL DEGRADATION,0.0,3,0
1771929997.319,10.4,0.0,45.0,JUNCTION_RIGHT,FATAL DEGRADATION,0.0,3,0
1771929997.391,9.3,0.0,45.0,JUNCTION_RIGHT,FATAL DEGRADATION,0.0,3,0
1771929997.509,10.7,0.0,45.0,JUNCTION_RIGHT,FATAL DEGRADATION,0.0,3,0
1771929997.584,10.0,0.0,45.0,JUNCTION_RIGHT,FATAL DEGRADATION,0.0,3,0
1771929997.706,11.0,0.0,45.0,JUNCTION_RIGHT,FATAL DEGRADATION,0.0,3,0
1771929997.807,10.2,0.0,45.0,JUNCTION_RIGHT,FATAL DEGRADATION,0.0,3,0
1771929997.971,10.1,0.0,45.0,JUNCTION_RIGHT,FATAL DEGRADATION,0.0,3,0
1771929998.06,8.9,0.0,45.0,JUNCTION_RIGHT,FATAL DEGRADATION,0.0,3,0
1771929998.201,9.6,0.0,45.0,JUNCTION_RIGHT,FATAL DEGRADATION,0.0,3,0
1771929998.271,8.8,0.0,45.0,JUNCTION_RIGHT,FATAL DEGRADATION,0.0,3,0
1771929998.41,10.5,0.0,45.0,JUNCTION_RIGHT,FATAL DEGRADATION,0.0,3,0
1771929998.478,9.5,0.0,45.0,JUNCTION_RIGHT,FATAL DEGRADATION,0.0,3,0
1771929998.598,11.1,0.0,45.0,JUNCTION_RIGHT,FATAL DEGRADATION,0.0,3,0
1771929998.687,10.2,0.0,45.0,JUNCTION_RIGHT,FATAL DEGRADATION,0.0,3,0
1771929998.831,10.6,0.0,45.0,JUNCTION_RIGHT,FATAL DEGRADATION,0.0,3,0
1771929998.93,9.5,0.0,45.0,JUNCTION_RIGHT,FATAL DEGRADATION,0.0,3,0
1771929999.073,9.7,0.0,45.0,JUNCTION_RIGHT,FATAL DEGRADATION,0.0,3,0
1771929999.153,8.9,0.0,45.0,JUNCTION_RIGHT,FATAL DEGRADATION,0.0,3,0
1771929999.278,10.1,0.0,45.0,JUNCTION_RIGHT,FATAL DEGRADATION,0.0,3,0
1771929999.342,9.5,0.0,45.0,JUNCTION_RIGHT,FATAL DEGRADATION,0.0,3,0
1771929999.472,11.2,0.0,45.0,JUNCTION_RIGHT,FATAL DEGRADATION,0.0,3,0
1771929999.554,10.2,0.0,45.0,JUNCTION_RIGHT,FATAL DEGRADATION,0.0,3,0
1771929999.696,10.8,0.0,45.0,JUNCTION_RIGHT,FATAL DEGRADATION,0.0,3,0
1771929999.766,9.7,0.0,45.0,JUNCTION_RIGHT,FATAL DEGRADATION,0.0,3,0
1771929999.904,11.1,0.0,45.0,JUNCTION_RIGHT,FATAL DEGRADATION,0.0,3,0
1771929999.986,9.9,0.0,45.0,JUNCTION_RIGHT,FATAL DEGRADATION,0.0,3,0
1771930000.121,10.7,0.0,45.0,JUNCTION_RIGHT,FATAL DEGRADATION,0.0,3,0
1771930000.184,9.7,0.0,45.0,JUNCTION_RIGHT,FATAL DEGRADATION,0.0,3,0
1771930000.312,11.6,0.0,45.0,JUNCTION_RIGHT,FATAL DEGRADATION,0.0,3,0
1771930000.386,10.4,0.0,45.0,JUNCTION_RIGHT,FATAL DEGRADATION,0.0,3,0
1771930000.501,11.4,0.0,45.0,JUNCTION_RIGHT,FATAL DEGRADATION,0.0,3,0
1771930000.591,10.6,0.0,45.0,JUNCTION_RIGHT,FATAL DEGRADATION,0.0,3,0
1771930000.728,10.7,0.0,45.0,JUNCTION_RIGHT,FATAL DEGRADATION,0.0,3,0
1771930000.827,9.7,0.0,45.0,JUNCTION_RIGHT,FATAL DEGRADATION,0.0,3,0
1771930000.95,9.9,0.0,45.0,JUNCTION_RIGHT,FATAL DEGRADATION,0.0,3,0
1771930001.032,9.3,0.0,45.0,JUNCTION_RIGHT,FATAL DEGRADATION,0.0,3,0
1771930001.193,10.2,0.0,45.0,JUNCTION_RIGHT,FATAL DEGRADATION,0.0,3,0
1771930001.273,9.0,0.0,45.0,JUNCTION_RIGHT,FATAL DEGRADATION,0.0,3,0
1771930001.406,10.1,0.0,45.0,JUNCTION_RIGHT,FATAL DEGRADATION,0.0,3,0
1771930001.488,9.3,0.0,45.0,JUNCTION_RIGHT,FATAL DEGRADATION,0.0,3,0
1771930001.608,10.2,0.0,45.0,JUNCTION_RIGHT,FATAL DEGRADATION,0.0,3,0
1771930001.696,9.6,0.0,45.0,JUNCTION_RIGHT,FATAL DEGRADATION,0.0,3,0
1771930001.832,10.2,0.0,45.0,JUNCTION_RIGHT,FATAL DEGRADATION,0.0,3,0
1771930001.915,9.3,0.0,45.0,JUNCTION_RIGHT,FATAL DEGRADATION,0.0,3,0
1771930002.051,10.2,0.0,45.0,JUNCTION_RIGHT,FATAL DEGRADATION,0.0,3,0
1771930002.128,9.3,0.0,45.0,JUNCTION_RIGHT,FATAL DEGRADATION,0.0,3,0
1771930002.273,10.5,0.0,45.0,JUNCTION_RIGHT,FATAL DEGRADATION,0.0,3,0
1771930002.351,9.4,0.0,45.0,JUNCTION_RIGHT,FATAL DEGRADATION,0.0,3,0
1771930002.484,10.3,0.0,45.0,JUNCTION_RIGHT,FATAL DEGRADATION,0.0,3,0
1771930002.561,9.5,0.0,45.0,JUNCTION_RIGHT,FATAL DEGRADATION,0.0,3,0
1771930002.712,10.6,0.0,45.0,JUNCTION_RIGHT,FATAL DEGRADATION,0.0,3,0
1771930002.793,9.4,0.0,45.0,JUNCTION_RIGHT,FATAL DEGRADATION,0.0,3,0
1771930002.933,10.3,0.0,45.0,JUNCTION_RIGHT,FATAL DEGRADATION,0.0,3,0
1771930003.007,9.4,0.0,45.0,JUNCTION_RIGHT,FATAL DEGRADATION,0.0,3,0
1771930003.14,10.6,0.0,45.0,JUNCTION_RIGHT,FATAL DEGRADATION,0.0,3,0
1771930003.218,9.7,0.0,45.0,JUNCTION_RIGHT,FATAL DEGRADATION,0.0,3,0
1771930003.355,10.7,0.0,45.0,JUNCTION_RIGHT,FATAL DEGRADATION,0.0,3,0
1771930003.433,9.6,0.0,45.0,JUNCTION_RIGHT,FATAL DEGRADATION,0.0,3,0
1771930003.559,10.7,0.0,45.0,JUNCTION_RIGHT,FATAL DEGRADATION,0.0,3,0
1771930003.631,9.9,0.0,45.0,JUNCTION_RIGHT,FATAL DEGRADATION,0.0,3,0
1771930003.775,11.1,0.0,45.0,JUNCTION_RIGHT,FATAL DEGRADATION,0.0,3,0
1771930003.865,9.9,0.0,45.0,JUNCTION_RIGHT,FATAL DEGRADATION,0.0,3,0
1771930004.01,10.1,0.0,45.0,JUNCTION_RIGHT,FATAL DEGRADATION,0.0,3,0
1771930004.085,9.2,0.0,45.0,JUNCTION_RIGHT,FATAL DEGRADATION,0.0,3,0
1771930004.214,10.5,0.0,45.0,JUNCTION_RIGHT,FATAL DEGRADATION,0.0,3,0
1771930004.276,9.6,0.0,45.0,JUNCTION_RIGHT,FATAL DEGRADATION,0.0,3,0
1771930004.413,11.7,0.0,45.0,JUNCTION_RIGHT,FATAL DEGRADATION,0.0,3,0
1771930004.491,10.4,0.0,45.0,JUNCTION_RIGHT,FATAL DEGRADATION,0.0,3,0
1771930004.634,11.2,0.0,45.0,JUNCTION_RIGHT,FATAL DEGRADATION,0.0,3,0
1771930004.702,9.9,0.0,45.0,JUNCTION_RIGHT,FATAL DEGRADATION,0.0,3,0
1771930004.836,11.4,0.0,45.0,JUNCTION_RIGHT,FATAL DEGRADATION,0.0,3,0
1771930004.926,10.2,0.0,45.0,JUNCTION_RIGHT,FATAL DEGRADATION,0.0,3,0
1771930005.069,10.6,0.0,45.0,JUNCTION_RIGHT,FATAL DEGRADATION,0.0,3,0
1771930005.15,9.5,0.0,45.0,JUNCTION_RIGHT,FATAL DEGRADATION,0.0,3,0
1771930005.295,10.3,0.0,45.0,JUNCTION_RIGHT,FATAL DEGRADATION,0.0,3,0
1771930005.384,9.3,0.0,45.0,JUNCTION_RIGHT,FATAL DEGRADATION,0.0,3,0
1771930005.518,9.8,0.0,45.0,JUNCTION_RIGHT,FATAL DEGRADATION,0.0,3,0
1771930005.603,9.1,0.0,45.0,JUNCTION_RIGHT,FATAL DEGRADATION,0.0,3,0
1771930005.738,9.9,0.0,45.0,JUNCTION_RIGHT,FATAL DEGRADATION,0.0,3,0
1771930005.826,9.2,0.0,45.0,JUNCTION_RIGHT,FATAL DEGRADATION,0.0,3,0
1771930005.951,9.8,0.0,45.0,JUNCTION_RIGHT,FATAL DEGRADATION,0.0,3,0
1771930006.034,9.3,0.0,45.0,JUNCTION_RIGHT,FATAL DEGRADATION,0.0,3,0
1771930006.188,10.1,0.0,45.0,JUNCTION_RIGHT,FATAL DEGRADATION,0.0,3,0
1771930006.277,9.0,0.0,45.0,JUNCTION_RIGHT,FATAL DEGRADATION,0.0,3,0
1771930006.408,9.8,0.0,45.0,JUNCTION_RIGHT,FATAL DEGRADATION,0.0,3,0
1771930006.48,9.1,0.0,45.0,JUNCTION_RIGHT,FATAL DEGRADATION,0.0,3,0
1771930006.619,10.5,0.0,45.0,JUNCTION_RIGHT,FATAL DEGRADATION,0.0,3,0
1771930006.7,9.5,0.0,45.0,JUNCTION_RIGHT,FATAL DEGRADATION,0.0,3,0
1771930006.826,10.4,0.0,45.0,JUNCTION_RIGHT,FATAL DEGRADATION,0.0,3,0
1771930006.9,9.7,0.0,45.0,JUNCTION_RIGHT,FATAL DEGRADATION,0.0,3,0
1771930007.032,10.9,0.0,45.0,JUNCTION_RIGHT,FATAL DEGRADATION,0.0,3,0
1771930007.111,9.8,0.0,45.0,JUNCTION_RIGHT,FATAL DEGRADATION,0.0,3,0
1771930007.24,10.7,0.0,45.0,JUNCTION_RIGHT,FATAL DEGRADATION,0.0,3,0
1771930007.288,9.8,0.0,45.0,JUNCTION_RIGHT,FATAL DEGRADATION,0.0,3,0
1771930007.435,13.2,0.0,45.0,JUNCTION_RIGHT,FATAL DEGRADATION,0.0,3,0
1771930007.506,11.3,0.0,45.0,JUNCTION_RIGHT,FATAL DEGRADATION,0.0,3,0
1771930007.63,12.1,0.0,45.0,JUNCTION_RIGHT,FATAL DEGRADATION,0.0,3,0
1771930007.709,10.9,0.0,45.0,JUNCTION_RIGHT,FATAL DEGRADATION,0.0,3,0
1771930007.832,11.3,0.0,45.0,JUNCTION_RIGHT,FATAL DEGRADATION,0.0,3,0
1771930007.898,10.4,0.0,45.0,JUNCTION_RIGHT,FATAL DEGRADATION,0.0,3,0
1771930007.998,11.9,0.0,45.0,JUNCTION_RIGHT,FATAL DEGRADATION,0.0,3,0
1771930008.061,11.3,0.0,45.0,JUNCTION_RIGHT,FATAL DEGRADATION,0.0,3,0
1771930008.184,12.8,0.0,45.0,JUNCTION_RIGHT,FATAL DEGRADATION,0.0,3,0
1771930008.274,11.4,0.0,45.0,JUNCTION_RIGHT,FATAL DEGRADATION,0.0,3,0
1771930008.398,11.3,0.0,45.0,JUNCTION_RIGHT,FATAL DEGRADATION,0.0,3,0
1771930008.467,10.3,0.0,45.0,JUNCTION_RIGHT,FATAL DEGRADATION,0.0,3,0
1771930008.589,11.6,0.0,45.0,JUNCTION_RIGHT,FATAL DEGRADATION,0.0,3,0
1771930008.663,10.6,0.0,45.0,JUNCTION_RIGHT,FATAL DEGRADATION,0.0,3,0
1771930008.814,11.4,0.0,45.0,JUNCTION_RIGHT,FATAL DEGRADATION,0.0,3,0
1771930008.894,10.0,0.0,45.0,JUNCTION_RIGHT,FATAL DEGRADATION,0.0,3,0
1771930009.024,10.7,0.0,45.0,JUNCTION_RIGHT,FATAL DEGRADATION,0.0,3,0
1771930009.096,9.8,0.0,45.0,JUNCTION_RIGHT,FATAL DEGRADATION,0.0,3,0
1771930009.232,11.1,0.0,45.0,JUNCTION_RIGHT,FATAL DEGRADATION,0.0,3,0
1771930009.312,9.9,0.0,45.0,JUNCTION_RIGHT,FATAL DEGRADATION,0.0,3,0
1771930009.448,10.8,0.0,45.0,JUNCTION_RIGHT,FATAL DEGRADATION,0.0,3,0
1771930009.52,9.7,0.0,45.0,JUNCTION_RIGHT,FATAL DEGRADATION,0.0,3,0
1771930009.662,11.1,0.0,45.0,JUNCTION_RIGHT,FATAL DEGRADATION,0.0,3,0
1771930009.734,9.9,0.0,45.0,JUNCTION_RIGHT,FATAL DEGRADATION,0.0,3,0
1771930009.866,11.1,0.0,45.0,JUNCTION_RIGHT,FATAL DEGRADATION,0.0,3,0
1771930009.951,10.0,0.0,45.0,JUNCTION_RIGHT,FATAL DEGRADATION,0.0,3,0
1771930010.076,10.4,0.0,45.0,JUNCTION_RIGHT,FATAL DEGRADATION,0.0,3,0
1771930010.145,9.7,0.0,45.0,JUNCTION_RIGHT,FATAL DEGRADATION,0.0,3,0
1771930010.274,11.1,0.0,45.0,JUNCTION_RIGHT,FATAL DEGRADATION,0.0,3,0
1771930010.348,10.1,0.0,45.0,JUNCTION_RIGHT,FATAL DEGRADATION,0.0,3,0
1771930010.514,11.3,0.0,45.0,JUNCTION_RIGHT,FATAL DEGRADATION,0.0,3,0
1771930010.597,9.7,0.0,45.0,JUNCTION_RIGHT,FATAL DEGRADATION,0.0,3,0
1771930010.719,10.3,0.0,45.0,JUNCTION_RIGHT,FATAL DEGRADATION,0.0,3,0
1771930010.805,9.7,0.0,45.0,JUNCTION_RIGHT,FATAL DEGRADATION,0.0,3,0
1771930010.94,10.3,0.0,45.0,JUNCTION_RIGHT,FATAL DEGRADATION,0.0,3,0
1771930011.023,9.4,0.0,45.0,JUNCTION_RIGHT,FATAL DEGRADATION,0.0,3,0
1771930011.149,10.3,0.0,45.0,JUNCTION_RIGHT,FATAL DEGRADATION,0.0,3,0
1771930011.212,9.6,0.0,45.0,JUNCTION_RIGHT,FATAL DEGRADATION,0.0,3,0
1771930011.355,11.4,0.0,45.0,JUNCTION_RIGHT,FATAL DEGRADATION,0.0,3,0
1771930011.416,10.1,0.0,45.0,JUNCTION_RIGHT,FATAL DEGRADATION,0.0,3,0
1771930011.555,12.1,0.0,45.0,JUNCTION_RIGHT,FATAL DEGRADATION,0.0,3,0
1771930011.635,10.6,0.0,45.0,JUNCTION_RIGHT,FATAL DEGRADATION,0.0,3,0
1771930011.755,11.2,0.0,45.0,JUNCTION_RIGHT,FATAL DEGRADATION,0.0,3,0
1771930011.836,10.3,0.0,45.0,JUNCTION_RIGHT,FATAL DEGRADATION,0.0,3,0
1771930011.971,10.9,0.0,45.0,JUNCTION_RIGHT,FATAL DEGRADATION,0.0,3,0
1771930012.046,9.9,0.0,45.0,JUNCTION_RIGHT,FATAL DEGRADATION,0.0,3,0
1771930012.177,11.0,0.0,45.0,JUNCTION_RIGHT,FATAL DEGRADATION,0.0,3,0
1771930012.245,9.9,0.0,45.0,JUNCTION_RIGHT,FATAL DEGRADATION,0.0,3,0
1771930012.381,11.4,0.0,45.0,JUNCTION_RIGHT,FATAL DEGRADATION,0.0,3,0
1771930012.449,10.2,0.0,45.0,JUNCTION_RIGHT,FATAL DEGRADATION,0.0,3,0
1771930012.584,11.4,0.0,45.0,JUNCTION_RIGHT,FATAL DEGRADATION,0.0,3,0
1771930012.668,10.2,0.0,45.0,JUNCTION_RIGHT,FATAL DEGRADATION,0.0,3,0
1771930012.804,10.8,0.0,45.0,JUNCTION_RIGHT,FATAL DEGRADATION,0.0,3,0
1771930012.888,9.7,0.0,45.0,JUNCTION_RIGHT,FATAL DEGRADATION,0.0,3,0
1771930013.059,10.4,0.0,45.0,JUNCTION_RIGHT,FATAL DEGRADATION,0.0,3,0
1771930013.141,9.1,0.0,45.0,JUNCTION_RIGHT,FATAL DEGRADATION,0.0,3,0
1771930013.274,10.1,0.0,45.0,JUNCTION_RIGHT,FATAL DEGRADATION,0.0,3,0
1771930013.338,9.3,0.0,45.0,JUNCTION_RIGHT,FATAL DEGRADATION,0.0,3,0
1771930013.472,11.1,0.0,45.0,JUNCTION_RIGHT,FATAL DEGRADATION,0.0,3,0
1771930013.546,10.0,0.0,45.0,JUNCTION_RIGHT,FATAL DEGRADATION,0.0,3,0
1771930013.671,11.1,0.0,45.0,JUNCTION_RIGHT,FATAL DEGRADATION,0.0,3,0
1771930013.756,10.1,0.0,45.0,JUNCTION_RIGHT,FATAL DEGRADATION,0.0,3,0
1771930013.898,10.7,0.0,45.0,JUNCTION_RIGHT,FATAL DEGRADATION,0.0,3,0
1771930013.976,9.6,0.0,45.0,JUNCTION_RIGHT,FATAL DEGRADATION,0.0,3,0
1771930014.126,10.6,0.0,45.0,JUNCTION_RIGHT,FATAL DEGRADATION,0.0,3,0
1771930014.202,9.4,0.0,45.0,JUNCTION_RIGHT,FATAL DEGRADATION,0.0,3,0
1771930014.372,10.0,0.0,45.0,JUNCTION_RIGHT,FATAL DEGRADATION,0.0,3,0
1771930014.452,8.9,0.0,45.0,JUNCTION_RIGHT,FATAL DEGRADATION,0.0,3,0
1771930014.595,10.0,0.0,45.0,JUNCTION_RIGHT,FATAL DEGRADATION,0.0,3,0
1771930014.671,9.1,0.0,45.0,JUNCTION_RIGHT,FATAL DEGRADATION,0.0,3,0
1771930014.802,10.4,0.0,45.0,JUNCTION_RIGHT,FATAL DEGRADATION,0.0,3,0
1771930014.886,9.6,0.0,45.0,JUNCTION_RIGHT,FATAL DEGRADATION,0.0,3,0
1771930015.029,10.1,0.0,45.0,JUNCTION_RIGHT,FATAL DEGRADATION,0.0,3,0
1771930015.099,9.2,0.0,45.0,JUNCTION_RIGHT,FATAL DEGRADATION,0.0,3,0
1771930015.233,10.7,0.0,45.0,JUNCTION_RIGHT,FATAL DEGRADATION,0.0,3,0
1771930015.322,9.8,0.0,45.0,JUNCTION_RIGHT,FATAL DEGRADATION,0.0,3,0
1771930015.465,10.2,0.0,45.0,JUNCTION_RIGHT,FATAL DEGRADATION,0.0,3,0
1771930015.546,9.2,0.0,45.0,JUNCTION_RIGHT,FATAL DEGRADATION,0.0,3,0
1771930015.706,10.2,0.0,45.0,JUNCTION_RIGHT,FATAL DEGRADATION,0.0,3,0
1771930015.782,9.0,0.0,45.0,JUNCTION_RIGHT,FATAL DEGRADATION,0.0,3,0
1771930015.923,10.3,0.0,45.0,JUNCTION_RIGHT,FATAL DEGRADATION,0.0,3,0
1771930016.006,9.3,0.0,45.0,JUNCTION_RIGHT,FATAL DEGRADATION,0.0,3,0
1771930016.144,10.1,0.0,45.0,JUNCTION_RIGHT,FATAL DEGRADATION,0.0,3,0
1771930016.215,9.2,0.0,45.0,JUNCTION_RIGHT,FATAL DEGRADATION,0.0,3,0
1771930016.367,10.8,0.0,45.0,JUNCTION_RIGHT,FATAL DEGRADATION,0.0,3,0
1771930016.448,9.5,0.0,45.0,JUNCTION_RIGHT,FATAL DEGRADATION,0.0,3,0
1771930016.584,10.4,0.0,45.0,JUNCTION_RIGHT,FATAL DEGRADATION,0.0,3,0
1771930016.653,9.5,0.0,45.0,JUNCTION_RIGHT,FATAL DEGRADATION,0.0,3,0
1771930016.796,11.0,0.0,45.0,JUNCTION_RIGHT,FATAL DEGRADATION,0.0,3,0
1771930016.876,9.8,0.0,45.0,JUNCTION_RIGHT,FATAL DEGRADATION,0.0,3,0
1771930017.022,10.6,0.0,45.0,JUNCTION_RIGHT,FATAL DEGRADATION,0.0,3,0
1771930017.108,9.5,0.0,45.0,JUNCTION_RIGHT,FATAL DEGRADATION,0.0,3,0
1771930017.232,10.2,0.0,45.0,JUNCTION_RIGHT,FATAL DEGRADATION,0.0,3,0
1771930017.308,9.5,0.0,45.0,JUNCTION_RIGHT,FATAL DEGRADATION,0.0,3,0
1771930017.436,10.6,0.0,45.0,JUNCTION_RIGHT,FATAL DEGRADATION,0.0,3,0
1771930017.525,9.8,0.0,45.0,JUNCTION_RIGHT,FATAL DEGRADATION,0.0,3,0
1771930017.655,9.9,0.0,45.0,JUNCTION_RIGHT,FATAL DEGRADATION,0.0,3,0
1771930017.719,9.4,0.0,45.0,JUNCTION_RIGHT,FATAL DEGRADATION,0.0,3,0
1771930017.863,11.3,0.0,45.0,JUNCTION_RIGHT,FATAL DEGRADATION,0.0,3,0
1771930017.946,9.9,0.0,45.0,JUNCTION_RIGHT,FATAL DEGRADATION,0.0,3,0
1771930018.081,10.6,0.0,45.0,JUNCTION_RIGHT,FATAL DEGRADATION,0.0,3,0
1771930018.167,9.7,0.0,45.0,JUNCTION_RIGHT,FATAL DEGRADATION,0.0,3,0
1771930018.291,10.2,0.0,45.0,JUNCTION_RIGHT,FATAL DEGRADATION,0.0,3,0
1771930018.359,9.6,0.0,45.0,JUNCTION_RIGHT,FATAL DEGRADATION,0.0,3,0
1771930018.481,11.1,0.0,45.0,JUNCTION_RIGHT,FATAL DEGRADATION,0.0,3,0
1771930018.557,10.3,0.0,45.0,JUNCTION_RIGHT,FATAL DEGRADATION,0.0,3,0
1771930018.684,11.1,0.0,45.0,JUNCTION_RIGHT,FATAL DEGRADATION,0.0,3,0
1771930018.762,10.2,0.0,45.0,JUNCTION_RIGHT,FATAL DEGRADATION,0.0,3,0
1771930018.893,11.0,0.0,45.0,JUNCTION_RIGHT,FATAL DEGRADATION,0.0,3,0
1771930018.969,10.0,0.0,45.0,JUNCTION_RIGHT,FATAL DEGRADATION,0.0,3,0
1771930019.095,10.9,0.0,45.0,JUNCTION_RIGHT,FATAL DEGRADATION,0.0,3,0
1771930019.174,10.0,0.0,45.0,JUNCTION_RIGHT,FATAL DEGRADATION,0.0,3,0
1771930019.306,10.8,0.0,45.0,JUNCTION_RIGHT,FATAL DEGRADATION,0.0,3,0
1771930019.382,9.8,0.0,45.0,JUNCTION_RIGHT,FATAL DEGRADATION,0.0,3,0
1771930019.501,10.7,0.0,45.0,JUNCTION_RIGHT,FATAL DEGRADATION,0.0,3,0
1771930019.573,10.1,0.0,45.0,JUNCTION_RIGHT,FATAL DEGRADATION,0.0,3,0
1771930019.693,11.2,0.0,45.0,JUNCTION_RIGHT,FATAL DEGRADATION,0.0,3,0
1771930019.773,10.4,0.0,45.0,JUNCTION_RIGHT,FATAL DEGRADATION,0.0,3,0
1771930019.899,11.0,0.0,45.0,JUNCTION_RIGHT,FATAL DEGRADATION,0.0,3,0
1771930019.976,10.1,0.0,45.0,JUNCTION_RIGHT,FATAL DEGRADATION,0.0,3,0
1771930020.148,11.0,0.0,45.0,JUNCTION_RIGHT,FATAL DEGRADATION,0.0,3,0
1771930020.229,9.4,0.0,45.0,JUNCTION_RIGHT,FATAL DEGRADATION,0.0,3,0
1771930020.363,10.4,0.0,45.0,JUNCTION_RIGHT,FATAL DEGRADATION,0.0,3,0
1771930020.441,9.5,0.0,45.0,JUNCTION_RIGHT,FATAL DEGRADATION,0.0,3,0
1771930020.557,10.5,0.0,45.0,JUNCTION_RIGHT,FATAL DEGRADATION,0.0,3,0
1771930020.627,9.9,0.0,45.0,JUNCTION_RIGHT,FATAL DEGRADATION,0.0,3,0
1771930020.747,11.2,0.0,45.0,JUNCTION_RIGHT,FATAL DEGRADATION,0.0,3,0
1771930020.828,10.3,0.0,45.0,JUNCTION_RIGHT,FATAL DEGRADATION,0.0,3,0
1771930020.957,10.9,0.0,45.0,JUNCTION_RIGHT,FATAL DEGRADATION,0.0,3,0
1771930021.038,10.0,0.0,45.0,JUNCTION_RIGHT,FATAL DEGRADATION,0.0,3,0
1771930021.164,10.7,0.0,45.0,JUNCTION_RIGHT,FATAL DEGRADATION,0.0,3,0
1771930021.24,9.9,0.0,45.0,JUNCTION_RIGHT,FATAL DEGRADATION,0.0,3,0
1771930021.365,10.9,0.0,45.0,JUNCTION_RIGHT,FATAL DEGRADATION,0.0,3,0
1771930021.443,10.0,0.0,45.0,JUNCTION_RIGHT,FATAL DEGRADATION,0.0,3,0
1771930021.569,10.8,0.0,45.0,JUNCTION_RIGHT,FATAL DEGRADATION,0.0,3,0
1771930021.648,10.0,0.0,45.0,JUNCTION_RIGHT,FATAL DEGRADATION,0.0,3,0
1771930021.773,10.8,0.0,45.0,JUNCTION_RIGHT,FATAL DEGRADATION,0.0,3,0
1771930021.852,9.9,0.0,45.0,JUNCTION_RIGHT,FATAL DEGRADATION,0.0,3,0
1771930021.982,10.8,0.0,45.0,JUNCTION_RIGHT,FATAL DEGRADATION,0.0,3,0
1771930022.058,9.9,0.0,45.0,JUNCTION_RIGHT,FATAL DEGRADATION,0.0,3,0
1771930022.187,11.0,0.0,45.0,JUNCTION_RIGHT,FATAL DEGRADATION,0.0,3,0
1771930022.262,10.0,0.0,45.0,JUNCTION_RIGHT,FATAL DEGRADATION,0.0,3,0
1771930022.386,11.0,0.0,45.0,JUNCTION_RIGHT,FATAL DEGRADATION,0.0,3,0
1771930022.466,10.1,0.0,45.0,JUNCTION_RIGHT,FATAL DEGRADATION,0.0,3,0
1771930022.6,10.8,0.0,45.0,JUNCTION_RIGHT,FATAL DEGRADATION,0.0,3,0
1771930022.679,9.8,0.0,45.0,JUNCTION_RIGHT,FATAL DEGRADATION,0.0,3,0
1771930022.807,10.7,0.0,45.0,JUNCTION_RIGHT,FATAL DEGRADATION,0.0,3,0
1771930022.888,9.8,0.0,45.0,JUNCTION_RIGHT,FATAL DEGRADATION,0.0,3,0
1771930023.013,10.7,0.0,45.0,JUNCTION_RIGHT,FATAL DEGRADATION,0.0,3,0
1771930023.096,9.8,0.0,45.0,JUNCTION_RIGHT,FATAL DEGRADATION,0.0,3,0
1771930023.275,10.5,0.0,45.0,JUNCTION_RIGHT,FATAL DEGRADATION,0.0,3,0
1771930023.356,9.1,0.0,45.0,JUNCTION_RIGHT,FATAL DEGRADATION,0.0,3,0
1771930023.484,10.0,0.0,45.0,JUNCTION_RIGHT,FATAL DEGRADATION,0.0,3,0
1771930023.569,9.4,0.0,45.0,JUNCTION_RIGHT,FATAL DEGRADATION,0.0,3,0
1771930023.707,10.1,0.0,45.0,JUNCTION_RIGHT,FATAL DEGRADATION,0.0,3,0
1771930023.786,9.2,0.0,45.0,JUNCTION_RIGHT,FATAL DEGRADATION,0.0,3,0
1771930023.9,10.3,0.0,45.0,JUNCTION_RIGHT,FATAL DEGRADATION,0.0,3,0
1771930023.975,9.8,0.0,45.0,JUNCTION_RIGHT,FATAL DEGRADATION,0.0,3,0
1771930024.097,10.9,0.0,45.0,JUNCTION_RIGHT,FATAL DEGRADATION,0.0,3,0
1771930024.175,10.1,0.0,45.0,JUNCTION_RIGHT,FATAL DEGRADATION,0.0,3,0
1771930024.304,10.9,0.0,45.0,JUNCTION_RIGHT,FATAL DEGRADATION,0.0,3,0
1771930024.386,10.0,0.0,45.0,JUNCTION_RIGHT,FATAL DEGRADATION,0.0,3,0
1771930024.512,10.6,0.0,45.0,JUNCTION_RIGHT,FATAL DEGRADATION,0.0,3,0
1771930024.593,9.8,0.0,45.0,JUNCTION_RIGHT,FATAL DEGRADATION,0.0,3,0
1771930024.736,10.6,0.0,45.0,JUNCTION_RIGHT,FATAL DEGRADATION,0.0,3,0
1771930024.826,9.5,0.0,45.0,JUNCTION_RIGHT,FATAL DEGRADATION,0.0,3,0
1771930024.973,9.6,0.0,45.0,JUNCTION_RIGHT,FATAL DEGRADATION,0.0,3,0
1771930025.05,8.9,0.0,45.0,JUNCTION_RIGHT,FATAL DEGRADATION,0.0,3,0
1771930025.201,10.2,0.0,45.0,JUNCTION_RIGHT,FATAL DEGRADATION,0.0,3,0
1771930025.283,9.1,0.0,45.0,JUNCTION_RIGHT,FATAL DEGRADATION,0.0,3,0
1771930025.411,10.0,0.0,45.0,JUNCTION_RIGHT,FATAL DEGRADATION,0.0,3,0
1771930025.486,9.4,0.0,45.0,JUNCTION_RIGHT,FATAL DEGRADATION,0.0,3,0
1771930025.609,10.5,0.0,45.0,JUNCTION_RIGHT,FATAL DEGRADATION,0.0,3,0
1771930025.68,9.8,0.0,45.0,JUNCTION_RIGHT,FATAL DEGRADATION,0.0,3,0
1771930025.804,11.0,0.0,45.0,JUNCTION_RIGHT,FATAL DEGRADATION,0.0,3,0
1771930025.885,10.1,0.0,45.0,JUNCTION_RIGHT,FATAL DEGRADATION,0.0,3,0
1771930026.012,10.8,0.0,45.0,JUNCTION_RIGHT,FATAL DEGRADATION,0.0,3,0
1771930026.09,9.9,0.0,45.0,JUNCTION_RIGHT,FATAL DEGRADATION,0.0,3,0
1771930026.218,10.8,0.0,45.0,JUNCTION_RIGHT,FATAL DEGRADATION,0.0,3,0
1771930026.315,9.9,0.0,45.0,JUNCTION_RIGHT,FATAL DEGRADATION,0.0,3,0
1771930026.461,10.0,0.0,45.0,JUNCTION_RIGHT,FATAL DEGRADATION,0.0,3,0
1771930026.538,9.1,0.0,45.0,JUNCTION_RIGHT,FATAL DEGRADATION,0.0,3,0
1771930026.682,10.2,0.0,45.0,JUNCTION_RIGHT,FATAL DEGRADATION,0.0,3,0
1771930026.769,9.2,0.0,45.0,JUNCTION_RIGHT,FATAL DEGRADATION,0.0,3,0
1771930026.914,9.9,0.0,45.0,JUNCTION_RIGHT,FATAL DEGRADATION,0.0,3,0
1771930027.036,9.0,0.0,45.0,JUNCTION_RIGHT,FATAL DEGRADATION,0.0,3,0
1771930027.184,8.8,0.0,45.0,JUNCTION_RIGHT,FATAL DEGRADATION,0.0,3,0
1771930027.261,8.2,0.0,45.0,JUNCTION_RIGHT,FATAL DEGRADATION,0.0,3,0
1771930027.389,9.6,0.0,45.0,JUNCTION_RIGHT,FATAL DEGRADATION,0.0,3,0
1771930027.444,9.0,0.0,45.0,JUNCTION_RIGHT,FATAL DEGRADATION,0.0,3,0
1771930027.548,11.8,0.0,45.0,JUNCTION_RIGHT,FATAL DEGRADATION,0.0,3,0
1771930027.616,11.2,0.0,45.0,JUNCTION_RIGHT,FATAL DEGRADATION,0.0,3,0
1771930027.737,12.2,0.0,45.0,JUNCTION_RIGHT,FATAL DEGRADATION,0.0,3,0
1771930027.814,11.0,0.0,45.0,JUNCTION_RIGHT,FATAL DEGRADATION,0.0,3,0
1771930027.945,11.6,0.0,45.0,JUNCTION_RIGHT,FATAL DEGRADATION,0.0,3,0
1771930028.023,10.5,0.0,45.0,JUNCTION_RIGHT,FATAL DEGRADATION,0.0,3,0
1771930028.144,11.1,0.0,45.0,JUNCTION_RIGHT,FATAL DEGRADATION,0.0,3,0
1771930028.211,10.3,0.0,45.0,JUNCTION_RIGHT,FATAL DEGRADATION,0.0,3,0
1771930028.329,11.8,0.0,45.0,JUNCTION_RIGHT,FATAL DEGRADATION,0.0,3,0
1771930028.408,10.8,0.0,45.0,JUNCTION_RIGHT,FATAL DEGRADATION,0.0,3,0
1771930028.538,11.3,0.0,45.0,JUNCTION_RIGHT,FATAL DEGRADATION,0.0,3,0
1771930028.625,10.2,0.0,45.0,JUNCTION_RIGHT,FATAL DEGRADATION,0.0,3,0
1771930028.744,10.6,0.0,45.0,JUNCTION_RIGHT,FATAL DEGRADATION,0.0,3,0
1771930028.808,9.9,0.0,45.0,JUNCTION_RIGHT,FATAL DEGRADATION,0.0,3,0
1771930028.945,11.6,0.0,45.0,JUNCTION_RIGHT,FATAL DEGRADATION,0.0,3,0
1771930029.013,10.3,0.0,45.0,JUNCTION_RIGHT,FATAL DEGRADATION,0.0,3,0
1771930029.147,11.6,0.0,45.0,JUNCTION_RIGHT,FATAL DEGRADATION,0.0,3,0
1771930029.225,10.4,0.0,45.0,JUNCTION_RIGHT,FATAL DEGRADATION,0.0,3,0
1771930029.368,11.1,0.0,45.0,JUNCTION_RIGHT,FATAL DEGRADATION,0.0,3,0
1771930029.449,9.8,0.0,45.0,JUNCTION_RIGHT,FATAL DEGRADATION,0.0,3,0
1771930029.598,10.6,0.0,45.0,JUNCTION_RIGHT,FATAL DEGRADATION,0.0,3,0
1771930029.696,9.4,0.0,45.0,JUNCTION_RIGHT,FATAL DEGRADATION,0.0,3,0
1771930029.835,9.7,0.0,45.0,JUNCTION_RIGHT,FATAL DEGRADATION,0.0,3,0
1771930029.912,8.9,0.0,45.0,JUNCTION_RIGHT,FATAL DEGRADATION,0.0,3,0
1771930030.035,10.2,0.0,45.0,JUNCTION_RIGHT,FATAL DEGRADATION,0.0,3,0
1771930030.108,9.5,0.0,45.0,JUNCTION_RIGHT,FATAL DEGRADATION,0.0,3,0
1771930030.243,10.8,0.0,45.0,JUNCTION_RIGHT,FATAL DEGRADATION,0.0,3,0
1771930030.317,9.8,0.0,45.0,JUNCTION_RIGHT,FATAL DEGRADATION,0.0,3,0
1771930030.456,11.0,0.0,45.0,JUNCTION_RIGHT,FATAL DEGRADATION,0.0,3,0
1771930030.539,9.9,0.0,45.0,JUNCTION_RIGHT,FATAL DEGRADATION,0.0,3,0
1771930030.675,10.5,0.0,45.0,JUNCTION_RIGHT,FATAL DEGRADATION,0.0,3,0
1771930030.746,9.5,0.0,45.0,JUNCTION_RIGHT,FATAL DEGRADATION,0.0,3,0
1771930030.888,10.9,0.0,45.0,JUNCTION_RIGHT,FATAL DEGRADATION,0.0,3,0
1771930030.964,9.7,0.0,45.0,JUNCTION_RIGHT,FATAL DEGRADATION,0.0,3,0
1771930031.1,10.7,0.0,45.0,JUNCTION_RIGHT,FATAL DEGRADATION,0.0,3,0
1771930031.171,9.7,0.0,45.0,JUNCTION_RIGHT,FATAL DEGRADATION,0.0,3,0
1771930031.337,11.2,0.0,45.0,JUNCTION_RIGHT,FATAL DEGRADATION,0.0,3,0
1771930031.417,9.6,0.0,45.0,JUNCTION_RIGHT,FATAL DEGRADATION,0.0,3,0
1771930031.543,10.5,0.0,45.0,JUNCTION_RIGHT,FATAL DEGRADATION,0.0,3,0
1771930031.623,9.8,0.0,45.0,JUNCTION_RIGHT,FATAL DEGRADATION,0.0,3,0
1771930031.75,10.6,0.0,45.0,JUNCTION_RIGHT,FATAL DEGRADATION,0.0,3,0
1771930031.824,9.8,0.0,45.0,JUNCTION_RIGHT,FATAL DEGRADATION,0.0,3,0
1771930031.954,10.9,0.0,45.0,JUNCTION_RIGHT,FATAL DEGRADATION,0.0,3,0
1771930032.024,10.0,0.0,45.0,JUNCTION_RIGHT,FATAL DEGRADATION,0.0,3,0
1771930032.154,11.1,0.0,45.0,JUNCTION_RIGHT,FATAL DEGRADATION,0.0,3,0
1771930032.232,10.1,0.0,45.0,JUNCTION_RIGHT,FATAL DEGRADATION,0.0,3,0
1771930032.353,11.0,0.0,45.0,JUNCTION_RIGHT,FATAL DEGRADATION,0.0,3,0
1771930032.435,10.1,0.0,45.0,JUNCTION_RIGHT,FATAL DEGRADATION,0.0,3,0
1771930032.555,10.8,0.0,45.0,JUNCTION_RIGHT,FATAL DEGRADATION,0.0,3,0
1771930032.631,10.0,0.0,45.0,JUNCTION_RIGHT,FATAL DEGRADATION,0.0,3,0
1771930032.756,11.1,0.0,45.0,JUNCTION_RIGHT,FATAL DEGRADATION,0.0,3,0
1771930032.836,10.1,0.0,45.0,JUNCTION_RIGHT,FATAL DEGRADATION,0.0,3,0
1771930032.966,11.0,0.0,45.0,JUNCTION_RIGHT,FATAL DEGRADATION,0.0,3,0
1771930033.052,9.9,0.0,45.0,JUNCTION_RIGHT,FATAL DEGRADATION,0.0,3,0
1771930033.196,10.5,0.0,45.0,JUNCTION_RIGHT,FATAL DEGRADATION,0.0,3,0
1771930033.265,9.4,0.0,45.0,JUNCTION_RIGHT,FATAL DEGRADATION,0.0,3,0
1771930033.388,10.8,0.0,45.0,JUNCTION_RIGHT,FATAL DEGRADATION,0.0,3,0
1771930033.465,10.1,0.0,45.0,JUNCTION_RIGHT,FATAL DEGRADATION,0.0,3,0
1771930033.597,10.9,0.0,45.0,JUNCTION_RIGHT,FATAL DEGRADATION,0.0,3,0
1771930033.668,9.9,0.0,45.0,JUNCTION_RIGHT,FATAL DEGRADATION,0.0,3,0
1771930033.793,11.1,0.0,45.0,JUNCTION_RIGHT,FATAL DEGRADATION,0.0,3,0
1771930033.875,10.2,0.0,45.0,JUNCTION_RIGHT,FATAL DEGRADATION,0.0,3,0
1771930033.99,10.7,0.0,45.0,JUNCTION_RIGHT,FATAL DEGRADATION,0.0,3,0
1771930034.071,10.1,0.0,45.0,JUNCTION_RIGHT,FATAL DEGRADATION,0.0,3,0
1771930034.21,10.8,0.0,45.0,JUNCTION_RIGHT,FATAL DEGRADATION,0.0,3,0
1771930034.294,9.7,0.0,45.0,JUNCTION_RIGHT,FATAL DEGRADATION,0.0,3,0
1771930034.431,10.4,0.0,45.0,JUNCTION_RIGHT,FATAL DEGRADATION,0.0,3,0
1771930034.505,9.5,0.0,45.0,JUNCTION_RIGHT,FATAL DEGRADATION,0.0,3,0
1771930034.644,10.7,0.0,45.0,JUNCTION_RIGHT,FATAL DEGRADATION,0.0,3,0
1771930034.726,9.7,0.0,45.0,JUNCTION_RIGHT,FATAL DEGRADATION,0.0,3,0
1771930034.854,10.4,0.0,45.0,JUNCTION_RIGHT,FATAL DEGRADATION,0.0,3,0
1771930034.921,9.6,0.0,45.0,JUNCTION_RIGHT,FATAL DEGRADATION,0.0,3,0
1771930035.026,11.2,0.0,45.0,JUNCTION_RIGHT,FATAL DEGRADATION,0.0,3,0
1771930035.099,10.7,0.0,45.0,JUNCTION_RIGHT,FATAL DEGRADATION,0.0,3,0
1771930035.224,11.6,0.0,45.0,JUNCTION_RIGHT,FATAL DEGRADATION,0.0,3,0
1771930035.303,10.5,0.0,45.0,JUNCTION_RIGHT,FATAL DEGRADATION,0.0,3,0
1771930035.445,11.2,0.0,45.0,JUNCTION_RIGHT,FATAL DEGRADATION,0.0,3,0
1771930035.522,9.9,0.0,45.0,JUNCTION_RIGHT,FATAL DEGRADATION,0.0,3,0
1771930035.644,10.8,0.0,45.0,JUNCTION_RIGHT,FATAL DEGRADATION,0.0,3,0
1771930035.715,10.1,0.0,45.0,JUNCTION_RIGHT,FATAL DEGRADATION,0.0,3,0
1771930035.838,11.2,0.0,45.0,JUNCTION_RIGHT,FATAL DEGRADATION,0.0,3,0
1771930035.927,10.3,0.0,45.0,JUNCTION_RIGHT,FATAL DEGRADATION,0.0,3,0
1771930036.043,10.6,0.0,45.0,JUNCTION_RIGHT,FATAL DEGRADATION,0.0,3,0
1771930036.119,10.0,0.0,45.0,JUNCTION_RIGHT,FATAL DEGRADATION,0.0,3,0
1771930036.251,10.9,0.0,45.0,JUNCTION_RIGHT,FATAL DEGRADATION,0.0,3,0
1771930036.315,9.9,0.0,45.0,JUNCTION_RIGHT,FATAL DEGRADATION,0.0,3,0
1771930036.441,11.7,0.0,45.0,JUNCTION_RIGHT,FATAL DEGRADATION,0.0,3,0
1771930036.515,10.6,0.0,45.0,JUNCTION_RIGHT,FATAL DEGRADATION,0.0,3,0
1771930036.632,11.4,0.0,45.0,JUNCTION_RIGHT,FATAL DEGRADATION,0.0,3,0
1771930036.696,10.6,0.0,45.0,JUNCTION_RIGHT,FATAL DEGRADATION,0.0,3,0
1771930036.835,12.1,0.0,45.0,JUNCTION_RIGHT,FATAL DEGRADATION,0.0,3,0
1771930036.92,10.6,0.0,45.0,JUNCTION_RIGHT,FATAL DEGRADATION,0.0,3,0
1771930037.052,10.9,0.0,45.0,JUNCTION_RIGHT,FATAL DEGRADATION,0.0,3,0
1771930037.125,9.9,0.0,45.0,JUNCTION_RIGHT,FATAL DEGRADATION,0.0,3,0
1771930037.261,11.0,0.0,45.0,JUNCTION_RIGHT,FATAL DEGRADATION,0.0,3,0
1771930037.332,9.9,0.0,45.0,JUNCTION_RIGHT,FATAL DEGRADATION,0.0,3,0
1771930037.468,11.2,0.0,45.0,JUNCTION_RIGHT,FATAL DEGRADATION,0.0,3,0
1771930037.543,10.1,0.0,45.0,JUNCTION_RIGHT,FATAL DEGRADATION,0.0,3,0
1771930037.675,11.1,0.0,45.0,JUNCTION_RIGHT,FATAL DEGRADATION,0.0,3,0
1771930037.735,10.0,0.0,45.0,JUNCTION_RIGHT,FATAL DEGRADATION,0.0,3,0
1771930037.868,12.1,0.0,45.0,JUNCTION_RIGHT,FATAL DEGRADATION,0.0,3,0
1771930037.951,10.7,0.0,45.0,JUNCTION_RIGHT,FATAL DEGRADATION,0.0,3,0
1771930038.085,11.2,0.0,45.0,JUNCTION_RIGHT,FATAL DEGRADATION,0.0,3,0
1771930038.154,10.1,0.0,45.0,JUNCTION_RIGHT,FATAL DEGRADATION,0.0,3,0
1771930038.277,11.4,0.0,45.0,JUNCTION_RIGHT,FATAL DEGRADATION,0.0,3,0
1771930038.352,10.4,0.0,45.0,JUNCTION_RIGHT,FATAL DEGRADATION,0.0,3,0
1771930038.475,11.3,0.0,45.0,JUNCTION_RIGHT,FATAL DEGRADATION,0.0,3,0
1771930038.55,10.4,0.0,45.0,JUNCTION_RIGHT,FATAL DEGRADATION,0.0,3,0
1771930038.673,11.4,0.0,45.0,JUNCTION_RIGHT,FATAL DEGRADATION,0.0,3,0
1771930038.756,10.4,0.0,45.0,JUNCTION_RIGHT,FATAL DEGRADATION,0.0,3,0
1771930038.903,10.9,0.0,45.0,JUNCTION_RIGHT,FATAL DEGRADATION,0.0,3,0
1771930038.991,9.7,0.0,45.0,JUNCTION_RIGHT,FATAL DEGRADATION,0.0,3,0
1771930039.141,10.1,0.0,45.0,JUNCTION_RIGHT,FATAL DEGRADATION,0.0,3,0
1771930039.218,9.1,0.0,45.0,JUNCTION_RIGHT,FATAL DEGRADATION,0.0,3,0
1771930039.339,10.3,0.0,45.0,JUNCTION_RIGHT,FATAL DEGRADATION,0.0,3,0
1771930039.412,9.7,0.0,45.0,JUNCTION_RIGHT,FATAL DEGRADATION,0.0,3,0
1771930039.538,10.9,0.0,45.0,JUNCTION_RIGHT,FATAL DEGRADATION,0.0,3,0
1771930039.612,10.0,0.0,45.0,JUNCTION_RIGHT,FATAL DEGRADATION,0.0,3,0
1771930039.74,11.1,0.0,45.0,JUNCTION_RIGHT,FATAL DEGRADATION,0.0,3,0
1771930039.814,10.1,0.0,45.0,JUNCTION_RIGHT,FATAL DEGRADATION,0.0,3,0
1771930039.952,11.1,0.0,45.0,JUNCTION_RIGHT,FATAL DEGRADATION,0.0,3,0
1771930040.035,10.0,0.0,45.0,JUNCTION_RIGHT,FATAL DEGRADATION,0.0,3,0
1771930040.167,10.6,0.0,45.0,JUNCTION_RIGHT,FATAL DEGRADATION,0.0,3,0
1771930040.245,9.7,0.0,45.0,JUNCTION_RIGHT,FATAL DEGRADATION,0.0,3,0
1771930040.374,10.7,0.0,45.0,JUNCTION_RIGHT,FATAL DEGRADATION,0.0,3,0
1771930040.453,9.8,0.0,45.0,JUNCTION_RIGHT,FATAL DEGRADATION,0.0,3,0
1771930040.591,10.7,0.0,45.0,JUNCTION_RIGHT,FATAL DEGRADATION,0.0,3,0
1771930040.674,9.6,0.0,45.0,JUNCTION_RIGHT,FATAL DEGRADATION,0.0,3,0
1771930040.789,10.3,0.0,45.0,JUNCTION_RIGHT,FATAL DEGRADATION,0.0,3,0
1771930040.845,9.9,0.0,45.0,JUNCTION_RIGHT,FATAL DEGRADATION,0.0,3,0
1771930040.963,12.3,0.0,45.0,JUNCTION_RIGHT,FATAL DEGRADATION,0.0,3,0
1771930041.04,11.1,0.0,45.0,JUNCTION_RIGHT,FATAL DEGRADATION,0.0,3,0
1771930041.183,11.7,0.0,45.0,JUNCTION_RIGHT,FATAL DEGRADATION,0.0,3,0
1771930041.264,10.3,0.0,45.0,JUNCTION_RIGHT,FATAL DEGRADATION,0.0,3,0
1771930041.39,10.9,0.0,45.0,JUNCTION_RIGHT,FATAL DEGRADATION,0.0,3,0
1771930041.463,10.0,0.0,45.0,JUNCTION_RIGHT,FATAL DEGRADATION,0.0,3,0
1771930041.589,11.1,0.0,45.0,JUNCTION_RIGHT,FATAL DEGRADATION,0.0,3,0
1771930041.69,10.2,0.0,45.0,JUNCTION_RIGHT,FATAL DEGRADATION,0.0,3,0
1771930041.816,10.1,0.0,45.0,JUNCTION_RIGHT,FATAL DEGRADATION,0.0,3,0
1771930041.872,9.4,0.0,45.0,JUNCTION_RIGHT,FATAL DEGRADATION,0.0,3,0
1771930042.01,11.7,0.0,45.0,JUNCTION_RIGHT,FATAL DEGRADATION,0.0,3,0
1771930042.069,10.4,0.0,45.0,JUNCTION_RIGHT,FATAL DEGRADATION,0.0,3,0
1771930042.21,12.5,0.0,45.0,JUNCTION_RIGHT,FATAL DEGRADATION,0.0,3,0
1771930042.292,10.8,0.0,45.0,JUNCTION_RIGHT,FATAL DEGRADATION,0.0,3,0
1771930042.419,11.3,0.0,45.0,JUNCTION_RIGHT,FATAL DEGRADATION,0.0,3,0
1771930042.495,10.2,0.0,45.0,JUNCTION_RIGHT,FATAL DEGRADATION,0.0,3,0
1771930042.632,11.2,0.0,45.0,JUNCTION_RIGHT,FATAL DEGRADATION,0.0,3,0
1771930042.703,10.1,0.0,45.0,JUNCTION_RIGHT,FATAL DEGRADATION,0.0,3,0
1771930042.837,11.2,0.0,45.0,JUNCTION_RIGHT,FATAL DEGRADATION,0.0,3,0
1771930042.912,10.1,0.0,45.0,JUNCTION_RIGHT,FATAL DEGRADATION,0.0,3,0
1771930043.062,11.1,0.0,45.0,JUNCTION_RIGHT,FATAL DEGRADATION,0.0,3,0
1771930043.151,9.7,0.0,45.0,JUNCTION_RIGHT,FATAL DEGRADATION,0.0,3,0
1771930043.284,10.3,0.0,45.0,JUNCTION_RIGHT,FATAL DEGRADATION,0.0,3,0
1771930043.382,9.4,0.0,45.0,JUNCTION_RIGHT,FATAL DEGRADATION,0.0,3,0
1771930043.515,9.8,0.0,45.0,JUNCTION_RIGHT,FATAL DEGRADATION,0.0,3,0
1771930043.591,9.1,0.0,45.0,JUNCTION_RIGHT,FATAL DEGRADATION,0.0,3,0
1771930043.716,10.3,0.0,45.0,JUNCTION_RIGHT,FATAL DEGRADATION,0.0,3,0
1771930043.789,9.7,0.0,45.0,JUNCTION_RIGHT,FATAL DEGRADATION,0.0,3,0
1771930043.938,10.8,0.0,45.0,JUNCTION_RIGHT,FATAL DEGRADATION,0.0,3,0
1771930044.016,9.5,0.0,45.0,JUNCTION_RIGHT,FATAL DEGRADATION,0.0,3,0
1771930044.138,10.7,0.0,45.0,JUNCTION_RIGHT,FATAL DEGRADATION,0.0,3,0
1771930044.215,9.9,0.0,45.0,JUNCTION_RIGHT,FATAL DEGRADATION,0.0,3,0
1771930044.352,10.9,0.0,45.0,JUNCTION_RIGHT,FATAL DEGRADATION,0.0,3,0
1771930044.433,9.8,0.0,45.0,JUNCTION_RIGHT,FATAL DEGRADATION,0.0,3,0
1771930044.576,10.6,0.0,45.0,JUNCTION_RIGHT,FATAL DEGRADATION,0.0,3,0
1771930044.648,9.5,0.0,45.0,JUNCTION_RIGHT,FATAL DEGRADATION,0.0,3,0
1771930044.784,10.9,0.0,45.0,JUNCTION_RIGHT,FATAL DEGRADATION,0.0,3,0
1771930044.859,9.8,0.0,45.0,JUNCTION_RIGHT,FATAL DEGRADATION,0.0,3,0
1771930044.988,10.9,0.0,45.0,JUNCTION_RIGHT,FATAL DEGRADATION,0.0,3,0
1771930045.065,9.9,0.0,45.0,JUNCTION_RIGHT,FATAL DEGRADATION,0.0,3,0
1771930045.203,10.8,0.0,45.0,JUNCTION_RIGHT,FATAL DEGRADATION,0.0,3,0
1771930045.264,9.8,0.0,45.0,JUNCTION_RIGHT,FATAL DEGRADATION,0.0,3,0
1771930045.392,11.6,0.0,45.0,JUNCTION_RIGHT,FATAL DEGRADATION,0.0,3,0
1771930045.46,10.5,0.0,45.0,JUNCTION_RIGHT,FATAL DEGRADATION,0.0,3,0
1771930045.608,11.8,0.0,45.0,JUNCTION_RIGHT,FATAL DEGRADATION,0.0,3,0
1771930045.677,10.2,0.0,45.0,JUNCTION_RIGHT,FATAL DEGRADATION,0.0,3,0
1771930045.811,11.8,0.0,45.0,JUNCTION_RIGHT,FATAL DEGRADATION,0.0,3,0
1771930045.884,10.5,0.0,45.0,JUNCTION_RIGHT,FATAL DEGRADATION,0.0,3,0
1771930046.025,11.5,0.0,45.0,JUNCTION_RIGHT,FATAL DEGRADATION,0.0,3,0
1771930046.122,10.2,0.0,45.0,JUNCTION_RIGHT,FATAL DEGRADATION,0.0,3,0
1771930046.267,10.2,0.0,45.0,JUNCTION_RIGHT,FATAL DEGRADATION,0.0,3,0
1771930046.343,9.2,0.0,45.0,JUNCTION_RIGHT,FATAL DEGRADATION,0.0,3,0
1771930046.464,10.5,0.0,45.0,JUNCTION_RIGHT,FATAL DEGRADATION,0.0,3,0
1771930046.542,9.8,0.0,45.0,JUNCTION_RIGHT,FATAL DEGRADATION,0.0,3,0
1771930046.685,10.7,0.0,45.0,JUNCTION_RIGHT,FATAL DEGRADATION,0.0,3,0
1771930046.771,9.6,0.0,45.0,JUNCTION_RIGHT,FATAL DEGRADATION,0.0,3,0
1771930046.897,10.2,0.0,45.0,JUNCTION_RIGHT,FATAL DEGRADATION,0.0,3,0
1771930046.97,9.5,0.0,45.0,JUNCTION_RIGHT,FATAL DEGRADATION,0.0,3,0
1771930047.106,10.7,0.0,45.0,JUNCTION_RIGHT,FATAL DEGRADATION,0.0,3,0
1771930047.178,9.7,0.0,45.0,JUNCTION_RIGHT,FATAL DEGRADATION,0.0,3,0
1771930047.307,11.0,0.0,45.0,JUNCTION_RIGHT,FATAL DEGRADATION,0.0,3,0
1771930047.376,10.0,0.0,45.0,JUNCTION_RIGHT,FATAL DEGRADATION,0.0,3,0
1771930047.497,11.4,0.0,45.0,JUNCTION_RIGHT,FATAL DEGRADATION,0.0,3,0
1771930047.574,10.5,0.0,45.0,JUNCTION_RIGHT,FATAL DEGRADATION,0.0,3,0
1771930047.708,11.2,0.0,45.0,JUNCTION_RIGHT,FATAL DEGRADATION,0.0,3,0
1771930047.784,10.1,0.0,45.0,JUNCTION_RIGHT,FATAL DEGRADATION,0.0,3,0
1771930047.917,10.9,0.0,45.0,JUNCTION_RIGHT,FATAL DEGRADATION,0.0,3,0
1771930047.993,9.9,0.0,45.0,JUNCTION_RIGHT,FATAL DEGRADATION,0.0,3,0
1771930048.125,10.9,0.0,45.0,JUNCTION_RIGHT,FATAL DEGRADATION,0.0,3,0
1771930048.203,9.9,0.0,45.0,JUNCTION_RIGHT,FATAL DEGRADATION,0.0,3,0
1771930048.343,10.8,0.0,45.0,JUNCTION_RIGHT,FATAL DEGRADATION,0.0,3,0
1771930048.423,9.7,0.0,45.0,JUNCTION_RIGHT,FATAL DEGRADATION,0.0,3,0
1771930048.566,10.6,0.0,45.0,JUNCTION_RIGHT,FATAL DEGRADATION,0.0,3,0
1771930048.648,9.5,0.0,45.0,JUNCTION_RIGHT,FATAL DEGRADATION,0.0,3,0
1771930048.792,10.3,0.0,45.0,JUNCTION_RIGHT,FATAL DEGRADATION,0.0,3,0
1771930048.894,9.3,0.0,45.0,JUNCTION_RIGHT,FATAL DEGRADATION,0.0,3,0
1771930049.017,9.4,0.0,45.0,JUNCTION_RIGHT,FATAL DEGRADATION,0.0,3,0
1771930049.093,9.1,0.0,45.0,JUNCTION_RIGHT,FATAL DEGRADATION,0.0,3,0
1771930049.23,10.3,0.0,45.0,JUNCTION_RIGHT,FATAL DEGRADATION,0.0,3,0
1771930049.305,9.4,0.0,45.0,JUNCTION_RIGHT,FATAL DEGRADATION,0.0,3,0
1771930049.43,10.6,0.0,45.0,JUNCTION_RIGHT,FATAL DEGRADATION,0.0,3,0
1771930049.505,9.8,0.0,45.0,JUNCTION_RIGHT,FATAL DEGRADATION,0.0,3,0
1771930049.612,10.8,0.0,45.0,JUNCTION_RIGHT,FATAL DEGRADATION,0.0,3,0
1771930049.674,10.4,0.0,45.0,JUNCTION_RIGHT,FATAL DEGRADATION,0.0,3,0
1771930049.796,12.1,0.0,45.0,JUNCTION_RIGHT,FATAL DEGRADATION,0.0,3,0
1771930049.866,10.9,0.0,45.0,JUNCTION_RIGHT,FATAL DEGRADATION,0.0,3,0
1771930049.985,12.0,0.0,45.0,JUNCTION_RIGHT,FATAL DEGRADATION,0.0,3,0
1771930050.057,10.9,0.0,45.0,JUNCTION_RIGHT,FATAL DEGRADATION,0.0,3,0
1771930050.193,11.8,0.0,45.0,JUNCTION_RIGHT,FATAL DEGRADATION,0.0,3,0
1771930050.274,10.5,0.0,45.0,JUNCTION_RIGHT,FATAL DEGRADATION,0.0,3,0
1771930050.392,11.0,0.0,45.0,JUNCTION_RIGHT,FATAL DEGRADATION,0.0,3,0
1771930050.46,10.3,0.0,45.0,JUNCTION_RIGHT,FATAL DEGRADATION,0.0,3,0
1771930050.582,11.6,0.0,45.0,JUNCTION_RIGHT,FATAL DEGRADATION,0.0,3,0
1771930050.653,10.6,0.0,45.0,JUNCTION_RIGHT,FATAL DEGRADATION,0.0,3,0
1771930050.767,11.6,0.0,45.0,JUNCTION_RIGHT,FATAL DEGRADATION,0.0,3,0
1771930050.834,10.8,0.0,45.0,JUNCTION_RIGHT,FATAL DEGRADATION,0.0,3,0
1771930050.976,11.8,0.0,45.0,JUNCTION_RIGHT,FATAL DEGRADATION,0.0,3,0
1771930051.066,10.4,0.0,45.0,JUNCTION_RIGHT,FATAL DEGRADATION,0.0,3,0
1771930051.184,10.7,0.0,45.0,JUNCTION_RIGHT,FATAL DEGRADATION,0.0,3,0
1771930051.251,10.0,0.0,45.0,JUNCTION_RIGHT,FATAL DEGRADATION,0.0,3,0
1771930051.378,11.5,0.0,45.0,JUNCTION_RIGHT,FATAL DEGRADATION,0.0,3,0
1771930051.458,10.4,0.0,45.0,JUNCTION_RIGHT,FATAL DEGRADATION,0.0,3,0
1771930051.574,11.0,0.0,45.0,JUNCTION_RIGHT,FATAL DEGRADATION,0.0,3,0
1771930051.662,10.4,0.0,45.0,JUNCTION_RIGHT,FATAL DEGRADATION,0.0,3,0
1771930051.756,10.6,0.0,45.0,JUNCTION_RIGHT,FATAL DEGRADATION,0.0,3,0
1771930051.801,10.6,0.0,45.0,JUNCTION_RIGHT,FATAL DEGRADATION,0.0,3,0
1771930051.881,14.0,0.0,45.0,JUNCTION_RIGHT,FATAL DEGRADATION,0.0,3,0
1771930051.976,13.5,0.0,45.0,JUNCTION_RIGHT,FATAL DEGRADATION,0.0,3,0
1771930052.074,12.7,0.0,45.0,JUNCTION_RIGHT,FATAL DEGRADATION,0.0,3,0
1771930052.122,11.9,0.0,45.0,JUNCTION_RIGHT,FATAL DEGRADATION,0.0,3,0
1771930052.203,14.6,0.0,45.0,JUNCTION_RIGHT,FATAL DEGRADATION,0.0,3,0
1771930052.268,13.9,0.0,45.0,JUNCTION_RIGHT,FATAL DEGRADATION,0.0,3,0
1771930052.313,14.3,0.0,45.0,JUNCTION_RIGHT,FATAL DEGRADATION,0.0,3,0
1771930052.366,16.9,0.0,45.0,JUNCTION_RIGHT,FATAL DEGRADATION,0.0,3,0
1771930052.436,17.5,0.0,45.0,JUNCTION_RIGHT,FATAL DEGRADATION,0.0,3,0
1771930052.518,16.4,0.0,45.0,JUNCTION_RIGHT,FATAL DEGRADATION,0.0,3,0
1771930052.593,15.2,0.0,45.0,JUNCTION_RIGHT,FATAL DEGRADATION,0.0,3,0
1771930052.662,14.7,0.0,45.0,JUNCTION_RIGHT,FATAL DEGRADATION,0.0,3,0
1771930052.738,14.6,0.0,45.0,JUNCTION_RIGHT,FATAL DEGRADATION,0.0,3,0
1771930052.81,14.2,0.0,45.0,JUNCTION_RIGHT,FATAL DEGRADATION,0.0,3,0
1771930052.858,14.1,0.0,45.0,JUNCTION_RIGHT,FATAL DEGRADATION,0.0,3,0
1771930052.929,16.1,0.0,45.0,JUNCTION_RIGHT,FATAL DEGRADATION,0.0,3,0
1771930053.02,15.5,0.0,45.0,JUNCTION_RIGHT,FATAL DEGRADATION,0.0,3,0
1771930053.098,14.1,0.0,45.0,JUNCTION_RIGHT,FATAL DEGRADATION,0.0,3,0
1771930053.178,13.7,0.0,45.0,JUNCTION_RIGHT,FATAL DEGRADATION,0.0,3,0
1771930053.261,13.3,0.0,45.0,JUNCTION_RIGHT,FATAL DEGRADATION,0.0,3,0
1771930053.344,13.0,0.0,45.0,JUNCTION_RIGHT,FATAL DEGRADATION,0.0,3,0
1771930053.415,12.7,0.0,45.0,JUNCTION_RIGHT,FATAL DEGRADATION,0.0,3,0
1771930053.504,13.1,0.0,45.0,JUNCTION_RIGHT,FATAL DEGRADATION,0.0,3,0
1771930053.57,12.5,0.0,45.0,JUNCTION_RIGHT,FATAL DEGRADATION,0.0,3,0
1771930053.613,13.4,0.0,45.0,JUNCTION_RIGHT,FATAL DEGRADATION,0.0,3,0
1771930053.651,16.4,0.0,45.0,JUNCTION_RIGHT,FATAL DEGRADATION,0.0,3,0
1771930053.701,19.3,0.0,45.0,JUNCTION_RIGHT,FATAL DEGRADATION,0.0,3,0
1771930053.745,19.6,0.0,45.0,JUNCTION_RIGHT,FATAL DEGRADATION,0.0,3,0
1771930053.786,20.5,0.0,45.0,JUNCTION_RIGHT,FATAL DEGRADATION,0.0,3,0
1771930053.83,21.7,0.0,45.0,JUNCTION_RIGHT,FATAL DEGRADATION,0.0,3,0
1771930053.869,21.9,0.0,45.0,JUNCTION_RIGHT,FATAL DEGRADATION,0.0,3,0
1771930053.91,23.0,0.0,45.0,JUNCTION_RIGHT,FATAL DEGRADATION,0.0,3,0
1771930053.968,23.5,0.0,45.0,JUNCTION_RIGHT,FATAL DEGRADATION,0.0,3,0
1771930054.011,21.5,0.0,45.0,JUNCTION_RIGHT,FATAL DEGRADATION,0.0,3,0
1771930054.064,22.2,0.0,45.0,JUNCTION_RIGHT,FATAL DEGRADATION,0.0,3,0
1771930054.106,21.2,0.0,45.0,JUNCTION_RIGHT,FATAL DEGRADATION,0.0,3,0
1771930054.151,21.8,0.0,45.0,JUNCTION_RIGHT,FATAL DEGRADATION,0.0,3,0
1771930054.184,22.2,0.0,45.0,JUNCTION_RIGHT,FATAL DEGRADATION,0.0,3,0
1771930054.222,24.6,0.0,45.0,JUNCTION_RIGHT,FATAL DEGRADATION,0.0,3,0
1771930054.265,25.2,0.0,45.0,JUNCTION_RIGHT,FATAL DEGRADATION,0.0,3,0
1771930054.303,24.4,0.0,45.0,JUNCTION_RIGHT,FATAL DEGRADATION,0.0,3,0
1771930054.379,25.1,0.0,45.0,JUNCTION_RIGHT,FATAL DEGRADATION,0.0,3,0
1771930054.434,21.5,0.0,45.0,JUNCTION_RIGHT,FATAL DEGRADATION,0.0,3,0
1771930054.488,20.5,0.0,45.0,JUNCTION_RIGHT,FATAL DEGRADATION,0.0,3,0
1771930054.53,20.0,0.0,45.0,JUNCTION_RIGHT,FATAL DEGRADATION,0.0,3,0
1771930054.599,21.1,0.0,45.0,JUNCTION_RIGHT,FATAL DEGRADATION,0.0,3,0
1771930054.658,19.0,0.0,45.0,JUNCTION_RIGHT,FATAL DEGRADATION,0.0,3,0
1771930054.709,18.5,0.0,45.0,JUNCTION_RIGHT,FATAL DEGRADATION,0.0,3,0
1771930054.761,18.7,0.0,45.0,JUNCTION_RIGHT,FATAL DEGRADATION,0.0,3,0
1771930054.822,18.9,0.0,45.0,JUNCTION_RIGHT,FATAL DEGRADATION,0.0,3,0
1771930054.892,18.3,0.0,45.0,JUNCTION_RIGHT,FATAL DEGRADATION,0.0,3,0
1771930054.948,17.0,0.0,45.0,JUNCTION_RIGHT,FATAL DEGRADATION,0.0,3,0
1771930054.988,17.2,0.0,45.0,JUNCTION_RIGHT,FATAL DEGRADATION,0.0,3,0
1771930055.03,18.8,0.0,45.0,JUNCTION_RIGHT,FATAL DEGRADATION,0.0,3,0
1771930055.079,21.6,0.0,45.0,JUNCTION_RIGHT,FATAL DEGRADATION,0.0,3,0
1771930055.137,21.1,0.0,45.0,JUNCTION_RIGHT,FATAL DEGRADATION,0.0,3,0
1771930055.189,20.0,0.0,45.0,JUNCTION_RIGHT,FATAL DEGRADATION,0.0,3,0
1771930055.253,19.8,0.0,45.0,JUNCTION_RIGHT,FATAL DEGRADATION,0.0,3,0
1771930055.318,18.4,0.0,45.0,JUNCTION_RIGHT,FATAL DEGRADATION,0.0,3,0
1771930055.377,17.6,0.0,45.0,JUNCTION_RIGHT,FATAL DEGRADATION,0.0,3,0
1771930055.444,17.5,0.0,45.0,JUNCTION_RIGHT,FATAL DEGRADATION,0.0,3,0
1771930055.498,16.6,0.0,45.0,JUNCTION_RIGHT,FATAL DEGRADATION,0.0,3,0
1771930056.824,17.3,0.0,45.0,JUNCTION_RIGHT,FATAL DEGRADATION,0.0,3,0
1771930056.916,12.3,0.0,45.0,JUNCTION_RIGHT,FATAL DEGRADATION,0.0,3,0
1771930056.978,11.9,0.0,45.0,JUNCTION_RIGHT,FATAL DEGRADATION,0.0,3,0
1771930057.029,13.2,0.0,45.0,JUNCTION_RIGHT,FATAL DEGRADATION,0.0,3,0
1771930057.08,15.2,0.0,45.0,JUNCTION_RIGHT,FATAL DEGRADATION,0.0,3,0
1771930057.114,16.5,0.0,45.0,JUNCTION_RIGHT,FATAL DEGRADATION,0.0,3,0
1771930057.151,20.2,0.0,45.0,JUNCTION_RIGHT,FATAL DEGRADATION,0.0,3,0
1771930057.187,22.5,0.0,45.0,JUNCTION_RIGHT,FATAL DEGRADATION,0.0,3,0
1771930057.227,24.1,0.0,45.0,JUNCTION_RIGHT,FATAL DEGRADATION,0.0,3,0
1771930057.266,24.3,0.0,45.0,JUNCTION_RIGHT,FATAL DEGRADATION,0.0,3,0
1771930057.305,24.6,0.0,45.0,JUNCTION_RIGHT,FATAL DEGRADATION,0.0,3,0
1771930057.344,25.0,0.0,45.0,JUNCTION_RIGHT,FATAL DEGRADATION,0.0,3,0
1771930057.393,23.4,0.0,45.0,JUNCTION_RIGHT,FATAL DEGRADATION,0.0,3,0
1771930057.43,24.3,0.0,45.0,JUNCTION_RIGHT,FATAL DEGRADATION,0.0,3,0
1771930057.477,25.3,0.0,45.0,JUNCTION_RIGHT,FATAL DEGRADATION,0.0,3,0
1771930057.515,24.0,0.0,45.0,JUNCTION_RIGHT,FATAL DEGRADATION,0.0,3,0
1771930057.575,24.9,0.0,45.0,JUNCTION_RIGHT,FATAL DEGRADATION,0.0,3,0
1771930057.632,22.3,0.0,45.0,JUNCTION_RIGHT,FATAL DEGRADATION,0.0,3,0
1771930057.681,21.0,0.0,45.0,JUNCTION_RIGHT,FATAL DEGRADATION,0.0,3,0
1771930057.741,20.8,0.0,45.0,JUNCTION_RIGHT,FATAL DEGRADATION,0.0,3,0
1771930057.809,19.6,0.0,45.0,JUNCTION_RIGHT,FATAL DEGRADATION,0.0,3,0
1771930057.894,18.0,0.0,45.0,JUNCTION_RIGHT,FATAL DEGRADATION,0.0,3,0
1771930057.97,16.2,0.0,45.0,JUNCTION_RIGHT,FATAL DEGRADATION,0.0,3,0
1771930058.063,15.3,0.0,45.0,JUNCTION_RIGHT,FATAL DEGRADATION,0.0,3,0
1771930058.147,13.9,0.0,45.0,JUNCTION_RIGHT,FATAL DEGRADATION,0.0,3,0
1771930058.209,13.3,0.0,45.0,JUNCTION_RIGHT,FATAL DEGRADATION,0.0,3,0
1771930058.256,14.2,0.0,45.0,JUNCTION_RIGHT,FATAL DEGRADATION,0.0,3,0
1771930058.304,16.5,0.0,45.0,JUNCTION_RIGHT,FATAL DEGRADATION,0.0,3,0
1771930058.346,17.6,0.0,45.0,JUNCTION_RIGHT,FATAL DEGRADATION,0.0,3,0
1771930058.381,19.6,0.0,45.0,JUNCTION_RIGHT,FATAL DEGRADATION,0.0,3,0
1771930058.423,22.4,0.0,45.0,JUNCTION_RIGHT,FATAL DEGRADATION,0.0,3,0
1771930058.459,22.8,0.0,45.0,JUNCTION_RIGHT,FATAL DEGRADATION,0.0,3,0
1771930058.501,24.2,0.0,45.0,JUNCTION_RIGHT,FATAL DEGRADATION,0.0,3,0
1771930058.555,24.1,0.0,45.0,JUNCTION_RIGHT,FATAL DEGRADATION,0.0,3,0
1771930058.611,22.3,0.0,45.0,JUNCTION_RIGHT,FATAL DEGRADATION,0.0,3,0
1771930058.658,21.1,0.0,45.0,JUNCTION_RIGHT,FATAL DEGRADATION,0.0,3,0
1771930058.692,21.2,0.0,45.0,JUNCTION_RIGHT,FATAL DEGRADATION,0.0,3,0
1771930058.738,23.5,0.0,45.0,JUNCTION_RIGHT,FATAL DEGRADATION,0.0,3,0
1771930058.79,23.0,0.0,45.0,JUNCTION_RIGHT,FATAL DEGRADATION,0.0,3,0
1771930058.827,21.9,0.0,45.0,JUNCTION_RIGHT,FATAL DEGRADATION,0.0,3,0
1771930058.871,23.2,0.0,45.0,JUNCTION_RIGHT,FATAL DEGRADATION,0.0,3,0
1771930058.916,23.3,0.0,45.0,JUNCTION_RIGHT,FATAL DEGRADATION,0.0,3,0
1771930058.964,22.8,0.0,45.0,JUNCTION_RIGHT,FATAL DEGRADATION,0.0,3,0
1771930059.003,22.4,0.0,45.0,JUNCTION_RIGHT,FATAL DEGRADATION,0.0,3,0
1771930059.043,22.9,0.0,45.0,JUNCTION_RIGHT,FATAL DEGRADATION,0.0,3,0
1771930059.077,23.8,0.0,45.0,JUNCTION_RIGHT,FATAL DEGRADATION,0.0,3,0
1771930059.115,25.4,0.0,45.0,JUNCTION_RIGHT,FATAL DEGRADATION,0.0,3,0
1771930059.156,25.9,0.0,45.0,JUNCTION_RIGHT,FATAL DEGRADATION,0.0,3,0
1771930059.197,25.4,0.0,45.0,JUNCTION_RIGHT,FATAL DEGRADATION,0.0,3,0
1771930059.236,25.1,0.0,45.0,JUNCTION_RIGHT,FATAL DEGRADATION,0.0,3,0
1771930059.285,25.2,0.0,45.0,JUNCTION_RIGHT,FATAL DEGRADATION,0.0,3,0
1771930059.331,23.8,0.0,45.0,JUNCTION_RIGHT,FATAL DEGRADATION,0.0,3,0
1771930059.371,23.2,0.0,45.0,JUNCTION_RIGHT,FATAL DEGRADATION,0.0,3,0
1771930059.422,23.7,0.0,45.0,JUNCTION_RIGHT,FATAL DEGRADATION,0.0,3,0
1771930059.497,22.3,0.0,45.0,JUNCTION_RIGHT,FATAL DEGRADATION,0.0,3,0
1771930059.536,19.6,0.0,45.0,JUNCTION_RIGHT,FATAL DEGRADATION,0.0,3,0
1771930059.579,21.6,0.0,45.0,JUNCTION_RIGHT,FATAL DEGRADATION,0.0,3,0
1771930059.617,22.0,0.0,45.0,JUNCTION_RIGHT,FATAL DEGRADATION,0.0,3,0
1771930059.651,23.2,0.0,45.0,JUNCTION_RIGHT,FATAL DEGRADATION,0.0,3,0
1771930059.697,25.4,0.0,45.0,JUNCTION_RIGHT,FATAL DEGRADATION,0.0,3,0
1771930059.748,24.3,0.0,45.0,JUNCTION_RIGHT,FATAL DEGRADATION,0.0,3,0
1771930059.788,22.9,0.0,45.0,JUNCTION_RIGHT,FATAL DEGRADATION,0.0,3,0
1771930059.846,23.6,0.0,45.0,JUNCTION_RIGHT,FATAL DEGRADATION,0.0,3,0
1771930059.9,21.6,0.0,45.0,JUNCTION_RIGHT,FATAL DEGRADATION,0.0,3,0
1771930059.938,20.7,0.0,45.0,JUNCTION_RIGHT,FATAL DEGRADATION,0.0,3,0
1771930059.976,22.6,0.0,45.0,JUNCTION_RIGHT,FATAL DEGRADATION,0.0,3,0
1771930060.012,23.6,0.0,45.0,JUNCTION_RIGHT,FATAL DEGRADATION,0.0,3,0
1771930060.052,24.6,0.0,45.0,JUNCTION_RIGHT,FATAL DEGRADATION,0.0,3,0
1771930060.087,24.7,0.0,45.0,JUNCTION_RIGHT,FATAL DEGRADATION,0.0,3,0
1771930060.124,26.0,0.0,45.0,JUNCTION_RIGHT,FATAL DEGRADATION,0.0,3,0
1771930060.158,26.5,0.0,45.0,JUNCTION_RIGHT,FATAL DEGRADATION,0.0,3,0
1771930060.191,27.5,0.0,45.0,JUNCTION_RIGHT,FATAL DEGRADATION,0.0,3,0
1771930060.228,28.1,0.0,45.0,JUNCTION_RIGHT,FATAL DEGRADATION,0.0,3,0
1771930060.263,27.8,0.0,45.0,JUNCTION_RIGHT,FATAL DEGRADATION,0.0,3,0
1771930060.303,28.0,0.0,45.0,JUNCTION_RIGHT,FATAL DEGRADATION,0.0,3,0
1771930060.336,27.3,0.0,45.0,JUNCTION_RIGHT,FATAL DEGRADATION,0.0,3,0
1771930060.376,27.6,0.0,45.0,JUNCTION_RIGHT,FATAL DEGRADATION,0.0,3,0
1771930060.419,26.8,0.0,45.0,JUNCTION_RIGHT,FATAL DEGRADATION,0.0,3,0
1771930060.46,25.8,0.0,45.0,JUNCTION_RIGHT,FATAL DEGRADATION,0.0,3,0
1771930060.535,25.6,0.0,45.0,JUNCTION_RIGHT,FATAL DEGRADATION,0.0,3,0
1771930060.588,21.9,0.0,45.0,JUNCTION_RIGHT,FATAL DEGRADATION,0.0,3,0
1771930060.652,21.0,0.0,45.0,JUNCTION_RIGHT,FATAL DEGRADATION,0.0,3,0
1771930060.741,19.2,0.0,45.0,JUNCTION_RIGHT,FATAL DEGRADATION,0.0,3,0
1771930060.807,16.9,0.0,45.0,JUNCTION_RIGHT,FATAL DEGRADATION,0.0,3,0
1771930060.844,16.4,0.0,45.0,JUNCTION_RIGHT,FATAL DEGRADATION,0.0,3,0
1771930060.894,19.7,0.0,45.0,JUNCTION_RIGHT,FATAL DEGRADATION,0.0,3,0
1771930060.937,19.7,0.0,45.0,JUNCTION_RIGHT,FATAL DEGRADATION,0.0,3,0
1771930060.973,21.0,0.0,45.0,JUNCTION_RIGHT,FATAL DEGRADATION,0.0,3,0
1771930061.033,23.0,0.0,45.0,JUNCTION_RIGHT,FATAL DEGRADATION,0.0,3,0
1771930061.084,21.1,0.0,45.0,JUNCTION_RIGHT,FATAL DEGRADATION,0.0,3,0
1771930061.125,20.7,0.0,45.0,JUNCTION_RIGHT,FATAL DEGRADATION,0.0,3,0
1771930061.232,21.6,0.0,45.0,JUNCTION_RIGHT,FATAL DEGRADATION,0.0,3,0
1771930061.312,17.9,0.0,45.0,JUNCTION_RIGHT,FATAL DEGRADATION,0.0,3,0
1771930061.367,16.4,0.0,45.0,JUNCTION_RIGHT,FATAL DEGRADATION,0.0,3,0
1771930061.402,16.9,0.0,45.0,JUNCTION_RIGHT,FATAL DEGRADATION,0.0,3,0
1771930061.458,20.2,0.0,45.0,JUNCTION_RIGHT,FATAL DEGRADATION,0.0,3,0
1771930061.501,19.4,0.0,45.0,JUNCTION_RIGHT,FATAL DEGRADATION,0.0,3,0
1771930061.546,20.7,0.0,45.0,JUNCTION_RIGHT,FATAL DEGRADATION,0.0,3,0
1771930061.588,21.2,0.0,45.0,JUNCTION_RIGHT,FATAL DEGRADATION,0.0,3,0
1771930061.628,21.7,0.0,45.0,JUNCTION_RIGHT,FATAL DEGRADATION,0.0,3,0
1771930061.663,22.8,0.0,45.0,JUNCTION_RIGHT,FATAL DEGRADATION,0.0,3,0
1771930061.701,24.9,0.0,45.0,JUNCTION_RIGHT,FATAL DEGRADATION,0.0,3,0
1771930061.739,25.0,0.0,45.0,JUNCTION_RIGHT,FATAL DEGRADATION,0.0,3,0
1771930061.775,25.6,0.0,45.0,JUNCTION_RIGHT,FATAL DEGRADATION,0.0,3,0
1771930061.824,26.1,0.0,45.0,JUNCTION_RIGHT,FATAL DEGRADATION,0.0,3,0
1771930061.888,24.4,0.0,45.0,JUNCTION_RIGHT,FATAL DEGRADATION,0.0,3,0
1771930061.927,21.7,0.0,45.0,JUNCTION_RIGHT,FATAL DEGRADATION,0.0,3,0
1771930061.97,23.0,0.0,45.0,JUNCTION_RIGHT,FATAL DEGRADATION,0.0,3,0
1771930062.01,23.2,0.0,45.0,JUNCTION_RIGHT,FATAL DEGRADATION,0.0,3,0
1771930062.047,23.6,0.0,45.0,JUNCTION_RIGHT,FATAL DEGRADATION,0.0,3,0
1771930062.086,24.7,0.0,45.0,JUNCTION_RIGHT,FATAL DEGRADATION,0.0,3,0
1771930062.125,25.1,0.0,45.0,JUNCTION_RIGHT,FATAL DEGRADATION,0.0,3,0
1771930062.163,25.3,0.0,45.0,JUNCTION_RIGHT,FATAL DEGRADATION,0.0,3,0
1771930062.213,25.6,0.0,45.0,JUNCTION_RIGHT,FATAL DEGRADATION,0.0,3,0
1771930062.264,23.9,0.0,45.0,JUNCTION_RIGHT,FATAL DEGRADATION,0.0,3,0
1771930062.3,22.6,0.0,45.0,JUNCTION_RIGHT,FATAL DEGRADATION,0.0,3,0
1771930062.346,23.9,0.0,45.0,JUNCTION_RIGHT,FATAL DEGRADATION,0.0,3,0
1771930062.427,23.3,0.0,45.0,JUNCTION_RIGHT,FATAL DEGRADATION,0.0,3,0
1771930062.486,20.0,0.0,45.0,JUNCTION_RIGHT,FATAL DEGRADATION,0.0,3,0
1771930062.531,19.1,0.0,45.0,JUNCTION_RIGHT,FATAL DEGRADATION,0.0,3,0
1771930062.582,20.0,0.0,45.0,JUNCTION_RIGHT,FATAL DEGRADATION,0.0,3,0
1771930062.653,19.8,0.0,45.0,JUNCTION_RIGHT,FATAL DEGRADATION,0.0,3,0
1771930062.708,18.0,0.0,45.0,JUNCTION_RIGHT,FATAL DEGRADATION,0.0,3,0
1771930062.777,18.2,0.0,45.0,JUNCTION_RIGHT,FATAL DEGRADATION,0.0,3,0
1771930062.833,17.2,0.0,45.0,JUNCTION_RIGHT,FATAL DEGRADATION,0.0,3,0
1771930062.864,17.4,0.0,45.0,JUNCTION_RIGHT,FATAL DEGRADATION,0.0,3,0
1771930062.925,21.5,0.0,45.0,JUNCTION_RIGHT,FATAL DEGRADATION,0.0,3,0
1771930062.978,20.0,0.0,45.0,JUNCTION_RIGHT,FATAL DEGRADATION,0.0,3,0
1771930063.022,19.7,0.0,45.0,JUNCTION_RIGHT,FATAL DEGRADATION,0.0,3,0
1771930063.066,20.7,0.0,45.0,JUNCTION_RIGHT,FATAL DEGRADATION,0.0,3,0
1771930063.107,21.2,0.0,45.0,JUNCTION_RIGHT,FATAL DEGRADATION,0.0,3,0
1771930063.145,22.1,0.0,45.0,JUNCTION_RIGHT,FATAL DEGRADATION,0.0,3,0
1771930063.182,23.2,0.0,45.0,JUNCTION_RIGHT,FATAL DEGRADATION,0.0,3,0
1771930063.217,24.6,0.0,45.0,JUNCTION_RIGHT,FATAL DEGRADATION,0.0,3,0
1771930063.26,25.8,0.0,45.0,JUNCTION_RIGHT,FATAL DEGRADATION,0.0,3,0
1771930063.299,25.0,0.0,45.0,JUNCTION_RIGHT,FATAL DEGRADATION,0.0,3,0
1771930063.333,25.2,0.0,45.0,JUNCTION_RIGHT,FATAL DEGRADATION,0.0,3,0
1771930063.372,26.3,0.0,45.0,JUNCTION_RIGHT,FATAL DEGRADATION,0.0,3,0
1771930063.404,26.3,0.0,45.0,JUNCTION_RIGHT,FATAL DEGRADATION,0.0,3,0
1771930063.444,27.6,0.0,45.0,JUNCTION_RIGHT,FATAL DEGRADATION,0.0,3,0
1771930063.494,27.0,0.0,45.0,JUNCTION_RIGHT,FATAL DEGRADATION,0.0,3,0
1771930063.524,24.9,0.0,45.0,JUNCTION_RIGHT,FATAL DEGRADATION,0.0,3,0
1771930063.563,27.0,0.0,45.0,JUNCTION_RIGHT,FATAL DEGRADATION,0.0,3,0
1771930063.605,26.4,0.0,45.0,JUNCTION_RIGHT,FATAL DEGRADATION,0.0,3,0
1771930063.644,26.0,0.0,45.0,JUNCTION_RIGHT,FATAL DEGRADATION,0.0,3,0
1771930063.682,25.9,0.0,45.0,JUNCTION_RIGHT,FATAL DEGRADATION,0.0,3,0
1771930063.726,25.7,0.0,45.0,JUNCTION_RIGHT,FATAL DEGRADATION,0.0,3,0
1771930063.772,25.0,0.0,45.0,JUNCTION_RIGHT,FATAL DEGRADATION,0.0,3,0
1771930063.832,24.0,0.0,45.0,JUNCTION_RIGHT,FATAL DEGRADATION,0.0,3,0
1771930063.873,21.8,0.0,45.0,JUNCTION_RIGHT,FATAL DEGRADATION,0.0,3,0
1771930063.911,22.5,0.0,45.0,JUNCTION_RIGHT,FATAL DEGRADATION,0.0,3,0
1771930063.948,23.8,0.0,45.0,JUNCTION_RIGHT,FATAL DEGRADATION,0.0,3,0
1771930064.001,24.7,0.0,45.0,JUNCTION_RIGHT,FATAL DEGRADATION,0.0,3,0
1771930064.035,23.0,0.0,45.0,JUNCTION_RIGHT,FATAL DEGRADATION,0.0,3,0
1771930064.08,24.6,0.0,45.0,JUNCTION_RIGHT,FATAL DEGRADATION,0.0,3,0
1771930064.113,24.2,0.0,45.0,JUNCTION_RIGHT,FATAL DEGRADATION,0.0,3,0
1771930064.15,25.4,0.0,45.0,JUNCTION_RIGHT,FATAL DEGRADATION,0.0,3,0
1771930064.2,26.1,0.0,45.0,JUNCTION_RIGHT,FATAL DEGRADATION,0.0,3,0
1771930064.236,24.2,0.0,45.0,JUNCTION_RIGHT,FATAL DEGRADATION,0.0,3,0
1771930064.282,25.7,0.0,45.0,JUNCTION_RIGHT,FATAL DEGRADATION,0.0,3,0
1771930064.335,24.2,0.0,45.0,JUNCTION_RIGHT,FATAL DEGRADATION,0.0,3,0
1771930064.376,22.8,0.0,45.0,JUNCTION_RIGHT,FATAL DEGRADATION,0.0,3,0
1771930064.415,23.4,0.0,45.0,JUNCTION_RIGHT,FATAL DEGRADATION,0.0,3,0
1771930064.452,23.8,0.0,45.0,JUNCTION_RIGHT,FATAL DEGRADATION,0.0,3,0
1771930064.488,24.7,0.0,45.0,JUNCTION_RIGHT,FATAL DEGRADATION,0.0,3,0
1771930064.527,25.7,0.0,45.0,JUNCTION_RIGHT,FATAL DEGRADATION,0.0,3,0
1771930064.566,25.6,0.0,45.0,JUNCTION_RIGHT,FATAL DEGRADATION,0.0,3,0
1771930064.604,25.7,0.0,45.0,JUNCTION_RIGHT,FATAL DEGRADATION,0.0,3,0
1771930064.641,26.0,0.0,45.0,JUNCTION_RIGHT,FATAL DEGRADATION,0.0,3,0
1771930064.679,26.1,0.0,45.0,JUNCTION_RIGHT,FATAL DEGRADATION,0.0,3,0
1771930064.722,26.4,0.0,45.0,JUNCTION_RIGHT,FATAL DEGRADATION,0.0,3,0
1771930064.773,25.5,0.0,45.0,JUNCTION_RIGHT,FATAL DEGRADATION,0.0,3,0
1771930064.815,23.7,0.0,45.0,JUNCTION_RIGHT,FATAL DEGRADATION,0.0,3,0
1771930064.861,23.5,0.0,45.0,JUNCTION_RIGHT,FATAL DEGRADATION,0.0,3,0
1771930064.906,23.2,0.0,45.0,JUNCTION_RIGHT,FATAL DEGRADATION,0.0,3,0
1771930064.947,22.8,0.0,45.0,JUNCTION_RIGHT,FATAL DEGRADATION,0.0,3,0
1771930064.984,23.5,0.0,45.0,JUNCTION_RIGHT,FATAL DEGRADATION,0.0,3,0
1771930065.024,24.4,0.0,45.0,JUNCTION_RIGHT,FATAL DEGRADATION,0.0,3,0
1771930065.071,24.8,0.0,45.0,JUNCTION_RIGHT,FATAL DEGRADATION,0.0,3,0
1771930065.116,23.5,0.0,45.0,JUNCTION_RIGHT,FATAL DEGRADATION,0.0,3,0
1771930065.158,23.2,0.0,45.0,JUNCTION_RIGHT,FATAL DEGRADATION,0.0,3,0
1771930065.195,23.5,0.0,45.0,JUNCTION_RIGHT,FATAL DEGRADATION,0.0,3,0
1771930065.231,24.5,0.0,45.0,JUNCTION_RIGHT,FATAL DEGRADATION,0.0,3,0
1771930065.275,25.4,0.0,45.0,JUNCTION_RIGHT,FATAL DEGRADATION,0.0,3,0
1771930065.308,24.5,0.0,45.0,JUNCTION_RIGHT,FATAL DEGRADATION,0.0,3,0
1771930065.348,26.2,0.0,45.0,JUNCTION_RIGHT,FATAL DEGRADATION,0.0,3,0
1771930065.388,25.8,0.0,45.0,JUNCTION_RIGHT,FATAL DEGRADATION,0.0,3,0
1771930065.428,25.6,0.0,45.0,JUNCTION_RIGHT,FATAL DEGRADATION,0.0,3,0
1771930065.473,25.3,0.0,45.0,JUNCTION_RIGHT,FATAL DEGRADATION,0.0,3,0
1771930065.512,24.7,0.0,45.0,JUNCTION_RIGHT,FATAL DEGRADATION,0.0,3,0
1771930065.558,24.9,0.0,45.0,JUNCTION_RIGHT,FATAL DEGRADATION,0.0,3,0
1771930065.599,23.9,0.0,45.0,JUNCTION_RIGHT,FATAL DEGRADATION,0.0,3,0
1771930065.635,24.0,0.0,45.0,JUNCTION_RIGHT,FATAL DEGRADATION,0.0,3,0
1771930065.679,25.0,0.0,45.0,JUNCTION_RIGHT,FATAL DEGRADATION,0.0,3,0
1771930065.724,24.4,0.0,45.0,JUNCTION_RIGHT,FATAL DEGRADATION,0.0,3,0
1771930065.779,23.8,0.0,45.0,JUNCTION_RIGHT,FATAL DEGRADATION,0.0,3,0
1771930065.815,22.1,0.0,45.0,JUNCTION_RIGHT,FATAL DEGRADATION,0.0,3,0
1771930065.857,23.7,0.0,45.0,JUNCTION_RIGHT,FATAL DEGRADATION,0.0,3,0
1771930065.9,23.7,0.0,45.0,JUNCTION_RIGHT,FATAL DEGRADATION,0.0,3,0
1771930065.946,23.6,0.0,45.0,JUNCTION_RIGHT,FATAL DEGRADATION,0.0,3,0
1771930065.977,23.2,0.0,45.0,JUNCTION_RIGHT,FATAL DEGRADATION,0.0,3,0
1771930066.011,25.8,0.0,45.0,JUNCTION_RIGHT,FATAL DEGRADATION,0.0,3,0
1771930066.049,26.8,0.0,45.0,JUNCTION_RIGHT,FATAL DEGRADATION,0.0,3,0
1771930066.092,26.4,0.0,45.0,JUNCTION_RIGHT,FATAL DEGRADATION,0.0,3,0
1771930066.148,25.5,0.0,45.0,JUNCTION_RIGHT,FATAL DEGRADATION,0.0,3,0
1771930066.191,23.3,0.0,45.0,JUNCTION_RIGHT,FATAL DEGRADATION,0.0,3,0
1771930066.234,23.3,0.0,45.0,JUNCTION_RIGHT,FATAL DEGRADATION,0.0,3,0
1771930066.286,23.1,0.0,45.0,JUNCTION_RIGHT,FATAL DEGRADATION,0.0,3,0
1771930066.328,22.0,0.0,45.0,JUNCTION_RIGHT,FATAL DEGRADATION,0.0,3,0
1771930066.373,22.5,0.0,45.0,JUNCTION_RIGHT,FATAL DEGRADATION,0.0,3,0
1771930066.423,22.6,0.0,45.0,JUNCTION_RIGHT,FATAL DEGRADATION,0.0,3,0
1771930066.47,21.7,0.0,45.0,JUNCTION_RIGHT,FATAL DEGRADATION,0.0,3,0
1771930066.505,21.7,0.0,45.0,JUNCTION_RIGHT,FATAL DEGRADATION,0.0,3,0
1771930066.542,23.7,0.0,45.0,JUNCTION_RIGHT,FATAL DEGRADATION,0.0,3,0
1771930066.579,24.6,0.0,45.0,JUNCTION_RIGHT,FATAL DEGRADATION,0.0,3,0
1771930066.615,25.5,0.0,45.0,JUNCTION_RIGHT,FATAL DEGRADATION,0.0,3,0
1771930066.655,26.2,0.0,45.0,JUNCTION_RIGHT,FATAL DEGRADATION,0.0,3,0
1771930066.695,25.7,0.0,45.0,JUNCTION_RIGHT,FATAL DEGRADATION,0.0,3,0
1771930066.732,25.4,0.0,45.0,JUNCTION_RIGHT,FATAL DEGRADATION,0.0,3,0
1771930066.774,26.1,0.0,45.0,JUNCTION_RIGHT,FATAL DEGRADATION,0.0,3,0
1771930066.817,25.5,0.0,45.0,JUNCTION_RIGHT,FATAL DEGRADATION,0.0,3,0
1771930066.854,24.6,0.0,45.0,JUNCTION_RIGHT,FATAL DEGRADATION,0.0,3,0
1771930066.915,25.3,0.0,45.0,JUNCTION_RIGHT,FATAL DEGRADATION,0.0,3,0
1771930067.015,22.6,0.0,45.0,JUNCTION_RIGHT,FATAL DEGRADATION,0.0,3,0
1771930067.065,18.8,0.0,45.0,JUNCTION_RIGHT,FATAL DEGRADATION,0.0,3,0
1771930067.123,19.4,0.0,45.0,JUNCTION_RIGHT,FATAL DEGRADATION,0.0,3,0
1771930067.209,18.6,0.0,45.0,JUNCTION_RIGHT,FATAL DEGRADATION,0.0,3,0
1771930067.26,16.5,0.0,45.0,JUNCTION_RIGHT,FATAL DEGRADATION,0.0,3,0
1771930067.322,17.4,0.0,45.0,JUNCTION_RIGHT,FATAL DEGRADATION,0.0,3,0
1771930067.37,17.1,0.0,45.0,JUNCTION_RIGHT,FATAL DEGRADATION,0.0,3,0
1771930067.422,18.2,0.0,45.0,JUNCTION_RIGHT,FATAL DEGRADATION,0.0,3,0
1771930067.51,18.4,0.0,45.0,JUNCTION_RIGHT,FATAL DEGRADATION,0.0,3,0
1771930067.561,16.3,0.0,45.0,JUNCTION_RIGHT,FATAL DEGRADATION,0.0,3,0
1771930068.288,17.4,0.0,45.0,JUNCTION_RIGHT,FATAL DEGRADATION,0.0,3,0
1771930068.35,12.6,0.0,45.0,JUNCTION_RIGHT,FATAL DEGRADATION,0.0,3,0
1771930068.39,13.6,0.0,45.0,JUNCTION_RIGHT,FATAL DEGRADATION,0.0,3,0
1771930068.434,16.9,0.0,45.0,JUNCTION_RIGHT,FATAL DEGRADATION,0.0,3,0
1771930068.478,18.7,0.0,45.0,JUNCTION_RIGHT,FATAL DEGRADATION,0.0,3,0
1771930068.519,19.8,0.0,45.0,JUNCTION_RIGHT,FATAL DEGRADATION,0.0,3,0
1771930068.557,21.4,0.0,45.0,JUNCTION_RIGHT,FATAL DEGRADATION,0.0,3,0
1771930068.594,22.8,0.0,45.0,JUNCTION_RIGHT,FATAL DEGRADATION,0.0,3,0
1771930068.634,24.2,0.0,45.0,JUNCTION_RIGHT,FATAL DEGRADATION,0.0,3,0
1771930068.671,24.3,0.0,45.0,JUNCTION_RIGHT,FATAL DEGRADATION,0.0,3,0
1771930068.707,25.2,0.0,45.0,JUNCTION_RIGHT,FATAL DEGRADATION,0.0,3,0
1771930068.747,25.7,0.0,45.0,JUNCTION_RIGHT,FATAL DEGRADATION,0.0,3,0
1771930068.791,25.5,0.0,45.0,JUNCTION_RIGHT,FATAL DEGRADATION,0.0,3,0
1771930068.844,24.9,0.0,45.0,JUNCTION_RIGHT,FATAL DEGRADATION,0.0,3,0
1771930068.882,23.1,0.0,45.0,JUNCTION_RIGHT,FATAL DEGRADATION,0.0,3,0
1771930068.951,23.9,0.0,45.0,JUNCTION_RIGHT,FATAL DEGRADATION,0.0,3,0
1771930068.988,21.1,0.0,45.0,JUNCTION_RIGHT,FATAL DEGRADATION,0.0,3,0
1771930069.036,22.9,0.0,45.0,JUNCTION_RIGHT,FATAL DEGRADATION,0.0,3,0
1771930069.08,22.1,0.0,45.0,JUNCTION_RIGHT,FATAL DEGRADATION,0.0,3,0
1771930069.118,22.4,0.0,45.0,JUNCTION_RIGHT,FATAL DEGRADATION,0.0,3,0
1771930069.155,23.5,0.0,45.0,JUNCTION_RIGHT,FATAL DEGRADATION,0.0,3,0
1771930069.194,24.6,0.0,45.0,JUNCTION_RIGHT,FATAL DEGRADATION,0.0,3,0
1771930069.233,25.0,0.0,45.0,JUNCTION_RIGHT,FATAL DEGRADATION,0.0,3,0
1771930069.272,25.2,0.0,45.0,JUNCTION_RIGHT,FATAL DEGRADATION,0.0,3,0
1771930069.317,25.3,0.0,45.0,JUNCTION_RIGHT,FATAL DEGRADATION,0.0,3,0
1771930069.368,24.3,0.0,45.0,JUNCTION_RIGHT,FATAL DEGRADATION,0.0,3,0
1771930069.415,22.9,0.0,45.0,JUNCTION_RIGHT,FATAL DEGRADATION,0.0,3,0
1771930069.456,22.5,0.0,45.0,JUNCTION_RIGHT,FATAL DEGRADATION,0.0,3,0
1771930069.49,23.0,0.0,45.0,JUNCTION_RIGHT,FATAL DEGRADATION,0.0,3,0
1771930069.531,24.7,0.0,45.0,JUNCTION_RIGHT,FATAL DEGRADATION,0.0,3,0
1771930069.572,24.6,0.0,45.0,JUNCTION_RIGHT,FATAL DEGRADATION,0.0,3,0
1771930069.611,24.6,0.0,45.0,JUNCTION_RIGHT,FATAL DEGRADATION,0.0,3,0
1771930069.648,25.0,0.0,45.0,JUNCTION_RIGHT,FATAL DEGRADATION,0.0,3,0
1771930069.69,25.7,0.0,45.0,JUNCTION_RIGHT,FATAL DEGRADATION,0.0,3,0
1771930069.724,25.2,0.0,45.0,JUNCTION_RIGHT,FATAL DEGRADATION,0.0,3,0
1771930069.766,26.3,0.0,45.0,JUNCTION_RIGHT,FATAL DEGRADATION,0.0,3,0
1771930069.803,25.7,0.0,45.0,JUNCTION_RIGHT,FATAL DEGRADATION,0.0,3,0
1771930069.849,25.8,0.0,45.0,JUNCTION_RIGHT,FATAL DEGRADATION,0.0,3,0
1771930069.893,24.7,0.0,45.0,JUNCTION_RIGHT,FATAL DEGRADATION,0.0,3,0
1771930069.933,24.0,0.0,45.0,JUNCTION_RIGHT,FATAL DEGRADATION,0.0,3,0
1771930069.978,24.3,0.0,45.0,JUNCTION_RIGHT,FATAL DEGRADATION,0.0,3,0
1771930070.011,23.8,0.0,45.0,JUNCTION_RIGHT,FATAL DEGRADATION,0.0,3,0
1771930070.059,25.5,0.0,45.0,JUNCTION_RIGHT,FATAL DEGRADATION,0.0,3,0
1771930070.119,24.2,0.0,45.0,JUNCTION_RIGHT,FATAL DEGRADATION,0.0,3,0
1771930070.174,21.9,0.0,45.0,JUNCTION_RIGHT,FATAL DEGRADATION,0.0,3,0
1771930070.217,20.9,0.0,45.0,JUNCTION_RIGHT,FATAL DEGRADATION,0.0,3,0
1771930070.255,21.4,0.0,45.0,JUNCTION_RIGHT,FATAL DEGRADATION,0.0,3,0
1771930070.291,23.0,0.0,45.0,JUNCTION_RIGHT,FATAL DEGRADATION,0.0,3,0
1771930070.328,24.2,0.0,45.0,JUNCTION_RIGHT,FATAL DEGRADATION,0.0,3,0
1771930070.368,25.3,0.0,45.0,JUNCTION_RIGHT,FATAL DEGRADATION,0.0,3,0
1771930070.412,25.3,0.0,45.0,JUNCTION_RIGHT,FATAL DEGRADATION,0.0,3,0
1771930070.448,24.5,0.0,45.0,JUNCTION_RIGHT,FATAL DEGRADATION,0.0,3,0
1771930070.491,25.2,0.0,45.0,JUNCTION_RIGHT,FATAL DEGRADATION,0.0,3,0
1771930070.531,24.6,0.0,45.0,JUNCTION_RIGHT,FATAL DEGRADATION,0.0,3,0
1771930070.569,25.0,0.0,45.0,JUNCTION_RIGHT,FATAL DEGRADATION,0.0,3,0
1771930070.635,25.3,0.0,45.0,JUNCTION_RIGHT,FATAL DEGRADATION,0.0,3,0
1771930070.7,22.2,0.0,45.0,JUNCTION_RIGHT,FATAL DEGRADATION,0.0,3,0
1771930070.75,20.2,0.0,45.0,JUNCTION_RIGHT,FATAL DEGRADATION,0.0,3,0
1771930070.805,20.2,0.0,45.0,JUNCTION_RIGHT,FATAL DEGRADATION,0.0,3,0
1771930070.846,19.6,0.0,45.0,JUNCTION_RIGHT,FATAL DEGRADATION,0.0,3,0
1771930070.884,21.0,0.0,45.0,JUNCTION_RIGHT,FATAL DEGRADATION,0.0,3,0
1771930070.925,22.6,0.0,45.0,JUNCTION_RIGHT,FATAL DEGRADATION,0.0,3,0
1771930070.962,22.9,0.0,45.0,JUNCTION_RIGHT,FATAL DEGRADATION,0.0,3,0
1771930071.005,24.3,0.0,45.0,JUNCTION_RIGHT,FATAL DEGRADATION,0.0,3,0
1771930071.045,24.1,0.0,45.0,JUNCTION_RIGHT,FATAL DEGRADATION,0.0,3,0
1771930071.081,24.3,0.0,45.0,JUNCTION_RIGHT,FATAL DEGRADATION,0.0,3,0
1771930071.13,25.2,0.0,45.0,JUNCTION_RIGHT,FATAL DEGRADATION,0.0,3,0
1771930071.176,23.9,0.0,45.0,JUNCTION_RIGHT,FATAL DEGRADATION,0.0,3,0
1771930071.223,22.9,0.0,45.0,JUNCTION_RIGHT,FATAL DEGRADATION,0.0,3,0
1771930071.284,22.6,0.0,45.0,JUNCTION_RIGHT,FATAL DEGRADATION,0.0,3,0
1771930071.325,20.8,0.0,45.0,JUNCTION_RIGHT,FATAL DEGRADATION,0.0,3,0
1771930071.372,21.6,0.0,45.0,JUNCTION_RIGHT,FATAL DEGRADATION,0.0,3,0
1771930071.412,21.6,0.0,45.0,JUNCTION_RIGHT,FATAL DEGRADATION,0.0,3,0
1771930071.455,22.6,0.0,45.0,JUNCTION_RIGHT,FATAL DEGRADATION,0.0,3,0
1771930071.506,22.9,0.0,45.0,JUNCTION_RIGHT,FATAL DEGRADATION,0.0,3,0
1771930071.544,21.9,0.0,45.0,JUNCTION_RIGHT,FATAL DEGRADATION,0.0,3,0
1771930071.591,23.0,0.0,45.0,JUNCTION_RIGHT,FATAL DEGRADATION,0.0,3,0
1771930071.672,22.5,0.0,45.0,JUNCTION_RIGHT,FATAL DEGRADATION,0.0,3,0
1771930071.761,19.5,0.0,45.0,JUNCTION_RIGHT,FATAL DEGRADATION,0.0,3,0
1771930071.803,17.0,0.0,45.0,JUNCTION_RIGHT,FATAL DEGRADATION,0.0,3,0
1771930071.848,19.1,0.0,45.0,JUNCTION_RIGHT,FATAL DEGRADATION,0.0,3,0
1771930071.897,20.0,0.0,45.0,JUNCTION_RIGHT,FATAL DEGRADATION,0.0,3,0
1771930071.954,20.1,0.0,45.0,JUNCTION_RIGHT,FATAL DEGRADATION,0.0,3,0
1771930072.017,19.3,0.0,45.0,JUNCTION_RIGHT,FATAL DEGRADATION,0.0,3,0
1771930072.104,18.4,0.0,45.0,JUNCTION_RIGHT,FATAL DEGRADATION,0.0,3,0
1771930072.156,16.2,0.0,45.0,JUNCTION_RIGHT,FATAL DEGRADATION,0.0,3,0
1771930072.208,17.3,0.0,45.0,JUNCTION_RIGHT,FATAL DEGRADATION,0.0,3,0
1771930072.267,17.7,0.0,45.0,JUNCTION_RIGHT,FATAL DEGRADATION,0.0,3,0
1771930072.305,17.5,0.0,45.0,JUNCTION_RIGHT,FATAL DEGRADATION,0.0,3,0
1771930072.348,20.4,0.0,45.0,JUNCTION_RIGHT,FATAL DEGRADATION,0.0,3,0
1771930072.39,21.1,0.0,45.0,JUNCTION_RIGHT,FATAL DEGRADATION,0.0,3,0
1771930072.435,22.0,0.0,45.0,JUNCTION_RIGHT,FATAL DEGRADATION,0.0,3,0
1771930072.483,22.1,0.0,45.0,JUNCTION_RIGHT,FATAL DEGRADATION,0.0,3,0
1771930072.519,21.8,0.0,45.0,JUNCTION_RIGHT,FATAL DEGRADATION,0.0,3,0
1771930072.566,23.3,0.0,45.0,JUNCTION_RIGHT,FATAL DEGRADATION,0.0,3,0
1771930072.604,22.9,0.0,45.0,JUNCTION_RIGHT,FATAL DEGRADATION,0.0,3,0
1771930072.643,23.9,0.0,45.0,JUNCTION_RIGHT,FATAL DEGRADATION,0.0,3,0
1771930072.678,24.4,0.0,45.0,JUNCTION_RIGHT,FATAL DEGRADATION,0.0,3,0
1771930072.716,25.6,0.0,45.0,JUNCTION_RIGHT,FATAL DEGRADATION,0.0,3,0
1771930072.759,25.8,0.0,45.0,JUNCTION_RIGHT,FATAL DEGRADATION,0.0,3,0
1771930072.798,25.0,0.0,45.0,JUNCTION_RIGHT,FATAL DEGRADATION,0.0,3,0
1771930072.835,25.2,0.0,45.0,JUNCTION_RIGHT,FATAL DEGRADATION,0.0,3,0
1771930072.881,25.4,0.0,45.0,JUNCTION_RIGHT,FATAL DEGRADATION,0.0,3,0
1771930072.921,24.6,0.0,45.0,JUNCTION_RIGHT,FATAL DEGRADATION,0.0,3,0
1771930072.959,24.7,0.0,45.0,JUNCTION_RIGHT,FATAL DEGRADATION,0.0,3,0
1771930073.007,25.1,0.0,45.0,JUNCTION_RIGHT,FATAL DEGRADATION,0.0,3,0
1771930073.193,23.7,0.0,45.0,JUNCTION_RIGHT,FATAL DEGRADATION,0.0,3,0
1771930073.256,18.2,0.0,45.0,JUNCTION_RIGHT,FATAL DEGRADATION,0.0,3,0
1771930073.315,17.5,0.0,45.0,JUNCTION_RIGHT,FATAL DEGRADATION,0.0,3,0
1771930073.36,17.4,0.0,45.0,JUNCTION_RIGHT,FATAL DEGRADATION,0.0,3,0
1771930073.41,18.7,0.0,45.0,JUNCTION_RIGHT,FATAL DEGRADATION,0.0,3,0
1771930073.45,19.2,0.0,45.0,JUNCTION_RIGHT,FATAL DEGRADATION,0.0,3,0
1771930073.497,21.1,0.0,45.0,JUNCTION_RIGHT,FATAL DEGRADATION,0.0,3,0
1771930073.543,21.0,0.0,45.0,JUNCTION_RIGHT,FATAL DEGRADATION,0.0,3,0
1771930073.588,21.2,0.0,45.0,JUNCTION_RIGHT,FATAL DEGRADATION,0.0,3,0
1771930073.638,21.6,0.0,45.0,JUNCTION_RIGHT,FATAL DEGRADATION,0.0,3,0
1771930073.68,21.1,0.0,45.0,JUNCTION_RIGHT,FATAL DEGRADATION,0.0,3,0
1771930073.717,22.1,0.0,45.0,JUNCTION_RIGHT,FATAL DEGRADATION,0.0,3,0
1771930073.756,23.6,0.0,45.0,JUNCTION_RIGHT,FATAL DEGRADATION,0.0,3,0
1771930073.8,23.8,0.0,45.0,JUNCTION_RIGHT,FATAL DEGRADATION,0.0,3,0
1771930073.838,23.5,0.0,45.0,JUNCTION_RIGHT,FATAL DEGRADATION,0.0,3,0
1771930073.873,24.8,0.0,45.0,JUNCTION_RIGHT,FATAL DEGRADATION,0.0,3,0
1771930073.91,25.8,0.0,45.0,JUNCTION_RIGHT,FATAL DEGRADATION,0.0,3,0
1771930073.947,26.2,0.0,45.0,JUNCTION_RIGHT,FATAL DEGRADATION,0.0,3,0
1771930073.984,26.3,0.0,45.0,JUNCTION_RIGHT,FATAL DEGRADATION,0.0,3,0
1771930074.022,26.6,0.0,45.0,JUNCTION_RIGHT,FATAL DEGRADATION,0.0,3,0
1771930074.065,26.6,0.0,45.0,JUNCTION_RIGHT,FATAL DEGRADATION,0.0,3,0
1771930074.101,25.6,0.0,45.0,JUNCTION_RIGHT,FATAL DEGRADATION,0.0,3,0
1771930074.139,26.0,0.0,45.0,JUNCTION_RIGHT,FATAL DEGRADATION,0.0,3,0
1771930074.176,26.1,0.0,45.0,JUNCTION_RIGHT,FATAL DEGRADATION,0.0,3,0
1771930074.224,26.5,0.0,45.0,JUNCTION_RIGHT,FATAL DEGRADATION,0.0,3,0
1771930074.268,24.7,0.0,45.0,JUNCTION_RIGHT,FATAL DEGRADATION,0.0,3,0
1771930074.301,24.1,0.0,45.0,JUNCTION_RIGHT,FATAL DEGRADATION,0.0,3,0
1771930074.344,26.1,0.0,45.0,JUNCTION_RIGHT,FATAL DEGRADATION,0.0,3,0
1771930074.405,25.4,0.0,45.0,JUNCTION_RIGHT,FATAL DEGRADATION,0.0,3,0
1771930074.445,22.6,0.0,45.0,JUNCTION_RIGHT,FATAL DEGRADATION,0.0,3,0
1771930074.486,23.3,0.0,45.0,JUNCTION_RIGHT,FATAL DEGRADATION,0.0,3,0
1771930074.519,23.7,0.0,45.0,JUNCTION_RIGHT,FATAL DEGRADATION,0.0,3,0
1771930074.556,25.7,0.0,45.0,JUNCTION_RIGHT,FATAL DEGRADATION,0.0,3,0
1771930074.595,26.1,0.0,45.0,JUNCTION_RIGHT,FATAL DEGRADATION,0.0,3,0
1771930074.632,25.7,0.0,45.0,JUNCTION_RIGHT,FATAL DEGRADATION,0.0,3,0
1771930074.671,26.0,0.0,45.0,JUNCTION_RIGHT,FATAL DEGRADATION,0.0,3,0
1771930074.709,26.0,0.0,45.0,JUNCTION_RIGHT,FATAL DEGRADATION,0.0,3,0
1771930074.745,26.0,0.0,45.0,JUNCTION_RIGHT,FATAL DEGRADATION,0.0,3,0
1771930074.787,26.7,0.0,45.0,JUNCTION_RIGHT,FATAL DEGRADATION,0.0,3,0
1771930074.825,25.8,0.0,45.0,JUNCTION_RIGHT,FATAL DEGRADATION,0.0,3,0
1771930074.863,26.2,0.0,45.0,JUNCTION_RIGHT,FATAL DEGRADATION,0.0,3,0
1771930074.91,26.0,0.0,45.0,JUNCTION_RIGHT,FATAL DEGRADATION,0.0,3,0
1771930074.951,24.8,0.0,45.0,JUNCTION_RIGHT,FATAL DEGRADATION,0.0,3,0
1771930074.989,24.6,0.0,45.0,JUNCTION_RIGHT,FATAL DEGRADATION,0.0,3,0
1771930075.031,25.0,0.0,45.0,JUNCTION_RIGHT,FATAL DEGRADATION,0.0,3,0
1771930075.071,24.4,0.0,45.0,JUNCTION_RIGHT,FATAL DEGRADATION,0.0,3,0
1771930075.117,24.9,0.0,45.0,JUNCTION_RIGHT,FATAL DEGRADATION,0.0,3,0
1771930075.153,24.0,0.0,45.0,JUNCTION_RIGHT,FATAL DEGRADATION,0.0,3,0
1771930075.191,25.0,0.0,45.0,JUNCTION_RIGHT,FATAL DEGRADATION,0.0,3,0
1771930075.231,25.6,0.0,45.0,JUNCTION_RIGHT,FATAL DEGRADATION,0.0,3,0
1771930075.269,25.3,0.0,45.0,JUNCTION_RIGHT,FATAL DEGRADATION,0.0,3,0
1771930075.321,25.6,0.0,45.0,JUNCTION_RIGHT,FATAL DEGRADATION,0.0,3,0
1771930075.37,23.6,0.0,45.0,JUNCTION_RIGHT,FATAL DEGRADATION,0.0,3,0
1771930075.434,22.7,0.0,45.0,JUNCTION_RIGHT,FATAL DEGRADATION,0.0,3,0
1771930075.51,20.5,0.0,45.0,JUNCTION_RIGHT,FATAL DEGRADATION,0.0,3,0
1771930075.545,18.4,0.0,45.0,JUNCTION_RIGHT,FATAL DEGRADATION,0.0,3,0
1771930075.578,21.3,0.0,45.0,JUNCTION_RIGHT,FATAL DEGRADATION,0.0,3,0
1771930075.613,24.3,0.0,45.0,JUNCTION_RIGHT,FATAL DEGRADATION,0.0,3,0
1771930075.651,25.4,0.0,45.0,JUNCTION_RIGHT,FATAL DEGRADATION,0.0,3,0
1771930075.688,25.7,0.0,45.0,JUNCTION_RIGHT,FATAL DEGRADATION,0.0,3,0
1771930075.731,26.1,0.0,45.0,JUNCTION_RIGHT,FATAL DEGRADATION,0.0,3,0
1771930075.772,25.2,0.0,45.0,JUNCTION_RIGHT,FATAL DEGRADATION,0.0,3,0
1771930075.83,25.2,0.0,45.0,JUNCTION_RIGHT,FATAL DEGRADATION,0.0,3,0
1771930075.887,22.7,0.0,45.0,JUNCTION_RIGHT,FATAL DEGRADATION,0.0,3,0
1771930075.935,21.3,0.0,45.0,JUNCTION_RIGHT,FATAL DEGRADATION,0.0,3,0
1771930075.982,21.0,0.0,45.0,JUNCTION_RIGHT,FATAL DEGRADATION,0.0,3,0
1771930076.016,21.0,0.0,45.0,JUNCTION_RIGHT,FATAL DEGRADATION,0.0,3,0
1771930076.056,24.1,0.0,45.0,JUNCTION_RIGHT,FATAL DEGRADATION,0.0,3,0
1771930076.091,24.1,0.0,45.0,JUNCTION_RIGHT,FATAL DEGRADATION,0.0,3,0
1771930076.129,25.7,0.0,45.0,JUNCTION_RIGHT,FATAL DEGRADATION,0.0,3,0
1771930076.165,25.7,0.0,45.0,JUNCTION_RIGHT,FATAL DEGRADATION,0.0,3,0
1771930076.247,26.6,0.0,45.0,JUNCTION_RIGHT,FATAL DEGRADATION,0.0,3,0
1771930076.345,22.2,0.0,45.0,JUNCTION_RIGHT,FATAL DEGRADATION,0.0,3,0
1771930076.415,18.6,0.0,45.0,JUNCTION_RIGHT,FATAL DEGRADATION,0.0,3,0
1771930076.488,17.4,0.0,45.0,JUNCTION_RIGHT,FATAL DEGRADATION,0.0,3,0
1771930076.555,16.2,0.0,45.0,JUNCTION_RIGHT,FATAL DEGRADATION,0.0,3,0
1771930076.606,15.9,0.0,45.0,JUNCTION_RIGHT,FATAL DEGRADATION,0.0,3,0
1771930076.65,17.1,0.0,45.0,JUNCTION_RIGHT,FATAL DEGRADATION,0.0,3,0
1771930076.689,18.7,0.0,45.0,JUNCTION_RIGHT,FATAL DEGRADATION,0.0,3,0
1771930076.73,20.9,0.0,45.0,JUNCTION_RIGHT,FATAL DEGRADATION,0.0,3,0
1771930076.807,21.7,0.0,45.0,JUNCTION_RIGHT,FATAL DEGRADATION,0.0,3,0
1771930076.865,19.1,0.0,45.0,JUNCTION_RIGHT,FATAL DEGRADATION,0.0,3,0
1771930076.92,18.6,0.0,45.0,JUNCTION_RIGHT,FATAL DEGRADATION,0.0,3,0
1771930076.962,18.5,0.0,45.0,JUNCTION_RIGHT,FATAL DEGRADATION,0.0,3,0
1771930077.013,20.2,0.0,45.0,JUNCTION_RIGHT,FATAL DEGRADATION,0.0,3,0
1771930077.052,20.0,0.0,45.0,JUNCTION_RIGHT,FATAL DEGRADATION,0.0,3,0
1771930077.09,21.4,0.0,45.0,JUNCTION_RIGHT,FATAL DEGRADATION,0.0,3,0
1771930077.131,23.0,0.0,45.0,JUNCTION_RIGHT,FATAL DEGRADATION,0.0,3,0
1771930077.179,23.4,0.0,45.0,JUNCTION_RIGHT,FATAL DEGRADATION,0.0,3,0
1771930077.218,22.8,0.0,45.0,JUNCTION_RIGHT,FATAL DEGRADATION,0.0,3,0
1771930077.256,23.5,0.0,45.0,JUNCTION_RIGHT,FATAL DEGRADATION,0.0,3,0
1771930077.301,24.5,0.0,45.0,JUNCTION_RIGHT,FATAL DEGRADATION,0.0,3,0
1771930077.355,23.7,0.0,45.0,JUNCTION_RIGHT,FATAL DEGRADATION,0.0,3,0
1771930077.396,22.2,0.0,45.0,JUNCTION_RIGHT,FATAL DEGRADATION,0.0,3,0
1771930077.439,22.7,0.0,45.0,JUNCTION_RIGHT,FATAL DEGRADATION,0.0,3,0
1771930077.479,22.9,0.0,45.0,JUNCTION_RIGHT,FATAL DEGRADATION,0.0,3,0
1771930077.525,23.7,0.0,45.0,JUNCTION_RIGHT,FATAL DEGRADATION,0.0,3,0
1771930077.592,23.0,0.0,45.0,JUNCTION_RIGHT,FATAL DEGRADATION,0.0,3,0
1771930077.641,20.6,0.0,45.0,JUNCTION_RIGHT,FATAL DEGRADATION,0.0,3,0
1771930077.682,20.4,0.0,45.0,JUNCTION_RIGHT,FATAL DEGRADATION,0.0,3,0
1771930077.72,21.9,0.0,45.0,JUNCTION_RIGHT,FATAL DEGRADATION,0.0,3,0
1771930077.758,22.8,0.0,45.0,JUNCTION_RIGHT,FATAL DEGRADATION,0.0,3,0
1771930077.798,24.3,0.0,45.0,JUNCTION_RIGHT,FATAL DEGRADATION,0.0,3,0
1771930077.839,24.5,0.0,45.0,JUNCTION_RIGHT,FATAL DEGRADATION,0.0,3,0
1771930077.882,24.3,0.0,45.0,JUNCTION_RIGHT,FATAL DEGRADATION,0.0,3,0
1771930077.922,23.9,0.0,45.0,JUNCTION_RIGHT,FATAL DEGRADATION,0.0,3,0
1771930077.976,24.4,0.0,45.0,JUNCTION_RIGHT,FATAL DEGRADATION,0.0,3,0
1771930078.018,22.6,0.0,45.0,JUNCTION_RIGHT,FATAL DEGRADATION,0.0,3,0
