timestamp,fps,speed,steering,nav_state,traffic_state,curvature,degradation_level,estop
1771934098.46,0.0,0.0,0.0,NORMAL,FATAL DEGRADATION,0.0,3,0
1771934098.633,0.1,0.0,0.0,NORMAL,FATAL DEGRADATION,0.0,3,0
1771934098.817,1.8,0.0,0.0,NORMAL,FATAL DEGRADATION,0.0,3,0
1771934098.961,2.9,0.0,0.0,NORMAL,FATAL DEGRADATION,0.0,3,0
1771934099.132,4.1,0.0,0.0,JUNCTION_PROMPT,FATAL DEGRADATION,0.0,3,0
1771934099.266,4.6,0.0,0.0,JUNCTION_RIGHT,FATAL DEGRADATION,0.0,3,0
1771934099.419,5.5,0.0,0.0,JUNCTION_RIGHT,FATAL DEGRADATION,0.0,3,0
1771934099.562,5.8,0.0,0.0,JUNCTION_RIGHT,FATAL DEGRADATION,0.0,3,0
1771934099.731,6.1,0.0,0.0,JUNCTION_RIGHT,FATAL DEGRADATION,0.0,3,0
1771934099.919,6.1,0.0,0.0,JUNCTION_RIGHT,FATAL DEGRADATION,0.0,3,0
1771934099.988,5.8,0.0,0.0,JUNCTION_RIGHT,FATAL DEGRADATION,0.0,3,0
1771934100.053,8.5,0.0,0.0,JUNCTION_RIGHT,FATAL DEGRADATION,0.0,3,0
1771934100.16,10.5,0.0,0.0,JUNCTION_RIGHT,FATAL DEGRADATION,0.0,3,0
1771934100.228,10.2,0.0,0.0,JUNCTION_RIGHT,FATAL DEGRADATION,0.0,3,0
1771934100.29,11.6,0.0,0.0,JUNCTION_RIGHT,FATAL DEGRADATION,0.0,3,0
1771934100.349,12.9,0.0,0.0,JUNCTION_RIGHT,FATAL DEGRADATION,0.0,3,0
1771934100.393,14.2,0.0,0.0,JUNCTION_RIGHT,FATAL DEGRADATION,0.0,3,0
1771934100.445,16.6,0.0,0.0,JUNCTION_RIGHT,FATAL DEGRADATION,0.0,3,0
1771934100.502,17.5,0.0,0.0,JUNCTION_RIGHT,FATAL DEGRADATION,0.0,3,0
1771934100.552,17.3,0.0,0.0,JUNCTION_RIGHT,FATAL DEGRADATION,0.0,3,0
1771934100.613,18.3,0.0,0.0,JUNCTION_RIGHT,FATAL DEGRADATION,0.0,3,0
1771934100.681,17.8,0.0,0.0,JUNCTION_RIGHT,FATAL DEGRADATION,0.0,3,0
1771934100.745,16.8,0.0,0.0,JUNCTION_RIGHT,FATAL DEGRADATION,0.0,3,0
1771934100.811,16.5,0.0,0.0,JUNCTION_RIGHT,FATAL DEGRADATION,0.0,3,0
1771934100.857,16.1,0.0,0.0,JUNCTION_RIGHT,FATAL DEGRADATION,0.0,3,0
1771934100.9,17.8,0.0,0.0,JUNCTION_RIGHT,FATAL DEGRADATION,0.0,3,0
1771934100.951,19.4,0.0,0.0,JUNCTION_RIGHT,FATAL DEGRADATION,0.0,3,0
1771934100.993,19.5,0.0,0.0,JUNCTION_RIGHT,FATAL DEGRADATION,0.0,3,0
1771934101.045,20.7,0.0,0.0,JUNCTION_RIGHT,FATAL DEGRADATION,0.0,3,0
1771934101.095,20.2,0.0,0.0,JUNCTION_RIGHT,FATAL DEGRADATION,0.0,3,0
1771934101.199,20.1,0.0,0.0,JUNCTION_RIGHT,FATAL DEGRADATION,0.0,3,0
1771934101.344,17.0,0.0,0.0,JUNCTION_RIGHT,FATAL DEGRADATION,0.0,3,0
1771934101.459,13.9,0.0,0.0,JUNCTION_RIGHT,FATAL DEGRADATION,0.0,3,0
1771934101.546,12.4,0.0,0.0,JUNCTION_RIGHT,FATAL DEGRADATION,0.0,3,0
1771934101.628,12.1,0.0,0.0,JUNCTION_RIGHT,FATAL DEGRADATION,0.0,3,0
1771934101.742,12.1,0.0,0.0,JUNCTION_RIGHT,FATAL DEGRADATION,0.0,3,0
1771934101.808,11.1,0.0,0.0,JUNCTION_RIGHT,FATAL DEGRADATION,0.0,3,0
1771934101.86,12.3,0.0,0.0,JUNCTION_RIGHT,FATAL DEGRADATION,0.0,3,0
1771934101.907,14.3,0.0,0.0,JUNCTION_RIGHT,FATAL DEGRADATION,0.0,3,0
1771934101.961,16.6,0.0,0.0,JUNCTION_RIGHT,FATAL DEGRADATION,0.0,3,0
1771934102.012,17.1,0.0,0.0,JUNCTION_RIGHT,FATAL DEGRADATION,0.0,3,0
1771934102.062,17.9,0.0,0.0,JUNCTION_RIGHT,FATAL DEGRADATION,0.0,3,0
1771934102.124,18.5,0.0,0.0,JUNCTION_RIGHT,FATAL DEGRADATION,0.0,3,0
1771934102.179,17.8,0.0,0.0,JUNCTION_RIGHT,FATAL DEGRADATION,0.0,3,0
1771934102.257,17.9,0.0,0.0,JUNCTION_RIGHT,FATAL DEGRADATION,0.0,3,0
1771934102.325,16.4,0.0,0.0,JUNCTION_RIGHT,FATAL DEGRADATION,0.0,3,0
1771934102.414,15.9,0.0,0.0,JUNCTION_RIGHT,FATAL DEGRADATION,0.0,3,0
1771934102.518,14.4,0.0,45.0,JUNCTION_RIGHT,FATAL DEGRADATION,0.0,3,0
1771934102.597,13.0,0.0,45.0,JUNCTION_RIGHT,FATAL DEGRADATION,0.0,3,0
1771934102.644,12.9,0.0,45.0,JUNCTION_RIGHT,FATAL DEGRADATION,0.0,3,0
1771934102.69,15.5,0.0,45.0,JUNCTION_RIGHT,FATAL DEGRADATION,0.0,3,0
1771934102.733,17.4,0.0,45.0,JUNCTION_RIGHT,FATAL DEGRADATION,0.0,3,0
1771934102.777,19.1,0.0,45.0,JUNCTION_RIGHT,FATAL DEGRADATION,0.0,3,0
1771934102.822,20.1,0.0,45.0,JUNCTION_RIGHT,FATAL DEGRADATION,0.0,3,0
1771934102.866,20.9,0.0,45.0,JUNCTION_RIGHT,FATAL DEGRADATION,0.0,3,0
1771934102.912,21.5,0.0,45.0,JUNCTION_RIGHT,FATAL DEGRADATION,0.0,3,0
1771934102.997,21.5,0.0,45.0,JUNCTION_RIGHT,FATAL DEGRADATION,0.0,3,0
1771934103.102,18.5,0.0,45.0,JUNCTION_RIGHT,FATAL DEGRADATION,0.0,3,0
1771934103.156,15.9,0.0,45.0,JUNCTION_RIGHT,FATAL DEGRADATION,0.0,3,0
1771934103.193,16.6,0.0,45.0,JUNCTION_RIGHT,FATAL DEGRADATION,0.0,3,0
1771934103.25,19.3,0.0,45.0,JUNCTION_RIGHT,FATAL DEGRADATION,0.0,3,0
1771934103.303,19.0,0.0,45.0,JUNCTION_RIGHT,FATAL DEGRADATION,0.0,3,0
1771934103.364,18.9,0.0,45.0,JUNCTION_RIGHT,FATAL DEGRADATION,0.0,3,0
1771934103.442,18.3,0.0,45.0,JUNCTION_RIGHT,FATAL DEGRADATION,0.0,3,0
1771934103.533,16.6,0.0,45.0,JUNCTION_RIGHT,FATAL DEGRADATION,0.0,3,0
1771934103.594,14.9,0.0,45.0,JUNCTION_RIGHT,FATAL DEGRADATION,0.0,3,0
1771934103.652,15.4,0.0,45.0,JUNCTION_RIGHT,FATAL DEGRADATION,0.0,3,0
1771934103.736,16.0,0.0,45.0,JUNCTION_RIGHT,FATAL DEGRADATION,0.0,3,0
1771934103.871,14.8,0.0,45.0,JUNCTION_RIGHT,FATAL DEGRADATION,0.0,3,0
1771934103.981,12.6,0.0,45.0,JUNCTION_RIGHT,FATAL DEGRADATION,0.0,3,0
1771934104.096,11.5,0.0,45.0,JUNCTION_RIGHT,FATAL DEGRADATION,0.0,3,0
1771934104.165,10.7,0.0,45.0,JUNCTION_RIGHT,FATAL DEGRADATION,0.0,3,0
1771934104.269,11.8,0.0,45.0,JUNCTION_RIGHT,FATAL DEGRADATION,0.0,3,0
1771934104.329,11.2,0.0,45.0,JUNCTION_RIGHT,FATAL DEGRADATION,0.0,3,0
1771934104.428,12.8,0.0,45.0,JUNCTION_RIGHT,FATAL DEGRADATION,0.0,3,0
1771934104.544,12.0,0.0,45.0,JUNCTION_RIGHT,FATAL DEGRADATION,0.0,3,0
1771934104.635,11.0,0.0,45.0,JUNCTION_RIGHT,FATAL DEGRADATION,0.0,3,0
1771934104.689,11.0,0.0,45.0,JUNCTION_RIGHT,FATAL DEGRADATION,0.0,3,0
1771934104.778,13.2,0.0,45.0,JUNCTION_RIGHT,FATAL DEGRADATION,0.0,3,0
1771934104.866,12.6,0.0,45.0,JUNCTION_RIGHT,FATAL DEGRADATION,0.0,3,0
1771934104.957,12.2,0.0,45.0,JUNCTION_RIGHT,FATAL DEGRADATION,0.0,3,0
1771934105.015,11.9,0.0,45.0,JUNCTION_RIGHT,FATAL DEGRADATION,0.0,3,0
1771934105.135,13.5,0.0,45.0,JUNCTION_RIGHT,FATAL DEGRADATION,0.0,3,0
1771934105.213,11.9,0.0,45.0,JUNCTION_RIGHT,FATAL DEGRADATION,0.0,3,0
1771934105.343,12.2,0.0,45.0,JUNCTION_RIGHT,FATAL DEGRADATION,0.0,3,0
1771934105.404,10.9,0.0,45.0,JUNCTION_RIGHT,FATAL DEGRADATION,0.0,3,0
1771934105.506,12.6,0.0,45.0,JUNCTION_RIGHT,FATAL DEGRADATION,0.0,3,0
1771934105.558,11.7,0.0,45.0,JUNCTION_RIGHT,FATAL DEGRADATION,0.0,3,0
1771934105.656,13.9,0.0,45.0,JUNCTION_RIGHT,FATAL DEGRADATION,0.0,3,0
1771934105.765,12.7,0.0,45.0,JUNCTION_RIGHT,FATAL DEGRADATION,0.0,3,0
1771934105.866,11.7,0.0,45.0,JUNCTION_RIGHT,FATAL DEGRADATION,0.0,3,0
1771934105.969,11.1,0.0,45.0,JUNCTION_RIGHT,FATAL DEGRADATION,0.0,3,0
1771934106.137,10.7,0.0,45.0,JUNCTION_RIGHT,FATAL DEGRADATION,0.0,3,0
1771934106.214,9.3,0.0,45.0,JUNCTION_RIGHT,FATAL DEGRADATION,0.0,3,0
1771934106.363,10.4,0.0,45.0,JUNCTION_RIGHT,FATAL DEGRADATION,0.0,3,0
1771934106.456,9.3,0.0,45.0,JUNCTION_RIGHT,FATAL DEGRADATION,0.0,3,0
1771934106.592,9.8,0.0,45.0,JUNCTION_RIGHT,FATAL DEGRADATION,0.0,3,0
1771934106.694,9.0,0.0,45.0,JUNCTION_RIGHT,FATAL DEGRADATION,0.0,3,0
1771934106.839,9.3,0.0,45.0,JUNCTION_RIGHT,FATAL DEGRADATION,0.0,3,0
1771934106.913,8.6,0.0,45.0,JUNCTION_RIGHT,FATAL DEGRADATION,0.0,3,0
1771934107.022,10.1,0.0,45.0,JUNCTION_RIGHT,FATAL DEGRADATION,0.0,3,0
1771934107.106,9.8,0.0,45.0,JUNCTION_RIGHT,FATAL DEGRADATION,0.0,3,0
1771934107.235,10.4,0.0,45.0,JUNCTION_RIGHT,FATAL DEGRADATION,0.0,3,0
1771934107.309,9.6,0.0,45.0,JUNCTION_RIGHT,FATAL DEGRADATION,0.0,3,0
1771934107.416,10.8,0.0,45.0,JUNCTION_RIGHT,FATAL DEGRADATION,0.0,3,0
1771934107.483,10.3,0.0,45.0,JUNCTION_RIGHT,FATAL DEGRADATION,0.0,3,0
1771934107.59,11.8,0.0,45.0,JUNCTION_RIGHT,FATAL DEGRADATION,0.0,3,0
1771934107.661,11.0,0.0,45.0,JUNCTION_RIGHT,FATAL DEGRADATION,0.0,3,0
1771934107.775,12.0,0.0,45.0,JUNCTION_RIGHT,FATAL DEGRADATION,0.0,3,0
1771934107.844,11.0,0.0,45.0,JUNCTION_RIGHT,FATAL DEGRADATION,0.0,3,0
1771934107.954,12.1,0.0,45.0,JUNCTION_RIGHT,FATAL DEGRADATION,0.0,3,0
1771934108.031,11.2,0.0,45.0,JUNCTION_RIGHT,FATAL DEGRADATION,0.0,3,0
1771934108.146,11.7,0.0,45.0,JUNCTION_RIGHT,FATAL DEGRADATION,0.0,3,0
1771934108.204,10.8,0.0,45.0,JUNCTION_RIGHT,FATAL DEGRADATION,0.0,3,0
1771934108.311,12.7,0.0,45.0,JUNCTION_RIGHT,FATAL DEGRADATION,0.0,3,0
1771934108.38,11.7,0.0,45.0,JUNCTION_RIGHT,FATAL DEGRADATION,0.0,3,0
1771934108.512,12.5,0.0,45.0,JUNCTION_RIGHT,FATAL DEGRADATION,0.0,3,0
1771934108.58,11.0,0.0,45.0,JUNCTION_RIGHT,FATAL DEGRADATION,0.0,3,0
1771934108.691,12.1,0.0,45.0,JUNCTION_RIGHT,FATAL DEGRADATION,0.0,3,0
1771934108.777,11.2,0.0,45.0,JUNCTION_RIGHT,FATAL DEGRADATION,0.0,3,0
1771934109.08,11.3,0.0,45.0,JUNCTION_RIGHT,FATAL DEGRADATION,0.0,3,0
1771934109.158,8.9,0.0,45.0,JUNCTION_RIGHT,FATAL DEGRADATION,0.0,3,0
1771934109.245,10.0,0.0,45.0,JUNCTION_RIGHT,FATAL DEGRADATION,0.0,3,0
1771934109.291,10.5,0.0,45.0,JUNCTION_RIGHT,FATAL DEGRADATION,0.0,3,0
1771934109.362,13.8,0.0,45.0,JUNCTION_RIGHT,FATAL DEGRADATION,0.0,3,0
1771934109.447,13.9,0.0,45.0,JUNCTION_RIGHT,FATAL DEGRADATION,0.0,3,0
1771934109.526,13.3,0.0,45.0,JUNCTION_RIGHT,FATAL DEGRADATION,0.0,3,0
1771934109.611,13.0,0.0,45.0,JUNCTION_RIGHT,FATAL DEGRADATION,0.0,3,0
1771934109.697,12.7,0.0,45.0,JUNCTION_RIGHT,FATAL DEGRADATION,0.0,3,0
1771934109.802,12.4,0.0,45.0,JUNCTION_RIGHT,FATAL DEGRADATION,0.0,3,0
1771934109.924,11.5,0.0,45.0,JUNCTION_RIGHT,FATAL DEGRADATION,0.0,3,0
1771934109.997,10.5,0.0,45.0,JUNCTION_RIGHT,FATAL DEGRADATION,0.0,3,0
1771934110.092,11.6,0.0,45.0,JUNCTION_RIGHT,FATAL DEGRADATION,0.0,3,0
1771934110.149,11.2,0.0,45.0,JUNCTION_RIGHT,FATAL DEGRADATION,0.0,3,0
1771934110.248,13.1,0.0,45.0,JUNCTION_RIGHT,FATAL DEGRADATION,0.0,3,0
1771934110.666,12.2,0.0,45.0,JUNCTION_RIGHT,FATAL DEGRADATION,0.0,3,0
1771934110.828,9.2,0.0,45.0,JUNCTION_RIGHT,FATAL DEGRADATION,0.0,3,0
1771934111.042,8.4,0.0,45.0,JUNCTION_RIGHT,FATAL DEGRADATION,0.0,3,0
1771934111.319,7.3,0.0,45.0,JUNCTION_RIGHT,FATAL DEGRADATION,0.0,3,0
1771934111.472,6.2,0.0,45.0,JUNCTION_RIGHT,FATAL DEGRADATION,0.0,3,0
1771934111.639,6.3,0.0,45.0,JUNCTION_RIGHT,FATAL DEGRADATION,0.0,3,0
1771934111.766,6.2,0.0,45.0,JUNCTION_RIGHT,FATAL DEGRADATION,0.0,3,0
1771934112.087,6.7,0.0,45.0,JUNCTION_RIGHT,FATAL DEGRADATION,0.0,3,0
1771934112.262,5.6,0.0,45.0,JUNCTION_RIGHT,FATAL DEGRADATION,0.0,3,0
1771934112.494,5.6,0.0,45.0,JUNCTION_RIGHT,FATAL DEGRADATION,0.0,3,0
1771934112.612,5.2,0.0,45.0,JUNCTION_RIGHT,FATAL DEGRADATION,0.0,3,0
1771934112.776,6.2,0.0,45.0,JUNCTION_RIGHT,FATAL DEGRADATION,0.0,3,0
1771934112.893,6.2,0.0,45.0,JUNCTION_RIGHT,FATAL DEGRADATION,0.0,3,0
1771934113.094,6.9,0.0,45.0,JUNCTION_RIGHT,FATAL DEGRADATION,0.0,3,0
1771934113.213,6.3,0.0,45.0,JUNCTION_RIGHT,FATAL DEGRADATION,0.0,3,0
1771934113.406,7.0,0.0,45.0,JUNCTION_RIGHT,FATAL DEGRADATION,0.0,3,0
1771934113.539,6.4,0.0,45.0,JUNCTION_RIGHT,FATAL DEGRADATION,0.0,3,0
1771934113.723,6.8,0.0,45.0,JUNCTION_RIGHT,FATAL DEGRADATION,0.0,3,0
1771934113.842,6.4,0.0,45.0,JUNCTION_RIGHT,FATAL DEGRADATION,0.0,3,0
1771934114.023,7.0,0.0,45.0,JUNCTION_RIGHT,FATAL DEGRADATION,0.0,3,0
1771934114.175,6.5,0.0,45.0,JUNCTION_RIGHT,FATAL DEGRADATION,0.0,3,0
1771934114.366,6.5,0.0,45.0,JUNCTION_RIGHT,FATAL DEGRADATION,0.0,3,0
1771934114.477,6.1,0.0,45.0,JUNCTION_RIGHT,FATAL DEGRADATION,0.0,3,0
1771934114.664,7.1,0.0,45.0,JUNCTION_RIGHT,FATAL DEGRADATION,0.0,3,0
1771934114.784,6.6,0.0,45.0,JUNCTION_RIGHT,FATAL DEGRADATION,0.0,3,0
1771934114.969,7.1,0.0,45.0,JUNCTION_RIGHT,FATAL DEGRADATION,0.0,3,0
1771934115.095,6.5,0.0,45.0,JUNCTION_RIGHT,FATAL DEGRADATION,0.0,3,0
1771934115.306,7.0,0.0,45.0,JUNCTION_RIGHT,FATAL DEGRADATION,0.0,3,0
1771934115.421,6.3,0.0,45.0,JUNCTION_RIGHT,FATAL DEGRADATION,0.0,3,0
1771934115.614,7.1,0.0,45.0,JUNCTION_RIGHT,FATAL DEGRADATION,0.0,3,0
1771934115.74,6.5,0.0,45.0,JUNCTION_RIGHT,FATAL DEGRADATION,0.0,3,0
1771934115.936,6.9,0.0,45.0,JUNCTION_RIGHT,FATAL DEGRADATION,0.0,3,0
1771934116.049,6.4,0.0,45.0,JUNCTION_RIGHT,FATAL DEGRADATION,0.0,3,0
1771934116.244,7.1,0.0,45.0,JUNCTION_RIGHT,FATAL DEGRADATION,0.0,3,0
1771934116.373,6.5,0.0,45.0,JUNCTION_RIGHT,FATAL DEGRADATION,0.0,3,0
1771934116.593,6.7,0.0,45.0,JUNCTION_RIGHT,FATAL DEGRADATION,0.0,3,0
1771934116.732,6.1,0.0,45.0,JUNCTION_RIGHT,FATAL DEGRADATION,0.0,3,0
1771934117.018,6.4,0.0,45.0,JUNCTION_RIGHT,FATAL DEGRADATION,0.0,3,0
1771934117.163,5.6,0.0,45.0,JUNCTION_RIGHT,FATAL DEGRADATION,0.0,3,0
1771934117.409,5.9,0.0,45.0,JUNCTION_RIGHT,FATAL DEGRADATION,0.0,3,0
1771934117.526,5.4,0.0,45.0,JUNCTION_RIGHT,FATAL DEGRADATION,0.0,3,0
1771934117.705,6.3,0.0,45.0,JUNCTION_RIGHT,FATAL DEGRADATION,0.0,3,0
1771934117.816,6.1,0.0,45.0,JUNCTION_RIGHT,FATAL DEGRADATION,0.0,3,0
1771934117.995,7.0,0.0,45.0,JUNCTION_RIGHT,FATAL DEGRADATION,0.0,3,0
1771934118.116,6.6,0.0,45.0,JUNCTION_RIGHT,FATAL DEGRADATION,0.0,3,0
1771934118.297,7.0,0.0,45.0,JUNCTION_RIGHT,FATAL DEGRADATION,0.0,3,0
1771934118.438,6.6,0.0,45.0,JUNCTION_RIGHT,FATAL DEGRADATION,0.0,3,0
1771934118.634,6.7,0.0,45.0,JUNCTION_RIGHT,FATAL DEGRADATION,0.0,3,0
1771934118.752,6.3,0.0,45.0,JUNCTION_RIGHT,FATAL DEGRADATION,0.0,3,0
1771934118.995,6.9,0.0,45.0,JUNCTION_RIGHT,FATAL DEGRADATION,0.0,3,0
1771934119.276,6.0,0.0,45.0,JUNCTION_RIGHT,FATAL DEGRADATION,0.0,3,0
1771934119.867,5.3,0.0,45.0,JUNCTION_RIGHT,FATAL DEGRADATION,0.0,3,0
1771934119.975,4.2,0.0,45.0,JUNCTION_RIGHT,FATAL DEGRADATION,0.0,3,0
1771934120.156,5.7,0.0,45.0,JUNCTION_RIGHT,FATAL DEGRADATION,0.0,3,0
1771934120.263,5.7,0.0,45.0,JUNCTION_RIGHT,FATAL DEGRADATION,0.0,3,0
1771934120.519,6.8,0.0,45.0,JUNCTION_RIGHT,FATAL DEGRADATION,0.0,3,0
1771934120.643,5.9,0.0,45.0,JUNCTION_RIGHT,FATAL DEGRADATION,0.0,3,0
1771934120.807,6.5,0.0,45.0,JUNCTION_RIGHT,FATAL DEGRADATION,0.0,3,0
1771934120.915,6.4,0.0,45.0,JUNCTION_RIGHT,FATAL DEGRADATION,0.0,3,0
1771934121.069,7.3,0.0,45.0,JUNCTION_RIGHT,FATAL DEGRADATION,0.0,3,0
1771934121.178,7.1,0.0,45.0,JUNCTION_RIGHT,FATAL DEGRADATION,0.0,3,0
1771934121.329,7.7,0.0,45.0,JUNCTION_RIGHT,FATAL DEGRADATION,0.0,3,0
1771934121.436,7.4,0.0,45.0,JUNCTION_RIGHT,FATAL DEGRADATION,0.0,3,0
1771934121.617,7.9,0.0,45.0,JUNCTION_RIGHT,FATAL DEGRADATION,0.0,3,0
1771934121.725,7.2,0.0,45.0,JUNCTION_RIGHT,FATAL DEGRADATION,0.0,3,0
1771934121.886,7.8,0.0,45.0,JUNCTION_RIGHT,FATAL DEGRADATION,0.0,3,0
1771934122.003,7.3,0.0,45.0,JUNCTION_RIGHT,FATAL DEGRADATION,0.0,3,0
1771934122.16,7.7,0.0,45.0,JUNCTION_RIGHT,FATAL DEGRADATION,0.0,3,0
1771934122.263,7.3,0.0,45.0,JUNCTION_RIGHT,FATAL DEGRADATION,0.0,3,0
1771934122.42,8.0,0.0,45.0,JUNCTION_RIGHT,FATAL DEGRADATION,0.0,3,0
1771934122.523,7.5,0.0,45.0,JUNCTION_RIGHT,FATAL DEGRADATION,0.0,3,0
1771934122.676,8.2,0.0,45.0,JUNCTION_RIGHT,FATAL DEGRADATION,0.0,3,0
1771934122.783,7.7,0.0,45.0,JUNCTION_RIGHT,FATAL DEGRADATION,0.0,3,0
1771934122.95,8.2,0.0,45.0,JUNCTION_RIGHT,FATAL DEGRADATION,0.0,3,0
1771934123.052,7.5,0.0,45.0,JUNCTION_RIGHT,FATAL DEGRADATION,0.0,3,0
1771934123.191,8.2,0.0,45.0,JUNCTION_RIGHT,FATAL DEGRADATION,0.0,3,0
1771934123.284,7.9,0.0,45.0,JUNCTION_RIGHT,FATAL DEGRADATION,0.0,3,0
1771934123.439,8.8,0.0,45.0,JUNCTION_RIGHT,FATAL DEGRADATION,0.0,3,0
1771934123.541,8.1,0.0,45.0,JUNCTION_RIGHT,FATAL DEGRADATION,0.0,3,0
1771934123.716,8.5,0.0,45.0,JUNCTION_RIGHT,FATAL DEGRADATION,0.0,3,0
1771934123.819,7.7,0.0,45.0,JUNCTION_RIGHT,FATAL DEGRADATION,0.0,3,0
1771934123.961,8.3,0.0,45.0,JUNCTION_RIGHT,FATAL DEGRADATION,0.0,3,0
1771934124.069,7.9,0.0,45.0,JUNCTION_RIGHT,FATAL DEGRADATION,0.0,3,0
1771934124.239,8.3,0.0,45.0,JUNCTION_RIGHT,FATAL DEGRADATION,0.0,3,0
1771934124.342,7.6,0.0,45.0,JUNCTION_RIGHT,FATAL DEGRADATION,0.0,3,0
1771934124.514,8.2,0.0,45.0,JUNCTION_RIGHT,FATAL DEGRADATION,0.0,3,0
1771934124.619,7.5,0.0,45.0,JUNCTION_RIGHT,FATAL DEGRADATION,0.0,3,0
1771934124.802,8.1,0.0,45.0,JUNCTION_RIGHT,FATAL DEGRADATION,0.0,3,0
1771934124.909,7.3,0.0,45.0,JUNCTION_RIGHT,FATAL DEGRADATION,0.0,3,0
1771934125.065,7.9,0.0,45.0,JUNCTION_RIGHT,FATAL DEGRADATION,0.0,3,0
1771934125.167,7.5,0.0,45.0,JUNCTION_RIGHT,FATAL DEGRADATION,0.0,3,0
1771934125.333,8.2,0.0,45.0,JUNCTION_RIGHT,FATAL DEGRADATION,0.0,3,0
1771934125.44,7.5,0.0,45.0,JUNCTION_RIGHT,FATAL DEGRADATION,0.0,3,0
1771934125.582,8.1,0.0,45.0,JUNCTION_RIGHT,FATAL DEGRADATION,0.0,3,0
1771934125.686,7.7,0.0,45.0,JUNCTION_RIGHT,FATAL DEGRADATION,0.0,3,0
1771934125.858,8.4,0.0,45.0,JUNCTION_RIGHT,FATAL DEGRADATION,0.0,3,0
1771934125.964,7.6,0.0,45.0,JUNCTION_RIGHT,FATAL DEGRADATION,0.0,3,0
1771934126.12,8.2,0.0,45.0,JUNCTION_RIGHT,FATAL DEGRADATION,0.0,3,0
1771934126.237,7.7,0.0,45.0,JUNCTION_RIGHT,FATAL DEGRADATION,0.0,3,0
1771934126.413,8.0,0.0,45.0,JUNCTION_RIGHT,FATAL DEGRADATION,0.0,3,0
1771934126.53,7.3,0.0,45.0,JUNCTION_RIGHT,FATAL DEGRADATION,0.0,3,0
1771934126.697,7.7,0.0,45.0,JUNCTION_RIGHT,FATAL DEGRADATION,0.0,3,0
1771934126.79,7.2,0.0,45.0,JUNCTION_RIGHT,FATAL DEGRADATION,0.0,3,0
1771934126.963,8.2,0.0,45.0,JUNCTION_RIGHT,FATAL DEGRADATION,0.0,3,0
1771934127.06,7.5,0.0,45.0,JUNCTION_RIGHT,FATAL DEGRADATION,0.0,3,0
1771934127.203,8.3,0.0,45.0,JUNCTION_RIGHT,FATAL DEGRADATION,0.0,3,0
1771934127.308,7.9,0.0,45.0,JUNCTION_RIGHT,FATAL DEGRADATION,0.0,3,0
1771934127.464,8.4,0.0,45.0,JUNCTION_RIGHT,FATAL DEGRADATION,0.0,3,0
1771934127.566,7.8,0.0,45.0,JUNCTION_RIGHT,FATAL DEGRADATION,0.0,3,0
1771934127.718,8.4,0.0,45.0,JUNCTION_RIGHT,FATAL DEGRADATION,0.0,3,0
1771934127.81,7.9,0.0,45.0,JUNCTION_RIGHT,FATAL DEGRADATION,0.0,3,0
1771934127.971,8.8,0.0,45.0,JUNCTION_RIGHT,FATAL DEGRADATION,0.0,3,0
1771934128.07,8.0,0.0,45.0,JUNCTION_RIGHT,FATAL DEGRADATION,0.0,3,0
1771934128.227,8.6,0.0,45.0,JUNCTION_RIGHT,FATAL DEGRADATION,0.0,3,0
1771934128.32,7.9,0.0,45.0,JUNCTION_RIGHT,FATAL DEGRADATION,0.0,3,0
1771934128.472,8.8,0.0,45.0,JUNCTION_RIGHT,FATAL DEGRADATION,0.0,3,0
1771934128.579,8.1,0.0,45.0,JUNCTION_RIGHT,FATAL DEGRADATION,0.0,3,0
1771934128.738,8.5,0.0,45.0,JUNCTION_RIGHT,FATAL DEGRADATION,0.0,3,0
1771934128.841,7.8,0.0,45.0,JUNCTION_RIGHT,FATAL DEGRADATION,0.0,3,0
1771934129.097,8.4,0.0,45.0,JUNCTION_RIGHT,FATAL DEGRADATION,0.0,3,0
1771934129.25,7.0,0.0,45.0,JUNCTION_RIGHT,FATAL DEGRADATION,0.0,3,0
1771934129.427,6.9,0.0,45.0,JUNCTION_RIGHT,FATAL DEGRADATION,0.0,3,0
1771934129.534,6.5,0.0,45.0,JUNCTION_RIGHT,FATAL DEGRADATION,0.0,3,0
1771934129.708,7.4,0.0,45.0,JUNCTION_RIGHT,FATAL DEGRADATION,0.0,3,0
1771934129.825,6.9,0.0,45.0,JUNCTION_RIGHT,FATAL DEGRADATION,0.0,3,0
1771934129.991,7.4,0.0,45.0,JUNCTION_RIGHT,FATAL DEGRADATION,0.0,3,0
1771934130.096,7.0,0.0,45.0,JUNCTION_RIGHT,FATAL DEGRADATION,0.0,3,0
1771934130.245,7.8,0.0,45.0,JUNCTION_RIGHT,FATAL DEGRADATION,0.0,3,0
1771934130.387,7.4,0.0,45.0,JUNCTION_RIGHT,FATAL DEGRADATION,0.0,3,0
1771934130.534,7.3,0.0,45.0,JUNCTION_RIGHT,FATAL DEGRADATION,0.0,3,0
1771934130.627,7.2,0.0,45.0,JUNCTION_RIGHT,FATAL DEGRADATION,0.0,3,0
1771934130.785,8.2,0.0,45.0,JUNCTION_RIGHT,FATAL DEGRADATION,0.0,3,0
1771934130.89,7.6,0.0,45.0,JUNCTION_RIGHT,FATAL DEGRADATION,0.0,3,0
1771934131.072,8.3,0.0,45.0,JUNCTION_RIGHT,FATAL DEGRADATION,0.0,3,0
1771934131.217,7.4,0.0,45.0,JUNCTION_RIGHT,FATAL DEGRADATION,0.0,3,0
1771934131.392,7.2,0.0,45.0,JUNCTION_RIGHT,FATAL DEGRADATION,0.0,3,0
1771934131.501,6.8,0.0,45.0,JUNCTION_RIGHT,FATAL DEGRADATION,0.0,3,0
1771934131.66,7.5,0.0,45.0,JUNCTION_RIGHT,FATAL DEGRADATION,0.0,3,0
1771934131.726,7.2,0.0,45.0,JUNCTION_RIGHT,FATAL DEGRADATION,0.0,3,0
1771934131.887,9.5,0.0,45.0,JUNCTION_RIGHT,FATAL DEGRADATION,0.0,3,0
1771934131.993,8.5,0.0,45.0,JUNCTION_RIGHT,FATAL DEGRADATION,0.0,3,0
1771934132.156,8.8,0.0,45.0,JUNCTION_RIGHT,FATAL DEGRADATION,0.0,3,0
1771934132.251,8.0,0.0,45.0,JUNCTION_RIGHT,FATAL DEGRADATION,0.0,3,0
1771934132.394,8.8,0.0,45.0,JUNCTION_RIGHT,FATAL DEGRADATION,0.0,3,0
1771934132.499,8.2,0.0,45.0,JUNCTION_RIGHT,FATAL DEGRADATION,0.0,3,0
1771934132.654,8.6,0.0,45.0,JUNCTION_RIGHT,FATAL DEGRADATION,0.0,3,0
1771934132.757,8.0,0.0,45.0,JUNCTION_RIGHT,FATAL DEGRADATION,0.0,3,0
1771934132.919,8.5,0.0,45.0,JUNCTION_RIGHT,FATAL DEGRADATION,0.0,3,0
1771934133.047,7.8,0.0,45.0,JUNCTION_RIGHT,FATAL DEGRADATION,0.0,3,0
1771934133.208,7.8,0.0,45.0,JUNCTION_RIGHT,FATAL DEGRADATION,0.0,3,0
1771934133.307,7.3,0.0,45.0,JUNCTION_RIGHT,FATAL DEGRADATION,0.0,3,0
1771934133.464,8.2,0.0,45.0,JUNCTION_RIGHT,FATAL DEGRADATION,0.0,3,0
1771934133.552,7.6,0.0,45.0,JUNCTION_RIGHT,FATAL DEGRADATION,0.0,3,0
1771934133.714,8.8,0.0,45.0,JUNCTION_RIGHT,FATAL DEGRADATION,0.0,3,0
1771934133.841,8.0,0.0,45.0,JUNCTION_RIGHT,FATAL DEGRADATION,0.0,3,0
1771934134.003,8.0,0.0,45.0,JUNCTION_RIGHT,FATAL DEGRADATION,0.0,3,0
1771934134.115,7.4,0.0,45.0,JUNCTION_RIGHT,FATAL DEGRADATION,0.0,3,0
1771934134.265,7.9,0.0,45.0,JUNCTION_RIGHT,FATAL DEGRADATION,0.0,3,0
1771934134.372,7.5,0.0,45.0,JUNCTION_RIGHT,FATAL DEGRADATION,0.0,3,0
1771934134.532,8.1,0.0,45.0,JUNCTION_RIGHT,FATAL DEGRADATION,0.0,3,0
1771934134.634,7.5,0.0,45.0,JUNCTION_RIGHT,FATAL DEGRADATION,0.0,3,0
1771934134.794,8.2,0.0,45.0,JUNCTION_RIGHT,FATAL DEGRADATION,0.0,3,0
1771934134.893,7.6,0.0,45.0,JUNCTION_RIGHT,FATAL DEGRADATION,0.0,3,0
1771934135.046,8.4,0.0,45.0,JUNCTION_RIGHT,FATAL DEGRADATION,0.0,3,0
1771934135.153,7.8,0.0,45.0,JUNCTION_RIGHT,FATAL DEGRADATION,0.0,3,0
1771934135.309,8.3,0.0,45.0,JUNCTION_RIGHT,FATAL DEGRADATION,0.0,3,0
1771934135.428,7.7,0.0,45.0,JUNCTION_RIGHT,FATAL DEGRADATION,0.0,3,0
1771934135.604,7.9,0.0,45.0,JUNCTION_RIGHT,FATAL DEGRADATION,0.0,3,0
1771934135.72,7.2,0.0,45.0,JUNCTION_RIGHT,FATAL DEGRADATION,0.0,3,0
1771934135.932,7.7,0.0,45.0,JUNCTION_RIGHT,FATAL DEGRADATION,0.0,3,0
1771934136.019,6.8,0.0,45.0,JUNCTION_RIGHT,FATAL DEGRADATION,0.0,3,0
1771934136.173,8.3,0.0,45.0,JUNCTION_RIGHT,FATAL DEGRADATION,0.0,3,0
1771934136.284,7.8,0.0,45.0,JUNCTION_RIGHT,FATAL DEGRADATION,0.0,3,0
1771934136.462,8.1,0.0,45.0,JUNCTION_RIGHT,FATAL DEGRADATION,0.0,3,0
1771934136.573,7.4,0.0,45.0,JUNCTION_RIGHT,FATAL DEGRADATION,0.0,3,0
1771934136.74,7.8,0.0,45.0,JUNCTION_RIGHT,FATAL DEGRADATION,0.0,3,0
1771934136.835,7.3,0.0,45.0,JUNCTION_RIGHT,FATAL DEGRADATION,0.0,3,0
1771934136.99,8.3,0.0,45.0,JUNCTION_RIGHT,FATAL DEGRADATION,0.0,3,0
1771934137.094,7.7,0.0,45.0,JUNCTION_RIGHT,FATAL DEGRADATION,0.0,3,0
1771934137.258,8.3,0.0,45.0,JUNCTION_RIGHT,FATAL DEGRADATION,0.0,3,0
1771934137.355,7.6,0.0,45.0,JUNCTION_RIGHT,FATAL DEGRADATION,0.0,3,0
1771934137.536,8.4,0.0,45.0,JUNCTION_RIGHT,FATAL DEGRADATION,0.0,3,0
1771934137.645,7.5,0.0,45.0,JUNCTION_RIGHT,FATAL DEGRADATION,0.0,3,0
1771934137.867,8.0,0.0,45.0,JUNCTION_RIGHT,FATAL DEGRADATION,0.0,3,0
1771934138.009,7.0,0.0,45.0,JUNCTION_RIGHT,FATAL DEGRADATION,0.0,3,0
1771934138.166,7.0,0.0,45.0,JUNCTION_RIGHT,FATAL DEGRADATION,0.0,3,0
1771934138.268,6.8,0.0,45.0,JUNCTION_RIGHT,FATAL DEGRADATION,0.0,3,0
1771934138.416,7.7,0.0,45.0,JUNCTION_RIGHT,FATAL DEGRADATION,0.0,3,0
1771934138.513,7.4,0.0,45.0,JUNCTION_RIGHT,FATAL DEGRADATION,0.0,3,0
1771934138.676,8.3,0.0,45.0,JUNCTION_RIGHT,FATAL DEGRADATION,0.0,3,0
1771934138.774,7.7,0.0,45.0,JUNCTION_RIGHT,FATAL DEGRADATION,0.0,3,0
1771934138.938,8.4,0.0,45.0,JUNCTION_RIGHT,FATAL DEGRADATION,0.0,3,0
1771934139.034,7.7,0.0,45.0,JUNCTION_RIGHT,FATAL DEGRADATION,0.0,3,0
1771934139.174,8.6,0.0,45.0,JUNCTION_RIGHT,FATAL DEGRADATION,0.0,3,0
1771934139.237,8.1,0.0,45.0,JUNCTION_RIGHT,FATAL DEGRADATION,0.0,3,0
1771934139.406,10.2,0.0,45.0,JUNCTION_RIGHT,FATAL DEGRADATION,0.0,3,0
1771934139.513,8.9,0.0,45.0,JUNCTION_RIGHT,FATAL DEGRADATION,0.0,3,0
1771934139.676,9.1,0.0,45.0,JUNCTION_RIGHT,FATAL DEGRADATION,0.0,3,0
1771934139.784,8.2,0.0,45.0,JUNCTION_RIGHT,FATAL DEGRADATION,0.0,3,0
1771934139.925,8.5,0.0,45.0,JUNCTION_RIGHT,FATAL DEGRADATION,0.0,3,0
1771934140.027,8.1,0.0,45.0,JUNCTION_RIGHT,FATAL DEGRADATION,0.0,3,0
1771934140.191,8.6,0.0,45.0,JUNCTION_RIGHT,FATAL DEGRADATION,0.0,3,0
1771934140.291,7.9,0.0,45.0,JUNCTION_RIGHT,FATAL DEGRADATION,0.0,3,0
1771934140.467,8.6,0.0,45.0,JUNCTION_RIGHT,FATAL DEGRADATION,0.0,3,0
1771934140.568,7.7,0.0,45.0,JUNCTION_RIGHT,FATAL DEGRADATION,0.0,3,0
1771934140.776,8.4,0.0,45.0,JUNCTION_RIGHT,FATAL DEGRADATION,0.0,3,0
1771934140.886,7.3,0.0,45.0,JUNCTION_RIGHT,FATAL DEGRADATION,0.0,3,0
1771934141.04,7.9,0.0,45.0,JUNCTION_RIGHT,FATAL DEGRADATION,0.0,3,0
1771934141.143,7.5,0.0,45.0,JUNCTION_RIGHT,FATAL DEGRADATION,0.0,3,0
1771934141.303,8.2,0.0,45.0,JUNCTION_RIGHT,FATAL DEGRADATION,0.0,3,0
1771934141.431,7.6,0.0,45.0,JUNCTION_RIGHT,FATAL DEGRADATION,0.0,3,0
1771934141.578,7.7,0.0,45.0,JUNCTION_RIGHT,FATAL DEGRADATION,0.0,3,0
1771934141.676,7.4,0.0,45.0,JUNCTION_RIGHT,FATAL DEGRADATION,0.0,3,0
1771934141.851,8.2,0.0,45.0,JUNCTION_RIGHT,FATAL DEGRADATION,0.0,3,0
1771934141.952,7.5,0.0,45.0,JUNCTION_RIGHT,FATAL DEGRADATION,0.0,3,0
1771934142.11,8.2,0.0,45.0,JUNCTION_RIGHT,FATAL DEGRADATION,0.0,3,0
1771934142.214,7.6,0.0,45.0,JUNCTION_RIGHT,FATAL DEGRADATION,0.0,3,0
1771934142.365,8.3,0.0,45.0,JUNCTION_RIGHT,FATAL DEGRADATION,0.0,3,0
1771934142.452,7.8,0.0,45.0,JUNCTION_RIGHT,FATAL DEGRADATION,0.0,3,0
1771934142.608,8.8,0.0,45.0,JUNCTION_RIGHT,FATAL DEGRADATION,0.0,3,0
1771934142.696,8.1,0.0,45.0,JUNCTION_RIGHT,FATAL DEGRADATION,0.0,3,0
1771934142.845,9.1,0.0,45.0,JUNCTION_RIGHT,FATAL DEGRADATION,0.0,3,0
1771934142.961,8.4,0.0,45.0,JUNCTION_RIGHT,FATAL DEGRADATION,0.0,3,0
1771934143.13,8.5,0.0,45.0,JUNCTION_RIGHT,FATAL DEGRADATION,0.0,3,0
1771934143.238,7.7,0.0,45.0,JUNCTION_RIGHT,FATAL DEGRADATION,0.0,3,0
1771934143.379,8.2,0.0,45.0,JUNCTION_RIGHT,FATAL DEGRADATION,0.0,3,0
1771934143.48,7.8,0.0,45.0,JUNCTION_RIGHT,FATAL DEGRADATION,0.0,3,0
1771934143.635,8.5,0.0,45.0,JUNCTION_RIGHT,FATAL DEGRADATION,0.0,3,0
1771934143.736,7.9,0.0,45.0,JUNCTION_RIGHT,FATAL DEGRADATION,0.0,3,0
1771934143.881,8.5,0.0,45.0,JUNCTION_RIGHT,FATAL DEGRADATION,0.0,3,0
1771934143.979,8.0,0.0,45.0,JUNCTION_RIGHT,FATAL DEGRADATION,0.0,3,0
1771934144.143,8.6,0.0,45.0,JUNCTION_RIGHT,FATAL DEGRADATION,0.0,3,0
1771934144.237,7.9,0.0,45.0,JUNCTION_RIGHT,FATAL DEGRADATION,0.0,3,0
1771934144.399,8.6,0.0,45.0,JUNCTION_RIGHT,FATAL DEGRADATION,0.0,3,0
1771934144.495,7.9,0.0,45.0,JUNCTION_RIGHT,FATAL DEGRADATION,0.0,3,0
1771934144.634,8.7,0.0,45.0,JUNCTION_RIGHT,FATAL DEGRADATION,0.0,3,0
1771934144.743,8.3,0.0,45.0,JUNCTION_RIGHT,FATAL DEGRADATION,0.0,3,0
1771934144.907,8.5,0.0,45.0,JUNCTION_RIGHT,FATAL DEGRADATION,0.0,3,0
1771934145.017,7.8,0.0,45.0,JUNCTION_RIGHT,FATAL DEGRADATION,0.0,3,0
1771934145.223,8.2,0.0,45.0,JUNCTION_RIGHT,FATAL DEGRADATION,0.0,3,0
1771934145.322,7.2,0.0,45.0,JUNCTION_RIGHT,FATAL DEGRADATION,0.0,3,0
1771934145.486,8.0,0.0,45.0,JUNCTION_RIGHT,FATAL DEGRADATION,0.0,3,0
1771934145.582,7.5,0.0,45.0,JUNCTION_RIGHT,FATAL DEGRADATION,0.0,3,0
1771934145.745,8.3,0.0,45.0,JUNCTION_RIGHT,FATAL DEGRADATION,0.0,3,0
1771934145.84,7.7,0.0,45.0,JUNCTION_RIGHT,FATAL DEGRADATION,0.0,3,0
1771934145.97,8.6,0.0,45.0,JUNCTION_RIGHT,FATAL DEGRADATION,0.0,3,0
1771934146.072,8.3,0.0,45.0,JUNCTION_RIGHT,FATAL DEGRADATION,0.0,3,0
1771934146.25,8.7,0.0,45.0,JUNCTION_RIGHT,FATAL DEGRADATION,0.0,3,0
1771934146.367,7.8,0.0,45.0,JUNCTION_RIGHT,FATAL DEGRADATION,0.0,3,0
1771934146.546,8.0,0.0,45.0,JUNCTION_RIGHT,FATAL DEGRADATION,0.0,3,0
1771934146.649,7.3,0.0,45.0,JUNCTION_RIGHT,FATAL DEGRADATION,0.0,3,0
1771934146.807,8.0,0.0,45.0,JUNCTION_RIGHT,FATAL DEGRADATION,0.0,3,0
1771934146.913,7.5,0.0,45.0,JUNCTION_RIGHT,FATAL DEGRADATION,0.0,3,0
1771934147.068,8.1,0.0,45.0,JUNCTION_RIGHT,FATAL DEGRADATION,0.0,3,0
1771934147.173,7.6,0.0,45.0,JUNCTION_RIGHT,FATAL DEGRADATION,0.0,3,0
1771934147.33,8.2,0.0,45.0,JUNCTION_RIGHT,FATAL DEGRADATION,0.0,3,0
1771934147.439,7.6,0.0,45.0,JUNCTION_RIGHT,FATAL DEGRADATION,0.0,3,0
1771934147.593,8.2,0.0,45.0,JUNCTION_RIGHT,FATAL DEGRADATION,0.0,3,0
1771934147.7,7.7,0.0,45.0,JUNCTION_RIGHT,FATAL DEGRADATION,0.0,3,0
1771934147.86,8.2,0.0,45.0,JUNCTION_RIGHT,FATAL DEGRADATION,0.0,3,0
1771934147.959,7.6,0.0,45.0,JUNCTION_RIGHT,FATAL DEGRADATION,0.0,3,0
1771934148.115,8.4,0.0,45.0,JUNCTION_RIGHT,FATAL DEGRADATION,0.0,3,0
1771934148.219,7.8,0.0,45.0,JUNCTION_RIGHT,FATAL DEGRADATION,0.0,3,0
1771934148.369,8.3,0.0,45.0,JUNCTION_RIGHT,FATAL DEGRADATION,0.0,3,0
1771934148.497,7.8,0.0,45.0,JUNCTION_RIGHT,FATAL DEGRADATION,0.0,3,0
1771934148.644,7.8,0.0,45.0,JUNCTION_RIGHT,FATAL DEGRADATION,0.0,3,0
1771934148.781,7.5,0.0,45.0,JUNCTION_RIGHT,FATAL DEGRADATION,0.0,3,0
1771934148.94,7.5,0.0,45.0,JUNCTION_RIGHT,FATAL DEGRADATION,0.0,3,0
1771934149.04,7.1,0.0,45.0,JUNCTION_RIGHT,FATAL DEGRADATION,0.0,3,0
1771934149.193,8.0,0.0,45.0,JUNCTION_RIGHT,FATAL DEGRADATION,0.0,3,0
1771934149.287,7.6,0.0,45.0,JUNCTION_RIGHT,FATAL DEGRADATION,0.0,3,0
1771934149.439,8.5,0.0,45.0,JUNCTION_RIGHT,FATAL DEGRADATION,0.0,3,0
1771934149.547,7.9,0.0,45.0,JUNCTION_RIGHT,FATAL DEGRADATION,0.0,3,0
1771934149.73,8.3,0.0,45.0,JUNCTION_RIGHT,FATAL DEGRADATION,0.0,3,0
1771934149.832,7.5,0.0,45.0,JUNCTION_RIGHT,FATAL DEGRADATION,0.0,3,0
1771934150.012,8.1,0.0,45.0,JUNCTION_RIGHT,FATAL DEGRADATION,0.0,3,0
1771934150.104,7.4,0.0,45.0,JUNCTION_RIGHT,FATAL DEGRADATION,0.0,3,0
1771934150.272,8.4,0.0,45.0,JUNCTION_RIGHT,FATAL DEGRADATION,0.0,3,0
1771934150.38,7.7,0.0,45.0,JUNCTION_RIGHT,FATAL DEGRADATION,0.0,3,0
1771934150.533,8.2,0.0,45.0,JUNCTION_RIGHT,FATAL DEGRADATION,0.0,3,0
1771934150.622,7.7,0.0,45.0,JUNCTION_RIGHT,FATAL DEGRADATION,0.0,3,0
1771934150.793,8.8,0.0,45.0,JUNCTION_RIGHT,FATAL DEGRADATION,0.0,3,0
1771934150.882,7.9,0.0,45.0,JUNCTION_RIGHT,FATAL DEGRADATION,0.0,3,0
1771934151.036,8.9,0.0,45.0,JUNCTION_RIGHT,FATAL DEGRADATION,0.0,3,0
1771934151.126,8.1,0.0,45.0,JUNCTION_RIGHT,FATAL DEGRADATION,0.0,3,0
1771934151.288,9.1,0.0,45.0,JUNCTION_RIGHT,FATAL DEGRADATION,0.0,3,0
1771934151.394,8.2,0.0,45.0,JUNCTION_RIGHT,FATAL DEGRADATION,0.0,3,0
1771934151.558,8.6,0.0,45.0,JUNCTION_RIGHT,FATAL DEGRADATION,0.0,3,0
1771934151.664,7.8,0.0,45.0,JUNCTION_RIGHT,FATAL DEGRADATION,0.0,3,0
1771934151.82,8.3,0.0,45.0,JUNCTION_RIGHT,FATAL DEGRADATION,0.0,3,0
1771934151.925,7.8,0.0,45.0,JUNCTION_RIGHT,FATAL DEGRADATION,0.0,3,0
1771934152.082,8.3,0.0,45.0,JUNCTION_RIGHT,FATAL DEGRADATION,0.0,3,0
1771934152.185,7.7,0.0,45.0,JUNCTION_RIGHT,FATAL DEGRADATION,0.0,3,0
1771934152.352,8.3,0.0,45.0,JUNCTION_RIGHT,FATAL DEGRADATION,0.0,3,0
1771934152.44,7.6,0.0,45.0,JUNCTION_RIGHT,FATAL DEGRADATION,0.0,3,0
1771934152.607,8.7,0.0,45.0,JUNCTION_RIGHT,FATAL DEGRADATION,0.0,3,0
1771934152.718,7.9,0.0,45.0,JUNCTION_RIGHT,FATAL DEGRADATION,0.0,3,0
1771934152.868,8.2,0.0,45.0,JUNCTION_RIGHT,FATAL DEGRADATION,0.0,3,0
1771934152.971,7.8,0.0,45.0,JUNCTION_RIGHT,FATAL DEGRADATION,0.0,3,0
1771934153.116,8.3,0.0,45.0,JUNCTION_RIGHT,FATAL DEGRADATION,0.0,3,0
1771934153.215,7.9,0.0,45.0,JUNCTION_RIGHT,FATAL DEGRADATION,0.0,3,0
1771934153.375,8.5,0.0,45.0,JUNCTION_RIGHT,FATAL DEGRADATION,0.0,3,0
1771934153.477,7.8,0.0,45.0,JUNCTION_RIGHT,FATAL DEGRADATION,0.0,3,0
1771934154.031,8.6,0.0,45.0,JUNCTION_RIGHT,FATAL DEGRADATION,0.0,3,0
1771934154.203,6.5,0.0,45.0,JUNCTION_RIGHT,FATAL DEGRADATION,0.0,3,0
1771934154.494,6.4,0.0,45.0,JUNCTION_RIGHT,FATAL DEGRADATION,0.0,3,0
1771934154.633,5.5,0.0,45.0,JUNCTION_RIGHT,FATAL DEGRADATION,0.0,3,0
1771934154.958,5.9,0.0,45.0,JUNCTION_RIGHT,FATAL DEGRADATION,0.0,3,0
1771934155.111,5.1,0.0,45.0,JUNCTION_RIGHT,FATAL DEGRADATION,0.0,3,0
1771934155.308,5.5,0.0,45.0,JUNCTION_RIGHT,FATAL DEGRADATION,0.0,3,0
1771934155.41,5.4,0.0,45.0,JUNCTION_RIGHT,FATAL DEGRADATION,0.0,3,0
1771934155.707,6.7,0.0,45.0,JUNCTION_RIGHT,FATAL DEGRADATION,0.0,3,0
1771934155.84,5.7,0.0,45.0,JUNCTION_RIGHT,FATAL DEGRADATION,0.0,3,0
1771934156.014,6.2,0.0,45.0,JUNCTION_RIGHT,FATAL DEGRADATION,0.0,3,0
1771934156.124,6.1,0.0,45.0,JUNCTION_RIGHT,FATAL DEGRADATION,0.0,3,0
1771934156.309,7.0,0.0,45.0,JUNCTION_RIGHT,FATAL DEGRADATION,0.0,3,0
1771934156.429,6.5,0.0,45.0,JUNCTION_RIGHT,FATAL DEGRADATION,0.0,3,0
1771934156.579,7.0,0.0,45.0,JUNCTION_RIGHT,FATAL DEGRADATION,0.0,3,0
1771934156.673,6.9,0.0,45.0,JUNCTION_RIGHT,FATAL DEGRADATION,0.0,3,0
1771934156.839,8.0,0.0,45.0,JUNCTION_RIGHT,FATAL DEGRADATION,0.0,3,0
1771934156.934,7.4,0.0,45.0,JUNCTION_RIGHT,FATAL DEGRADATION,0.0,3,0
1771934157.079,8.4,0.0,45.0,JUNCTION_RIGHT,FATAL DEGRADATION,0.0,3,0
1771934157.174,7.9,0.0,45.0,JUNCTION_RIGHT,FATAL DEGRADATION,0.0,3,0
1771934157.358,8.7,0.0,45.0,JUNCTION_RIGHT,FATAL DEGRADATION,0.0,3,0
1771934157.45,7.7,0.0,45.0,JUNCTION_RIGHT,FATAL DEGRADATION,0.0,3,0
1771934157.635,8.6,0.0,45.0,JUNCTION_RIGHT,FATAL DEGRADATION,0.0,3,0
1771934157.721,7.7,0.0,45.0,JUNCTION_RIGHT,FATAL DEGRADATION,0.0,3,0
1771934157.887,8.9,0.0,45.0,JUNCTION_RIGHT,FATAL DEGRADATION,0.0,3,0
1771934157.998,8.0,0.0,45.0,JUNCTION_RIGHT,FATAL DEGRADATION,0.0,3,0
1771934158.161,8.3,0.0,45.0,JUNCTION_RIGHT,FATAL DEGRADATION,0.0,3,0
1771934158.254,7.7,0.0,45.0,JUNCTION_RIGHT,FATAL DEGRADATION,0.0,3,0
1771934158.428,8.5,0.0,45.0,JUNCTION_RIGHT,FATAL DEGRADATION,0.0,3,0
1771934158.546,7.7,0.0,45.0,JUNCTION_RIGHT,FATAL DEGRADATION,0.0,3,0
1771934158.716,7.9,0.0,45.0,JUNCTION_RIGHT,FATAL DEGRADATION,0.0,3,0
1771934158.824,7.3,0.0,45.0,JUNCTION_RIGHT,FATAL DEGRADATION,0.0,3,0
1771934158.995,7.9,0.0,45.0,JUNCTION_RIGHT,FATAL DEGRADATION,0.0,3,0
1771934159.09,7.3,0.0,45.0,JUNCTION_RIGHT,FATAL DEGRADATION,0.0,3,0
1771934159.257,8.2,0.0,45.0,JUNCTION_RIGHT,FATAL DEGRADATION,0.0,3,0
1771934159.381,7.6,0.0,45.0,JUNCTION_RIGHT,FATAL DEGRADATION,0.0,3,0
1771934160.018,7.7,0.0,45.0,JUNCTION_RIGHT,FATAL DEGRADATION,0.0,3,0
1771934160.142,5.9,0.0,45.0,JUNCTION_RIGHT,FATAL DEGRADATION,0.0,3,0
1771934160.297,6.6,0.0,45.0,JUNCTION_RIGHT,FATAL DEGRADATION,0.0,3,0
1771934160.386,6.6,0.0,45.0,JUNCTION_RIGHT,FATAL DEGRADATION,0.0,3,0
1771934160.549,8.0,0.0,45.0,JUNCTION_RIGHT,FATAL DEGRADATION,0.0,3,0
1771934160.661,7.4,0.0,45.0,JUNCTION_RIGHT,FATAL DEGRADATION,0.0,3,0
1771934160.816,7.9,0.0,45.0,JUNCTION_RIGHT,FATAL DEGRADATION,0.0,3,0
1771934160.922,7.4,0.0,45.0,JUNCTION_RIGHT,FATAL DEGRADATION,0.0,3,0
1771934161.101,8.1,0.0,45.0,JUNCTION_RIGHT,FATAL DEGRADATION,0.0,3,0
1771934161.263,7.3,0.0,45.0,JUNCTION_RIGHT,FATAL DEGRADATION,0.0,3,0
1771934161.422,6.9,0.0,45.0,JUNCTION_RIGHT,FATAL DEGRADATION,0.0,3,0
1771934161.529,6.8,0.0,45.0,JUNCTION_RIGHT,FATAL DEGRADATION,0.0,3,0
1771934161.702,7.6,0.0,45.0,JUNCTION_RIGHT,FATAL DEGRADATION,0.0,3,0
1771934161.807,7.1,0.0,45.0,JUNCTION_RIGHT,FATAL DEGRADATION,0.0,3,0
1771934161.982,7.8,0.0,45.0,JUNCTION_RIGHT,FATAL DEGRADATION,0.0,3,0
1771934162.12,7.1,0.0,45.0,JUNCTION_RIGHT,FATAL DEGRADATION,0.0,3,0
1771934162.368,7.1,0.0,45.0,JUNCTION_RIGHT,FATAL DEGRADATION,0.0,3,0
1771934162.587,6.2,0.0,45.0,JUNCTION_RIGHT,FATAL DEGRADATION,0.0,3,0
1771934162.865,5.7,0.0,45.0,JUNCTION_RIGHT,FATAL DEGRADATION,0.0,3,0
1771934163.096,5.1,0.0,45.0,JUNCTION_RIGHT,FATAL DEGRADATION,0.0,3,0
1771934163.522,4.9,0.0,45.0,JUNCTION_RIGHT,FATAL DEGRADATION,0.0,3,0
1771934163.724,4.1,0.0,45.0,JUNCTION_RIGHT,FATAL DEGRADATION,0.0,3,0
1771934163.906,4.4,0.0,45.0,JUNCTION_RIGHT,FATAL DEGRADATION,0.0,3,0
1771934164.016,4.7,0.0,45.0,JUNCTION_RIGHT,FATAL DEGRADATION,0.0,3,0
1771934164.414,6.0,0.0,45.0,JUNCTION_RIGHT,FATAL DEGRADATION,0.0,3,0
1771934164.624,5.0,0.0,45.0,JUNCTION_RIGHT,FATAL DEGRADATION,0.0,3,0
1771934164.838,4.9,0.0,45.0,JUNCTION_RIGHT,FATAL DEGRADATION,0.0,3,0
1771934164.982,4.8,0.0,45.0,JUNCTION_RIGHT,FATAL DEGRADATION,0.0,3,0
1771934165.473,5.5,0.0,45.0,JUNCTION_RIGHT,FATAL DEGRADATION,0.0,3,0
1771934165.685,4.4,0.0,45.0,JUNCTION_RIGHT,FATAL DEGRADATION,0.0,3,0
1771934166.101,4.5,0.0,45.0,JUNCTION_RIGHT,FATAL DEGRADATION,0.0,3,0
1771934166.247,3.9,0.0,45.0,JUNCTION_RIGHT,FATAL DEGRADATION,0.0,3,0
1771934166.494,4.9,0.0,45.0,JUNCTION_RIGHT,FATAL DEGRADATION,0.0,3,0
1771934166.646,4.7,0.0,45.0,JUNCTION_RIGHT,FATAL DEGRADATION,0.0,3,0
1771934166.864,5.2,0.0,45.0,JUNCTION_RIGHT,FATAL DEGRADATION,0.0,3,0
1771934166.979,5.0,0.0,45.0,JUNCTION_RIGHT,FATAL DEGRADATION,0.0,3,0
1771934167.215,6.1,0.0,45.0,JUNCTION_RIGHT,FATAL DEGRADATION,0.0,3,0
1771934167.339,5.6,0.0,45.0,JUNCTION_RIGHT,FATAL DEGRADATION,0.0,3,0
1771934167.602,6.3,0.0,45.0,JUNCTION_RIGHT,FATAL DEGRADATION,0.0,3,0
1771934167.765,5.6,0.0,45.0,JUNCTION_RIGHT,FATAL DEGRADATION,0.0,3,0
1771934167.976,5.7,0.0,45.0,JUNCTION_RIGHT,FATAL DEGRADATION,0.0,3,0
1771934168.082,5.4,0.0,45.0,JUNCTION_RIGHT,FATAL DEGRADATION,0.0,3,0
1771934168.261,6.6,0.0,45.0,JUNCTION_RIGHT,FATAL DEGRADATION,0.0,3,0
1771934168.376,6.3,0.0,45.0,JUNCTION_RIGHT,FATAL DEGRADATION,0.0,3,0
1771934168.544,7.0,0.0,45.0,JUNCTION_RIGHT,FATAL DEGRADATION,0.0,3,0
1771934168.647,6.7,0.0,45.0,JUNCTION_RIGHT,FATAL DEGRADATION,0.0,3,0
1771934168.82,7.6,0.0,45.0,JUNCTION_RIGHT,FATAL DEGRADATION,0.0,3,0
1771934168.954,7.0,0.0,45.0,JUNCTION_RIGHT,FATAL DEGRADATION,0.0,3,0
1771934169.225,7.2,0.0,45.0,JUNCTION_RIGHT,FATAL DEGRADATION,0.0,3,0
1771934169.457,6.1,0.0,45.0,JUNCTION_RIGHT,FATAL DEGRADATION,0.0,3,0
1771934169.618,5.6,0.0,45.0,JUNCTION_RIGHT,FATAL DEGRADATION,0.0,3,0
1771934169.732,5.8,0.0,45.0,JUNCTION_RIGHT,FATAL DEGRADATION,0.0,3,0
1771934169.926,6.6,0.0,45.0,JUNCTION_RIGHT,FATAL DEGRADATION,0.0,3,0
1771934170.034,6.2,0.0,45.0,JUNCTION_RIGHT,FATAL DEGRADATION,0.0,3,0
1771934170.199,7.1,0.0,45.0,JUNCTION_RIGHT,FATAL DEGRADATION,0.0,3,0
1771934170.306,6.8,0.0,45.0,JUNCTION_RIGHT,FATAL DEGRADATION,0.0,3,0
1771934170.472,7.6,0.0,45.0,JUNCTION_RIGHT,FATAL DEGRADATION,0.0,3,0
1771934170.583,7.1,0.0,45.0,JUNCTION_RIGHT,FATAL DEGRADATION,0.0,3,0
1771934170.737,7.7,0.0,45.0,JUNCTION_RIGHT,FATAL DEGRADATION,0.0,3,0
1771934170.847,7.3,0.0,45.0,JUNCTION_RIGHT,FATAL DEGRADATION,0.0,3,0
1771934171.025,7.9,0.0,45.0,JUNCTION_RIGHT,FATAL DEGRADATION,0.0,3,0
1771934171.134,7.2,0.0,45.0,JUNCTION_RIGHT,FATAL DEGRADATION,0.0,3,0
1771934171.279,7.8,0.0,45.0,JUNCTION_RIGHT,FATAL DEGRADATION,0.0,3,0
1771934171.389,7.5,0.0,45.0,JUNCTION_RIGHT,FATAL DEGRADATION,0.0,3,0
1771934171.556,8.0,0.0,45.0,JUNCTION_RIGHT,FATAL DEGRADATION,0.0,3,0
1771934171.662,7.4,0.0,45.0,JUNCTION_RIGHT,FATAL DEGRADATION,0.0,3,0
1771934171.825,8.0,0.0,45.0,JUNCTION_RIGHT,FATAL DEGRADATION,0.0,3,0
1771934171.954,7.5,0.0,45.0,JUNCTION_RIGHT,FATAL DEGRADATION,0.0,3,0
1771934172.127,7.5,0.0,45.0,JUNCTION_RIGHT,FATAL DEGRADATION,0.0,3,0
1771934172.244,7.0,0.0,45.0,JUNCTION_RIGHT,FATAL DEGRADATION,0.0,3,0
1771934172.415,7.5,0.0,45.0,JUNCTION_RIGHT,FATAL DEGRADATION,0.0,3,0
1771934172.523,7.0,0.0,45.0,JUNCTION_RIGHT,FATAL DEGRADATION,0.0,3,0
1771934172.679,7.7,0.0,45.0,JUNCTION_RIGHT,FATAL DEGRADATION,0.0,3,0
1771934172.789,7.3,0.0,45.0,JUNCTION_RIGHT,FATAL DEGRADATION,0.0,3,0
1771934172.948,7.9,0.0,45.0,JUNCTION_RIGHT,FATAL DEGRADATION,0.0,3,0
1771934173.047,7.4,0.0,45.0,JUNCTION_RIGHT,FATAL DEGRADATION,0.0,3,0
1771934173.214,8.2,0.0,45.0,JUNCTION_RIGHT,FATAL DEGRADATION,0.0,3,0
1771934173.306,7.5,0.0,45.0,JUNCTION_RIGHT,FATAL DEGRADATION,0.0,3,0
1771934173.474,8.5,0.0,45.0,JUNCTION_RIGHT,FATAL DEGRADATION,0.0,3,0
1771934173.583,7.8,0.0,45.0,JUNCTION_RIGHT,FATAL DEGRADATION,0.0,3,0
1771934173.771,8.2,0.0,45.0,JUNCTION_RIGHT,FATAL DEGRADATION,0.0,3,0
1771934173.906,7.3,0.0,45.0,JUNCTION_RIGHT,FATAL DEGRADATION,0.0,3,0
1771934174.078,7.3,0.0,45.0,JUNCTION_RIGHT,FATAL DEGRADATION,0.0,3,0
1771934174.194,6.9,0.0,45.0,JUNCTION_RIGHT,FATAL DEGRADATION,0.0,3,0
1771934174.364,7.4,0.0,45.0,JUNCTION_RIGHT,FATAL DEGRADATION,0.0,3,0
1771934174.464,7.0,0.0,45.0,JUNCTION_RIGHT,FATAL DEGRADATION,0.0,3,0
1771934174.626,7.9,0.0,45.0,JUNCTION_RIGHT,FATAL DEGRADATION,0.0,3,0
1771934174.741,7.4,0.0,45.0,JUNCTION_RIGHT,FATAL DEGRADATION,0.0,3,0
1771934174.914,7.8,0.0,45.0,JUNCTION_RIGHT,FATAL DEGRADATION,0.0,3,0
1771934175.025,7.2,0.0,45.0,JUNCTION_RIGHT,FATAL DEGRADATION,0.0,3,0
1771934175.312,7.7,0.0,45.0,JUNCTION_RIGHT,FATAL DEGRADATION,0.0,3,0
1771934175.761,6.4,0.0,45.0,JUNCTION_RIGHT,FATAL DEGRADATION,0.0,3,0
1771934176.105,5.2,0.0,45.0,JUNCTION_RIGHT,FATAL DEGRADATION,0.0,3,0
1771934176.36,4.5,0.0,45.0,JUNCTION_RIGHT,FATAL DEGRADATION,0.0,3,0
1771934176.573,4.3,0.0,45.0,JUNCTION_RIGHT,FATAL DEGRADATION,0.0,3,0
1771934176.69,4.4,0.0,45.0,JUNCTION_RIGHT,FATAL DEGRADATION,0.0,3,0
1771934176.88,5.7,0.0,45.0,JUNCTION_RIGHT,FATAL DEGRADATION,0.0,3,0
1771934176.997,5.5,0.0,45.0,JUNCTION_RIGHT,FATAL DEGRADATION,0.0,3,0
1771934177.312,6.5,0.0,45.0,JUNCTION_RIGHT,FATAL DEGRADATION,0.0,3,0
1771934177.589,5.5,0.0,45.0,JUNCTION_RIGHT,FATAL DEGRADATION,0.0,3,0
1771934178.092,4.8,0.0,45.0,JUNCTION_RIGHT,FATAL DEGRADATION,0.0,3,0
1771934178.28,4.0,0.0,45.0,JUNCTION_RIGHT,FATAL DEGRADATION,0.0,3,0
1771934178.762,4.4,0.0,45.0,JUNCTION_RIGHT,FATAL DEGRADATION,0.0,3,0
1771934179.009,3.7,0.0,45.0,JUNCTION_RIGHT,FATAL DEGRADATION,0.0,3,0
1771934179.185,3.8,0.0,45.0,JUNCTION_RIGHT,FATAL DEGRADATION,0.0,3,0
1771934179.299,4.4,0.0,45.0,JUNCTION_RIGHT,FATAL DEGRADATION,0.0,3,0
1771934179.465,5.7,0.0,45.0,JUNCTION_RIGHT,FATAL DEGRADATION,0.0,3,0
1771934179.584,5.8,0.0,45.0,JUNCTION_RIGHT,FATAL DEGRADATION,0.0,3,0
1771934179.956,6.6,0.0,45.0,JUNCTION_RIGHT,FATAL DEGRADATION,0.0,3,0
1771934180.194,5.4,0.0,45.0,JUNCTION_RIGHT,FATAL DEGRADATION,0.0,3,0
1771934180.454,5.1,0.0,45.0,JUNCTION_RIGHT,FATAL DEGRADATION,0.0,3,0
1771934180.64,4.7,0.0,45.0,JUNCTION_RIGHT,FATAL DEGRADATION,0.0,3,0
1771934181.056,4.9,0.0,45.0,JUNCTION_RIGHT,FATAL DEGRADATION,0.0,3,0
1771934181.271,4.2,0.0,45.0,JUNCTION_RIGHT,FATAL DEGRADATION,0.0,3,0
1771934181.498,4.3,0.0,45.0,JUNCTION_RIGHT,FATAL DEGRADATION,0.0,3,0
1771934181.78,4.3,0.0,45.0,JUNCTION_RIGHT,FATAL DEGRADATION,0.0,3,0
1771934182.148,4.1,0.0,45.0,JUNCTION_RIGHT,FATAL DEGRADATION,0.0,3,0
1771934182.499,3.7,0.0,45.0,JUNCTION_RIGHT,FATAL DEGRADATION,0.0,3,0
1771934183.32,3.4,0.0,45.0,JUNCTION_RIGHT,FATAL DEGRADATION,0.0,3,0
1771934183.708,2.8,0.0,45.0,JUNCTION_RIGHT,FATAL DEGRADATION,0.0,3,0
1771934184.094,2.7,0.0,45.0,JUNCTION_RIGHT,FATAL DEGRADATION,0.0,3,0
1771934184.29,2.7,0.0,45.0,JUNCTION_RIGHT,FATAL DEGRADATION,0.0,3,0
1771934184.489,3.4,0.0,45.0,JUNCTION_RIGHT,FATAL DEGRADATION,0.0,3,0
1771934184.598,3.9,0.0,45.0,JUNCTION_RIGHT,FATAL DEGRADATION,0.0,3,0
1771934184.821,5.4,0.0,45.0,JUNCTION_RIGHT,FATAL DEGRADATION,0.0,3,0
1771934184.932,5.2,0.0,45.0,JUNCTION_RIGHT,FATAL DEGRADATION,0.0,3,0
1771934185.137,6.4,0.0,45.0,JUNCTION_RIGHT,FATAL DEGRADATION,0.0,3,0
1771934185.388,5.9,0.0,45.0,JUNCTION_RIGHT,FATAL DEGRADATION,0.0,3,0
1771934185.667,5.3,0.0,45.0,JUNCTION_RIGHT,FATAL DEGRADATION,0.0,3,0
1771934185.843,4.8,0.0,45.0,JUNCTION_RIGHT,FATAL DEGRADATION,0.0,3,0
1771934186.03,5.1,0.0,45.0,JUNCTION_RIGHT,FATAL DEGRADATION,0.0,3,0
1771934186.137,5.2,0.0,45.0,JUNCTION_RIGHT,FATAL DEGRADATION,0.0,3,0
1771934186.31,6.4,0.0,45.0,JUNCTION_RIGHT,FATAL DEGRADATION,0.0,3,0
1771934186.429,6.2,0.0,45.0,JUNCTION_RIGHT,FATAL DEGRADATION,0.0,3,0
1771934186.676,6.9,0.0,45.0,JUNCTION_RIGHT,FATAL DEGRADATION,0.0,3,0
1771934186.872,6.0,0.0,45.0,JUNCTION_RIGHT,FATAL DEGRADATION,0.0,3,0
1771934187.109,5.7,0.0,45.0,JUNCTION_RIGHT,FATAL DEGRADATION,0.0,3,0
1771934187.222,5.3,0.0,45.0,JUNCTION_RIGHT,FATAL DEGRADATION,0.0,3,0
1771934187.381,6.4,0.0,45.0,JUNCTION_RIGHT,FATAL DEGRADATION,0.0,3,0
1771934187.501,6.3,0.0,45.0,JUNCTION_RIGHT,FATAL DEGRADATION,0.0,3,0
1771934187.722,6.9,0.0,45.0,JUNCTION_RIGHT,FATAL DEGRADATION,0.0,3,0
1771934187.834,6.2,0.0,45.0,JUNCTION_RIGHT,FATAL DEGRADATION,0.0,3,0
1771934188.007,7.0,0.0,45.0,JUNCTION_RIGHT,FATAL DEGRADATION,0.0,3,0
1771934188.203,6.6,0.0,45.0,JUNCTION_RIGHT,FATAL DEGRADATION,0.0,3,0
1771934188.382,6.2,0.0,45.0,JUNCTION_RIGHT,FATAL DEGRADATION,0.0,3,0
1771934188.503,6.0,0.0,45.0,JUNCTION_RIGHT,FATAL DEGRADATION,0.0,3,0
1771934188.709,6.7,0.0,45.0,JUNCTION_RIGHT,FATAL DEGRADATION,0.0,3,0
1771934188.837,6.1,0.0,45.0,JUNCTION_RIGHT,FATAL DEGRADATION,0.0,3,0
1771934189.01,6.6,0.0,45.0,JUNCTION_RIGHT,FATAL DEGRADATION,0.0,3,0
1771934189.129,6.4,0.0,45.0,JUNCTION_RIGHT,FATAL DEGRADATION,0.0,3,0
1771934189.296,7.0,0.0,45.0,JUNCTION_RIGHT,FATAL DEGRADATION,0.0,3,0
1771934189.401,6.7,0.0,45.0,JUNCTION_RIGHT,FATAL DEGRADATION,0.0,3,0
1771934189.574,7.6,0.0,45.0,JUNCTION_RIGHT,FATAL DEGRADATION,0.0,3,0
1771934189.676,7.0,0.0,45.0,JUNCTION_RIGHT,FATAL DEGRADATION,0.0,3,0
1771934189.854,7.9,0.0,45.0,JUNCTION_RIGHT,FATAL DEGRADATION,0.0,3,0
1771934189.952,7.2,0.0,45.0,JUNCTION_RIGHT,FATAL DEGRADATION,0.0,3,0
1771934190.1,8.1,0.0,45.0,JUNCTION_RIGHT,FATAL DEGRADATION,0.0,3,0
1771934190.226,7.7,0.0,45.0,JUNCTION_RIGHT,FATAL DEGRADATION,0.0,3,0
1771934190.405,7.7,0.0,45.0,JUNCTION_RIGHT,FATAL DEGRADATION,0.0,3,0
1771934190.504,7.1,0.0,45.0,JUNCTION_RIGHT,FATAL DEGRADATION,0.0,3,0
1771934190.679,8.0,0.0,45.0,JUNCTION_RIGHT,FATAL DEGRADATION,0.0,3,0
1771934190.842,7.3,0.0,45.0,JUNCTION_RIGHT,FATAL DEGRADATION,0.0,3,0
1771934191.02,6.9,0.0,45.0,JUNCTION_RIGHT,FATAL DEGRADATION,0.0,3,0
1771934191.135,6.6,0.0,45.0,JUNCTION_RIGHT,FATAL DEGRADATION,0.0,3,0
1771934191.363,7.2,0.0,45.0,JUNCTION_RIGHT,FATAL DEGRADATION,0.0,3,0
1771934191.553,6.3,0.0,45.0,JUNCTION_RIGHT,FATAL DEGRADATION,0.0,3,0
1771934191.724,6.0,0.0,45.0,JUNCTION_RIGHT,FATAL DEGRADATION,0.0,3,0
1771934191.808,6.0,0.0,45.0,JUNCTION_RIGHT,FATAL DEGRADATION,0.0,3,0
1771934192.038,7.6,0.0,45.0,JUNCTION_RIGHT,FATAL DEGRADATION,0.0,3,0
1771934192.156,6.6,0.0,45.0,JUNCTION_RIGHT,FATAL DEGRADATION,0.0,3,0
1771934192.333,7.2,0.0,45.0,JUNCTION_RIGHT,FATAL DEGRADATION,0.0,3,0
1771934192.465,6.8,0.0,45.0,JUNCTION_RIGHT,FATAL DEGRADATION,0.0,3,0
1771934192.65,7.0,0.0,45.0,JUNCTION_RIGHT,FATAL DEGRADATION,0.0,3,0
1771934192.766,6.5,0.0,45.0,JUNCTION_RIGHT,FATAL DEGRADATION,0.0,3,0
1771934193.007,7.2,0.0,45.0,JUNCTION_RIGHT,FATAL DEGRADATION,0.0,3,0
1771934193.181,6.3,0.0,45.0,JUNCTION_RIGHT,FATAL DEGRADATION,0.0,3,0
1771934193.382,6.2,0.0,45.0,JUNCTION_RIGHT,FATAL DEGRADATION,0.0,3,0
1771934193.562,5.8,0.0,45.0,JUNCTION_RIGHT,FATAL DEGRADATION,0.0,3,0
1771934193.75,5.7,0.0,45.0,JUNCTION_RIGHT,FATAL DEGRADATION,0.0,3,0
1771934193.847,5.6,0.0,45.0,JUNCTION_RIGHT,FATAL DEGRADATION,0.0,3,0
1771934194.022,7.0,0.0,45.0,JUNCTION_RIGHT,FATAL DEGRADATION,0.0,3,0
1771934194.139,6.6,0.0,45.0,JUNCTION_RIGHT,FATAL DEGRADATION,0.0,3,0
1771934194.304,7.2,0.0,45.0,JUNCTION_RIGHT,FATAL DEGRADATION,0.0,3,0
1771934194.412,6.9,0.0,45.0,JUNCTION_RIGHT,FATAL DEGRADATION,0.0,3,0
1771934194.58,7.6,0.0,45.0,JUNCTION_RIGHT,FATAL DEGRADATION,0.0,3,0
1771934194.684,7.1,0.0,45.0,JUNCTION_RIGHT,FATAL DEGRADATION,0.0,3,0
1771934194.84,7.9,0.0,45.0,JUNCTION_RIGHT,FATAL DEGRADATION,0.0,3,0
1771934194.944,7.4,0.0,45.0,JUNCTION_RIGHT,FATAL DEGRADATION,0.0,3,0
1771934195.12,8.1,0.0,45.0,JUNCTION_RIGHT,FATAL DEGRADATION,0.0,3,0
1771934195.237,7.3,0.0,45.0,JUNCTION_RIGHT,FATAL DEGRADATION,0.0,3,0
1771934195.4,7.8,0.0,45.0,JUNCTION_RIGHT,FATAL DEGRADATION,0.0,3,0
1771934195.526,7.3,0.0,45.0,JUNCTION_RIGHT,FATAL DEGRADATION,0.0,3,0
1771934195.697,7.5,0.0,45.0,JUNCTION_RIGHT,FATAL DEGRADATION,0.0,3,0
1771934195.812,7.0,0.0,45.0,JUNCTION_RIGHT,FATAL DEGRADATION,0.0,3,0
1771934195.969,7.5,0.0,45.0,JUNCTION_RIGHT,FATAL DEGRADATION,0.0,3,0
1771934196.085,7.2,0.0,45.0,JUNCTION_RIGHT,FATAL DEGRADATION,0.0,3,0
1771934196.233,7.6,0.0,45.0,JUNCTION_RIGHT,FATAL DEGRADATION,0.0,3,0
1771934196.347,7.4,0.0,45.0,JUNCTION_RIGHT,FATAL DEGRADATION,0.0,3,0
1771934196.533,7.8,0.0,45.0,JUNCTION_RIGHT,FATAL DEGRADATION,0.0,3,0
1771934196.636,7.1,0.0,45.0,JUNCTION_RIGHT,FATAL DEGRADATION,0.0,3,0
1771934196.818,7.8,0.0,45.0,JUNCTION_RIGHT,FATAL DEGRADATION,0.0,3,0
1771934196.945,7.2,0.0,45.0,JUNCTION_RIGHT,FATAL DEGRADATION,0.0,3,0
1771934197.131,7.4,0.0,45.0,JUNCTION_RIGHT,FATAL DEGRADATION,0.0,3,0
1771934197.23,6.8,0.0,45.0,JUNCTION_RIGHT,FATAL DEGRADATION,0.0,3,0
1771934197.395,7.8,0.0,45.0,JUNCTION_RIGHT,FATAL DEGRADATION,0.0,3,0
1771934197.504,7.2,0.0,45.0,JUNCTION_RIGHT,FATAL DEGRADATION,0.0,3,0
1771934197.704,7.8,0.0,45.0,JUNCTION_RIGHT,FATAL DEGRADATION,0.0,3,0
1771934197.824,7.0,0.0,45.0,JUNCTION_RIGHT,FATAL DEGRADATION,0.0,3,0
1771934197.998,7.4,0.0,45.0,JUNCTION_RIGHT,FATAL DEGRADATION,0.0,3,0
1771934198.139,6.9,0.0,45.0,JUNCTION_RIGHT,FATAL DEGRADATION,0.0,3,0
1771934198.329,7.0,0.0,45.0,JUNCTION_RIGHT,FATAL DEGRADATION,0.0,3,0
1771934198.461,6.5,0.0,45.0,JUNCTION_RIGHT,FATAL DEGRADATION,0.0,3,0
1771934198.622,6.8,0.0,45.0,JUNCTION_RIGHT,FATAL DEGRADATION,0.0,3,0
1771934198.737,6.6,0.0,45.0,JUNCTION_RIGHT,FATAL DEGRADATION,0.0,3,0
1771934198.892,7.3,0.0,45.0,JUNCTION_RIGHT,FATAL DEGRADATION,0.0,3,0
1771934198.994,7.0,0.0,45.0,JUNCTION_RIGHT,FATAL DEGRADATION,0.0,3,0
1771934199.174,7.9,0.0,45.0,JUNCTION_RIGHT,FATAL DEGRADATION,0.0,3,0
1771934199.301,7.2,0.0,45.0,JUNCTION_RIGHT,FATAL DEGRADATION,0.0,3,0
1771934199.466,7.4,0.0,45.0,JUNCTION_RIGHT,FATAL DEGRADATION,0.0,3,0
1771934199.574,7.0,0.0,45.0,JUNCTION_RIGHT,FATAL DEGRADATION,0.0,3,0
1771934199.758,7.7,0.0,45.0,JUNCTION_RIGHT,FATAL DEGRADATION,0.0,3,0
1771934199.862,7.0,0.0,45.0,JUNCTION_RIGHT,FATAL DEGRADATION,0.0,3,0
1771934200.016,7.8,0.0,45.0,JUNCTION_RIGHT,FATAL DEGRADATION,0.0,3,0
1771934200.12,7.4,0.0,45.0,JUNCTION_RIGHT,FATAL DEGRADATION,0.0,3,0
1771934200.301,8.0,0.0,45.0,JUNCTION_RIGHT,FATAL DEGRADATION,0.0,3,0
1771934200.396,7.3,0.0,45.0,JUNCTION_RIGHT,FATAL DEGRADATION,0.0,3,0
1771934200.557,8.3,0.0,45.0,JUNCTION_RIGHT,FATAL DEGRADATION,0.0,3,0
1771934200.669,7.7,0.0,45.0,JUNCTION_RIGHT,FATAL DEGRADATION,0.0,3,0
1771934200.95,8.1,0.0,45.0,JUNCTION_RIGHT,FATAL DEGRADATION,0.0,3,0
1771934201.296,6.7,0.0,45.0,JUNCTION_RIGHT,FATAL DEGRADATION,0.0,3,0
1771934201.724,5.6,0.0,45.0,JUNCTION_RIGHT,FATAL DEGRADATION,0.0,3,0
1771934201.843,4.6,0.0,45.0,JUNCTION_RIGHT,FATAL DEGRADATION,0.0,3,0
1771934202.025,5.8,0.0,45.0,JUNCTION_RIGHT,FATAL DEGRADATION,0.0,3,0
1771934202.134,5.7,0.0,45.0,JUNCTION_RIGHT,FATAL DEGRADATION,0.0,3,0
1771934202.306,6.7,0.0,45.0,JUNCTION_RIGHT,FATAL DEGRADATION,0.0,3,0
1771934202.42,6.5,0.0,45.0,JUNCTION_RIGHT,FATAL DEGRADATION,0.0,3,0
1771934202.609,7.1,0.0,45.0,JUNCTION_RIGHT,FATAL DEGRADATION,0.0,3,0
1771934202.727,6.6,0.0,45.0,JUNCTION_RIGHT,FATAL DEGRADATION,0.0,3,0
1771934202.95,7.1,0.0,45.0,JUNCTION_RIGHT,FATAL DEGRADATION,0.0,3,0
1771934203.067,6.3,0.0,45.0,JUNCTION_RIGHT,FATAL DEGRADATION,0.0,3,0
1771934203.24,7.0,0.0,45.0,JUNCTION_RIGHT,FATAL DEGRADATION,0.0,3,0
1771934203.358,6.6,0.0,45.0,JUNCTION_RIGHT,FATAL DEGRADATION,0.0,3,0
1771934203.528,7.2,0.0,45.0,JUNCTION_RIGHT,FATAL DEGRADATION,0.0,3,0
1771934203.637,6.8,0.0,45.0,JUNCTION_RIGHT,FATAL DEGRADATION,0.0,3,0
1771934203.794,7.5,0.0,45.0,JUNCTION_RIGHT,FATAL DEGRADATION,0.0,3,0
1771934203.902,7.2,0.0,45.0,JUNCTION_RIGHT,FATAL DEGRADATION,0.0,3,0
1771934204.055,7.8,0.0,45.0,JUNCTION_RIGHT,FATAL DEGRADATION,0.0,3,0
1771934204.161,7.4,0.0,45.0,JUNCTION_RIGHT,FATAL DEGRADATION,0.0,3,0
1771934204.318,8.0,0.0,45.0,JUNCTION_RIGHT,FATAL DEGRADATION,0.0,3,0
1771934204.416,7.5,0.0,45.0,JUNCTION_RIGHT,FATAL DEGRADATION,0.0,3,0
1771934204.571,8.4,0.0,45.0,JUNCTION_RIGHT,FATAL DEGRADATION,0.0,3,0
1771934204.684,7.8,0.0,45.0,JUNCTION_RIGHT,FATAL DEGRADATION,0.0,3,0
1771934204.864,8.1,0.0,45.0,JUNCTION_RIGHT,FATAL DEGRADATION,0.0,3,0
1771934204.987,7.3,0.0,45.0,JUNCTION_RIGHT,FATAL DEGRADATION,0.0,3,0
1771934205.157,7.6,0.0,45.0,JUNCTION_RIGHT,FATAL DEGRADATION,0.0,3,0
1771934205.258,7.1,0.0,45.0,JUNCTION_RIGHT,FATAL DEGRADATION,0.0,3,0
1771934205.42,8.0,0.0,45.0,JUNCTION_RIGHT,FATAL DEGRADATION,0.0,3,0
1771934205.536,7.4,0.0,45.0,JUNCTION_RIGHT,FATAL DEGRADATION,0.0,3,0
1771934205.678,7.8,0.0,45.0,JUNCTION_RIGHT,FATAL DEGRADATION,0.0,3,0
1771934205.789,7.6,0.0,45.0,JUNCTION_RIGHT,FATAL DEGRADATION,0.0,3,0
1771934206.014,8.0,0.0,45.0,JUNCTION_RIGHT,FATAL DEGRADATION,0.0,3,0
1771934206.175,6.9,0.0,45.0,JUNCTION_RIGHT,FATAL DEGRADATION,0.0,3,0
1771934206.369,6.7,0.0,45.0,JUNCTION_RIGHT,FATAL DEGRADATION,0.0,3,0
1771934206.48,6.2,0.0,45.0,JUNCTION_RIGHT,FATAL DEGRADATION,0.0,3,0
1771934206.651,7.1,0.0,45.0,JUNCTION_RIGHT,FATAL DEGRADATION,0.0,3,0
1771934206.754,6.7,0.0,45.0,JUNCTION_RIGHT,FATAL DEGRADATION,0.0,3,0
1771934206.932,7.6,0.0,45.0,JUNCTION_RIGHT,FATAL DEGRADATION,0.0,3,0
1771934207.049,7.0,0.0,45.0,JUNCTION_RIGHT,FATAL DEGRADATION,0.0,3,0
1771934207.249,7.5,0.0,45.0,JUNCTION_RIGHT,FATAL DEGRADATION,0.0,3,0
1771934207.38,6.7,0.0,45.0,JUNCTION_RIGHT,FATAL DEGRADATION,0.0,3,0
1771934207.571,7.0,0.0,45.0,JUNCTION_RIGHT,FATAL DEGRADATION,0.0,3,0
1771934207.706,6.5,0.0,45.0,JUNCTION_RIGHT,FATAL DEGRADATION,0.0,3,0
1771934207.943,6.8,0.0,45.0,JUNCTION_RIGHT,FATAL DEGRADATION,0.0,3,0
1771934208.112,6.0,0.0,45.0,JUNCTION_RIGHT,FATAL DEGRADATION,0.0,3,0
1771934208.297,6.0,0.0,45.0,JUNCTION_RIGHT,FATAL DEGRADATION,0.0,3,0
1771934208.432,5.8,0.0,45.0,JUNCTION_RIGHT,FATAL DEGRADATION,0.0,3,0
1771934208.629,6.3,0.0,45.0,JUNCTION_RIGHT,FATAL DEGRADATION,0.0,3,0
1771934208.74,6.0,0.0,45.0,JUNCTION_RIGHT,FATAL DEGRADATION,0.0,3,0
1771934208.916,6.9,0.0,45.0,JUNCTION_RIGHT,FATAL DEGRADATION,0.0,3,0
1771934209.033,6.5,0.0,45.0,JUNCTION_RIGHT,FATAL DEGRADATION,0.0,3,0
1771934209.218,7.1,0.0,45.0,JUNCTION_RIGHT,FATAL DEGRADATION,0.0,3,0
1771934209.323,6.6,0.0,45.0,JUNCTION_RIGHT,FATAL DEGRADATION,0.0,3,0
1771934209.494,7.5,0.0,45.0,JUNCTION_RIGHT,FATAL DEGRADATION,0.0,3,0
1771934209.6,7.0,0.0,45.0,JUNCTION_RIGHT,FATAL DEGRADATION,0.0,3,0
1771934209.769,7.7,0.0,45.0,JUNCTION_RIGHT,FATAL DEGRADATION,0.0,3,0
1771934209.868,7.2,0.0,45.0,JUNCTION_RIGHT,FATAL DEGRADATION,0.0,3,0
1771934210.032,8.0,0.0,45.0,JUNCTION_RIGHT,FATAL DEGRADATION,0.0,3,0
1771934210.144,7.5,0.0,45.0,JUNCTION_RIGHT,FATAL DEGRADATION,0.0,3,0
1771934210.36,7.9,0.0,45.0,JUNCTION_RIGHT,FATAL DEGRADATION,0.0,3,0
1771934210.466,6.9,0.0,45.0,JUNCTION_RIGHT,FATAL DEGRADATION,0.0,3,0
1771934210.643,7.7,0.0,45.0,JUNCTION_RIGHT,FATAL DEGRADATION,0.0,3,0
1771934210.761,7.1,0.0,45.0,JUNCTION_RIGHT,FATAL DEGRADATION,0.0,3,0
1771934210.96,7.5,0.0,45.0,JUNCTION_RIGHT,FATAL DEGRADATION,0.0,3,0
1771934211.151,6.7,0.0,45.0,JUNCTION_RIGHT,FATAL DEGRADATION,0.0,3,0
1771934211.374,6.3,0.0,45.0,JUNCTION_RIGHT,FATAL DEGRADATION,0.0,3,0
1771934211.474,5.8,0.0,45.0,JUNCTION_RIGHT,FATAL DEGRADATION,0.0,3,0
1771934211.662,7.0,0.0,45.0,JUNCTION_RIGHT,FATAL DEGRADATION,0.0,3,0
1771934211.783,6.5,0.0,45.0,JUNCTION_RIGHT,FATAL DEGRADATION,0.0,3,0
1771934211.958,7.0,0.0,45.0,JUNCTION_RIGHT,FATAL DEGRADATION,0.0,3,0
1771934212.067,6.6,0.0,45.0,JUNCTION_RIGHT,FATAL DEGRADATION,0.0,3,0
1771934212.272,7.3,0.0,45.0,JUNCTION_RIGHT,FATAL DEGRADATION,0.0,3,0
1771934212.392,6.6,0.0,45.0,JUNCTION_RIGHT,FATAL DEGRADATION,0.0,3,0
1771934212.603,7.0,0.0,45.0,JUNCTION_RIGHT,FATAL DEGRADATION,0.0,3,0
1771934212.757,6.3,0.0,45.0,JUNCTION_RIGHT,FATAL DEGRADATION,0.0,3,0
1771934212.951,6.4,0.0,45.0,JUNCTION_RIGHT,FATAL DEGRADATION,0.0,3,0
1771934213.096,6.0,0.0,45.0,JUNCTION_RIGHT,FATAL DEGRADATION,0.0,3,0
1771934213.286,6.3,0.0,45.0,JUNCTION_RIGHT,FATAL DEGRADATION,0.0,3,0
1771934213.397,6.0,0.0,45.0,JUNCTION_RIGHT,FATAL DEGRADATION,0.0,3,0
1771934213.586,6.9,0.0,45.0,JUNCTION_RIGHT,FATAL DEGRADATION,0.0,3,0
1771934213.689,6.4,0.0,45.0,JUNCTION_RIGHT,FATAL DEGRADATION,0.0,3,0
1771934213.88,7.5,0.0,45.0,JUNCTION_RIGHT,FATAL DEGRADATION,0.0,3,0
1771934213.976,6.8,0.0,45.0,JUNCTION_RIGHT,FATAL DEGRADATION,0.0,3,0
1771934214.192,7.9,0.0,45.0,JUNCTION_RIGHT,FATAL DEGRADATION,0.0,3,0
1771934214.311,6.9,0.0,45.0,JUNCTION_RIGHT,FATAL DEGRADATION,0.0,3,0
1771934214.497,7.4,0.0,45.0,JUNCTION_RIGHT,FATAL DEGRADATION,0.0,3,0
1771934214.605,6.8,0.0,45.0,JUNCTION_RIGHT,FATAL DEGRADATION,0.0,3,0
1771934214.794,7.5,0.0,45.0,JUNCTION_RIGHT,FATAL DEGRADATION,0.0,3,0
1771934214.91,6.8,0.0,45.0,JUNCTION_RIGHT,FATAL DEGRADATION,0.0,3,0
1771934215.06,7.4,0.0,45.0,JUNCTION_RIGHT,FATAL DEGRADATION,0.0,3,0
1771934215.183,7.1,0.0,45.0,JUNCTION_RIGHT,FATAL DEGRADATION,0.0,3,0
1771934215.361,7.5,0.0,45.0,JUNCTION_RIGHT,FATAL DEGRADATION,0.0,3,0
1771934215.49,6.9,0.0,45.0,JUNCTION_RIGHT,FATAL DEGRADATION,0.0,3,0
1771934215.65,7.2,0.0,45.0,JUNCTION_RIGHT,FATAL DEGRADATION,0.0,3,0
1771934215.758,6.9,0.0,45.0,JUNCTION_RIGHT,FATAL DEGRADATION,0.0,3,0
1771934215.915,7.6,0.0,45.0,JUNCTION_RIGHT,FATAL DEGRADATION,0.0,3,0
1771934216.038,7.2,0.0,45.0,JUNCTION_RIGHT,FATAL DEGRADATION,0.0,3,0
1771934216.225,7.5,0.0,45.0,JUNCTION_RIGHT,FATAL DEGRADATION,0.0,3,0
1771934216.323,6.8,0.0,45.0,JUNCTION_RIGHT,FATAL DEGRADATION,0.0,3,0
1771934216.485,7.9,0.0,45.0,JUNCTION_RIGHT,FATAL DEGRADATION,0.0,3,0
1771934216.601,7.4,0.0,45.0,JUNCTION_RIGHT,FATAL DEGRADATION,0.0,3,0
1771934216.764,7.7,0.0,45.0,JUNCTION_RIGHT,FATAL DEGRADATION,0.0,3,0
1771934216.879,7.3,0.0,45.0,JUNCTION_RIGHT,FATAL DEGRADATION,0.0,3,0
1771934217.055,7.7,0.0,45.0,JUNCTION_RIGHT,FATAL DEGRADATION,0.0,3,0
1771934217.207,7.1,0.0,45.0,JUNCTION_RIGHT,FATAL DEGRADATION,0.0,3,0
1771934217.431,6.9,0.0,45.0,JUNCTION_RIGHT,FATAL DEGRADATION,0.0,3,0
1771934217.564,6.2,0.0,45.0,JUNCTION_RIGHT,FATAL DEGRADATION,0.0,3,0
1771934217.763,6.6,0.0,45.0,JUNCTION_RIGHT,FATAL DEGRADATION,0.0,3,0
1771934217.876,6.1,0.0,45.0,JUNCTION_RIGHT,FATAL DEGRADATION,0.0,3,0
1771934218.068,6.9,0.0,45.0,JUNCTION_RIGHT,FATAL DEGRADATION,0.0,3,0
1771934218.426,6.4,0.0,45.0,JUNCTION_RIGHT,FATAL DEGRADATION,0.0,3,0
1771934218.792,5.3,0.0,45.0,JUNCTION_RIGHT,FATAL DEGRADATION,0.0,3,0
1771934218.91,4.6,0.0,45.0,JUNCTION_RIGHT,FATAL DEGRADATION,0.0,3,0
1771934219.066,5.7,0.0,45.0,JUNCTION_RIGHT,FATAL DEGRADATION,0.0,3,0
1771934219.187,5.9,0.0,45.0,JUNCTION_RIGHT,FATAL DEGRADATION,0.0,3,0
1771934219.354,6.6,0.0,45.0,JUNCTION_RIGHT,FATAL DEGRADATION,0.0,3,0
1771934219.456,6.5,0.0,45.0,JUNCTION_RIGHT,FATAL DEGRADATION,0.0,3,0
1771934219.629,7.4,0.0,45.0,JUNCTION_RIGHT,FATAL DEGRADATION,0.0,3,0
1771934219.743,6.9,0.0,45.0,JUNCTION_RIGHT,FATAL DEGRADATION,0.0,3,0
1771934219.909,7.5,0.0,45.0,JUNCTION_RIGHT,FATAL DEGRADATION,0.0,3,0
1771934220.011,7.1,0.0,45.0,JUNCTION_RIGHT,FATAL DEGRADATION,0.0,3,0
1771934220.273,7.8,0.0,45.0,JUNCTION_RIGHT,FATAL DEGRADATION,0.0,3,0
1771934220.432,6.6,0.0,45.0,JUNCTION_RIGHT,FATAL DEGRADATION,0.0,3,0
1771934220.727,6.5,0.0,45.0,JUNCTION_RIGHT,FATAL DEGRADATION,0.0,3,0
1771934220.879,5.6,0.0,45.0,JUNCTION_RIGHT,FATAL DEGRADATION,0.0,3,0
1771934221.095,5.8,0.0,45.0,JUNCTION_RIGHT,FATAL DEGRADATION,0.0,3,0
1771934221.196,5.5,0.0,45.0,JUNCTION_RIGHT,FATAL DEGRADATION,0.0,3,0
1771934221.626,6.8,0.0,45.0,JUNCTION_RIGHT,FATAL DEGRADATION,0.0,3,0
1771934221.803,5.4,0.0,45.0,JUNCTION_RIGHT,FATAL DEGRADATION,0.0,3,0
1771934222.133,5.5,0.0,45.0,JUNCTION_RIGHT,FATAL DEGRADATION,0.0,3,0
1771934222.314,4.8,0.0,45.0,JUNCTION_RIGHT,FATAL DEGRADATION,0.0,3,0
1771934223.132,4.9,0.0,45.0,JUNCTION_RIGHT,FATAL DEGRADATION,0.0,3,0
1771934223.585,3.8,0.0,45.0,JUNCTION_RIGHT,FATAL DEGRADATION,0.0,3,0
1771934223.93,3.3,0.0,45.0,JUNCTION_RIGHT,FATAL DEGRADATION,0.0,3,0
1771934224.038,3.2,0.0,45.0,JUNCTION_RIGHT,FATAL DEGRADATION,0.0,3,0
1771934224.211,5.0,0.0,45.0,JUNCTION_RIGHT,FATAL DEGRADATION,0.0,3,0
1771934224.312,5.2,0.0,45.0,JUNCTION_RIGHT,FATAL DEGRADATION,0.0,3,0
1771934224.481,6.7,0.0,45.0,JUNCTION_RIGHT,FATAL DEGRADATION,0.0,3,0
1771934224.6,6.5,0.0,45.0,JUNCTION_RIGHT,FATAL DEGRADATION,0.0,3,0
1771934224.775,7.0,0.0,45.0,JUNCTION_RIGHT,FATAL DEGRADATION,0.0,3,0
1771934224.905,6.6,0.0,45.0,JUNCTION_RIGHT,FATAL DEGRADATION,0.0,3,0
1771934225.105,7.0,0.0,45.0,JUNCTION_RIGHT,FATAL DEGRADATION,0.0,3,0
1771934225.227,6.4,0.0,45.0,JUNCTION_RIGHT,FATAL DEGRADATION,0.0,3,0
1771934225.414,6.9,0.0,45.0,JUNCTION_RIGHT,FATAL DEGRADATION,0.0,3,0
1771934225.53,6.5,0.0,45.0,JUNCTION_RIGHT,FATAL DEGRADATION,0.0,3,0
1771934225.778,7.1,0.0,45.0,JUNCTION_RIGHT,FATAL DEGRADATION,0.0,3,0
1771934225.915,6.2,0.0,45.0,JUNCTION_RIGHT,FATAL DEGRADATION,0.0,3,0
1771934226.084,6.5,0.0,45.0,JUNCTION_RIGHT,FATAL DEGRADATION,0.0,3,0
1771934226.197,6.4,0.0,45.0,JUNCTION_RIGHT,FATAL DEGRADATION,0.0,3,0
1771934226.385,7.1,0.0,45.0,JUNCTION_RIGHT,FATAL DEGRADATION,0.0,3,0
1771934226.5,6.6,0.0,45.0,JUNCTION_RIGHT,FATAL DEGRADATION,0.0,3,0
1771934226.705,7.2,0.0,45.0,JUNCTION_RIGHT,FATAL DEGRADATION,0.0,3,0
1771934226.823,6.5,0.0,45.0,JUNCTION_RIGHT,FATAL DEGRADATION,0.0,3,0
1771934227.012,7.1,0.0,45.0,JUNCTION_RIGHT,FATAL DEGRADATION,0.0,3,0
1771934227.13,6.5,0.0,45.0,JUNCTION_RIGHT,FATAL DEGRADATION,0.0,3,0
1771934227.322,7.1,0.0,45.0,JUNCTION_RIGHT,FATAL DEGRADATION,0.0,3,0
1771934227.416,6.5,0.0,45.0,JUNCTION_RIGHT,FATAL DEGRADATION,0.0,3,0
1771934227.604,7.8,0.0,45.0,JUNCTION_RIGHT,FATAL DEGRADATION,0.0,3,0
1771934227.749,7.0,0.0,45.0,JUNCTION_RIGHT,FATAL DEGRADATION,0.0,3,0
1771934227.92,7.0,0.0,45.0,JUNCTION_RIGHT,FATAL DEGRADATION,0.0,3,0
1771934228.034,6.7,0.0,45.0,JUNCTION_RIGHT,FATAL DEGRADATION,0.0,3,0
1771934228.237,7.3,0.0,45.0,JUNCTION_RIGHT,FATAL DEGRADATION,0.0,3,0
1771934228.425,6.5,0.0,45.0,JUNCTION_RIGHT,FATAL DEGRADATION,0.0,3,0
1771934228.614,6.2,0.0,45.0,JUNCTION_RIGHT,FATAL DEGRADATION,0.0,3,0
1771934228.757,5.9,0.0,45.0,JUNCTION_RIGHT,FATAL DEGRADATION,0.0,3,0
1771934228.992,6.3,0.0,45.0,JUNCTION_RIGHT,FATAL DEGRADATION,0.0,3,0
1771934229.097,5.7,0.0,45.0,JUNCTION_RIGHT,FATAL DEGRADATION,0.0,3,0
1771934229.27,6.9,0.0,45.0,JUNCTION_RIGHT,FATAL DEGRADATION,0.0,3,0
1771934229.443,6.5,0.0,45.0,JUNCTION_RIGHT,FATAL DEGRADATION,0.0,3,0
1771934229.643,6.3,0.0,45.0,JUNCTION_RIGHT,FATAL DEGRADATION,0.0,3,0
1771934229.768,5.9,0.0,45.0,JUNCTION_RIGHT,FATAL DEGRADATION,0.0,3,0
1771934229.958,6.6,0.0,45.0,JUNCTION_RIGHT,FATAL DEGRADATION,0.0,3,0
1771934230.074,6.2,0.0,45.0,JUNCTION_RIGHT,FATAL DEGRADATION,0.0,3,0
1771934230.269,6.9,0.0,45.0,JUNCTION_RIGHT,FATAL DEGRADATION,0.0,3,0
1771934230.39,6.4,0.0,45.0,JUNCTION_RIGHT,FATAL DEGRADATION,0.0,3,0
1771934230.567,7.0,0.0,45.0,JUNCTION_RIGHT,FATAL DEGRADATION,0.0,3,0
1771934230.666,6.6,0.0,45.0,JUNCTION_RIGHT,FATAL DEGRADATION,0.0,3,0
1771934230.841,7.7,0.0,45.0,JUNCTION_RIGHT,FATAL DEGRADATION,0.0,3,0
1771934230.954,7.1,0.0,45.0,JUNCTION_RIGHT,FATAL DEGRADATION,0.0,3,0
1771934231.11,7.6,0.0,45.0,JUNCTION_RIGHT,FATAL DEGRADATION,0.0,3,0
1771934231.218,7.3,0.0,45.0,JUNCTION_RIGHT,FATAL DEGRADATION,0.0,3,0
1771934231.368,7.9,0.0,45.0,JUNCTION_RIGHT,FATAL DEGRADATION,0.0,3,0
1771934231.477,7.5,0.0,45.0,JUNCTION_RIGHT,FATAL DEGRADATION,0.0,3,0
1771934231.656,8.0,0.0,45.0,JUNCTION_RIGHT,FATAL DEGRADATION,0.0,3,0
1771934231.762,7.3,0.0,45.0,JUNCTION_RIGHT,FATAL DEGRADATION,0.0,3,0
1771934231.957,7.9,0.0,45.0,JUNCTION_RIGHT,FATAL DEGRADATION,0.0,3,0
1771934232.053,7.1,0.0,45.0,JUNCTION_RIGHT,FATAL DEGRADATION,0.0,3,0
1771934232.206,8.0,0.0,45.0,JUNCTION_RIGHT,FATAL DEGRADATION,0.0,3,0
1771934232.316,7.6,0.0,45.0,JUNCTION_RIGHT,FATAL DEGRADATION,0.0,3,0
1771934232.487,8.1,0.0,45.0,JUNCTION_RIGHT,FATAL DEGRADATION,0.0,3,0
1771934232.587,7.4,0.0,45.0,JUNCTION_RIGHT,FATAL DEGRADATION,0.0,3,0
1771934232.754,8.2,0.0,45.0,JUNCTION_RIGHT,FATAL DEGRADATION,0.0,3,0
1771934232.86,7.5,0.0,45.0,JUNCTION_RIGHT,FATAL DEGRADATION,0.0,3,0
1771934233.054,8.1,0.0,45.0,JUNCTION_RIGHT,FATAL DEGRADATION,0.0,3,0
1771934233.152,7.2,0.0,45.0,JUNCTION_RIGHT,FATAL DEGRADATION,0.0,3,0
1771934233.306,8.1,0.0,45.0,JUNCTION_RIGHT,FATAL DEGRADATION,0.0,3,0
1771934233.412,7.7,0.0,45.0,JUNCTION_RIGHT,FATAL DEGRADATION,0.0,3,0
1771934233.582,8.2,0.0,45.0,JUNCTION_RIGHT,FATAL DEGRADATION,0.0,3,0
1771934233.688,7.5,0.0,45.0,JUNCTION_RIGHT,FATAL DEGRADATION,0.0,3,0
1771934233.841,8.1,0.0,45.0,JUNCTION_RIGHT,FATAL DEGRADATION,0.0,3,0
1771934233.927,7.6,0.0,45.0,JUNCTION_RIGHT,FATAL DEGRADATION,0.0,3,0
1771934234.084,8.8,0.0,45.0,JUNCTION_RIGHT,FATAL DEGRADATION,0.0,3,0
1771934234.174,8.0,0.0,45.0,JUNCTION_RIGHT,FATAL DEGRADATION,0.0,3,0
1771934234.324,9.0,0.0,45.0,JUNCTION_RIGHT,FATAL DEGRADATION,0.0,3,0
1771934234.418,8.3,0.0,45.0,JUNCTION_RIGHT,FATAL DEGRADATION,0.0,3,0
1771934234.575,9.0,0.0,45.0,JUNCTION_RIGHT,FATAL DEGRADATION,0.0,3,0
1771934234.682,8.2,0.0,45.0,JUNCTION_RIGHT,FATAL DEGRADATION,0.0,3,0
1771934234.875,8.5,0.0,45.0,JUNCTION_RIGHT,FATAL DEGRADATION,0.0,3,0
1771934234.966,7.5,0.0,45.0,JUNCTION_RIGHT,FATAL DEGRADATION,0.0,3,0
1771934235.13,8.5,0.0,45.0,JUNCTION_RIGHT,FATAL DEGRADATION,0.0,3,0
1771934235.227,7.8,0.0,45.0,JUNCTION_RIGHT,FATAL DEGRADATION,0.0,3,0
1771934235.402,8.6,0.0,45.0,JUNCTION_RIGHT,FATAL DEGRADATION,0.0,3,0
1771934235.513,7.7,0.0,45.0,JUNCTION_RIGHT,FATAL DEGRADATION,0.0,3,0
1771934235.666,8.2,0.0,45.0,JUNCTION_RIGHT,FATAL DEGRADATION,0.0,3,0
1771934235.758,7.7,0.0,45.0,JUNCTION_RIGHT,FATAL DEGRADATION,0.0,3,0
1771934235.893,8.6,0.0,45.0,JUNCTION_RIGHT,FATAL DEGRADATION,0.0,3,0
1771934236.0,8.2,0.0,45.0,JUNCTION_RIGHT,FATAL DEGRADATION,0.0,3,0
1771934236.169,8.6,0.0,45.0,JUNCTION_RIGHT,FATAL DEGRADATION,0.0,3,0
1771934236.275,7.8,0.0,45.0,JUNCTION_RIGHT,FATAL DEGRADATION,0.0,3,0
1771934236.432,8.3,0.0,45.0,JUNCTION_RIGHT,FATAL DEGRADATION,0.0,3,0
1771934236.538,7.7,0.0,45.0,JUNCTION_RIGHT,FATAL DEGRADATION,0.0,3,0
1771934236.709,8.2,0.0,45.0,JUNCTION_RIGHT,FATAL DEGRADATION,0.0,3,0
1771934236.81,7.5,0.0,45.0,JUNCTION_RIGHT,FATAL DEGRADATION,0.0,3,0
1771934236.974,8.2,0.0,45.0,JUNCTION_RIGHT,FATAL DEGRADATION,0.0,3,0
1771934237.086,7.6,0.0,45.0,JUNCTION_RIGHT,FATAL DEGRADATION,0.0,3,0
1771934237.249,8.0,0.0,45.0,JUNCTION_RIGHT,FATAL DEGRADATION,0.0,3,0
1771934237.347,7.4,0.0,45.0,JUNCTION_RIGHT,FATAL DEGRADATION,0.0,3,0
1771934237.507,8.3,0.0,45.0,JUNCTION_RIGHT,FATAL DEGRADATION,0.0,3,0
1771934237.608,7.7,0.0,45.0,JUNCTION_RIGHT,FATAL DEGRADATION,0.0,3,0
1771934237.765,8.3,0.0,45.0,JUNCTION_RIGHT,FATAL DEGRADATION,0.0,3,0
1771934237.869,7.7,0.0,45.0,JUNCTION_RIGHT,FATAL DEGRADATION,0.0,3,0
1771934238.039,8.3,0.0,45.0,JUNCTION_RIGHT,FATAL DEGRADATION,0.0,3,0
1771934238.139,7.6,0.0,45.0,JUNCTION_RIGHT,FATAL DEGRADATION,0.0,3,0
1771934238.301,8.3,0.0,45.0,JUNCTION_RIGHT,FATAL DEGRADATION,0.0,3,0
1771934238.4,7.7,0.0,45.0,JUNCTION_RIGHT,FATAL DEGRADATION,0.0,3,0
1771934238.58,8.4,0.0,45.0,JUNCTION_RIGHT,FATAL DEGRADATION,0.0,3,0
1771934238.693,7.5,0.0,45.0,JUNCTION_RIGHT,FATAL DEGRADATION,0.0,3,0
1771934238.847,8.0,0.0,45.0,JUNCTION_RIGHT,FATAL DEGRADATION,0.0,3,0
1771934238.949,7.6,0.0,45.0,JUNCTION_RIGHT,FATAL DEGRADATION,0.0,3,0
1771934239.12,8.2,0.0,45.0,JUNCTION_RIGHT,FATAL DEGRADATION,0.0,3,0
1771934239.222,7.5,0.0,45.0,JUNCTION_RIGHT,FATAL DEGRADATION,0.0,3,0
1771934239.399,8.2,0.0,45.0,JUNCTION_RIGHT,FATAL DEGRADATION,0.0,3,0
1771934239.512,7.4,0.0,45.0,JUNCTION_RIGHT,FATAL DEGRADATION,0.0,3,0
1771934239.689,7.9,0.0,45.0,JUNCTION_RIGHT,FATAL DEGRADATION,0.0,3,0
1771934239.804,7.2,0.0,45.0,JUNCTION_RIGHT,FATAL DEGRADATION,0.0,3,0
1771934239.974,7.6,0.0,45.0,JUNCTION_RIGHT,FATAL DEGRADATION,0.0,3,0
1771934240.074,7.1,0.0,45.0,JUNCTION_RIGHT,FATAL DEGRADATION,0.0,3,0
1771934240.247,8.0,0.0,45.0,JUNCTION_RIGHT,FATAL DEGRADATION,0.0,3,0
1771934240.349,7.3,0.0,45.0,JUNCTION_RIGHT,FATAL DEGRADATION,0.0,3,0
1771934240.518,8.0,0.0,45.0,JUNCTION_RIGHT,FATAL DEGRADATION,0.0,3,0
1771934240.621,7.4,0.0,45.0,JUNCTION_RIGHT,FATAL DEGRADATION,0.0,3,0
1771934240.808,8.1,0.0,45.0,JUNCTION_RIGHT,FATAL DEGRADATION,0.0,3,0
1771934240.911,7.3,0.0,45.0,JUNCTION_RIGHT,FATAL DEGRADATION,0.0,3,0
1771934241.085,8.0,0.0,45.0,JUNCTION_RIGHT,FATAL DEGRADATION,0.0,3,0
1771934241.188,7.3,0.0,45.0,JUNCTION_RIGHT,FATAL DEGRADATION,0.0,3,0
1771934241.422,8.0,0.0,45.0,JUNCTION_RIGHT,FATAL DEGRADATION,0.0,3,0
1771934241.591,6.9,0.0,45.0,JUNCTION_RIGHT,FATAL DEGRADATION,0.0,3,0
1771934242.118,6.6,0.0,45.0,JUNCTION_RIGHT,FATAL DEGRADATION,0.0,3,0
1771934242.318,5.2,0.0,45.0,JUNCTION_RIGHT,FATAL DEGRADATION,0.0,3,0
1771934242.469,5.1,0.0,45.0,JUNCTION_RIGHT,FATAL DEGRADATION,0.0,3,0
1771934242.577,5.6,0.0,45.0,JUNCTION_RIGHT,FATAL DEGRADATION,0.0,3,0
1771934242.754,6.7,0.0,45.0,JUNCTION_RIGHT,FATAL DEGRADATION,0.0,3,0
1771934242.864,6.4,0.0,45.0,JUNCTION_RIGHT,FATAL DEGRADATION,0.0,3,0
1771934243.023,7.2,0.0,45.0,JUNCTION_RIGHT,FATAL DEGRADATION,0.0,3,0
1771934243.125,6.9,0.0,45.0,JUNCTION_RIGHT,FATAL DEGRADATION,0.0,3,0
1771934243.352,7.8,0.0,45.0,JUNCTION_RIGHT,FATAL DEGRADATION,0.0,3,0
1771934243.537,6.8,0.0,45.0,JUNCTION_RIGHT,FATAL DEGRADATION,0.0,3,0
1771934243.713,6.4,0.0,45.0,JUNCTION_RIGHT,FATAL DEGRADATION,0.0,3,0
1771934243.826,6.2,0.0,45.0,JUNCTION_RIGHT,FATAL DEGRADATION,0.0,3,0
1771934244.001,7.0,0.0,45.0,JUNCTION_RIGHT,FATAL DEGRADATION,0.0,3,0
1771934244.102,6.6,0.0,45.0,JUNCTION_RIGHT,FATAL DEGRADATION,0.0,3,0
1771934244.277,7.6,0.0,45.0,JUNCTION_RIGHT,FATAL DEGRADATION,0.0,3,0
1771934244.391,7.0,0.0,45.0,JUNCTION_RIGHT,FATAL DEGRADATION,0.0,3,0
1771934244.548,7.6,0.0,45.0,JUNCTION_RIGHT,FATAL DEGRADATION,0.0,3,0
1771934244.651,7.2,0.0,45.0,JUNCTION_RIGHT,FATAL DEGRADATION,0.0,3,0
1771934244.804,7.9,0.0,45.0,JUNCTION_RIGHT,FATAL DEGRADATION,0.0,3,0
1771934244.908,7.5,0.0,45.0,JUNCTION_RIGHT,FATAL DEGRADATION,0.0,3,0
1771934245.063,8.2,0.0,45.0,JUNCTION_RIGHT,FATAL DEGRADATION,0.0,3,0
1771934245.154,7.6,0.0,45.0,JUNCTION_RIGHT,FATAL DEGRADATION,0.0,3,0
1771934245.309,8.7,0.0,45.0,JUNCTION_RIGHT,FATAL DEGRADATION,0.0,3,0
1771934245.402,8.0,0.0,45.0,JUNCTION_RIGHT,FATAL DEGRADATION,0.0,3,0
1771934245.559,8.9,0.0,45.0,JUNCTION_RIGHT,FATAL DEGRADATION,0.0,3,0
1771934245.665,8.1,0.0,45.0,JUNCTION_RIGHT,FATAL DEGRADATION,0.0,3,0
1771934245.822,8.5,0.0,45.0,JUNCTION_RIGHT,FATAL DEGRADATION,0.0,3,0
1771934245.935,7.9,0.0,45.0,JUNCTION_RIGHT,FATAL DEGRADATION,0.0,3,0
1771934246.092,8.2,0.0,45.0,JUNCTION_RIGHT,FATAL DEGRADATION,0.0,3,0
1771934246.179,7.6,0.0,45.0,JUNCTION_RIGHT,FATAL DEGRADATION,0.0,3,0
1771934246.333,8.9,0.0,45.0,JUNCTION_RIGHT,FATAL DEGRADATION,0.0,3,0
1771934246.44,8.1,0.0,45.0,JUNCTION_RIGHT,FATAL DEGRADATION,0.0,3,0
1771934246.603,8.5,0.0,45.0,JUNCTION_RIGHT,FATAL DEGRADATION,0.0,3,0
1771934246.697,7.8,0.0,45.0,JUNCTION_RIGHT,FATAL DEGRADATION,0.0,3,0
1771934246.861,8.6,0.0,45.0,JUNCTION_RIGHT,FATAL DEGRADATION,0.0,3,0
1771934246.958,7.9,0.0,45.0,JUNCTION_RIGHT,FATAL DEGRADATION,0.0,3,0
1771934247.116,8.5,0.0,45.0,JUNCTION_RIGHT,FATAL DEGRADATION,0.0,3,0
1771934247.218,7.9,0.0,45.0,JUNCTION_RIGHT,FATAL DEGRADATION,0.0,3,0
1771934247.38,8.5,0.0,45.0,JUNCTION_RIGHT,FATAL DEGRADATION,0.0,3,0
1771934247.493,7.8,0.0,45.0,JUNCTION_RIGHT,FATAL DEGRADATION,0.0,3,0
1771934247.661,8.1,0.0,45.0,JUNCTION_RIGHT,FATAL DEGRADATION,0.0,3,0
1771934247.752,7.5,0.0,45.0,JUNCTION_RIGHT,FATAL DEGRADATION,0.0,3,0
1771934247.897,8.5,0.0,45.0,JUNCTION_RIGHT,FATAL DEGRADATION,0.0,3,0
1771934248.0,8.0,0.0,45.0,JUNCTION_RIGHT,FATAL DEGRADATION,0.0,3,0
1771934248.154,8.6,0.0,45.0,JUNCTION_RIGHT,FATAL DEGRADATION,0.0,3,0
1771934248.262,7.9,0.0,45.0,JUNCTION_RIGHT,FATAL DEGRADATION,0.0,3,0
1771934248.416,8.3,0.0,45.0,JUNCTION_RIGHT,FATAL DEGRADATION,0.0,3,0
1771934248.517,7.8,0.0,45.0,JUNCTION_RIGHT,FATAL DEGRADATION,0.0,3,0
1771934248.672,8.4,0.0,45.0,JUNCTION_RIGHT,FATAL DEGRADATION,0.0,3,0
1771934248.775,7.8,0.0,45.0,JUNCTION_RIGHT,FATAL DEGRADATION,0.0,3,0
1771934248.932,8.4,0.0,45.0,JUNCTION_RIGHT,FATAL DEGRADATION,0.0,3,0
1771934249.032,7.8,0.0,45.0,JUNCTION_RIGHT,FATAL DEGRADATION,0.0,3,0
1771934249.185,8.5,0.0,45.0,JUNCTION_RIGHT,FATAL DEGRADATION,0.0,3,0
1771934249.294,7.9,0.0,45.0,JUNCTION_RIGHT,FATAL DEGRADATION,0.0,3,0
1771934249.46,8.3,0.0,45.0,JUNCTION_RIGHT,FATAL DEGRADATION,0.0,3,0
1771934249.568,7.6,0.0,45.0,JUNCTION_RIGHT,FATAL DEGRADATION,0.0,3,0
1771934249.731,8.1,0.0,45.0,JUNCTION_RIGHT,FATAL DEGRADATION,0.0,3,0
1771934249.826,7.5,0.0,45.0,JUNCTION_RIGHT,FATAL DEGRADATION,0.0,3,0
1771934249.982,8.4,0.0,45.0,JUNCTION_RIGHT,FATAL DEGRADATION,0.0,3,0
1771934250.087,7.8,0.0,45.0,JUNCTION_RIGHT,FATAL DEGRADATION,0.0,3,0
1771934250.268,8.3,0.0,45.0,JUNCTION_RIGHT,FATAL DEGRADATION,0.0,3,0
1771934250.42,7.5,0.0,45.0,JUNCTION_RIGHT,FATAL DEGRADATION,0.0,3,0
1771934250.683,7.2,0.0,45.0,JUNCTION_RIGHT,FATAL DEGRADATION,0.0,3,0
1771934251.007,6.2,0.0,45.0,JUNCTION_RIGHT,FATAL DEGRADATION,0.0,3,0
1771934251.149,5.3,0.0,45.0,JUNCTION_RIGHT,FATAL DEGRADATION,0.0,3,0
1771934251.247,5.8,0.0,45.0,JUNCTION_RIGHT,FATAL DEGRADATION,0.0,3,0
1771934251.365,7.2,0.0,45.0,JUNCTION_RIGHT,FATAL DEGRADATION,0.0,3,0
1771934251.463,7.5,0.0,45.0,JUNCTION_RIGHT,FATAL DEGRADATION,0.0,3,0
1771934251.641,7.7,0.0,45.0,JUNCTION_RIGHT,FATAL DEGRADATION,0.0,3,0
1771934251.766,7.3,0.0,45.0,JUNCTION_RIGHT,FATAL DEGRADATION,0.0,3,0
1771934251.924,7.6,0.0,45.0,JUNCTION_RIGHT,FATAL DEGRADATION,0.0,3,0
1771934252.025,7.2,0.0,45.0,JUNCTION_RIGHT,FATAL DEGRADATION,0.0,3,0
1771934252.182,8.0,0.0,45.0,JUNCTION_RIGHT,FATAL DEGRADATION,0.0,3,0
1771934252.283,7.5,0.0,45.0,JUNCTION_RIGHT,FATAL DEGRADATION,0.0,3,0
1771934252.445,8.2,0.0,45.0,JUNCTION_RIGHT,FATAL DEGRADATION,0.0,3,0
1771934252.556,7.6,0.0,45.0,JUNCTION_RIGHT,FATAL DEGRADATION,0.0,3,0
1771934252.707,8.0,0.0,45.0,JUNCTION_RIGHT,FATAL DEGRADATION,0.0,3,0
1771934252.805,7.6,0.0,45.0,JUNCTION_RIGHT,FATAL DEGRADATION,0.0,3,0
1771934252.986,8.3,0.0,45.0,JUNCTION_RIGHT,FATAL DEGRADATION,0.0,3,0
1771934253.093,7.5,0.0,45.0,JUNCTION_RIGHT,FATAL DEGRADATION,0.0,3,0
1771934253.256,8.1,0.0,45.0,JUNCTION_RIGHT,FATAL DEGRADATION,0.0,3,0
1771934253.357,7.5,0.0,45.0,JUNCTION_RIGHT,FATAL DEGRADATION,0.0,3,0
1771934253.506,8.2,0.0,45.0,JUNCTION_RIGHT,FATAL DEGRADATION,0.0,3,0
1771934253.605,7.7,0.0,45.0,JUNCTION_RIGHT,FATAL DEGRADATION,0.0,3,0
1771934253.737,8.4,0.0,45.0,JUNCTION_RIGHT,FATAL DEGRADATION,0.0,3,0
1771934253.842,8.2,0.0,45.0,JUNCTION_RIGHT,FATAL DEGRADATION,0.0,3,0
1771934254.008,8.6,0.0,45.0,JUNCTION_RIGHT,FATAL DEGRADATION,0.0,3,0
1771934254.113,7.8,0.0,45.0,JUNCTION_RIGHT,FATAL DEGRADATION,0.0,3,0
1771934254.266,8.3,0.0,45.0,JUNCTION_RIGHT,FATAL DEGRADATION,0.0,3,0
1771934254.362,7.8,0.0,45.0,JUNCTION_RIGHT,FATAL DEGRADATION,0.0,3,0
1771934254.523,8.6,0.0,45.0,JUNCTION_RIGHT,FATAL DEGRADATION,0.0,3,0
1771934254.617,7.9,0.0,45.0,JUNCTION_RIGHT,FATAL DEGRADATION,0.0,3,0
1771934254.762,8.7,0.0,45.0,JUNCTION_RIGHT,FATAL DEGRADATION,0.0,3,0
1771934254.868,8.2,0.0,45.0,JUNCTION_RIGHT,FATAL DEGRADATION,0.0,3,0
1771934255.022,8.5,0.0,45.0,JUNCTION_RIGHT,FATAL DEGRADATION,0.0,3,0
1771934255.14,7.9,0.0,45.0,JUNCTION_RIGHT,FATAL DEGRADATION,0.0,3,0
1771934255.333,8.1,0.0,45.0,JUNCTION_RIGHT,FATAL DEGRADATION,0.0,3,0
1771934255.441,7.2,0.0,45.0,JUNCTION_RIGHT,FATAL DEGRADATION,0.0,3,0
1771934255.6,7.9,0.0,45.0,JUNCTION_RIGHT,FATAL DEGRADATION,0.0,3,0
1771934255.714,7.4,0.0,45.0,JUNCTION_RIGHT,FATAL DEGRADATION,0.0,3,0
1771934255.854,7.8,0.0,45.0,JUNCTION_RIGHT,FATAL DEGRADATION,0.0,3,0
1771934255.959,7.6,0.0,45.0,JUNCTION_RIGHT,FATAL DEGRADATION,0.0,3,0
1771934256.124,8.2,0.0,45.0,JUNCTION_RIGHT,FATAL DEGRADATION,0.0,3,0
1771934256.227,7.5,0.0,45.0,JUNCTION_RIGHT,FATAL DEGRADATION,0.0,3,0
1771934256.39,8.2,0.0,45.0,JUNCTION_RIGHT,FATAL DEGRADATION,0.0,3,0
1771934256.513,7.6,0.0,45.0,JUNCTION_RIGHT,FATAL DEGRADATION,0.0,3,0
1771934256.671,7.8,0.0,45.0,JUNCTION_RIGHT,FATAL DEGRADATION,0.0,3,0
1771934256.77,7.3,0.0,45.0,JUNCTION_RIGHT,FATAL DEGRADATION,0.0,3,0
1771934256.939,8.1,0.0,45.0,JUNCTION_RIGHT,FATAL DEGRADATION,0.0,3,0
1771934257.042,7.5,0.0,45.0,JUNCTION_RIGHT,FATAL DEGRADATION,0.0,3,0
1771934257.208,8.1,0.0,45.0,JUNCTION_RIGHT,FATAL DEGRADATION,0.0,3,0
1771934257.317,7.5,0.0,45.0,JUNCTION_RIGHT,FATAL DEGRADATION,0.0,3,0
1771934257.482,8.0,0.0,45.0,JUNCTION_RIGHT,FATAL DEGRADATION,0.0,3,0
1771934257.561,7.4,0.0,45.0,JUNCTION_RIGHT,FATAL DEGRADATION,0.0,3,0
1771934257.707,9.0,0.0,45.0,JUNCTION_RIGHT,FATAL DEGRADATION,0.0,3,0
1771934257.805,8.4,0.0,45.0,JUNCTION_RIGHT,FATAL DEGRADATION,0.0,3,0
1771934257.959,8.9,0.0,45.0,JUNCTION_RIGHT,FATAL DEGRADATION,0.0,3,0
1771934258.066,8.2,0.0,45.0,JUNCTION_RIGHT,FATAL DEGRADATION,0.0,3,0
1771934258.213,8.6,0.0,45.0,JUNCTION_RIGHT,FATAL DEGRADATION,0.0,3,0
1771934258.32,8.0,0.0,45.0,JUNCTION_RIGHT,FATAL DEGRADATION,0.0,3,0
1771934258.485,8.5,0.0,45.0,JUNCTION_RIGHT,FATAL DEGRADATION,0.0,3,0
1771934258.581,7.7,0.0,45.0,JUNCTION_RIGHT,FATAL DEGRADATION,0.0,3,0
1771934258.724,8.6,0.0,45.0,JUNCTION_RIGHT,FATAL DEGRADATION,0.0,3,0
1771934258.829,8.1,0.0,45.0,JUNCTION_RIGHT,FATAL DEGRADATION,0.0,3,0
1771934259.001,8.5,0.0,45.0,JUNCTION_RIGHT,FATAL DEGRADATION,0.0,3,0
1771934259.107,7.7,0.0,45.0,JUNCTION_RIGHT,FATAL DEGRADATION,0.0,3,0
1771934259.288,8.3,0.0,45.0,JUNCTION_RIGHT,FATAL DEGRADATION,0.0,3,0
1771934259.5,7.4,0.0,45.0,JUNCTION_RIGHT,FATAL DEGRADATION,0.0,3,0
1771934259.693,6.6,0.0,45.0,JUNCTION_RIGHT,FATAL DEGRADATION,0.0,3,0
1771934259.809,6.2,0.0,45.0,JUNCTION_RIGHT,FATAL DEGRADATION,0.0,3,0
1771934259.988,6.9,0.0,45.0,JUNCTION_RIGHT,FATAL DEGRADATION,0.0,3,0
1771934260.097,6.5,0.0,45.0,JUNCTION_RIGHT,FATAL DEGRADATION,0.0,3,0
1771934260.251,7.3,0.0,45.0,JUNCTION_RIGHT,FATAL DEGRADATION,0.0,3,0
1771934260.408,7.1,0.0,45.0,JUNCTION_RIGHT,FATAL DEGRADATION,0.0,3,0
1771934260.578,6.8,0.0,45.0,JUNCTION_RIGHT,FATAL DEGRADATION,0.0,3,0
1771934260.673,6.6,0.0,45.0,JUNCTION_RIGHT,FATAL DEGRADATION,0.0,3,0
1771934260.83,7.7,0.0,45.0,JUNCTION_RIGHT,FATAL DEGRADATION,0.0,3,0
1771934260.937,7.3,0.0,45.0,JUNCTION_RIGHT,FATAL DEGRADATION,0.0,3,0
1771934261.18,8.0,0.0,45.0,JUNCTION_RIGHT,FATAL DEGRADATION,0.0,3,0
1771934261.268,6.8,0.0,45.0,JUNCTION_RIGHT,FATAL DEGRADATION,0.0,3,0
1771934261.404,8.2,0.0,45.0,JUNCTION_RIGHT,FATAL DEGRADATION,0.0,3,0
1771934261.514,7.9,0.0,45.0,JUNCTION_RIGHT,FATAL DEGRADATION,0.0,3,0
1771934261.664,8.3,0.0,45.0,JUNCTION_RIGHT,FATAL DEGRADATION,0.0,3,0
1771934261.757,7.8,0.0,45.0,JUNCTION_RIGHT,FATAL DEGRADATION,0.0,3,0
1771934261.913,8.7,0.0,45.0,JUNCTION_RIGHT,FATAL DEGRADATION,0.0,3,0
1771934262.016,8.0,0.0,45.0,JUNCTION_RIGHT,FATAL DEGRADATION,0.0,3,0
1771934262.173,8.5,0.0,45.0,JUNCTION_RIGHT,FATAL DEGRADATION,0.0,3,0
1771934262.277,7.9,0.0,45.0,JUNCTION_RIGHT,FATAL DEGRADATION,0.0,3,0
1771934262.443,8.5,0.0,45.0,JUNCTION_RIGHT,FATAL DEGRADATION,0.0,3,0
1771934262.556,7.7,0.0,45.0,JUNCTION_RIGHT,FATAL DEGRADATION,0.0,3,0
1771934262.701,8.1,0.0,45.0,JUNCTION_RIGHT,FATAL DEGRADATION,0.0,3,0
1771934262.798,7.7,0.0,45.0,JUNCTION_RIGHT,FATAL DEGRADATION,0.0,3,0
1771934262.959,8.5,0.0,45.0,JUNCTION_RIGHT,FATAL DEGRADATION,0.0,3,0
1771934263.059,7.8,0.0,45.0,JUNCTION_RIGHT,FATAL DEGRADATION,0.0,3,0
1771934263.212,8.5,0.0,45.0,JUNCTION_RIGHT,FATAL DEGRADATION,0.0,3,0
1771934263.317,7.9,0.0,45.0,JUNCTION_RIGHT,FATAL DEGRADATION,0.0,3,0
1771934263.472,8.4,0.0,45.0,JUNCTION_RIGHT,FATAL DEGRADATION,0.0,3,0
1771934263.599,7.8,0.0,45.0,JUNCTION_RIGHT,FATAL DEGRADATION,0.0,3,0
1771934263.816,7.8,0.0,45.0,JUNCTION_RIGHT,FATAL DEGRADATION,0.0,3,0
1771934263.929,6.8,0.0,45.0,JUNCTION_RIGHT,FATAL DEGRADATION,0.0,3,0
1771934264.1,7.4,0.0,45.0,JUNCTION_RIGHT,FATAL DEGRADATION,0.0,3,0
1771934264.217,6.9,0.0,45.0,JUNCTION_RIGHT,FATAL DEGRADATION,0.0,3,0
1771934264.377,7.5,0.0,45.0,JUNCTION_RIGHT,FATAL DEGRADATION,0.0,3,0
1771934264.473,7.1,0.0,45.0,JUNCTION_RIGHT,FATAL DEGRADATION,0.0,3,0
1771934264.631,8.1,0.0,45.0,JUNCTION_RIGHT,FATAL DEGRADATION,0.0,3,0
1771934264.733,7.6,0.0,45.0,JUNCTION_RIGHT,FATAL DEGRADATION,0.0,3,0
1771934264.899,8.2,0.0,45.0,JUNCTION_RIGHT,FATAL DEGRADATION,0.0,3,0
1771934265.005,7.5,0.0,45.0,JUNCTION_RIGHT,FATAL DEGRADATION,0.0,3,0
1771934265.159,8.1,0.0,45.0,JUNCTION_RIGHT,FATAL DEGRADATION,0.0,3,0
1771934265.246,7.6,0.0,45.0,JUNCTION_RIGHT,FATAL DEGRADATION,0.0,3,0
1771934265.414,8.8,0.0,45.0,JUNCTION_RIGHT,FATAL DEGRADATION,0.0,3,0
1771934265.533,7.9,0.0,45.0,JUNCTION_RIGHT,FATAL DEGRADATION,0.0,3,0
1771934265.694,8.1,0.0,45.0,JUNCTION_RIGHT,FATAL DEGRADATION,0.0,3,0
1771934265.792,7.5,0.0,45.0,JUNCTION_RIGHT,FATAL DEGRADATION,0.0,3,0
1771934265.943,8.4,0.0,45.0,JUNCTION_RIGHT,FATAL DEGRADATION,0.0,3,0
1771934266.037,7.8,0.0,45.0,JUNCTION_RIGHT,FATAL DEGRADATION,0.0,3,0
1771934266.19,8.7,0.0,45.0,JUNCTION_RIGHT,FATAL DEGRADATION,0.0,3,0
1771934266.294,8.0,0.0,45.0,JUNCTION_RIGHT,FATAL DEGRADATION,0.0,3,0
1771934266.467,8.5,0.0,45.0,JUNCTION_RIGHT,FATAL DEGRADATION,0.0,3,0
1771934266.561,7.7,0.0,45.0,JUNCTION_RIGHT,FATAL DEGRADATION,0.0,3,0
1771934266.71,8.6,0.0,45.0,JUNCTION_RIGHT,FATAL DEGRADATION,0.0,3,0
1771934266.812,8.0,0.0,45.0,JUNCTION_RIGHT,FATAL DEGRADATION,0.0,3,0
1771934266.979,8.6,0.0,45.0,JUNCTION_RIGHT,FATAL DEGRADATION,0.0,3,0
1771934267.114,7.8,0.0,45.0,JUNCTION_RIGHT,FATAL DEGRADATION,0.0,3,0
1771934267.262,7.7,0.0,45.0,JUNCTION_RIGHT,FATAL DEGRADATION,0.0,3,0
1771934267.348,7.4,0.0,45.0,JUNCTION_RIGHT,FATAL DEGRADATION,0.0,3,0
1771934267.495,8.6,0.0,45.0,JUNCTION_RIGHT,FATAL DEGRADATION,0.0,3,0
1771934267.595,8.1,0.0,45.0,JUNCTION_RIGHT,FATAL DEGRADATION,0.0,3,0
1771934267.745,8.7,0.0,45.0,JUNCTION_RIGHT,FATAL DEGRADATION,0.0,3,0
1771934267.871,8.1,0.0,45.0,JUNCTION_RIGHT,FATAL DEGRADATION,0.0,3,0
1771934268.088,8.0,0.0,45.0,JUNCTION_RIGHT,FATAL DEGRADATION,0.0,3,0
1771934268.227,7.0,0.0,45.0,JUNCTION_RIGHT,FATAL DEGRADATION,0.0,3,0
1771934268.394,7.1,0.0,45.0,JUNCTION_RIGHT,FATAL DEGRADATION,0.0,3,0
1771934268.497,6.8,0.0,45.0,JUNCTION_RIGHT,FATAL DEGRADATION,0.0,3,0
1771934268.646,7.6,0.0,45.0,JUNCTION_RIGHT,FATAL DEGRADATION,0.0,3,0
1771934268.746,7.4,0.0,45.0,JUNCTION_RIGHT,FATAL DEGRADATION,0.0,3,0
1771934268.917,8.2,0.0,45.0,JUNCTION_RIGHT,FATAL DEGRADATION,0.0,3,0
1771934269.021,7.5,0.0,45.0,JUNCTION_RIGHT,FATAL DEGRADATION,0.0,3,0
1771934269.203,8.1,0.0,45.0,JUNCTION_RIGHT,FATAL DEGRADATION,0.0,3,0
1771934269.305,7.3,0.0,45.0,JUNCTION_RIGHT,FATAL DEGRADATION,0.0,3,0
1771934269.51,8.1,0.0,45.0,JUNCTION_RIGHT,FATAL DEGRADATION,0.0,3,0
1771934269.629,7.1,0.0,45.0,JUNCTION_RIGHT,FATAL DEGRADATION,0.0,3,0
1771934269.788,7.5,0.0,45.0,JUNCTION_RIGHT,FATAL DEGRADATION,0.0,3,0
1771934269.885,7.1,0.0,45.0,JUNCTION_RIGHT,FATAL DEGRADATION,0.0,3,0
1771934270.044,8.1,0.0,45.0,JUNCTION_RIGHT,FATAL DEGRADATION,0.0,3,0
1771934270.143,7.6,0.0,45.0,JUNCTION_RIGHT,FATAL DEGRADATION,0.0,3,0
1771934270.316,8.3,0.0,45.0,JUNCTION_RIGHT,FATAL DEGRADATION,0.0,3,0
1771934270.448,7.5,0.0,45.0,JUNCTION_RIGHT,FATAL DEGRADATION,0.0,3,0
1771934270.608,7.5,0.0,45.0,JUNCTION_RIGHT,FATAL DEGRADATION,0.0,3,0
1771934270.732,7.2,0.0,45.0,JUNCTION_RIGHT,FATAL DEGRADATION,0.0,3,0
1771934270.889,7.5,0.0,45.0,JUNCTION_RIGHT,FATAL DEGRADATION,0.0,3,0
1771934270.982,7.1,0.0,45.0,JUNCTION_RIGHT,FATAL DEGRADATION,0.0,3,0
1771934271.134,8.2,0.0,45.0,JUNCTION_RIGHT,FATAL DEGRADATION,0.0,3,0
1771934271.242,7.7,0.0,45.0,JUNCTION_RIGHT,FATAL DEGRADATION,0.0,3,0
1771934271.424,8.1,0.0,45.0,JUNCTION_RIGHT,FATAL DEGRADATION,0.0,3,0
1771934271.53,7.4,0.0,45.0,JUNCTION_RIGHT,FATAL DEGRADATION,0.0,3,0
1771934271.689,7.9,0.0,45.0,JUNCTION_RIGHT,FATAL DEGRADATION,0.0,3,0
1771934271.79,7.5,0.0,45.0,JUNCTION_RIGHT,FATAL DEGRADATION,0.0,3,0
1771934271.962,8.2,0.0,45.0,JUNCTION_RIGHT,FATAL DEGRADATION,0.0,3,0
1771934272.076,7.5,0.0,45.0,JUNCTION_RIGHT,FATAL DEGRADATION,0.0,3,0
1771934272.219,7.9,0.0,45.0,JUNCTION_RIGHT,FATAL DEGRADATION,0.0,3,0
1771934272.318,7.6,0.0,45.0,JUNCTION_RIGHT,FATAL DEGRADATION,0.0,3,0
1771934272.472,8.4,0.0,45.0,JUNCTION_RIGHT,FATAL DEGRADATION,0.0,3,0
1771934272.58,7.8,0.0,45.0,JUNCTION_RIGHT,FATAL DEGRADATION,0.0,3,0
1771934272.742,8.3,0.0,45.0,JUNCTION_RIGHT,FATAL DEGRADATION,0.0,3,0
1771934272.837,7.6,0.0,45.0,JUNCTION_RIGHT,FATAL DEGRADATION,0.0,3,0
1771934272.993,8.5,0.0,45.0,JUNCTION_RIGHT,FATAL DEGRADATION,0.0,3,0
1771934273.086,7.9,0.0,45.0,JUNCTION_RIGHT,FATAL DEGRADATION,0.0,3,0
1771934273.259,8.8,0.0,45.0,JUNCTION_RIGHT,FATAL DEGRADATION,0.0,3,0
1771934273.368,7.9,0.0,45.0,JUNCTION_RIGHT,FATAL DEGRADATION,0.0,3,0
1771934273.521,8.3,0.0,45.0,JUNCTION_RIGHT,FATAL DEGRADATION,0.0,3,0
1771934273.618,7.7,0.0,45.0,JUNCTION_RIGHT,FATAL DEGRADATION,0.0,3,0
1771934273.769,8.5,0.0,45.0,JUNCTION_RIGHT,FATAL DEGRADATION,0.0,3,0
1771934273.863,7.9,0.0,45.0,JUNCTION_RIGHT,FATAL DEGRADATION,0.0,3,0
1771934274.016,8.8,0.0,45.0,JUNCTION_RIGHT,FATAL DEGRADATION,0.0,3,0
1771934274.121,8.1,0.0,45.0,JUNCTION_RIGHT,FATAL DEGRADATION,0.0,3,0
1771934274.317,8.5,0.0,45.0,JUNCTION_RIGHT,FATAL DEGRADATION,0.0,3,0
1771934274.438,7.5,0.0,45.0,JUNCTION_RIGHT,FATAL DEGRADATION,0.0,3,0
1771934274.599,7.7,0.0,45.0,JUNCTION_RIGHT,FATAL DEGRADATION,0.0,3,0
1771934274.691,7.3,0.0,45.0,JUNCTION_RIGHT,FATAL DEGRADATION,0.0,3,0
1771934274.868,8.3,0.0,45.0,JUNCTION_RIGHT,FATAL DEGRADATION,0.0,3,0
1771934274.981,7.5,0.0,45.0,JUNCTION_RIGHT,FATAL DEGRADATION,0.0,3,0
1771934275.129,7.9,0.0,45.0,JUNCTION_RIGHT,FATAL DEGRADATION,0.0,3,0
1771934275.223,7.6,0.0,45.0,JUNCTION_RIGHT,FATAL DEGRADATION,0.0,3,0
1771934275.377,8.5,0.0,45.0,JUNCTION_RIGHT,FATAL DEGRADATION,0.0,3,0
1771934275.486,7.9,0.0,45.0,JUNCTION_RIGHT,FATAL DEGRADATION,0.0,3,0
1771934275.658,8.2,0.0,45.0,JUNCTION_RIGHT,FATAL DEGRADATION,0.0,3,0
1771934275.758,7.5,0.0,45.0,JUNCTION_RIGHT,FATAL DEGRADATION,0.0,3,0
1771934275.94,8.2,0.0,45.0,JUNCTION_RIGHT,FATAL DEGRADATION,0.0,3,0
1771934276.05,7.4,0.0,45.0,JUNCTION_RIGHT,FATAL DEGRADATION,0.0,3,0
1771934276.201,7.9,0.0,45.0,JUNCTION_RIGHT,FATAL DEGRADATION,0.0,3,0
1771934276.318,7.5,0.0,45.0,JUNCTION_RIGHT,FATAL DEGRADATION,0.0,3,0
1771934276.479,7.8,0.0,45.0,JUNCTION_RIGHT,FATAL DEGRADATION,0.0,3,0
1771934276.579,7.4,0.0,45.0,JUNCTION_RIGHT,FATAL DEGRADATION,0.0,3,0
1771934276.745,8.1,0.0,45.0,JUNCTION_RIGHT,FATAL DEGRADATION,0.0,3,0
1771934276.892,7.5,0.0,45.0,JUNCTION_RIGHT,FATAL DEGRADATION,0.0,3,0
1771934277.458,7.2,0.0,45.0,JUNCTION_RIGHT,FATAL DEGRADATION,0.0,3,0
1771934277.702,5.6,0.0,45.0,JUNCTION_RIGHT,FATAL DEGRADATION,0.0,3,0
1771934277.876,5.2,0.0,45.0,JUNCTION_RIGHT,FATAL DEGRADATION,0.0,3,0
1771934277.979,5.4,0.0,45.0,JUNCTION_RIGHT,FATAL DEGRADATION,0.0,3,0
1771934278.128,6.6,0.0,45.0,JUNCTION_RIGHT,FATAL DEGRADATION,0.0,3,0
1771934278.218,6.6,0.0,45.0,JUNCTION_RIGHT,FATAL DEGRADATION,0.0,3,0
1771934278.367,8.0,0.0,45.0,JUNCTION_RIGHT,FATAL DEGRADATION,0.0,3,0
1771934278.46,7.6,0.0,45.0,JUNCTION_RIGHT,FATAL DEGRADATION,0.0,3,0
1771934278.599,8.5,0.0,45.0,JUNCTION_RIGHT,FATAL DEGRADATION,0.0,3,0
1771934278.721,8.1,0.0,45.0,JUNCTION_RIGHT,FATAL DEGRADATION,0.0,3,0
1771934278.877,8.2,0.0,45.0,JUNCTION_RIGHT,FATAL DEGRADATION,0.0,3,0
1771934278.98,7.6,0.0,45.0,JUNCTION_RIGHT,FATAL DEGRADATION,0.0,3,0
1771934279.138,8.3,0.0,45.0,JUNCTION_RIGHT,FATAL DEGRADATION,0.0,3,0
1771934279.24,7.7,0.0,45.0,JUNCTION_RIGHT,FATAL DEGRADATION,0.0,3,0
1771934279.395,8.3,0.0,45.0,JUNCTION_RIGHT,FATAL DEGRADATION,0.0,3,0
1771934279.499,7.8,0.0,45.0,JUNCTION_RIGHT,FATAL DEGRADATION,0.0,3,0
1771934279.66,8.3,0.0,45.0,JUNCTION_RIGHT,FATAL DEGRADATION,0.0,3,0
1771934279.774,7.7,0.0,45.0,JUNCTION_RIGHT,FATAL DEGRADATION,0.0,3,0
1771934279.924,8.1,0.0,45.0,JUNCTION_RIGHT,FATAL DEGRADATION,0.0,3,0
1771934280.035,7.6,0.0,45.0,JUNCTION_RIGHT,FATAL DEGRADATION,0.0,3,0
1771934280.202,8.0,0.0,45.0,JUNCTION_RIGHT,FATAL DEGRADATION,0.0,3,0
1771934280.308,7.4,0.0,45.0,JUNCTION_RIGHT,FATAL DEGRADATION,0.0,3,0
1771934280.465,8.0,0.0,45.0,JUNCTION_RIGHT,FATAL DEGRADATION,0.0,3,0
1771934280.565,7.5,0.0,45.0,JUNCTION_RIGHT,FATAL DEGRADATION,0.0,3,0
1771934280.72,8.3,0.0,45.0,JUNCTION_RIGHT,FATAL DEGRADATION,0.0,3,0
1771934280.827,7.7,0.0,45.0,JUNCTION_RIGHT,FATAL DEGRADATION,0.0,3,0
1771934280.985,8.2,0.0,45.0,JUNCTION_RIGHT,FATAL DEGRADATION,0.0,3,0
1771934281.086,7.6,0.0,45.0,JUNCTION_RIGHT,FATAL DEGRADATION,0.0,3,0
1771934281.223,8.3,0.0,45.0,JUNCTION_RIGHT,FATAL DEGRADATION,0.0,3,0
1771934281.331,8.0,0.0,45.0,JUNCTION_RIGHT,FATAL DEGRADATION,0.0,3,0
1771934281.482,8.4,0.0,45.0,JUNCTION_RIGHT,FATAL DEGRADATION,0.0,3,0
1771934281.576,7.9,0.0,45.0,JUNCTION_RIGHT,FATAL DEGRADATION,0.0,3,0
1771934281.755,7.8,0.0,45.0,JUNCTION_RIGHT,FATAL DEGRADATION,0.0,3,0
1771934281.852,7.6,0.0,45.0,JUNCTION_RIGHT,FATAL DEGRADATION,0.0,3,0
1771934282.004,8.3,0.0,45.0,JUNCTION_RIGHT,FATAL DEGRADATION,0.0,3,0
1771934282.11,7.8,0.0,45.0,JUNCTION_RIGHT,FATAL DEGRADATION,0.0,3,0
1771934282.256,8.3,0.0,45.0,JUNCTION_RIGHT,FATAL DEGRADATION,0.0,3,0
1771934282.354,7.9,0.0,45.0,JUNCTION_RIGHT,FATAL DEGRADATION,0.0,3,0
1771934282.512,8.6,0.0,45.0,JUNCTION_RIGHT,FATAL DEGRADATION,0.0,3,0
1771934282.614,7.9,0.0,45.0,JUNCTION_RIGHT,FATAL DEGRADATION,0.0,3,0
1771934282.768,8.5,0.0,45.0,JUNCTION_RIGHT,FATAL DEGRADATION,0.0,3,0
1771934282.872,7.9,0.0,45.0,JUNCTION_RIGHT,FATAL DEGRADATION,0.0,3,0
1771934283.037,8.4,0.0,45.0,JUNCTION_RIGHT,FATAL DEGRADATION,0.0,3,0
1771934283.131,7.7,0.0,45.0,JUNCTION_RIGHT,FATAL DEGRADATION,0.0,3,0
1771934283.288,8.5,0.0,45.0,JUNCTION_RIGHT,FATAL DEGRADATION,0.0,3,0
1771934283.395,7.9,0.0,45.0,JUNCTION_RIGHT,FATAL DEGRADATION,0.0,3,0
1771934283.581,8.3,0.0,45.0,JUNCTION_RIGHT,FATAL DEGRADATION,0.0,3,0
1771934283.699,7.4,0.0,45.0,JUNCTION_RIGHT,FATAL DEGRADATION,0.0,3,0
1771934283.867,7.8,0.0,45.0,JUNCTION_RIGHT,FATAL DEGRADATION,0.0,3,0
1771934283.974,7.2,0.0,45.0,JUNCTION_RIGHT,FATAL DEGRADATION,0.0,3,0
1771934284.131,7.9,0.0,45.0,JUNCTION_RIGHT,FATAL DEGRADATION,0.0,3,0
1771934284.231,7.4,0.0,45.0,JUNCTION_RIGHT,FATAL DEGRADATION,0.0,3,0
1771934284.373,8.3,0.0,45.0,JUNCTION_RIGHT,FATAL DEGRADATION,0.0,3,0
1771934284.477,7.9,0.0,45.0,JUNCTION_RIGHT,FATAL DEGRADATION,0.0,3,0
1771934284.63,8.4,0.0,45.0,JUNCTION_RIGHT,FATAL DEGRADATION,0.0,3,0
1771934284.724,7.9,0.0,45.0,JUNCTION_RIGHT,FATAL DEGRADATION,0.0,3,0
1771934284.888,8.7,0.0,45.0,JUNCTION_RIGHT,FATAL DEGRADATION,0.0,3,0
1771934284.984,7.9,0.0,45.0,JUNCTION_RIGHT,FATAL DEGRADATION,0.0,3,0
1771934285.141,8.7,0.0,45.0,JUNCTION_RIGHT,FATAL DEGRADATION,0.0,3,0
1771934285.242,8.0,0.0,45.0,JUNCTION_RIGHT,FATAL DEGRADATION,0.0,3,0
1771934285.409,8.6,0.0,45.0,JUNCTION_RIGHT,FATAL DEGRADATION,0.0,3,0
1771934285.516,7.8,0.0,45.0,JUNCTION_RIGHT,FATAL DEGRADATION,0.0,3,0
1771934285.699,8.3,0.0,45.0,JUNCTION_RIGHT,FATAL DEGRADATION,0.0,3,0
1771934285.828,7.4,0.0,45.0,JUNCTION_RIGHT,FATAL DEGRADATION,0.0,3,0
1771934286.109,7.5,0.0,45.0,JUNCTION_RIGHT,FATAL DEGRADATION,0.0,3,0
1771934286.249,6.3,0.0,45.0,JUNCTION_RIGHT,FATAL DEGRADATION,0.0,3,0
1771934286.458,6.6,0.0,45.0,JUNCTION_RIGHT,FATAL DEGRADATION,0.0,3,0
1771934286.564,6.0,0.0,45.0,JUNCTION_RIGHT,FATAL DEGRADATION,0.0,3,0
1771934286.728,7.1,0.0,45.0,JUNCTION_RIGHT,FATAL DEGRADATION,0.0,3,0
1771934286.82,6.8,0.0,45.0,JUNCTION_RIGHT,FATAL DEGRADATION,0.0,3,0
1771934286.969,8.0,0.0,45.0,JUNCTION_RIGHT,FATAL DEGRADATION,0.0,3,0
1771934287.08,7.6,0.0,45.0,JUNCTION_RIGHT,FATAL DEGRADATION,0.0,3,0
1771934287.234,8.0,0.0,45.0,JUNCTION_RIGHT,FATAL DEGRADATION,0.0,3,0
1771934287.323,7.6,0.0,45.0,JUNCTION_RIGHT,FATAL DEGRADATION,0.0,3,0
1771934287.487,8.7,0.0,45.0,JUNCTION_RIGHT,FATAL DEGRADATION,0.0,3,0
1771934287.584,7.9,0.0,45.0,JUNCTION_RIGHT,FATAL DEGRADATION,0.0,3,0
1771934287.74,8.7,0.0,45.0,JUNCTION_RIGHT,FATAL DEGRADATION,0.0,3,0
1771934287.83,8.0,0.0,45.0,JUNCTION_RIGHT,FATAL DEGRADATION,0.0,3,0
1771934287.996,8.9,0.0,45.0,JUNCTION_RIGHT,FATAL DEGRADATION,0.0,3,0
1771934288.108,8.0,0.0,45.0,JUNCTION_RIGHT,FATAL DEGRADATION,0.0,3,0
1771934288.279,8.3,0.0,45.0,JUNCTION_RIGHT,FATAL DEGRADATION,0.0,3,0
1771934288.379,7.6,0.0,45.0,JUNCTION_RIGHT,FATAL DEGRADATION,0.0,3,0
1771934288.557,8.3,0.0,45.0,JUNCTION_RIGHT,FATAL DEGRADATION,0.0,3,0
1771934288.672,7.5,0.0,45.0,JUNCTION_RIGHT,FATAL DEGRADATION,0.0,3,0
1771934288.82,7.9,0.0,45.0,JUNCTION_RIGHT,FATAL DEGRADATION,0.0,3,0
1771934288.914,7.5,0.0,45.0,JUNCTION_RIGHT,FATAL DEGRADATION,0.0,3,0
1771934289.065,8.5,0.0,45.0,JUNCTION_RIGHT,FATAL DEGRADATION,0.0,3,0
1771934289.173,7.9,0.0,45.0,JUNCTION_RIGHT,FATAL DEGRADATION,0.0,3,0
1771934289.343,8.3,0.0,45.0,JUNCTION_RIGHT,FATAL DEGRADATION,0.0,3,0
1771934289.448,7.6,0.0,45.0,JUNCTION_RIGHT,FATAL DEGRADATION,0.0,3,0
1771934289.598,8.2,0.0,45.0,JUNCTION_RIGHT,FATAL DEGRADATION,0.0,3,0
1771934289.719,7.7,0.0,45.0,JUNCTION_RIGHT,FATAL DEGRADATION,0.0,3,0
1771934289.871,7.9,0.0,45.0,JUNCTION_RIGHT,FATAL DEGRADATION,0.0,3,0
1771934289.962,7.5,0.0,45.0,JUNCTION_RIGHT,FATAL DEGRADATION,0.0,3,0
1771934290.127,8.5,0.0,45.0,JUNCTION_RIGHT,FATAL DEGRADATION,0.0,3,0
1771934290.224,7.8,0.0,45.0,JUNCTION_RIGHT,FATAL DEGRADATION,0.0,3,0
1771934290.361,8.6,0.0,45.0,JUNCTION_RIGHT,FATAL DEGRADATION,0.0,3,0
1771934290.468,8.2,0.0,45.0,JUNCTION_RIGHT,FATAL DEGRADATION,0.0,3,0
1771934290.621,8.6,0.0,45.0,JUNCTION_RIGHT,FATAL DEGRADATION,0.0,3,0
1771934290.714,7.9,0.0,45.0,JUNCTION_RIGHT,FATAL DEGRADATION,0.0,3,0
1771934290.883,8.8,0.0,45.0,JUNCTION_RIGHT,FATAL DEGRADATION,0.0,3,0
1771934290.99,7.9,0.0,45.0,JUNCTION_RIGHT,FATAL DEGRADATION,0.0,3,0
1771934291.16,8.4,0.0,45.0,JUNCTION_RIGHT,FATAL DEGRADATION,0.0,3,0
1771934291.247,7.6,0.0,45.0,JUNCTION_RIGHT,FATAL DEGRADATION,0.0,3,0
1771934291.416,8.9,0.0,45.0,JUNCTION_RIGHT,FATAL DEGRADATION,0.0,3,0
1771934291.527,8.0,0.0,45.0,JUNCTION_RIGHT,FATAL DEGRADATION,0.0,3,0
1771934291.699,8.3,0.0,45.0,JUNCTION_RIGHT,FATAL DEGRADATION,0.0,3,0
1771934291.795,7.6,0.0,45.0,JUNCTION_RIGHT,FATAL DEGRADATION,0.0,3,0
1771934291.956,8.4,0.0,45.0,JUNCTION_RIGHT,FATAL DEGRADATION,0.0,3,0
1771934292.057,7.7,0.0,45.0,JUNCTION_RIGHT,FATAL DEGRADATION,0.0,3,0
1771934292.206,8.4,0.0,45.0,JUNCTION_RIGHT,FATAL DEGRADATION,0.0,3,0
1771934292.299,7.9,0.0,45.0,JUNCTION_RIGHT,FATAL DEGRADATION,0.0,3,0
1771934292.476,8.7,0.0,45.0,JUNCTION_RIGHT,FATAL DEGRADATION,0.0,3,0
1771934292.574,7.8,0.0,45.0,JUNCTION_RIGHT,FATAL DEGRADATION,0.0,3,0
1771934292.729,8.5,0.0,45.0,JUNCTION_RIGHT,FATAL DEGRADATION,0.0,3,0
1771934292.833,7.9,0.0,45.0,JUNCTION_RIGHT,FATAL DEGRADATION,0.0,3,0
1771934292.997,8.4,0.0,45.0,JUNCTION_RIGHT,FATAL DEGRADATION,0.0,3,0
1771934293.11,7.7,0.0,45.0,JUNCTION_RIGHT,FATAL DEGRADATION,0.0,3,0
1771934293.262,8.1,0.0,45.0,JUNCTION_RIGHT,FATAL DEGRADATION,0.0,3,0
1771934293.365,7.6,0.0,45.0,JUNCTION_RIGHT,FATAL DEGRADATION,0.0,3,0
1771934293.551,8.2,0.0,45.0,JUNCTION_RIGHT,FATAL DEGRADATION,0.0,3,0
1771934293.68,7.4,0.0,45.0,JUNCTION_RIGHT,FATAL DEGRADATION,0.0,3,0
1771934293.875,7.5,0.0,45.0,JUNCTION_RIGHT,FATAL DEGRADATION,0.0,3,0
1771934293.993,6.8,0.0,45.0,JUNCTION_RIGHT,FATAL DEGRADATION,0.0,3,0
1771934294.169,7.3,0.0,45.0,JUNCTION_RIGHT,FATAL DEGRADATION,0.0,3,0
1771934294.301,6.8,0.0,45.0,JUNCTION_RIGHT,FATAL DEGRADATION,0.0,3,0
1771934294.511,7.1,0.0,45.0,JUNCTION_RIGHT,FATAL DEGRADATION,0.0,3,0
1771934294.672,6.4,0.0,45.0,JUNCTION_RIGHT,FATAL DEGRADATION,0.0,3,0
1771934294.91,6.3,0.0,45.0,JUNCTION_RIGHT,FATAL DEGRADATION,0.0,3,0
1771934295.0,5.7,0.0,45.0,JUNCTION_RIGHT,FATAL DEGRADATION,0.0,3,0
1771934295.156,7.3,0.0,45.0,JUNCTION_RIGHT,FATAL DEGRADATION,0.0,3,0
1771934295.258,7.0,0.0,45.0,JUNCTION_RIGHT,FATAL DEGRADATION,0.0,3,0
1771934295.411,8.0,0.0,45.0,JUNCTION_RIGHT,FATAL DEGRADATION,0.0,3,0
1771934295.519,7.5,0.0,45.0,JUNCTION_RIGHT,FATAL DEGRADATION,0.0,3,0
1771934295.732,8.0,0.0,45.0,JUNCTION_RIGHT,FATAL DEGRADATION,0.0,3,0
1771934295.848,7.0,0.0,45.0,JUNCTION_RIGHT,FATAL DEGRADATION,0.0,3,0
1771934296.049,7.5,0.0,45.0,JUNCTION_RIGHT,FATAL DEGRADATION,0.0,3,0
1771934296.144,6.7,0.0,45.0,JUNCTION_RIGHT,FATAL DEGRADATION,0.0,3,0
1771934296.303,7.9,0.0,45.0,JUNCTION_RIGHT,FATAL DEGRADATION,0.0,3,0
1771934296.392,7.4,0.0,45.0,JUNCTION_RIGHT,FATAL DEGRADATION,0.0,3,0
1771934296.542,8.5,0.0,45.0,JUNCTION_RIGHT,FATAL DEGRADATION,0.0,3,0
1771934296.653,8.0,0.0,45.0,JUNCTION_RIGHT,FATAL DEGRADATION,0.0,3,0
1771934296.816,8.3,0.0,45.0,JUNCTION_RIGHT,FATAL DEGRADATION,0.0,3,0
1771934296.911,7.7,0.0,45.0,JUNCTION_RIGHT,FATAL DEGRADATION,0.0,3,0
1771934297.083,8.5,0.0,45.0,JUNCTION_RIGHT,FATAL DEGRADATION,0.0,3,0
1771934297.182,7.7,0.0,45.0,JUNCTION_RIGHT,FATAL DEGRADATION,0.0,3,0
1771934297.327,8.4,0.0,45.0,JUNCTION_RIGHT,FATAL DEGRADATION,0.0,3,0
1771934297.436,8.0,0.0,45.0,JUNCTION_RIGHT,FATAL DEGRADATION,0.0,3,0
1771934297.62,8.4,0.0,45.0,JUNCTION_RIGHT,FATAL DEGRADATION,0.0,3,0
1771934297.741,7.5,0.0,45.0,JUNCTION_RIGHT,FATAL DEGRADATION,0.0,3,0
1771934297.916,7.7,0.0,45.0,JUNCTION_RIGHT,FATAL DEGRADATION,0.0,3,0
1771934298.01,7.1,0.0,45.0,JUNCTION_RIGHT,FATAL DEGRADATION,0.0,3,0
1771934298.16,8.1,0.0,45.0,JUNCTION_RIGHT,FATAL DEGRADATION,0.0,3,0
1771934298.252,7.7,0.0,45.0,JUNCTION_RIGHT,FATAL DEGRADATION,0.0,3,0
1771934298.41,8.7,0.0,45.0,JUNCTION_RIGHT,FATAL DEGRADATION,0.0,3,0
1771934298.51,7.9,0.0,45.0,JUNCTION_RIGHT,FATAL DEGRADATION,0.0,3,0
1771934298.815,8.6,0.0,45.0,JUNCTION_RIGHT,FATAL DEGRADATION,0.0,3,0
1771934298.925,7.0,0.0,45.0,JUNCTION_RIGHT,FATAL DEGRADATION,0.0,3,0
1771934299.092,7.6,0.0,45.0,JUNCTION_RIGHT,FATAL DEGRADATION,0.0,3,0
1771934299.246,7.1,0.0,45.0,JUNCTION_RIGHT,FATAL DEGRADATION,0.0,3,0
1771934299.406,6.9,0.0,45.0,JUNCTION_RIGHT,FATAL DEGRADATION,0.0,3,0
1771934299.519,6.7,0.0,45.0,JUNCTION_RIGHT,FATAL DEGRADATION,0.0,3,0
1771934299.69,7.3,0.0,45.0,JUNCTION_RIGHT,FATAL DEGRADATION,0.0,3,0
1771934299.809,6.9,0.0,45.0,JUNCTION_RIGHT,FATAL DEGRADATION,0.0,3,0
1771934299.963,7.3,0.0,45.0,JUNCTION_RIGHT,FATAL DEGRADATION,0.0,3,0
1771934300.055,7.1,0.0,45.0,JUNCTION_RIGHT,FATAL DEGRADATION,0.0,3,0
1771934300.215,8.3,0.0,45.0,JUNCTION_RIGHT,FATAL DEGRADATION,0.0,3,0
1771934300.317,7.6,0.0,45.0,JUNCTION_RIGHT,FATAL DEGRADATION,0.0,3,0
1771934300.523,8.3,0.0,45.0,JUNCTION_RIGHT,FATAL DEGRADATION,0.0,3,0
1771934300.639,7.3,0.0,45.0,JUNCTION_RIGHT,FATAL DEGRADATION,0.0,3,0
1771934300.818,7.7,0.0,45.0,JUNCTION_RIGHT,FATAL DEGRADATION,0.0,3,0
1771934300.929,7.0,0.0,45.0,JUNCTION_RIGHT,FATAL DEGRADATION,0.0,3,0
1771934301.075,7.6,0.0,45.0,JUNCTION_RIGHT,FATAL DEGRADATION,0.0,3,0
1771934301.17,7.4,0.0,45.0,JUNCTION_RIGHT,FATAL DEGRADATION,0.0,3,0
1771934301.32,8.3,0.0,45.0,JUNCTION_RIGHT,FATAL DEGRADATION,0.0,3,0
1771934301.412,7.8,0.0,45.0,JUNCTION_RIGHT,FATAL DEGRADATION,0.0,3,0
1771934301.561,8.7,0.0,45.0,JUNCTION_RIGHT,FATAL DEGRADATION,0.0,3,0
1771934301.669,8.1,0.0,45.0,JUNCTION_RIGHT,FATAL DEGRADATION,0.0,3,0
1771934301.819,8.4,0.0,45.0,JUNCTION_RIGHT,FATAL DEGRADATION,0.0,3,0
1771934301.916,7.9,0.0,45.0,JUNCTION_RIGHT,FATAL DEGRADATION,0.0,3,0
1771934302.067,8.6,0.0,45.0,JUNCTION_RIGHT,FATAL DEGRADATION,0.0,3,0
1771934302.159,8.0,0.0,45.0,JUNCTION_RIGHT,FATAL DEGRADATION,0.0,3,0
1771934302.323,8.9,0.0,45.0,JUNCTION_RIGHT,FATAL DEGRADATION,0.0,3,0
1771934302.424,8.0,0.0,45.0,JUNCTION_RIGHT,FATAL DEGRADATION,0.0,3,0
1771934302.591,8.7,0.0,45.0,JUNCTION_RIGHT,FATAL DEGRADATION,0.0,3,0
1771934302.689,7.9,0.0,45.0,JUNCTION_RIGHT,FATAL DEGRADATION,0.0,3,0
1771934302.856,8.1,0.0,45.0,JUNCTION_RIGHT,FATAL DEGRADATION,0.0,3,0
1771934302.961,7.6,0.0,45.0,JUNCTION_RIGHT,FATAL DEGRADATION,0.0,3,0
1771934303.122,8.2,0.0,45.0,JUNCTION_RIGHT,FATAL DEGRADATION,0.0,3,0
1771934303.22,7.6,0.0,45.0,JUNCTION_RIGHT,FATAL DEGRADATION,0.0,3,0
1771934303.444,8.4,0.0,45.0,JUNCTION_RIGHT,FATAL DEGRADATION,0.0,3,0
1771934303.562,7.2,0.0,45.0,JUNCTION_RIGHT,FATAL DEGRADATION,0.0,3,0
1771934303.799,7.6,0.0,45.0,JUNCTION_RIGHT,FATAL DEGRADATION,0.0,3,0
1771934303.892,6.6,0.0,45.0,JUNCTION_RIGHT,FATAL DEGRADATION,0.0,3,0
1771934304.049,7.9,0.0,45.0,JUNCTION_RIGHT,FATAL DEGRADATION,0.0,3,0
1771934304.14,7.4,0.0,45.0,JUNCTION_RIGHT,FATAL DEGRADATION,0.0,3,0
1771934304.305,8.4,0.0,45.0,JUNCTION_RIGHT,FATAL DEGRADATION,0.0,3,0
1771934304.413,7.7,0.0,45.0,JUNCTION_RIGHT,FATAL DEGRADATION,0.0,3,0
1771934304.575,8.2,0.0,45.0,JUNCTION_RIGHT,FATAL DEGRADATION,0.0,3,0
1771934304.675,7.6,0.0,45.0,JUNCTION_RIGHT,FATAL DEGRADATION,0.0,3,0
1771934304.827,8.4,0.0,45.0,JUNCTION_RIGHT,FATAL DEGRADATION,0.0,3,0
1771934304.919,7.8,0.0,45.0,JUNCTION_RIGHT,FATAL DEGRADATION,0.0,3,0
1771934305.071,8.7,0.0,45.0,JUNCTION_RIGHT,FATAL DEGRADATION,0.0,3,0
1771934305.16,8.1,0.0,45.0,JUNCTION_RIGHT,FATAL DEGRADATION,0.0,3,0
1771934305.319,9.0,0.0,45.0,JUNCTION_RIGHT,FATAL DEGRADATION,0.0,3,0
1771934305.406,8.2,0.0,45.0,JUNCTION_RIGHT,FATAL DEGRADATION,0.0,3,0
1771934305.572,9.2,0.0,45.0,JUNCTION_RIGHT,FATAL DEGRADATION,0.0,3,0
1771934305.744,8.2,0.0,45.0,JUNCTION_RIGHT,FATAL DEGRADATION,0.0,3,0
1771934305.885,7.5,0.0,45.0,JUNCTION_RIGHT,FATAL DEGRADATION,0.0,3,0
1771934305.964,7.4,0.0,45.0,JUNCTION_RIGHT,FATAL DEGRADATION,0.0,3,0
1771934306.119,9.0,0.0,45.0,JUNCTION_RIGHT,FATAL DEGRADATION,0.0,3,0
1771934306.21,8.2,0.0,45.0,JUNCTION_RIGHT,FATAL DEGRADATION,0.0,3,0
1771934306.367,9.1,0.0,45.0,JUNCTION_RIGHT,FATAL DEGRADATION,0.0,3,0
1771934306.472,8.2,0.0,45.0,JUNCTION_RIGHT,FATAL DEGRADATION,0.0,3,0
1771934306.629,8.7,0.0,45.0,JUNCTION_RIGHT,FATAL DEGRADATION,0.0,3,0
1771934306.731,8.0,0.0,45.0,JUNCTION_RIGHT,FATAL DEGRADATION,0.0,3,0
1771934306.902,8.5,0.0,45.0,JUNCTION_RIGHT,FATAL DEGRADATION,0.0,3,0
1771934307.006,7.7,0.0,45.0,JUNCTION_RIGHT,FATAL DEGRADATION,0.0,3,0
1771934307.164,8.3,0.0,45.0,JUNCTION_RIGHT,FATAL DEGRADATION,0.0,3,0
1771934307.264,7.7,0.0,45.0,JUNCTION_RIGHT,FATAL DEGRADATION,0.0,3,0
1771934307.432,8.4,0.0,45.0,JUNCTION_RIGHT,FATAL DEGRADATION,0.0,3,0
1771934307.541,7.7,0.0,45.0,JUNCTION_RIGHT,FATAL DEGRADATION,0.0,3,0
1771934307.699,8.1,0.0,45.0,JUNCTION_RIGHT,FATAL DEGRADATION,0.0,3,0
1771934307.801,7.6,0.0,45.0,JUNCTION_RIGHT,FATAL DEGRADATION,0.0,3,0
1771934307.962,8.3,0.0,45.0,JUNCTION_RIGHT,FATAL DEGRADATION,0.0,3,0
1771934308.065,7.6,0.0,45.0,JUNCTION_RIGHT,FATAL DEGRADATION,0.0,3,0
1771934308.217,8.3,0.0,45.0,JUNCTION_RIGHT,FATAL DEGRADATION,0.0,3,0
1771934308.324,7.8,0.0,45.0,JUNCTION_RIGHT,FATAL DEGRADATION,0.0,3,0
1771934308.477,8.3,0.0,45.0,JUNCTION_RIGHT,FATAL DEGRADATION,0.0,3,0
1771934308.569,7.8,0.0,45.0,JUNCTION_RIGHT,FATAL DEGRADATION,0.0,3,0
1771934308.72,8.7,0.0,45.0,JUNCTION_RIGHT,FATAL DEGRADATION,0.0,3,0
1771934308.84,8.0,0.0,45.0,JUNCTION_RIGHT,FATAL DEGRADATION,0.0,3,0
1771934308.996,8.2,0.0,45.0,JUNCTION_RIGHT,FATAL DEGRADATION,0.0,3,0
1771934309.094,7.6,0.0,45.0,JUNCTION_RIGHT,FATAL DEGRADATION,0.0,3,0
1771934309.265,8.4,0.0,45.0,JUNCTION_RIGHT,FATAL DEGRADATION,0.0,3,0
1771934309.462,7.6,0.0,45.0,JUNCTION_RIGHT,FATAL DEGRADATION,0.0,3,0
1771934309.639,6.9,0.0,45.0,JUNCTION_RIGHT,FATAL DEGRADATION,0.0,3,0
1771934309.733,6.5,0.0,45.0,JUNCTION_RIGHT,FATAL DEGRADATION,0.0,3,0
1771934309.889,7.8,0.0,45.0,JUNCTION_RIGHT,FATAL DEGRADATION,0.0,3,0
1771934309.995,7.4,0.0,45.0,JUNCTION_RIGHT,FATAL DEGRADATION,0.0,3,0
1771934310.181,7.9,0.0,45.0,JUNCTION_RIGHT,FATAL DEGRADATION,0.0,3,0
1771934310.283,7.2,0.0,45.0,JUNCTION_RIGHT,FATAL DEGRADATION,0.0,3,0
1771934310.455,8.0,0.0,45.0,JUNCTION_RIGHT,FATAL DEGRADATION,0.0,3,0
1771934310.559,7.3,0.0,45.0,JUNCTION_RIGHT,FATAL DEGRADATION,0.0,3,0
1771934310.713,8.0,0.0,45.0,JUNCTION_RIGHT,FATAL DEGRADATION,0.0,3,0
1771934310.831,7.5,0.0,45.0,JUNCTION_RIGHT,FATAL DEGRADATION,0.0,3,0
1771934310.991,7.8,0.0,45.0,JUNCTION_RIGHT,FATAL DEGRADATION,0.0,3,0
1771934311.106,7.4,0.0,45.0,JUNCTION_RIGHT,FATAL DEGRADATION,0.0,3,0
1771934311.263,7.8,0.0,45.0,JUNCTION_RIGHT,FATAL DEGRADATION,0.0,3,0
1771934311.363,7.3,0.0,45.0,JUNCTION_RIGHT,FATAL DEGRADATION,0.0,3,0
1771934311.571,8.1,0.0,45.0,JUNCTION_RIGHT,FATAL DEGRADATION,0.0,3,0
1771934311.737,7.1,0.0,45.0,JUNCTION_RIGHT,FATAL DEGRADATION,0.0,3,0
1771934311.92,6.8,0.0,45.0,JUNCTION_RIGHT,FATAL DEGRADATION,0.0,3,0
1771934312.053,6.4,0.0,45.0,JUNCTION_RIGHT,FATAL DEGRADATION,0.0,3,0
1771934312.632,6.7,0.0,45.0,JUNCTION_RIGHT,FATAL DEGRADATION,0.0,3,0
1771934312.933,5.2,0.0,45.0,JUNCTION_RIGHT,FATAL DEGRADATION,0.0,3,0
1771934313.253,4.6,0.0,45.0,JUNCTION_RIGHT,FATAL DEGRADATION,0.0,3,0
1771934313.369,4.2,0.0,45.0,JUNCTION_RIGHT,FATAL DEGRADATION,0.0,3,0
1771934313.563,5.5,0.0,45.0,JUNCTION_RIGHT,FATAL DEGRADATION,0.0,3,0
1771934313.695,5.4,0.0,45.0,JUNCTION_RIGHT,FATAL DEGRADATION,0.0,3,0
1771934313.854,6.1,0.0,45.0,JUNCTION_RIGHT,FATAL DEGRADATION,0.0,3,0
1771934313.958,6.1,0.0,45.0,JUNCTION_RIGHT,FATAL DEGRADATION,0.0,3,0
1771934314.168,7.2,0.0,45.0,JUNCTION_RIGHT,FATAL DEGRADATION,0.0,3,0
1771934314.292,6.4,0.0,45.0,JUNCTION_RIGHT,FATAL DEGRADATION,0.0,3,0
1771934314.447,6.9,0.0,45.0,JUNCTION_RIGHT,FATAL DEGRADATION,0.0,3,0
1771934314.56,6.8,0.0,45.0,JUNCTION_RIGHT,FATAL DEGRADATION,0.0,3,0
1771934314.768,7.4,0.0,45.0,JUNCTION_RIGHT,FATAL DEGRADATION,0.0,3,0
1771934314.872,6.6,0.0,45.0,JUNCTION_RIGHT,FATAL DEGRADATION,0.0,3,0
1771934315.029,7.7,0.0,45.0,JUNCTION_RIGHT,FATAL DEGRADATION,0.0,3,0
1771934315.133,7.3,0.0,45.0,JUNCTION_RIGHT,FATAL DEGRADATION,0.0,3,0
1771934315.336,8.0,0.0,45.0,JUNCTION_RIGHT,FATAL DEGRADATION,0.0,3,0
1771934315.434,7.1,0.0,45.0,JUNCTION_RIGHT,FATAL DEGRADATION,0.0,3,0
1771934315.6,8.0,0.0,45.0,JUNCTION_RIGHT,FATAL DEGRADATION,0.0,3,0
1771934315.714,7.4,0.0,45.0,JUNCTION_RIGHT,FATAL DEGRADATION,0.0,3,0
1771934315.956,7.9,0.0,45.0,JUNCTION_RIGHT,FATAL DEGRADATION,0.0,3,0
1771934316.038,6.7,0.0,45.0,JUNCTION_RIGHT,FATAL DEGRADATION,0.0,3,0
1771934316.214,8.4,0.0,45.0,JUNCTION_RIGHT,FATAL DEGRADATION,0.0,3,0
1771934316.347,7.6,0.0,45.0,JUNCTION_RIGHT,FATAL DEGRADATION,0.0,3,0
1771934316.536,7.6,0.0,45.0,JUNCTION_RIGHT,FATAL DEGRADATION,0.0,3,0
1771934316.646,6.9,0.0,45.0,JUNCTION_RIGHT,FATAL DEGRADATION,0.0,3,0
1771934316.822,7.6,0.0,45.0,JUNCTION_RIGHT,FATAL DEGRADATION,0.0,3,0
1771934316.935,7.0,0.0,45.0,JUNCTION_RIGHT,FATAL DEGRADATION,0.0,3,0
1771934317.104,7.5,0.0,45.0,JUNCTION_RIGHT,FATAL DEGRADATION,0.0,3,0
1771934317.226,7.0,0.0,45.0,JUNCTION_RIGHT,FATAL DEGRADATION,0.0,3,0
1771934317.387,7.4,0.0,45.0,JUNCTION_RIGHT,FATAL DEGRADATION,0.0,3,0
1771934317.485,7.1,0.0,45.0,JUNCTION_RIGHT,FATAL DEGRADATION,0.0,3,0
1771934317.727,8.0,0.0,45.0,JUNCTION_RIGHT,FATAL DEGRADATION,0.0,3,0
1771934317.813,6.8,0.0,45.0,JUNCTION_RIGHT,FATAL DEGRADATION,0.0,3,0
1771934317.976,8.4,0.0,45.0,JUNCTION_RIGHT,FATAL DEGRADATION,0.0,3,0
1771934318.079,7.7,0.0,45.0,JUNCTION_RIGHT,FATAL DEGRADATION,0.0,3,0
1771934318.245,8.2,0.0,45.0,JUNCTION_RIGHT,FATAL DEGRADATION,0.0,3,0
1771934318.354,7.6,0.0,45.0,JUNCTION_RIGHT,FATAL DEGRADATION,0.0,3,0
1771934318.596,8.1,0.0,45.0,JUNCTION_RIGHT,FATAL DEGRADATION,0.0,3,0
1771934318.692,6.9,0.0,45.0,JUNCTION_RIGHT,FATAL DEGRADATION,0.0,3,0
1771934318.872,8.0,0.0,45.0,JUNCTION_RIGHT,FATAL DEGRADATION,0.0,3,0
1771934318.981,7.2,0.0,45.0,JUNCTION_RIGHT,FATAL DEGRADATION,0.0,3,0
1771934319.134,7.8,0.0,45.0,JUNCTION_RIGHT,FATAL DEGRADATION,0.0,3,0
1771934319.229,7.4,0.0,45.0,JUNCTION_RIGHT,FATAL DEGRADATION,0.0,3,0
1771934319.416,8.3,0.0,45.0,JUNCTION_RIGHT,FATAL DEGRADATION,0.0,3,0
1771934319.52,7.5,0.0,45.0,JUNCTION_RIGHT,FATAL DEGRADATION,0.0,3,0
1771934319.782,8.1,0.0,45.0,JUNCTION_RIGHT,FATAL DEGRADATION,0.0,3,0
1771934319.905,6.8,0.0,45.0,JUNCTION_RIGHT,FATAL DEGRADATION,0.0,3,0
1771934320.061,7.2,0.0,45.0,JUNCTION_RIGHT,FATAL DEGRADATION,0.0,3,0
1771934320.166,7.0,0.0,45.0,JUNCTION_RIGHT,FATAL DEGRADATION,0.0,3,0
1771934320.32,7.8,0.0,45.0,JUNCTION_RIGHT,FATAL DEGRADATION,0.0,3,0
1771934320.426,7.4,0.0,45.0,JUNCTION_RIGHT,FATAL DEGRADATION,0.0,3,0
1771934320.586,8.1,0.0,45.0,JUNCTION_RIGHT,FATAL DEGRADATION,0.0,3,0
1771934320.686,7.5,0.0,45.0,JUNCTION_RIGHT,FATAL DEGRADATION,0.0,3,0
1771934320.843,8.3,0.0,45.0,JUNCTION_RIGHT,FATAL DEGRADATION,0.0,3,0
1771934320.944,7.7,0.0,45.0,JUNCTION_RIGHT,FATAL DEGRADATION,0.0,3,0
1771934321.123,8.4,0.0,45.0,JUNCTION_RIGHT,FATAL DEGRADATION,0.0,3,0
1771934321.233,7.5,0.0,45.0,JUNCTION_RIGHT,FATAL DEGRADATION,0.0,3,0
1771934321.394,8.0,0.0,45.0,JUNCTION_RIGHT,FATAL DEGRADATION,0.0,3,0
1771934321.495,7.5,0.0,45.0,JUNCTION_RIGHT,FATAL DEGRADATION,0.0,3,0
1771934321.659,8.2,0.0,45.0,JUNCTION_RIGHT,FATAL DEGRADATION,0.0,3,0
1771934321.752,7.6,0.0,45.0,JUNCTION_RIGHT,FATAL DEGRADATION,0.0,3,0
1771934321.921,8.5,0.0,45.0,JUNCTION_RIGHT,FATAL DEGRADATION,0.0,3,0
1771934322.029,7.7,0.0,45.0,JUNCTION_RIGHT,FATAL DEGRADATION,0.0,3,0
1771934322.214,8.2,0.0,45.0,JUNCTION_RIGHT,FATAL DEGRADATION,0.0,3,0
1771934322.32,7.4,0.0,45.0,JUNCTION_RIGHT,FATAL DEGRADATION,0.0,3,0
1771934322.531,8.0,0.0,45.0,JUNCTION_RIGHT,FATAL DEGRADATION,0.0,3,0
1771934322.652,7.0,0.0,45.0,JUNCTION_RIGHT,FATAL DEGRADATION,0.0,3,0
1771934322.822,7.4,0.0,45.0,JUNCTION_RIGHT,FATAL DEGRADATION,0.0,3,0
1771934322.912,6.9,0.0,45.0,JUNCTION_RIGHT,FATAL DEGRADATION,0.0,3,0
1771934323.071,8.2,0.0,45.0,JUNCTION_RIGHT,FATAL DEGRADATION,0.0,3,0
1771934323.173,7.6,0.0,45.0,JUNCTION_RIGHT,FATAL DEGRADATION,0.0,3,0
1771934323.325,8.3,0.0,45.0,JUNCTION_RIGHT,FATAL DEGRADATION,0.0,3,0
1771934323.422,7.8,0.0,45.0,JUNCTION_RIGHT,FATAL DEGRADATION,0.0,3,0
1771934323.577,8.5,0.0,45.0,JUNCTION_RIGHT,FATAL DEGRADATION,0.0,3,0
1771934323.68,7.9,0.0,45.0,JUNCTION_RIGHT,FATAL DEGRADATION,0.0,3,0
1771934323.85,8.5,0.0,45.0,JUNCTION_RIGHT,FATAL DEGRADATION,0.0,3,0
1771934323.939,7.7,0.0,45.0,JUNCTION_RIGHT,FATAL DEGRADATION,0.0,3,0
1771934324.094,8.7,0.0,45.0,JUNCTION_RIGHT,FATAL DEGRADATION,0.0,3,0
1771934324.185,8.0,0.0,45.0,JUNCTION_RIGHT,FATAL DEGRADATION,0.0,3,0
1771934324.354,9.0,0.0,45.0,JUNCTION_RIGHT,FATAL DEGRADATION,0.0,3,0
1771934324.443,8.1,0.0,45.0,JUNCTION_RIGHT,FATAL DEGRADATION,0.0,3,0
1771934324.608,9.0,0.0,45.0,JUNCTION_RIGHT,FATAL DEGRADATION,0.0,3,0
1771934324.721,8.1,0.0,45.0,JUNCTION_RIGHT,FATAL DEGRADATION,0.0,3,0
1771934324.892,8.3,0.0,45.0,JUNCTION_RIGHT,FATAL DEGRADATION,0.0,3,0
1771934324.994,7.6,0.0,45.0,JUNCTION_RIGHT,FATAL DEGRADATION,0.0,3,0
1771934325.146,8.3,0.0,45.0,JUNCTION_RIGHT,FATAL DEGRADATION,0.0,3,0
1771934325.251,7.7,0.0,45.0,JUNCTION_RIGHT,FATAL DEGRADATION,0.0,3,0
1771934325.402,8.3,0.0,45.0,JUNCTION_RIGHT,FATAL DEGRADATION,0.0,3,0
1771934325.497,7.8,0.0,45.0,JUNCTION_RIGHT,FATAL DEGRADATION,0.0,3,0
1771934325.669,8.6,0.0,45.0,JUNCTION_RIGHT,FATAL DEGRADATION,0.0,3,0
1771934325.79,7.8,0.0,45.0,JUNCTION_RIGHT,FATAL DEGRADATION,0.0,3,0
1771934325.961,7.9,0.0,45.0,JUNCTION_RIGHT,FATAL DEGRADATION,0.0,3,0
1771934326.055,7.3,0.0,45.0,JUNCTION_RIGHT,FATAL DEGRADATION,0.0,3,0
1771934326.219,8.3,0.0,45.0,JUNCTION_RIGHT,FATAL DEGRADATION,0.0,3,0
1771934326.324,7.7,0.0,45.0,JUNCTION_RIGHT,FATAL DEGRADATION,0.0,3,0
1771934326.481,8.2,0.0,45.0,JUNCTION_RIGHT,FATAL DEGRADATION,0.0,3,0
1771934326.565,7.6,0.0,45.0,JUNCTION_RIGHT,FATAL DEGRADATION,0.0,3,0
1771934326.726,8.9,0.0,45.0,JUNCTION_RIGHT,FATAL DEGRADATION,0.0,3,0
1771934326.831,8.1,0.0,45.0,JUNCTION_RIGHT,FATAL DEGRADATION,0.0,3,0
1771934326.992,8.5,0.0,45.0,JUNCTION_RIGHT,FATAL DEGRADATION,0.0,3,0
1771934327.087,7.8,0.0,45.0,JUNCTION_RIGHT,FATAL DEGRADATION,0.0,3,0
1771934327.244,8.7,0.0,45.0,JUNCTION_RIGHT,FATAL DEGRADATION,0.0,3,0
1771934327.335,8.0,0.0,45.0,JUNCTION_RIGHT,FATAL DEGRADATION,0.0,3,0
1771934327.483,8.9,0.0,45.0,JUNCTION_RIGHT,FATAL DEGRADATION,0.0,3,0
1771934327.58,8.2,0.0,45.0,JUNCTION_RIGHT,FATAL DEGRADATION,0.0,3,0
1771934327.719,8.9,0.0,45.0,JUNCTION_RIGHT,FATAL DEGRADATION,0.0,3,0
1771934327.826,8.4,0.0,45.0,JUNCTION_RIGHT,FATAL DEGRADATION,0.0,3,0
1771934327.976,8.7,0.0,45.0,JUNCTION_RIGHT,FATAL DEGRADATION,0.0,3,0
1771934328.069,8.1,0.0,45.0,JUNCTION_RIGHT,FATAL DEGRADATION,0.0,3,0
1771934328.201,8.9,0.0,45.0,JUNCTION_RIGHT,FATAL DEGRADATION,0.0,3,0
1771934328.299,8.5,0.0,45.0,JUNCTION_RIGHT,FATAL DEGRADATION,0.0,3,0
1771934328.459,8.9,0.0,45.0,JUNCTION_RIGHT,FATAL DEGRADATION,0.0,3,0
1771934328.564,8.1,0.0,45.0,JUNCTION_RIGHT,FATAL DEGRADATION,0.0,3,0
1771934328.711,8.6,0.0,45.0,JUNCTION_RIGHT,FATAL DEGRADATION,0.0,3,0
1771934328.811,8.1,0.0,45.0,JUNCTION_RIGHT,FATAL DEGRADATION,0.0,3,0
1771934328.965,8.6,0.0,45.0,JUNCTION_RIGHT,FATAL DEGRADATION,0.0,3,0
1771934329.066,8.0,0.0,45.0,JUNCTION_RIGHT,FATAL DEGRADATION,0.0,3,0
1771934329.222,8.5,0.0,45.0,JUNCTION_RIGHT,FATAL DEGRADATION,0.0,3,0
1771934329.328,7.9,0.0,45.0,JUNCTION_RIGHT,FATAL DEGRADATION,0.0,3,0
1771934329.486,8.4,0.0,45.0,JUNCTION_RIGHT,FATAL DEGRADATION,0.0,3,0
1771934329.582,7.7,0.0,45.0,JUNCTION_RIGHT,FATAL DEGRADATION,0.0,3,0
1771934329.739,8.5,0.0,45.0,JUNCTION_RIGHT,FATAL DEGRADATION,0.0,3,0
1771934329.827,7.9,0.0,45.0,JUNCTION_RIGHT,FATAL DEGRADATION,0.0,3,0
1771934329.994,8.9,0.0,45.0,JUNCTION_RIGHT,FATAL DEGRADATION,0.0,3,0
1771934330.088,8.0,0.0,45.0,JUNCTION_RIGHT,FATAL DEGRADATION,0.0,3,0
1771934330.239,8.8,0.0,45.0,JUNCTION_RIGHT,FATAL DEGRADATION,0.0,3,0
1771934330.333,8.2,0.0,45.0,JUNCTION_RIGHT,FATAL DEGRADATION,0.0,3,0
1771934330.631,8.9,0.0,45.0,JUNCTION_RIGHT,FATAL DEGRADATION,0.0,3,0
1771934330.807,7.2,0.0,45.0,JUNCTION_RIGHT,FATAL DEGRADATION,0.0,3,0
1771934331.032,6.7,0.0,45.0,JUNCTION_RIGHT,FATAL DEGRADATION,0.0,3,0
1771934331.135,6.1,0.0,45.0,JUNCTION_RIGHT,FATAL DEGRADATION,0.0,3,0
1771934331.289,7.2,0.0,45.0,JUNCTION_RIGHT,FATAL DEGRADATION,0.0,3,0
1771934331.381,7.0,0.0,45.0,JUNCTION_RIGHT,FATAL DEGRADATION,0.0,3,0
1771934331.545,8.1,0.0,45.0,JUNCTION_RIGHT,FATAL DEGRADATION,0.0,3,0
1771934331.646,7.5,0.0,45.0,JUNCTION_RIGHT,FATAL DEGRADATION,0.0,3,0
1771934331.796,8.2,0.0,45.0,JUNCTION_RIGHT,FATAL DEGRADATION,0.0,3,0
1771934331.893,7.8,0.0,45.0,JUNCTION_RIGHT,FATAL DEGRADATION,0.0,3,0
1771934332.047,8.5,0.0,45.0,JUNCTION_RIGHT,FATAL DEGRADATION,0.0,3,0
1771934332.147,7.9,0.0,45.0,JUNCTION_RIGHT,FATAL DEGRADATION,0.0,3,0
1771934332.398,8.5,0.0,45.0,JUNCTION_RIGHT,FATAL DEGRADATION,0.0,3,0
1771934332.483,7.2,0.0,45.0,JUNCTION_RIGHT,FATAL DEGRADATION,0.0,3,0
1771934332.622,8.5,0.0,45.0,JUNCTION_RIGHT,FATAL DEGRADATION,0.0,3,0
1771934332.714,8.1,0.0,45.0,JUNCTION_RIGHT,FATAL DEGRADATION,0.0,3,0
1771934332.87,9.0,0.0,45.0,JUNCTION_RIGHT,FATAL DEGRADATION,0.0,3,0
1771934332.975,8.2,0.0,45.0,JUNCTION_RIGHT,FATAL DEGRADATION,0.0,3,0
1771934333.13,8.7,0.0,45.0,JUNCTION_RIGHT,FATAL DEGRADATION,0.0,3,0
1771934333.223,8.0,0.0,45.0,JUNCTION_RIGHT,FATAL DEGRADATION,0.0,3,0
1771934333.379,8.9,0.0,45.0,JUNCTION_RIGHT,FATAL DEGRADATION,0.0,3,0
1771934333.483,8.1,0.0,45.0,JUNCTION_RIGHT,FATAL DEGRADATION,0.0,3,0
1771934333.644,8.5,0.0,45.0,JUNCTION_RIGHT,FATAL DEGRADATION,0.0,3,0
1771934333.744,7.8,0.0,45.0,JUNCTION_RIGHT,FATAL DEGRADATION,0.0,3,0
1771934333.907,8.5,0.0,45.0,JUNCTION_RIGHT,FATAL DEGRADATION,0.0,3,0
1771934334.002,7.8,0.0,45.0,JUNCTION_RIGHT,FATAL DEGRADATION,0.0,3,0
1771934334.155,8.6,0.0,45.0,JUNCTION_RIGHT,FATAL DEGRADATION,0.0,3,0
1771934334.249,8.0,0.0,45.0,JUNCTION_RIGHT,FATAL DEGRADATION,0.0,3,0
1771934334.411,8.8,0.0,45.0,JUNCTION_RIGHT,FATAL DEGRADATION,0.0,3,0
1771934334.511,8.0,0.0,45.0,JUNCTION_RIGHT,FATAL DEGRADATION,0.0,3,0
1771934334.659,8.5,0.0,45.0,JUNCTION_RIGHT,FATAL DEGRADATION,0.0,3,0
1771934334.754,8.0,0.0,45.0,JUNCTION_RIGHT,FATAL DEGRADATION,0.0,3,0
1771934334.908,8.7,0.0,45.0,JUNCTION_RIGHT,FATAL DEGRADATION,0.0,3,0
1771934335.035,8.1,0.0,45.0,JUNCTION_RIGHT,FATAL DEGRADATION,0.0,3,0
1771934335.382,8.0,0.0,45.0,JUNCTION_RIGHT,FATAL DEGRADATION,0.0,3,0
1771934335.492,6.5,0.0,45.0,JUNCTION_RIGHT,FATAL DEGRADATION,0.0,3,0
1771934335.687,7.2,0.0,45.0,JUNCTION_RIGHT,FATAL DEGRADATION,0.0,3,0
1771934335.788,6.6,0.0,45.0,JUNCTION_RIGHT,FATAL DEGRADATION,0.0,3,0
1771934336.024,7.6,0.0,45.0,JUNCTION_RIGHT,FATAL DEGRADATION,0.0,3,0
1771934336.289,6.6,0.0,45.0,JUNCTION_RIGHT,FATAL DEGRADATION,0.0,3,0
1771934336.5,5.7,0.0,45.0,JUNCTION_RIGHT,FATAL DEGRADATION,0.0,3,0
1771934336.602,5.4,0.0,45.0,JUNCTION_RIGHT,FATAL DEGRADATION,0.0,3,0
1771934336.806,6.7,0.0,45.0,JUNCTION_RIGHT,FATAL DEGRADATION,0.0,3,0
1771934336.904,6.2,0.0,45.0,JUNCTION_RIGHT,FATAL DEGRADATION,0.0,3,0
1771934337.072,7.4,0.0,45.0,JUNCTION_RIGHT,FATAL DEGRADATION,0.0,3,0
1771934337.184,7.0,0.0,45.0,JUNCTION_RIGHT,FATAL DEGRADATION,0.0,3,0
1771934337.35,7.5,0.0,45.0,JUNCTION_RIGHT,FATAL DEGRADATION,0.0,3,0
1771934337.439,7.1,0.0,45.0,JUNCTION_RIGHT,FATAL DEGRADATION,0.0,3,0
1771934337.595,8.4,0.0,45.0,JUNCTION_RIGHT,FATAL DEGRADATION,0.0,3,0
1771934337.701,7.8,0.0,45.0,JUNCTION_RIGHT,FATAL DEGRADATION,0.0,3,0
1771934337.855,8.3,0.0,45.0,JUNCTION_RIGHT,FATAL DEGRADATION,0.0,3,0
1771934337.948,7.8,0.0,45.0,JUNCTION_RIGHT,FATAL DEGRADATION,0.0,3,0
1771934338.103,8.7,0.0,45.0,JUNCTION_RIGHT,FATAL DEGRADATION,0.0,3,0
1771934338.196,8.0,0.0,45.0,JUNCTION_RIGHT,FATAL DEGRADATION,0.0,3,0
1771934338.359,8.8,0.0,45.0,JUNCTION_RIGHT,FATAL DEGRADATION,0.0,3,0
1771934338.452,8.0,0.0,45.0,JUNCTION_RIGHT,FATAL DEGRADATION,0.0,3,0
1771934338.615,8.8,0.0,45.0,JUNCTION_RIGHT,FATAL DEGRADATION,0.0,3,0
1771934338.713,8.0,0.0,45.0,JUNCTION_RIGHT,FATAL DEGRADATION,0.0,3,0
1771934338.884,8.6,0.0,45.0,JUNCTION_RIGHT,FATAL DEGRADATION,0.0,3,0
1771934338.974,7.8,0.0,45.0,JUNCTION_RIGHT,FATAL DEGRADATION,0.0,3,0
1771934339.125,8.8,0.0,45.0,JUNCTION_RIGHT,FATAL DEGRADATION,0.0,3,0
1771934339.231,8.2,0.0,45.0,JUNCTION_RIGHT,FATAL DEGRADATION,0.0,3,0
1771934339.396,8.5,0.0,45.0,JUNCTION_RIGHT,FATAL DEGRADATION,0.0,3,0
1771934339.509,7.8,0.0,45.0,JUNCTION_RIGHT,FATAL DEGRADATION,0.0,3,0
1771934339.71,8.1,0.0,45.0,JUNCTION_RIGHT,FATAL DEGRADATION,0.0,3,0
1771934339.94,7.1,0.0,45.0,JUNCTION_RIGHT,FATAL DEGRADATION,0.0,3,0
1771934340.678,6.3,0.0,45.0,JUNCTION_RIGHT,FATAL DEGRADATION,0.0,3,0
1771934340.865,4.8,0.0,45.0,JUNCTION_RIGHT,FATAL DEGRADATION,0.0,3,0
1771934341.024,5.0,0.0,45.0,JUNCTION_RIGHT,FATAL DEGRADATION,0.0,3,0
1771934341.109,5.3,0.0,45.0,JUNCTION_RIGHT,FATAL DEGRADATION,0.0,3,0
1771934341.27,7.5,0.0,45.0,JUNCTION_RIGHT,FATAL DEGRADATION,0.0,3,0
1771934341.369,7.1,0.0,45.0,JUNCTION_RIGHT,FATAL DEGRADATION,0.0,3,0
1771934341.567,8.0,0.0,45.0,JUNCTION_RIGHT,FATAL DEGRADATION,0.0,3,0
1771934341.765,7.1,0.0,45.0,JUNCTION_RIGHT,FATAL DEGRADATION,0.0,3,0
1771934341.928,6.5,0.0,45.0,JUNCTION_RIGHT,FATAL DEGRADATION,0.0,3,0
1771934342.029,6.4,0.0,45.0,JUNCTION_RIGHT,FATAL DEGRADATION,0.0,3,0
1771934342.207,7.4,0.0,45.0,JUNCTION_RIGHT,FATAL DEGRADATION,0.0,3,0
1771934342.301,6.9,0.0,45.0,JUNCTION_RIGHT,FATAL DEGRADATION,0.0,3,0
1771934342.442,8.0,0.0,45.0,JUNCTION_RIGHT,FATAL DEGRADATION,0.0,3,0
1771934342.592,7.7,0.0,45.0,JUNCTION_RIGHT,FATAL DEGRADATION,0.0,3,0
1771934342.743,7.4,0.0,45.0,JUNCTION_RIGHT,FATAL DEGRADATION,0.0,3,0
1771934342.842,7.2,0.0,45.0,JUNCTION_RIGHT,FATAL DEGRADATION,0.0,3,0
1771934342.991,8.0,0.0,45.0,JUNCTION_RIGHT,FATAL DEGRADATION,0.0,3,0
1771934343.101,7.7,0.0,45.0,JUNCTION_RIGHT,FATAL DEGRADATION,0.0,3,0
1771934343.257,8.1,0.0,45.0,JUNCTION_RIGHT,FATAL DEGRADATION,0.0,3,0
1771934343.341,7.6,0.0,45.0,JUNCTION_RIGHT,FATAL DEGRADATION,0.0,3,0
1771934343.499,8.9,0.0,45.0,JUNCTION_RIGHT,FATAL DEGRADATION,0.0,3,0
1771934343.604,8.1,0.0,45.0,JUNCTION_RIGHT,FATAL DEGRADATION,0.0,3,0
1771934343.763,8.5,0.0,45.0,JUNCTION_RIGHT,FATAL DEGRADATION,0.0,3,0
1771934343.864,7.9,0.0,45.0,JUNCTION_RIGHT,FATAL DEGRADATION,0.0,3,0
1771934344.022,8.5,0.0,45.0,JUNCTION_RIGHT,FATAL DEGRADATION,0.0,3,0
1771934344.125,7.8,0.0,45.0,JUNCTION_RIGHT,FATAL DEGRADATION,0.0,3,0
1771934344.274,8.4,0.0,45.0,JUNCTION_RIGHT,FATAL DEGRADATION,0.0,3,0
1771934344.373,7.9,0.0,45.0,JUNCTION_RIGHT,FATAL DEGRADATION,0.0,3,0
1771934344.524,8.6,0.0,45.0,JUNCTION_RIGHT,FATAL DEGRADATION,0.0,3,0
1771934344.615,8.0,0.0,45.0,JUNCTION_RIGHT,FATAL DEGRADATION,0.0,3,0
1771934344.799,8.8,0.0,45.0,JUNCTION_RIGHT,FATAL DEGRADATION,0.0,3,0
1771934344.922,7.8,0.0,45.0,JUNCTION_RIGHT,FATAL DEGRADATION,0.0,3,0
1771934345.074,7.9,0.0,45.0,JUNCTION_RIGHT,FATAL DEGRADATION,0.0,3,0
1771934345.181,7.5,0.0,45.0,JUNCTION_RIGHT,FATAL DEGRADATION,0.0,3,0
1771934345.36,8.1,0.0,45.0,JUNCTION_RIGHT,FATAL DEGRADATION,0.0,3,0
1771934345.456,7.4,0.0,45.0,JUNCTION_RIGHT,FATAL DEGRADATION,0.0,3,0
1771934345.603,8.3,0.0,45.0,JUNCTION_RIGHT,FATAL DEGRADATION,0.0,3,0
1771934345.7,7.8,0.0,45.0,JUNCTION_RIGHT,FATAL DEGRADATION,0.0,3,0
1771934345.87,8.6,0.0,45.0,JUNCTION_RIGHT,FATAL DEGRADATION,0.0,3,0
1771934345.978,7.8,0.0,45.0,JUNCTION_RIGHT,FATAL DEGRADATION,0.0,3,0
1771934346.141,8.2,0.0,45.0,JUNCTION_RIGHT,FATAL DEGRADATION,0.0,3,0
1771934346.252,7.6,0.0,45.0,JUNCTION_RIGHT,FATAL DEGRADATION,0.0,3,0
1771934346.406,8.0,0.0,45.0,JUNCTION_RIGHT,FATAL DEGRADATION,0.0,3,0
1771934346.525,7.6,0.0,45.0,JUNCTION_RIGHT,FATAL DEGRADATION,0.0,3,0
1771934346.681,7.8,0.0,45.0,JUNCTION_RIGHT,FATAL DEGRADATION,0.0,3,0
1771934346.775,7.4,0.0,45.0,JUNCTION_RIGHT,FATAL DEGRADATION,0.0,3,0
1771934346.944,8.3,0.0,45.0,JUNCTION_RIGHT,FATAL DEGRADATION,0.0,3,0
1771934347.039,7.6,0.0,45.0,JUNCTION_RIGHT,FATAL DEGRADATION,0.0,3,0
1771934347.202,8.5,0.0,45.0,JUNCTION_RIGHT,FATAL DEGRADATION,0.0,3,0
1771934347.294,7.8,0.0,45.0,JUNCTION_RIGHT,FATAL DEGRADATION,0.0,3,0
1771934347.45,8.7,0.0,45.0,JUNCTION_RIGHT,FATAL DEGRADATION,0.0,3,0
1771934347.538,8.0,0.0,45.0,JUNCTION_RIGHT,FATAL DEGRADATION,0.0,3,0
1771934347.685,9.0,0.0,45.0,JUNCTION_RIGHT,FATAL DEGRADATION,0.0,3,0
1771934347.781,8.4,0.0,45.0,JUNCTION_RIGHT,FATAL DEGRADATION,0.0,3,0
1771934347.936,9.0,0.0,45.0,JUNCTION_RIGHT,FATAL DEGRADATION,0.0,3,0
1771934348.038,8.2,0.0,45.0,JUNCTION_RIGHT,FATAL DEGRADATION,0.0,3,0
1771934348.189,8.7,0.0,45.0,JUNCTION_RIGHT,FATAL DEGRADATION,0.0,3,0
1771934348.292,8.1,0.0,45.0,JUNCTION_RIGHT,FATAL DEGRADATION,0.0,3,0
1771934348.482,8.5,0.0,45.0,JUNCTION_RIGHT,FATAL DEGRADATION,0.0,3,0
1771934348.573,7.6,0.0,45.0,JUNCTION_RIGHT,FATAL DEGRADATION,0.0,3,0
1771934348.729,8.6,0.0,45.0,JUNCTION_RIGHT,FATAL DEGRADATION,0.0,3,0
1771934348.817,7.9,0.0,45.0,JUNCTION_RIGHT,FATAL DEGRADATION,0.0,3,0
1771934349.009,9.0,0.0,45.0,JUNCTION_RIGHT,FATAL DEGRADATION,0.0,3,0
1771934349.149,7.8,0.0,45.0,JUNCTION_RIGHT,FATAL DEGRADATION,0.0,3,0
1771934349.373,7.7,0.0,45.0,JUNCTION_RIGHT,FATAL DEGRADATION,0.0,3,0
1771934349.485,6.7,0.0,45.0,JUNCTION_RIGHT,FATAL DEGRADATION,0.0,3,0
1771934349.642,7.4,0.0,45.0,JUNCTION_RIGHT,FATAL DEGRADATION,0.0,3,0
1771934349.749,7.1,0.0,45.0,JUNCTION_RIGHT,FATAL DEGRADATION,0.0,3,0
1771934349.92,7.7,0.0,45.0,JUNCTION_RIGHT,FATAL DEGRADATION,0.0,3,0
1771934350.041,7.2,0.0,45.0,JUNCTION_RIGHT,FATAL DEGRADATION,0.0,3,0
1771934350.196,7.5,0.0,45.0,JUNCTION_RIGHT,FATAL DEGRADATION,0.0,3,0
1771934350.292,7.2,0.0,45.0,JUNCTION_RIGHT,FATAL DEGRADATION,0.0,3,0
1771934350.469,8.2,0.0,45.0,JUNCTION_RIGHT,FATAL DEGRADATION,0.0,3,0
1771934350.57,7.4,0.0,45.0,JUNCTION_RIGHT,FATAL DEGRADATION,0.0,3,0
1771934350.722,8.2,0.0,45.0,JUNCTION_RIGHT,FATAL DEGRADATION,0.0,3,0
1771934350.814,7.7,0.0,45.0,JUNCTION_RIGHT,FATAL DEGRADATION,0.0,3,0
1771934350.963,8.7,0.0,45.0,JUNCTION_RIGHT,FATAL DEGRADATION,0.0,3,0
1771934351.059,8.1,0.0,45.0,JUNCTION_RIGHT,FATAL DEGRADATION,0.0,3,0
1771934351.225,8.7,0.0,45.0,JUNCTION_RIGHT,FATAL DEGRADATION,0.0,3,0
1771934351.319,7.9,0.0,45.0,JUNCTION_RIGHT,FATAL DEGRADATION,0.0,3,0
1771934351.491,8.8,0.0,45.0,JUNCTION_RIGHT,FATAL DEGRADATION,0.0,3,0
1771934351.59,7.9,0.0,45.0,JUNCTION_RIGHT,FATAL DEGRADATION,0.0,3,0
1771934351.744,8.6,0.0,45.0,JUNCTION_RIGHT,FATAL DEGRADATION,0.0,3,0
1771934351.846,7.9,0.0,45.0,JUNCTION_RIGHT,FATAL DEGRADATION,0.0,3,0
1771934352.002,8.5,0.0,45.0,JUNCTION_RIGHT,FATAL DEGRADATION,0.0,3,0
1771934352.09,7.9,0.0,45.0,JUNCTION_RIGHT,FATAL DEGRADATION,0.0,3,0
1771934352.258,8.9,0.0,45.0,JUNCTION_RIGHT,FATAL DEGRADATION,0.0,3,0
1771934352.347,8.0,0.0,45.0,JUNCTION_RIGHT,FATAL DEGRADATION,0.0,3,0
1771934352.504,9.0,0.0,45.0,JUNCTION_RIGHT,FATAL DEGRADATION,0.0,3,0
1771934352.606,8.2,0.0,45.0,JUNCTION_RIGHT,FATAL DEGRADATION,0.0,3,0
1771934352.761,8.7,0.0,45.0,JUNCTION_RIGHT,FATAL DEGRADATION,0.0,3,0
1771934352.854,8.0,0.0,45.0,JUNCTION_RIGHT,FATAL DEGRADATION,0.0,3,0
1771934353.004,8.8,0.0,45.0,JUNCTION_RIGHT,FATAL DEGRADATION,0.0,3,0
1771934353.114,8.2,0.0,45.0,JUNCTION_RIGHT,FATAL DEGRADATION,0.0,3,0
1771934353.284,8.5,0.0,45.0,JUNCTION_RIGHT,FATAL DEGRADATION,0.0,3,0
1771934353.392,7.7,0.0,45.0,JUNCTION_RIGHT,FATAL DEGRADATION,0.0,3,0
1771934353.539,8.2,0.0,45.0,JUNCTION_RIGHT,FATAL DEGRADATION,0.0,3,0
1771934353.634,7.8,0.0,45.0,JUNCTION_RIGHT,FATAL DEGRADATION,0.0,3,0
1771934353.785,8.6,0.0,45.0,JUNCTION_RIGHT,FATAL DEGRADATION,0.0,3,0
1771934353.876,8.0,0.0,45.0,JUNCTION_RIGHT,FATAL DEGRADATION,0.0,3,0
1771934354.028,8.9,0.0,45.0,JUNCTION_RIGHT,FATAL DEGRADATION,0.0,3,0
1771934354.247,8.2,0.0,45.0,JUNCTION_RIGHT,FATAL DEGRADATION,0.0,3,0
1771934354.431,7.1,0.0,45.0,JUNCTION_RIGHT,FATAL DEGRADATION,0.0,3,0
1771934354.549,6.6,0.0,45.0,JUNCTION_RIGHT,FATAL DEGRADATION,0.0,3,0
1771934354.704,7.2,0.0,45.0,JUNCTION_RIGHT,FATAL DEGRADATION,0.0,3,0
1771934354.808,7.0,0.0,45.0,JUNCTION_RIGHT,FATAL DEGRADATION,0.0,3,0
1771934354.972,7.8,0.0,45.0,JUNCTION_RIGHT,FATAL DEGRADATION,0.0,3,0
1771934355.085,7.3,0.0,45.0,JUNCTION_RIGHT,FATAL DEGRADATION,0.0,3,0
1771934355.248,7.7,0.0,45.0,JUNCTION_RIGHT,FATAL DEGRADATION,0.0,3,0
1771934355.361,7.2,0.0,45.0,JUNCTION_RIGHT,FATAL DEGRADATION,0.0,3,0
1771934355.518,7.7,0.0,45.0,JUNCTION_RIGHT,FATAL DEGRADATION,0.0,3,0
1771934355.617,7.3,0.0,45.0,JUNCTION_RIGHT,FATAL DEGRADATION,0.0,3,0
1771934355.759,8.1,0.0,45.0,JUNCTION_RIGHT,FATAL DEGRADATION,0.0,3,0
1771934355.863,7.8,0.0,45.0,JUNCTION_RIGHT,FATAL DEGRADATION,0.0,3,0
1771934356.025,8.4,0.0,45.0,JUNCTION_RIGHT,FATAL DEGRADATION,0.0,3,0
1771934356.14,7.7,0.0,45.0,JUNCTION_RIGHT,FATAL DEGRADATION,0.0,3,0
1771934356.299,8.0,0.0,45.0,JUNCTION_RIGHT,FATAL DEGRADATION,0.0,3,0
1771934356.401,7.5,0.0,45.0,JUNCTION_RIGHT,FATAL DEGRADATION,0.0,3,0
1771934356.558,8.2,0.0,45.0,JUNCTION_RIGHT,FATAL DEGRADATION,0.0,3,0
1771934356.659,7.6,0.0,45.0,JUNCTION_RIGHT,FATAL DEGRADATION,0.0,3,0
1771934356.818,8.3,0.0,45.0,JUNCTION_RIGHT,FATAL DEGRADATION,0.0,3,0
1771934356.948,7.7,0.0,45.0,JUNCTION_RIGHT,FATAL DEGRADATION,0.0,3,0
1771934357.147,7.7,0.0,45.0,JUNCTION_RIGHT,FATAL DEGRADATION,0.0,3,0
1771934357.254,6.9,0.0,45.0,JUNCTION_RIGHT,FATAL DEGRADATION,0.0,3,0
1771934357.423,7.7,0.0,45.0,JUNCTION_RIGHT,FATAL DEGRADATION,0.0,3,0
1771934357.545,7.1,0.0,45.0,JUNCTION_RIGHT,FATAL DEGRADATION,0.0,3,0
1771934357.699,7.5,0.0,45.0,JUNCTION_RIGHT,FATAL DEGRADATION,0.0,3,0
1771934357.856,7.1,0.0,45.0,JUNCTION_RIGHT,FATAL DEGRADATION,0.0,3,0
1771934358.059,6.9,0.0,45.0,JUNCTION_RIGHT,FATAL DEGRADATION,0.0,3,0
1771934358.153,6.3,0.0,45.0,JUNCTION_RIGHT,FATAL DEGRADATION,0.0,3,0
1771934358.316,7.7,0.0,45.0,JUNCTION_RIGHT,FATAL DEGRADATION,0.0,3,0
1771934358.416,7.2,0.0,45.0,JUNCTION_RIGHT,FATAL DEGRADATION,0.0,3,0
1771934358.651,8.0,0.0,45.0,JUNCTION_RIGHT,FATAL DEGRADATION,0.0,3,0
1771934358.78,6.9,0.0,45.0,JUNCTION_RIGHT,FATAL DEGRADATION,0.0,3,0
1771934359.035,7.2,0.0,45.0,JUNCTION_RIGHT,FATAL DEGRADATION,0.0,3,0
1771934359.221,6.2,0.0,45.0,JUNCTION_RIGHT,FATAL DEGRADATION,0.0,3,0
1771934359.416,5.9,0.0,45.0,JUNCTION_RIGHT,FATAL DEGRADATION,0.0,3,0
1771934359.531,5.7,0.0,45.0,JUNCTION_RIGHT,FATAL DEGRADATION,0.0,3,0
1771934359.727,6.6,0.0,45.0,JUNCTION_RIGHT,FATAL DEGRADATION,0.0,3,0
1771934359.835,6.2,0.0,45.0,JUNCTION_RIGHT,FATAL DEGRADATION,0.0,3,0
1771934359.993,7.1,0.0,45.0,JUNCTION_RIGHT,FATAL DEGRADATION,0.0,3,0
1771934360.096,6.9,0.0,45.0,JUNCTION_RIGHT,FATAL DEGRADATION,0.0,3,0
1771934360.258,7.7,0.0,45.0,JUNCTION_RIGHT,FATAL DEGRADATION,0.0,3,0
1771934360.355,7.3,0.0,45.0,JUNCTION_RIGHT,FATAL DEGRADATION,0.0,3,0
1771934360.524,8.1,0.0,45.0,JUNCTION_RIGHT,FATAL DEGRADATION,0.0,3,0
1771934360.635,7.5,0.0,45.0,JUNCTION_RIGHT,FATAL DEGRADATION,0.0,3,0
1771934360.792,8.0,0.0,45.0,JUNCTION_RIGHT,FATAL DEGRADATION,0.0,3,0
1771934360.893,7.5,0.0,45.0,JUNCTION_RIGHT,FATAL DEGRADATION,0.0,3,0
1771934361.057,8.2,0.0,45.0,JUNCTION_RIGHT,FATAL DEGRADATION,0.0,3,0
1771934361.158,7.6,0.0,45.0,JUNCTION_RIGHT,FATAL DEGRADATION,0.0,3,0
1771934361.315,8.3,0.0,45.0,JUNCTION_RIGHT,FATAL DEGRADATION,0.0,3,0
1771934361.419,7.7,0.0,45.0,JUNCTION_RIGHT,FATAL DEGRADATION,0.0,3,0
1771934361.575,8.3,0.0,45.0,JUNCTION_RIGHT,FATAL DEGRADATION,0.0,3,0
1771934361.681,7.7,0.0,45.0,JUNCTION_RIGHT,FATAL DEGRADATION,0.0,3,0
1771934361.847,8.3,0.0,45.0,JUNCTION_RIGHT,FATAL DEGRADATION,0.0,3,0
1771934361.955,7.6,0.0,45.0,JUNCTION_RIGHT,FATAL DEGRADATION,0.0,3,0
1771934362.109,8.1,0.0,45.0,JUNCTION_RIGHT,FATAL DEGRADATION,0.0,3,0
1771934362.214,7.6,0.0,45.0,JUNCTION_RIGHT,FATAL DEGRADATION,0.0,3,0
1771934362.387,8.1,0.0,45.0,JUNCTION_RIGHT,FATAL DEGRADATION,0.0,3,0
1771934362.487,7.5,0.0,45.0,JUNCTION_RIGHT,FATAL DEGRADATION,0.0,3,0
1771934362.644,8.2,0.0,45.0,JUNCTION_RIGHT,FATAL DEGRADATION,0.0,3,0
1771934362.749,7.6,0.0,45.0,JUNCTION_RIGHT,FATAL DEGRADATION,0.0,3,0
1771934362.908,8.2,0.0,45.0,JUNCTION_RIGHT,FATAL DEGRADATION,0.0,3,0
1771934363.008,7.6,0.0,45.0,JUNCTION_RIGHT,FATAL DEGRADATION,0.0,3,0
1771934363.158,8.3,0.0,45.0,JUNCTION_RIGHT,FATAL DEGRADATION,0.0,3,0
1771934363.264,7.8,0.0,45.0,JUNCTION_RIGHT,FATAL DEGRADATION,0.0,3,0
1771934363.421,8.4,0.0,45.0,JUNCTION_RIGHT,FATAL DEGRADATION,0.0,3,0
1771934363.528,7.8,0.0,45.0,JUNCTION_RIGHT,FATAL DEGRADATION,0.0,3,0
1771934363.73,8.2,0.0,45.0,JUNCTION_RIGHT,FATAL DEGRADATION,0.0,3,0
1771934363.856,7.2,0.0,45.0,JUNCTION_RIGHT,FATAL DEGRADATION,0.0,3,0
1771934364.01,7.5,0.0,45.0,JUNCTION_RIGHT,FATAL DEGRADATION,0.0,3,0
1771934364.118,7.2,0.0,45.0,JUNCTION_RIGHT,FATAL DEGRADATION,0.0,3,0
1771934364.273,7.8,0.0,45.0,JUNCTION_RIGHT,FATAL DEGRADATION,0.0,3,0
1771934364.371,7.4,0.0,45.0,JUNCTION_RIGHT,FATAL DEGRADATION,0.0,3,0
1771934364.582,8.2,0.0,45.0,JUNCTION_RIGHT,FATAL DEGRADATION,0.0,3,0
1771934364.694,7.2,0.0,45.0,JUNCTION_RIGHT,FATAL DEGRADATION,0.0,3,0
1771934364.83,7.7,0.0,45.0,JUNCTION_RIGHT,FATAL DEGRADATION,0.0,3,0
1771934364.939,7.6,0.0,45.0,JUNCTION_RIGHT,FATAL DEGRADATION,0.0,3,0
1771934365.096,8.1,0.0,45.0,JUNCTION_RIGHT,FATAL DEGRADATION,0.0,3,0
1771934365.217,7.5,0.0,45.0,JUNCTION_RIGHT,FATAL DEGRADATION,0.0,3,0
1771934365.386,7.8,0.0,45.0,JUNCTION_RIGHT,FATAL DEGRADATION,0.0,3,0
1771934365.486,7.2,0.0,45.0,JUNCTION_RIGHT,FATAL DEGRADATION,0.0,3,0
1771934365.64,8.1,0.0,45.0,JUNCTION_RIGHT,FATAL DEGRADATION,0.0,3,0
1771934365.762,7.6,0.0,45.0,JUNCTION_RIGHT,FATAL DEGRADATION,0.0,3,0
1771934365.915,7.8,0.0,45.0,JUNCTION_RIGHT,FATAL DEGRADATION,0.0,3,0
1771934366.016,7.4,0.0,45.0,JUNCTION_RIGHT,FATAL DEGRADATION,0.0,3,0
1771934366.175,8.2,0.0,45.0,JUNCTION_RIGHT,FATAL DEGRADATION,0.0,3,0
1771934366.276,7.6,0.0,45.0,JUNCTION_RIGHT,FATAL DEGRADATION,0.0,3,0
1771934366.441,8.3,0.0,45.0,JUNCTION_RIGHT,FATAL DEGRADATION,0.0,3,0
1771934366.552,7.6,0.0,45.0,JUNCTION_RIGHT,FATAL DEGRADATION,0.0,3,0
1771934366.726,8.0,0.0,45.0,JUNCTION_RIGHT,FATAL DEGRADATION,0.0,3,0
1771934366.908,7.3,0.0,45.0,JUNCTION_RIGHT,FATAL DEGRADATION,0.0,3,0
1771934367.379,6.8,0.0,45.0,JUNCTION_RIGHT,FATAL DEGRADATION,0.0,3,0
1771934367.679,5.4,0.0,45.0,JUNCTION_RIGHT,FATAL DEGRADATION,0.0,3,0
1771934367.867,4.7,0.0,45.0,JUNCTION_RIGHT,FATAL DEGRADATION,0.0,3,0
1771934367.968,5.0,0.0,45.0,JUNCTION_RIGHT,FATAL DEGRADATION,0.0,3,0
1771934368.122,6.5,0.0,45.0,JUNCTION_RIGHT,FATAL DEGRADATION,0.0,3,0
1771934368.21,6.5,0.0,45.0,JUNCTION_RIGHT,FATAL DEGRADATION,0.0,3,0
1771934368.367,7.9,0.0,45.0,JUNCTION_RIGHT,FATAL DEGRADATION,0.0,3,0
1771934368.5,7.4,0.0,45.0,JUNCTION_RIGHT,FATAL DEGRADATION,0.0,3,0
1771934368.656,7.6,0.0,45.0,JUNCTION_RIGHT,FATAL DEGRADATION,0.0,3,0
1771934368.774,7.2,0.0,45.0,JUNCTION_RIGHT,FATAL DEGRADATION,0.0,3,0
1771934368.947,7.6,0.0,45.0,JUNCTION_RIGHT,FATAL DEGRADATION,0.0,3,0
1771934369.062,7.0,0.0,45.0,JUNCTION_RIGHT,FATAL DEGRADATION,0.0,3,0
1771934369.208,7.5,0.0,45.0,JUNCTION_RIGHT,FATAL DEGRADATION,0.0,3,0
1771934369.303,7.3,0.0,45.0,JUNCTION_RIGHT,FATAL DEGRADATION,0.0,3,0
1771934369.465,8.2,0.0,45.0,JUNCTION_RIGHT,FATAL DEGRADATION,0.0,3,0
1771934369.577,7.6,0.0,45.0,JUNCTION_RIGHT,FATAL DEGRADATION,0.0,3,0
1771934369.723,8.1,0.0,45.0,JUNCTION_RIGHT,FATAL DEGRADATION,0.0,3,0
1771934369.819,7.7,0.0,45.0,JUNCTION_RIGHT,FATAL DEGRADATION,0.0,3,0
1771934369.979,8.5,0.0,45.0,JUNCTION_RIGHT,FATAL DEGRADATION,0.0,3,0
1771934370.081,7.8,0.0,45.0,JUNCTION_RIGHT,FATAL DEGRADATION,0.0,3,0
1771934370.243,8.5,0.0,45.0,JUNCTION_RIGHT,FATAL DEGRADATION,0.0,3,0
1771934370.335,7.7,0.0,45.0,JUNCTION_RIGHT,FATAL DEGRADATION,0.0,3,0
1771934370.5,8.7,0.0,45.0,JUNCTION_RIGHT,FATAL DEGRADATION,0.0,3,0
1771934370.598,7.9,0.0,45.0,JUNCTION_RIGHT,FATAL DEGRADATION,0.0,3,0
1771934370.758,8.5,0.0,45.0,JUNCTION_RIGHT,FATAL DEGRADATION,0.0,3,0
1771934370.837,7.9,0.0,45.0,JUNCTION_RIGHT,FATAL DEGRADATION,0.0,3,0
1771934370.989,9.4,0.0,45.0,JUNCTION_RIGHT,FATAL DEGRADATION,0.0,3,0
1771934371.091,8.5,0.0,45.0,JUNCTION_RIGHT,FATAL DEGRADATION,0.0,3,0
1771934371.25,9.0,0.0,45.0,JUNCTION_RIGHT,FATAL DEGRADATION,0.0,3,0
1771934371.356,8.2,0.0,45.0,JUNCTION_RIGHT,FATAL DEGRADATION,0.0,3,0
1771934371.516,8.6,0.0,45.0,JUNCTION_RIGHT,FATAL DEGRADATION,0.0,3,0
1771934371.618,7.9,0.0,45.0,JUNCTION_RIGHT,FATAL DEGRADATION,0.0,3,0
1771934371.797,8.5,0.0,45.0,JUNCTION_RIGHT,FATAL DEGRADATION,0.0,3,0
1771934371.888,7.6,0.0,45.0,JUNCTION_RIGHT,FATAL DEGRADATION,0.0,3,0
1771934372.043,8.7,0.0,45.0,JUNCTION_RIGHT,FATAL DEGRADATION,0.0,3,0
1771934372.15,8.0,0.0,45.0,JUNCTION_RIGHT,FATAL DEGRADATION,0.0,3,0
1771934372.308,8.3,0.0,45.0,JUNCTION_RIGHT,FATAL DEGRADATION,0.0,3,0
1771934372.422,7.8,0.0,45.0,JUNCTION_RIGHT,FATAL DEGRADATION,0.0,3,0
1771934372.596,8.1,0.0,45.0,JUNCTION_RIGHT,FATAL DEGRADATION,0.0,3,0
1771934372.699,7.4,0.0,45.0,JUNCTION_RIGHT,FATAL DEGRADATION,0.0,3,0
1771934372.856,8.1,0.0,45.0,JUNCTION_RIGHT,FATAL DEGRADATION,0.0,3,0
1771934372.956,7.6,0.0,45.0,JUNCTION_RIGHT,FATAL DEGRADATION,0.0,3,0
1771934373.146,8.3,0.0,45.0,JUNCTION_RIGHT,FATAL DEGRADATION,0.0,3,0
1771934373.232,7.4,0.0,45.0,JUNCTION_RIGHT,FATAL DEGRADATION,0.0,3,0
1771934373.41,8.7,0.0,45.0,JUNCTION_RIGHT,FATAL DEGRADATION,0.0,3,0
1771934373.522,7.8,0.0,45.0,JUNCTION_RIGHT,FATAL DEGRADATION,0.0,3,0
1771934373.706,8.1,0.0,45.0,JUNCTION_RIGHT,FATAL DEGRADATION,0.0,3,0
1771934373.802,7.3,0.0,45.0,JUNCTION_RIGHT,FATAL DEGRADATION,0.0,3,0
1771934373.954,8.3,0.0,45.0,JUNCTION_RIGHT,FATAL DEGRADATION,0.0,3,0
1771934374.057,7.7,0.0,45.0,JUNCTION_RIGHT,FATAL DEGRADATION,0.0,3,0
1771934374.197,8.3,0.0,45.0,JUNCTION_RIGHT,FATAL DEGRADATION,0.0,3,0
1771934374.289,8.0,0.0,45.0,JUNCTION_RIGHT,FATAL DEGRADATION,0.0,3,0
1771934374.445,8.9,0.0,45.0,JUNCTION_RIGHT,FATAL DEGRADATION,0.0,3,0
1771934374.556,8.1,0.0,45.0,JUNCTION_RIGHT,FATAL DEGRADATION,0.0,3,0
1771934374.714,8.4,0.0,45.0,JUNCTION_RIGHT,FATAL DEGRADATION,0.0,3,0
1771934374.813,7.8,0.0,45.0,JUNCTION_RIGHT,FATAL DEGRADATION,0.0,3,0
1771934374.97,8.5,0.0,45.0,JUNCTION_RIGHT,FATAL DEGRADATION,0.0,3,0
1771934375.072,7.8,0.0,45.0,JUNCTION_RIGHT,FATAL DEGRADATION,0.0,3,0
1771934375.238,8.4,0.0,45.0,JUNCTION_RIGHT,FATAL DEGRADATION,0.0,3,0
1771934375.349,7.7,0.0,45.0,JUNCTION_RIGHT,FATAL DEGRADATION,0.0,3,0
1771934375.504,8.1,0.0,45.0,JUNCTION_RIGHT,FATAL DEGRADATION,0.0,3,0
1771934375.627,7.6,0.0,45.0,JUNCTION_RIGHT,FATAL DEGRADATION,0.0,3,0
1771934375.811,7.7,0.0,45.0,JUNCTION_RIGHT,FATAL DEGRADATION,0.0,3,0
1771934375.934,7.1,0.0,45.0,JUNCTION_RIGHT,FATAL DEGRADATION,0.0,3,0
1771934376.157,7.4,0.0,45.0,JUNCTION_RIGHT,FATAL DEGRADATION,0.0,3,0
1771934376.306,6.5,0.0,45.0,JUNCTION_RIGHT,FATAL DEGRADATION,0.0,3,0
1771934376.481,6.6,0.0,45.0,JUNCTION_RIGHT,FATAL DEGRADATION,0.0,3,0
1771934376.581,6.3,0.0,45.0,JUNCTION_RIGHT,FATAL DEGRADATION,0.0,3,0
1771934376.751,7.4,0.0,45.0,JUNCTION_RIGHT,FATAL DEGRADATION,0.0,3,0
1771934376.858,6.9,0.0,45.0,JUNCTION_RIGHT,FATAL DEGRADATION,0.0,3,0
1771934377.003,7.7,0.0,45.0,JUNCTION_RIGHT,FATAL DEGRADATION,0.0,3,0
1771934377.116,7.4,0.0,45.0,JUNCTION_RIGHT,FATAL DEGRADATION,0.0,3,0
1771934377.28,7.8,0.0,45.0,JUNCTION_RIGHT,FATAL DEGRADATION,0.0,3,0
1771934377.376,7.3,0.0,45.0,JUNCTION_RIGHT,FATAL DEGRADATION,0.0,3,0
1771934377.535,8.2,0.0,45.0,JUNCTION_RIGHT,FATAL DEGRADATION,0.0,3,0
1771934377.636,7.6,0.0,45.0,JUNCTION_RIGHT,FATAL DEGRADATION,0.0,3,0
1771934377.819,8.3,0.0,45.0,JUNCTION_RIGHT,FATAL DEGRADATION,0.0,3,0
1771934377.93,7.5,0.0,45.0,JUNCTION_RIGHT,FATAL DEGRADATION,0.0,3,0
1771934378.114,7.7,0.0,45.0,JUNCTION_RIGHT,FATAL DEGRADATION,0.0,3,0
1771934378.205,7.1,0.0,45.0,JUNCTION_RIGHT,FATAL DEGRADATION,0.0,3,0
1771934378.369,8.3,0.0,45.0,JUNCTION_RIGHT,FATAL DEGRADATION,0.0,3,0
1771934378.48,7.6,0.0,45.0,JUNCTION_RIGHT,FATAL DEGRADATION,0.0,3,0
1771934378.636,8.1,0.0,45.0,JUNCTION_RIGHT,FATAL DEGRADATION,0.0,3,0
1771934378.745,7.6,0.0,45.0,JUNCTION_RIGHT,FATAL DEGRADATION,0.0,3,0
1771934378.915,8.1,0.0,45.0,JUNCTION_RIGHT,FATAL DEGRADATION,0.0,3,0
1771934379.017,7.4,0.0,45.0,JUNCTION_RIGHT,FATAL DEGRADATION,0.0,3,0
1771934379.151,8.2,0.0,45.0,JUNCTION_RIGHT,FATAL DEGRADATION,0.0,3,0
1771934379.259,7.9,0.0,45.0,JUNCTION_RIGHT,FATAL DEGRADATION,0.0,3,0
1771934379.416,8.3,0.0,45.0,JUNCTION_RIGHT,FATAL DEGRADATION,0.0,3,0
1771934379.516,7.7,0.0,45.0,JUNCTION_RIGHT,FATAL DEGRADATION,0.0,3,0
1771934379.677,8.5,0.0,45.0,JUNCTION_RIGHT,FATAL DEGRADATION,0.0,3,0
1771934379.78,7.8,0.0,45.0,JUNCTION_RIGHT,FATAL DEGRADATION,0.0,3,0
1771934379.947,8.4,0.0,45.0,JUNCTION_RIGHT,FATAL DEGRADATION,0.0,3,0
1771934380.039,7.7,0.0,45.0,JUNCTION_RIGHT,FATAL DEGRADATION,0.0,3,0
1771934380.193,8.6,0.0,45.0,JUNCTION_RIGHT,FATAL DEGRADATION,0.0,3,0
1771934380.297,7.9,0.0,45.0,JUNCTION_RIGHT,FATAL DEGRADATION,0.0,3,0
1771934380.454,8.5,0.0,45.0,JUNCTION_RIGHT,FATAL DEGRADATION,0.0,3,0
1771934380.559,7.9,0.0,45.0,JUNCTION_RIGHT,FATAL DEGRADATION,0.0,3,0
1771934380.714,8.4,0.0,45.0,JUNCTION_RIGHT,FATAL DEGRADATION,0.0,3,0
1771934380.814,7.8,0.0,45.0,JUNCTION_RIGHT,FATAL DEGRADATION,0.0,3,0
1771934380.974,8.5,0.0,45.0,JUNCTION_RIGHT,FATAL DEGRADATION,0.0,3,0
1771934381.075,7.8,0.0,45.0,JUNCTION_RIGHT,FATAL DEGRADATION,0.0,3,0
1771934381.232,8.4,0.0,45.0,JUNCTION_RIGHT,FATAL DEGRADATION,0.0,3,0
1771934381.338,7.8,0.0,45.0,JUNCTION_RIGHT,FATAL DEGRADATION,0.0,3,0
1771934381.49,8.3,0.0,45.0,JUNCTION_RIGHT,FATAL DEGRADATION,0.0,3,0
1771934381.596,7.8,0.0,45.0,JUNCTION_RIGHT,FATAL DEGRADATION,0.0,3,0
1771934381.749,8.3,0.0,45.0,JUNCTION_RIGHT,FATAL DEGRADATION,0.0,3,0
1771934381.842,7.8,0.0,45.0,JUNCTION_RIGHT,FATAL DEGRADATION,0.0,3,0
1771934382.027,8.7,0.0,45.0,JUNCTION_RIGHT,FATAL DEGRADATION,0.0,3,0
1771934382.128,7.7,0.0,45.0,JUNCTION_RIGHT,FATAL DEGRADATION,0.0,3,0
1771934382.283,8.5,0.0,45.0,JUNCTION_RIGHT,FATAL DEGRADATION,0.0,3,0
1771934382.372,7.9,0.0,45.0,JUNCTION_RIGHT,FATAL DEGRADATION,0.0,3,0
1771934382.528,8.9,0.0,45.0,JUNCTION_RIGHT,FATAL DEGRADATION,0.0,3,0
1771934382.631,8.1,0.0,45.0,JUNCTION_RIGHT,FATAL DEGRADATION,0.0,3,0
1771934382.805,8.6,0.0,45.0,JUNCTION_RIGHT,FATAL DEGRADATION,0.0,3,0
1771934382.904,7.7,0.0,45.0,JUNCTION_RIGHT,FATAL DEGRADATION,0.0,3,0
1771934383.084,8.5,0.0,45.0,JUNCTION_RIGHT,FATAL DEGRADATION,0.0,3,0
1771934383.179,7.6,0.0,45.0,JUNCTION_RIGHT,FATAL DEGRADATION,0.0,3,0
1771934383.339,8.5,0.0,45.0,JUNCTION_RIGHT,FATAL DEGRADATION,0.0,3,0
1771934383.439,7.8,0.0,45.0,JUNCTION_RIGHT,FATAL DEGRADATION,0.0,3,0
1771934383.597,8.4,0.0,45.0,JUNCTION_RIGHT,FATAL DEGRADATION,0.0,3,0
1771934383.699,7.8,0.0,45.0,JUNCTION_RIGHT,FATAL DEGRADATION,0.0,3,0
1771934383.855,8.4,0.0,45.0,JUNCTION_RIGHT,FATAL DEGRADATION,0.0,3,0
1771934383.956,7.8,0.0,45.0,JUNCTION_RIGHT,FATAL DEGRADATION,0.0,3,0
1771934384.123,8.5,0.0,45.0,JUNCTION_RIGHT,FATAL DEGRADATION,0.0,3,0
1771934384.215,7.7,0.0,45.0,JUNCTION_RIGHT,FATAL DEGRADATION,0.0,3,0
1771934384.432,8.7,0.0,45.0,JUNCTION_RIGHT,FATAL DEGRADATION,0.0,3,0
1771934384.569,7.4,0.0,45.0,JUNCTION_RIGHT,FATAL DEGRADATION,0.0,3,0
1771934384.776,7.4,0.0,45.0,JUNCTION_RIGHT,FATAL DEGRADATION,0.0,3,0
1771934384.892,6.6,0.0,45.0,JUNCTION_RIGHT,FATAL DEGRADATION,0.0,3,0
1771934385.047,7.2,0.0,45.0,JUNCTION_RIGHT,FATAL DEGRADATION,0.0,3,0
1771934385.137,7.0,0.0,45.0,JUNCTION_RIGHT,FATAL DEGRADATION,0.0,3,0
1771934385.309,8.2,0.0,45.0,JUNCTION_RIGHT,FATAL DEGRADATION,0.0,3,0
1771934385.411,7.5,0.0,45.0,JUNCTION_RIGHT,FATAL DEGRADATION,0.0,3,0
1771934385.559,8.2,0.0,45.0,JUNCTION_RIGHT,FATAL DEGRADATION,0.0,3,0
1771934385.657,7.7,0.0,45.0,JUNCTION_RIGHT,FATAL DEGRADATION,0.0,3,0
1771934385.808,8.5,0.0,45.0,JUNCTION_RIGHT,FATAL DEGRADATION,0.0,3,0
1771934385.896,7.9,0.0,45.0,JUNCTION_RIGHT,FATAL DEGRADATION,0.0,3,0
1771934386.052,9.0,0.0,45.0,JUNCTION_RIGHT,FATAL DEGRADATION,0.0,3,0
1771934386.139,8.2,0.0,45.0,JUNCTION_RIGHT,FATAL DEGRADATION,0.0,3,0
1771934386.3,9.2,0.0,45.0,JUNCTION_RIGHT,FATAL DEGRADATION,0.0,3,0
1771934386.397,8.3,0.0,45.0,JUNCTION_RIGHT,FATAL DEGRADATION,0.0,3,0
1771934386.556,8.9,0.0,45.0,JUNCTION_RIGHT,FATAL DEGRADATION,0.0,3,0
1771934386.662,8.1,0.0,45.0,JUNCTION_RIGHT,FATAL DEGRADATION,0.0,3,0
1771934386.821,8.5,0.0,45.0,JUNCTION_RIGHT,FATAL DEGRADATION,0.0,3,0
1771934386.918,7.8,0.0,45.0,JUNCTION_RIGHT,FATAL DEGRADATION,0.0,3,0
1771934387.077,8.6,0.0,45.0,JUNCTION_RIGHT,FATAL DEGRADATION,0.0,3,0
1771934387.176,7.9,0.0,45.0,JUNCTION_RIGHT,FATAL DEGRADATION,0.0,3,0
1771934387.349,8.6,0.0,45.0,JUNCTION_RIGHT,FATAL DEGRADATION,0.0,3,0
1771934387.452,7.7,0.0,45.0,JUNCTION_RIGHT,FATAL DEGRADATION,0.0,3,0
1771934387.621,8.3,0.0,45.0,JUNCTION_RIGHT,FATAL DEGRADATION,0.0,3,0
1771934387.73,7.6,0.0,45.0,JUNCTION_RIGHT,FATAL DEGRADATION,0.0,3,0
1771934387.898,8.1,0.0,45.0,JUNCTION_RIGHT,FATAL DEGRADATION,0.0,3,0
1771934388.004,7.4,0.0,45.0,JUNCTION_RIGHT,FATAL DEGRADATION,0.0,3,0
1771934388.175,8.0,0.0,45.0,JUNCTION_RIGHT,FATAL DEGRADATION,0.0,3,0
1771934388.276,7.4,0.0,45.0,JUNCTION_RIGHT,FATAL DEGRADATION,0.0,3,0
1771934388.434,8.2,0.0,45.0,JUNCTION_RIGHT,FATAL DEGRADATION,0.0,3,0
1771934388.52,7.6,0.0,45.0,JUNCTION_RIGHT,FATAL DEGRADATION,0.0,3,0
1771934388.66,8.8,0.0,45.0,JUNCTION_RIGHT,FATAL DEGRADATION,0.0,3,0
1771934388.756,8.3,0.0,45.0,JUNCTION_RIGHT,FATAL DEGRADATION,0.0,3,0
1771934388.904,8.9,0.0,45.0,JUNCTION_RIGHT,FATAL DEGRADATION,0.0,3,0
1771934388.995,8.3,0.0,45.0,JUNCTION_RIGHT,FATAL DEGRADATION,0.0,3,0
1771934389.13,9.2,0.0,45.0,JUNCTION_RIGHT,FATAL DEGRADATION,0.0,3,0
1771934389.223,8.6,0.0,45.0,JUNCTION_RIGHT,FATAL DEGRADATION,0.0,3,0
1771934389.38,9.2,0.0,45.0,JUNCTION_RIGHT,FATAL DEGRADATION,0.0,3,0
1771934389.484,8.4,0.0,45.0,JUNCTION_RIGHT,FATAL DEGRADATION,0.0,3,0
1771934389.636,8.8,0.0,45.0,JUNCTION_RIGHT,FATAL DEGRADATION,0.0,3,0
1771934389.731,8.1,0.0,45.0,JUNCTION_RIGHT,FATAL DEGRADATION,0.0,3,0
1771934389.888,8.8,0.0,45.0,JUNCTION_RIGHT,FATAL DEGRADATION,0.0,3,0
1771934389.99,8.1,0.0,45.0,JUNCTION_RIGHT,FATAL DEGRADATION,0.0,3,0
1771934390.145,8.6,0.0,45.0,JUNCTION_RIGHT,FATAL DEGRADATION,0.0,3,0
1771934390.233,7.9,0.0,45.0,JUNCTION_RIGHT,FATAL DEGRADATION,0.0,3,0
1771934390.39,9.0,0.0,45.0,JUNCTION_RIGHT,FATAL DEGRADATION,0.0,3,0
1771934390.479,8.2,0.0,45.0,JUNCTION_RIGHT,FATAL DEGRADATION,0.0,3,0
1771934390.654,9.1,0.0,45.0,JUNCTION_RIGHT,FATAL DEGRADATION,0.0,3,0
1771934390.756,8.1,0.0,45.0,JUNCTION_RIGHT,FATAL DEGRADATION,0.0,3,0
1771934390.913,8.6,0.0,45.0,JUNCTION_RIGHT,FATAL DEGRADATION,0.0,3,0
1771934391.081,7.9,0.0,45.0,JUNCTION_RIGHT,FATAL DEGRADATION,0.0,3,0
1771934391.316,7.3,0.0,45.0,JUNCTION_RIGHT,FATAL DEGRADATION,0.0,3,0
1771934391.513,6.4,0.0,45.0,JUNCTION_RIGHT,FATAL DEGRADATION,0.0,3,0
1771934391.669,6.0,0.0,45.0,JUNCTION_RIGHT,FATAL DEGRADATION,0.0,3,0
1771934391.758,6.1,0.0,45.0,JUNCTION_RIGHT,FATAL DEGRADATION,0.0,3,0
1771934391.918,7.7,0.0,45.0,JUNCTION_RIGHT,FATAL DEGRADATION,0.0,3,0
1771934392.02,7.3,0.0,45.0,JUNCTION_RIGHT,FATAL DEGRADATION,0.0,3,0
1771934392.197,8.0,0.0,45.0,JUNCTION_RIGHT,FATAL DEGRADATION,0.0,3,0
1771934392.286,7.3,0.0,45.0,JUNCTION_RIGHT,FATAL DEGRADATION,0.0,3,0
1771934392.462,8.5,0.0,45.0,JUNCTION_RIGHT,FATAL DEGRADATION,0.0,3,0
1771934392.554,7.7,0.0,45.0,JUNCTION_RIGHT,FATAL DEGRADATION,0.0,3,0
1771934392.713,8.7,0.0,45.0,JUNCTION_RIGHT,FATAL DEGRADATION,0.0,3,0
1771934392.814,7.9,0.0,45.0,JUNCTION_RIGHT,FATAL DEGRADATION,0.0,3,0
1771934393.023,8.5,0.0,45.0,JUNCTION_RIGHT,FATAL DEGRADATION,0.0,3,0
1771934393.181,7.4,0.0,45.0,JUNCTION_RIGHT,FATAL DEGRADATION,0.0,3,0
1771934393.337,7.1,0.0,45.0,JUNCTION_RIGHT,FATAL DEGRADATION,0.0,3,0
1771934393.619,6.9,0.0,45.0,JUNCTION_RIGHT,FATAL DEGRADATION,0.0,3,0
1771934393.933,5.9,0.0,45.0,JUNCTION_RIGHT,FATAL DEGRADATION,0.0,3,0
1771934393.996,5.1,0.0,45.0,JUNCTION_RIGHT,FATAL DEGRADATION,0.0,3,0
1771934394.161,8.3,0.0,45.0,JUNCTION_RIGHT,FATAL DEGRADATION,0.0,3,0
1771934394.195,7.6,0.0,45.0,JUNCTION_RIGHT,FATAL DEGRADATION,0.0,3,0
1771934394.261,14.6,0.0,45.0,JUNCTION_RIGHT,FATAL DEGRADATION,0.0,3,0
1771934394.318,14.7,0.0,45.0,JUNCTION_RIGHT,FATAL DEGRADATION,0.0,3,0
1771934394.37,15.5,0.0,45.0,JUNCTION_RIGHT,FATAL DEGRADATION,0.0,3,0
1771934394.416,16.7,0.0,45.0,JUNCTION_RIGHT,FATAL DEGRADATION,0.0,3,0
1771934394.476,18.1,0.0,45.0,JUNCTION_RIGHT,FATAL DEGRADATION,0.0,3,0
1771934394.524,17.7,0.0,45.0,JUNCTION_RIGHT,FATAL DEGRADATION,0.0,3,0
1771934394.572,18.8,0.0,45.0,JUNCTION_RIGHT,FATAL DEGRADATION,0.0,3,0
1771934394.616,19.3,0.0,45.0,JUNCTION_RIGHT,FATAL DEGRADATION,0.0,3,0
1771934394.669,20.3,0.0,45.0,JUNCTION_RIGHT,FATAL DEGRADATION,0.0,3,0
1771934394.721,19.8,0.0,45.0,JUNCTION_RIGHT,FATAL DEGRADATION,0.0,3,0
1771934394.82,19.8,0.0,45.0,JUNCTION_RIGHT,FATAL DEGRADATION,0.0,3,0
1771934394.886,16.9,0.0,45.0,JUNCTION_RIGHT,FATAL DEGRADATION,0.0,3,0
1771934394.953,16.4,0.0,45.0,JUNCTION_RIGHT,FATAL DEGRADATION,0.0,3,0
1771934395.004,15.9,0.0,45.0,JUNCTION_RIGHT,FATAL DEGRADATION,0.0,3,0
1771934395.051,17.0,0.0,45.0,JUNCTION_RIGHT,FATAL DEGRADATION,0.0,3,0
1771934395.095,18.4,0.0,45.0,JUNCTION_RIGHT,FATAL DEGRADATION,0.0,3,0
1771934395.142,19.8,0.0,45.0,JUNCTION_RIGHT,FATAL DEGRADATION,0.0,3,0
1771934395.186,20.1,0.0,45.0,JUNCTION_RIGHT,FATAL DEGRADATION,0.0,3,0
1771934395.233,20.8,0.0,45.0,JUNCTION_RIGHT,FATAL DEGRADATION,0.0,3,0
1771934395.294,20.9,0.0,45.0,JUNCTION_RIGHT,FATAL DEGRADATION,0.0,3,0
1771934395.36,19.6,0.0,45.0,JUNCTION_RIGHT,FATAL DEGRADATION,0.0,3,0
1771934395.42,18.2,0.0,45.0,JUNCTION_RIGHT,FATAL DEGRADATION,0.0,3,0
1771934395.468,17.9,0.0,45.0,JUNCTION_RIGHT,FATAL DEGRADATION,0.0,3,0
1771934395.534,18.0,0.0,45.0,JUNCTION_RIGHT,FATAL DEGRADATION,0.0,3,0
1771934395.584,17.7,0.0,45.0,JUNCTION_RIGHT,FATAL DEGRADATION,0.0,3,0
1771934395.633,18.2,0.0,45.0,JUNCTION_RIGHT,FATAL DEGRADATION,0.0,3,0
1771934395.682,19.0,0.0,45.0,JUNCTION_RIGHT,FATAL DEGRADATION,0.0,3,0
1771934395.729,19.5,0.0,45.0,JUNCTION_RIGHT,FATAL DEGRADATION,0.0,3,0
1771934395.773,19.9,0.0,45.0,JUNCTION_RIGHT,FATAL DEGRADATION,0.0,3,0
1771934395.82,20.7,0.0,45.0,JUNCTION_RIGHT,FATAL DEGRADATION,0.0,3,0
