timestamp,fps,speed,steering,nav_state,traffic_state,curvature,degradation_level,estop
1771931365.078,0.0,0.0,0.0,NORMAL,FATAL DEGRADATION,0.0,3,0
1771931365.307,0.0,0.0,0.0,NORMAL,FATAL DEGRADATION,0.0,3,0
1771931365.46,1.3,0.0,0.0,NORMAL,FATAL DEGRADATION,0.0,3,0
1771931365.581,2.9,0.0,0.0,NORMAL,FATAL DEGRADATION,0.0,3,0
1771931365.777,4.5,0.0,0.0,JUNCTION_PROMPT,FATAL DEGRADATION,0.0,3,0
1771931365.912,4.7,0.0,0.0,JUNCTION_RIGHT,FATAL DEGRADATION,0.0,3,0
1771931366.104,5.5,0.0,0.0,JUNCTION_RIGHT,FATAL DEGRADATION,0.0,3,0
1771931366.223,5.4,0.0,0.0,JUNCTION_RIGHT,FATAL DEGRADATION,0.0,3,0
1771931366.38,6.3,0.0,0.0,JUNCTION_RIGHT,FATAL DEGRADATION,0.0,3,0
1771931366.52,6.3,0.0,0.0,JUNCTION_RIGHT,FATAL DEGRADATION,0.0,3,0
1771931366.743,6.6,0.0,0.0,JUNCTION_RIGHT,FATAL DEGRADATION,0.0,3,0
1771931366.875,5.9,0.0,0.0,JUNCTION_RIGHT,FATAL DEGRADATION,0.0,3,0
1771931367.021,6.4,0.0,0.0,JUNCTION_RIGHT,FATAL DEGRADATION,0.0,3,0
1771931367.12,6.6,0.0,0.0,JUNCTION_RIGHT,FATAL DEGRADATION,0.0,3,0
1771931367.294,7.6,0.0,0.0,JUNCTION_RIGHT,FATAL DEGRADATION,0.0,3,0
1771931367.387,7.0,0.0,0.0,JUNCTION_RIGHT,FATAL DEGRADATION,0.0,3,0
1771931367.612,8.2,0.0,0.0,JUNCTION_RIGHT,FATAL DEGRADATION,0.0,3,0
1771931367.801,7.1,0.0,0.0,JUNCTION_RIGHT,FATAL DEGRADATION,0.0,3,0
1771931368.071,6.5,0.0,0.0,JUNCTION_RIGHT,FATAL DEGRADATION,0.0,3,0
1771931368.286,5.6,0.0,0.0,JUNCTION_RIGHT,FATAL DEGRADATION,0.0,3,0
1771931368.5,5.4,0.0,45.0,JUNCTION_RIGHT,FATAL DEGRADATION,0.0,3,0
1771931368.638,5.2,0.0,45.0,JUNCTION_RIGHT,FATAL DEGRADATION,0.0,3,0
1771931368.837,5.8,0.0,45.0,JUNCTION_RIGHT,FATAL DEGRADATION,0.0,3,0
1771931368.952,5.6,0.0,45.0,JUNCTION_RIGHT,FATAL DEGRADATION,0.0,3,0
1771931369.152,6.5,0.0,45.0,JUNCTION_RIGHT,FATAL DEGRADATION,0.0,3,0
1771931369.307,6.1,0.0,45.0,JUNCTION_RIGHT,FATAL DEGRADATION,0.0,3,0
1771931369.578,6.1,0.0,45.0,JUNCTION_RIGHT,FATAL DEGRADATION,0.0,3,0
1771931369.758,5.4,0.0,45.0,JUNCTION_RIGHT,FATAL DEGRADATION,0.0,3,0
1771931370.076,5.5,0.0,45.0,JUNCTION_RIGHT,FATAL DEGRADATION,0.0,3,0
1771931370.23,4.8,0.0,45.0,JUNCTION_RIGHT,FATAL DEGRADATION,0.0,3,0
1771931370.438,5.3,0.0,45.0,JUNCTION_RIGHT,FATAL DEGRADATION,0.0,3,0
1771931370.558,5.1,0.0,45.0,JUNCTION_RIGHT,FATAL DEGRADATION,0.0,3,0
1771931370.775,6.1,0.0,45.0,JUNCTION_RIGHT,FATAL DEGRADATION,0.0,3,0
1771931370.899,5.7,0.0,45.0,JUNCTION_RIGHT,FATAL DEGRADATION,0.0,3,0
1771931371.153,6.4,0.0,45.0,JUNCTION_RIGHT,FATAL DEGRADATION,0.0,3,0
1771931371.289,5.6,0.0,45.0,JUNCTION_RIGHT,FATAL DEGRADATION,0.0,3,0
1771931371.512,6.2,0.0,45.0,JUNCTION_RIGHT,FATAL DEGRADATION,0.0,3,0
1771931371.707,5.7,0.0,45.0,JUNCTION_RIGHT,FATAL DEGRADATION,0.0,3,0
1771931371.922,5.5,0.0,45.0,JUNCTION_RIGHT,FATAL DEGRADATION,0.0,3,0
1771931372.044,5.2,0.0,45.0,JUNCTION_RIGHT,FATAL DEGRADATION,0.0,3,0
1771931372.258,6.1,0.0,45.0,JUNCTION_RIGHT,FATAL DEGRADATION,0.0,3,0
1771931372.368,5.7,0.0,45.0,JUNCTION_RIGHT,FATAL DEGRADATION,0.0,3,0
1771931372.54,6.7,0.0,45.0,JUNCTION_RIGHT,FATAL DEGRADATION,0.0,3,0
1771931372.732,6.4,0.0,45.0,JUNCTION_RIGHT,FATAL DEGRADATION,0.0,3,0
1771931373.006,6.1,0.0,45.0,JUNCTION_RIGHT,FATAL DEGRADATION,0.0,3,0
1771931373.128,5.3,0.0,45.0,JUNCTION_RIGHT,FATAL DEGRADATION,0.0,3,0
1771931373.319,6.2,0.0,45.0,JUNCTION_RIGHT,FATAL DEGRADATION,0.0,3,0
1771931373.43,5.9,0.0,45.0,JUNCTION_RIGHT,FATAL DEGRADATION,0.0,3,0
1771931373.629,6.9,0.0,45.0,JUNCTION_RIGHT,FATAL DEGRADATION,0.0,3,0
1771931373.778,6.3,0.0,45.0,JUNCTION_RIGHT,FATAL DEGRADATION,0.0,3,0
1771931373.985,6.4,0.0,45.0,JUNCTION_RIGHT,FATAL DEGRADATION,0.0,3,0
1771931374.122,6.0,0.0,45.0,JUNCTION_RIGHT,FATAL DEGRADATION,0.0,3,0
1771931374.377,6.3,0.0,45.0,JUNCTION_RIGHT,FATAL DEGRADATION,0.0,3,0
1771931374.517,5.6,0.0,45.0,JUNCTION_RIGHT,FATAL DEGRADATION,0.0,3,0
1771931374.743,6.0,0.0,45.0,JUNCTION_RIGHT,FATAL DEGRADATION,0.0,3,0
1771931374.875,5.6,0.0,45.0,JUNCTION_RIGHT,FATAL DEGRADATION,0.0,3,0
1771931375.076,6.1,0.0,45.0,JUNCTION_RIGHT,FATAL DEGRADATION,0.0,3,0
1771931375.225,5.8,0.0,45.0,JUNCTION_RIGHT,FATAL DEGRADATION,0.0,3,0
1771931375.505,6.1,0.0,45.0,JUNCTION_RIGHT,FATAL DEGRADATION,0.0,3,0
1771931375.787,5.3,0.0,45.0,JUNCTION_RIGHT,FATAL DEGRADATION,0.0,3,0
1771931376.599,4.8,0.0,45.0,JUNCTION_RIGHT,FATAL DEGRADATION,0.0,3,0
1771931377.058,3.7,0.0,45.0,JUNCTION_RIGHT,FATAL DEGRADATION,0.0,3,0
1771931377.401,3.3,0.0,45.0,JUNCTION_RIGHT,FATAL DEGRADATION,0.0,3,0
1771931377.655,3.2,0.0,45.0,JUNCTION_RIGHT,FATAL DEGRADATION,0.0,3,0
1771931377.931,3.3,0.0,45.0,JUNCTION_RIGHT,FATAL DEGRADATION,0.0,3,0
1771931378.077,3.5,0.0,45.0,JUNCTION_RIGHT,FATAL DEGRADATION,0.0,3,0
1771931378.393,4.5,0.0,45.0,JUNCTION_RIGHT,FATAL DEGRADATION,0.0,3,0
1771931378.576,4.1,0.0,45.0,JUNCTION_RIGHT,FATAL DEGRADATION,0.0,3,0
1771931378.849,4.5,0.0,45.0,JUNCTION_RIGHT,FATAL DEGRADATION,0.0,3,0
1771931379.168,4.2,0.0,45.0,JUNCTION_RIGHT,FATAL DEGRADATION,0.0,3,0
1771931379.551,3.9,0.0,45.0,JUNCTION_RIGHT,FATAL DEGRADATION,0.0,3,0
1771931380.072,3.5,0.0,45.0,JUNCTION_RIGHT,FATAL DEGRADATION,0.0,3,0
1771931380.348,3.0,0.0,45.0,JUNCTION_RIGHT,FATAL DEGRADATION,0.0,3,0
1771931380.548,3.2,0.0,45.0,JUNCTION_RIGHT,FATAL DEGRADATION,0.0,3,0
1771931380.875,3.8,0.0,45.0,JUNCTION_RIGHT,FATAL DEGRADATION,0.0,3,0
1771931381.043,3.6,0.0,45.0,JUNCTION_RIGHT,FATAL DEGRADATION,0.0,3,0
1771931381.347,4.2,0.0,45.0,JUNCTION_RIGHT,FATAL DEGRADATION,0.0,3,0
1771931381.505,4.0,0.0,45.0,JUNCTION_RIGHT,FATAL DEGRADATION,0.0,3,0
1771931381.861,4.7,0.0,45.0,JUNCTION_RIGHT,FATAL DEGRADATION,0.0,3,0
1771931382.066,4.1,0.0,45.0,JUNCTION_RIGHT,FATAL DEGRADATION,0.0,3,0
1771931382.394,4.4,0.0,45.0,JUNCTION_RIGHT,FATAL DEGRADATION,0.0,3,0
1771931382.614,4.0,0.0,45.0,JUNCTION_RIGHT,FATAL DEGRADATION,0.0,3,0
1771931382.94,4.1,0.0,45.0,JUNCTION_RIGHT,FATAL DEGRADATION,0.0,3,0
1771931383.189,3.8,0.0,45.0,JUNCTION_RIGHT,FATAL DEGRADATION,0.0,3,0
1771931383.443,3.9,0.0,45.0,JUNCTION_RIGHT,FATAL DEGRADATION,0.0,3,0
1771931383.686,3.9,0.0,45.0,JUNCTION_RIGHT,FATAL DEGRADATION,0.0,3,0
1771931384.039,4.0,0.0,45.0,JUNCTION_RIGHT,FATAL DEGRADATION,0.0,3,0
1771931384.307,3.6,0.0,45.0,JUNCTION_RIGHT,FATAL DEGRADATION,0.0,3,0
1771931384.825,3.7,0.0,45.0,JUNCTION_RIGHT,FATAL DEGRADATION,0.0,3,0
1771931385.105,3.1,0.0,45.0,JUNCTION_RIGHT,FATAL DEGRADATION,0.0,3,0
1771931385.493,3.2,0.0,45.0,JUNCTION_RIGHT,FATAL DEGRADATION,0.0,3,0
1771931385.721,3.1,0.0,45.0,JUNCTION_RIGHT,FATAL DEGRADATION,0.0,3,0
1771931385.997,3.5,0.0,45.0,JUNCTION_RIGHT,FATAL DEGRADATION,0.0,3,0
1771931386.191,3.5,0.0,45.0,JUNCTION_RIGHT,FATAL DEGRADATION,0.0,3,0
1771931386.534,4.0,0.0,45.0,JUNCTION_RIGHT,FATAL DEGRADATION,0.0,3,0
1771931386.756,3.7,0.0,45.0,JUNCTION_RIGHT,FATAL DEGRADATION,0.0,3,0
1771931386.986,3.9,0.0,45.0,JUNCTION_RIGHT,FATAL DEGRADATION,0.0,3,0
1771931387.15,4.1,0.0,45.0,JUNCTION_RIGHT,FATAL DEGRADATION,0.0,3,0
1771931387.387,4.6,0.0,45.0,JUNCTION_RIGHT,FATAL DEGRADATION,0.0,3,0
1771931387.525,4.5,0.0,45.0,JUNCTION_RIGHT,FATAL DEGRADATION,0.0,3,0
1771931387.901,5.4,0.0,45.0,JUNCTION_RIGHT,FATAL DEGRADATION,0.0,3,0
1771931388.259,4.6,0.0,45.0,JUNCTION_RIGHT,FATAL DEGRADATION,0.0,3,0
1771931388.506,4.0,0.0,45.0,JUNCTION_RIGHT,FATAL DEGRADATION,0.0,3,0
1771931388.75,4.0,0.0,45.0,JUNCTION_RIGHT,FATAL DEGRADATION,0.0,3,0
1771931389.062,4.0,0.0,45.0,JUNCTION_RIGHT,FATAL DEGRADATION,0.0,3,0
1771931389.324,3.8,0.0,45.0,JUNCTION_RIGHT,FATAL DEGRADATION,0.0,3,0
1771931389.727,3.8,0.0,45.0,JUNCTION_RIGHT,FATAL DEGRADATION,0.0,3,0
1771931390.041,3.4,0.0,45.0,JUNCTION_RIGHT,FATAL DEGRADATION,0.0,3,0
1771931390.503,3.3,0.0,45.0,JUNCTION_RIGHT,FATAL DEGRADATION,0.0,3,0
1771931390.741,3.0,0.0,45.0,JUNCTION_RIGHT,FATAL DEGRADATION,0.0,3,0
1771931391.04,3.3,0.0,45.0,JUNCTION_RIGHT,FATAL DEGRADATION,0.0,3,0
1771931391.268,3.4,0.0,45.0,JUNCTION_RIGHT,FATAL DEGRADATION,0.0,3,0
1771931391.634,3.7,0.0,45.0,JUNCTION_RIGHT,FATAL DEGRADATION,0.0,3,0
1771931391.85,3.4,0.0,45.0,JUNCTION_RIGHT,FATAL DEGRADATION,0.0,3,0
1771931392.263,3.7,0.0,45.0,JUNCTION_RIGHT,FATAL DEGRADATION,0.0,3,0
1771931392.461,3.3,0.0,45.0,JUNCTION_RIGHT,FATAL DEGRADATION,0.0,3,0
1771931392.874,3.9,0.0,45.0,JUNCTION_RIGHT,FATAL DEGRADATION,0.0,3,0
1771931393.118,3.4,0.0,45.0,JUNCTION_RIGHT,FATAL DEGRADATION,0.0,3,0
1771931393.447,3.6,0.0,45.0,JUNCTION_RIGHT,FATAL DEGRADATION,0.0,3,0
1771931393.707,3.5,0.0,45.0,JUNCTION_RIGHT,FATAL DEGRADATION,0.0,3,0
1771931394.037,3.6,0.0,45.0,JUNCTION_RIGHT,FATAL DEGRADATION,0.0,3,0
1771931394.213,3.4,0.0,45.0,JUNCTION_RIGHT,FATAL DEGRADATION,0.0,3,0
1771931394.479,4.1,0.0,45.0,JUNCTION_RIGHT,FATAL DEGRADATION,0.0,3,0
1771931394.72,4.0,0.0,45.0,JUNCTION_RIGHT,FATAL DEGRADATION,0.0,3,0
1771931395.047,4.1,0.0,45.0,JUNCTION_RIGHT,FATAL DEGRADATION,0.0,3,0
1771931395.253,3.7,0.0,45.0,JUNCTION_RIGHT,FATAL DEGRADATION,0.0,3,0
1771931395.517,4.1,0.0,45.0,JUNCTION_RIGHT,FATAL DEGRADATION,0.0,3,0
1771931395.703,4.0,0.0,45.0,JUNCTION_RIGHT,FATAL DEGRADATION,0.0,3,0
1771931395.945,4.4,0.0,45.0,JUNCTION_RIGHT,FATAL DEGRADATION,0.0,3,0
1771931396.103,4.3,0.0,45.0,JUNCTION_RIGHT,FATAL DEGRADATION,0.0,3,0
1771931396.344,4.9,0.0,45.0,JUNCTION_RIGHT,FATAL DEGRADATION,0.0,3,0
1771931396.484,4.7,0.0,45.0,JUNCTION_RIGHT,FATAL DEGRADATION,0.0,3,0
1771931396.841,5.4,0.0,45.0,JUNCTION_RIGHT,FATAL DEGRADATION,0.0,3,0
1771931396.98,4.6,0.0,45.0,JUNCTION_RIGHT,FATAL DEGRADATION,0.0,3,0
1771931397.2,5.4,0.0,45.0,JUNCTION_RIGHT,FATAL DEGRADATION,0.0,3,0
1771931397.358,5.1,0.0,45.0,JUNCTION_RIGHT,FATAL DEGRADATION,0.0,3,0
1771931397.537,5.5,0.0,45.0,JUNCTION_RIGHT,FATAL DEGRADATION,0.0,3,0
1771931397.651,5.5,0.0,45.0,JUNCTION_RIGHT,FATAL DEGRADATION,0.0,3,0
1771931397.919,6.4,0.0,45.0,JUNCTION_RIGHT,FATAL DEGRADATION,0.0,3,0
1771931398.051,5.6,0.0,45.0,JUNCTION_RIGHT,FATAL DEGRADATION,0.0,3,0
1771931398.268,6.2,0.0,45.0,JUNCTION_RIGHT,FATAL DEGRADATION,0.0,3,0
1771931398.411,5.7,0.0,45.0,JUNCTION_RIGHT,FATAL DEGRADATION,0.0,3,0
1771931398.655,6.1,0.0,45.0,JUNCTION_RIGHT,FATAL DEGRADATION,0.0,3,0
1771931398.801,5.5,0.0,45.0,JUNCTION_RIGHT,FATAL DEGRADATION,0.0,3,0
1771931399.102,5.9,0.0,45.0,JUNCTION_RIGHT,FATAL DEGRADATION,0.0,3,0
1771931399.247,5.1,0.0,45.0,JUNCTION_RIGHT,FATAL DEGRADATION,0.0,3,0
1771931399.495,5.7,0.0,45.0,JUNCTION_RIGHT,FATAL DEGRADATION,0.0,3,0
1771931399.767,5.2,0.0,45.0,JUNCTION_RIGHT,FATAL DEGRADATION,0.0,3,0
1771931400.573,4.7,0.0,45.0,JUNCTION_RIGHT,FATAL DEGRADATION,0.0,3,0
1771931400.818,3.7,0.0,45.0,JUNCTION_RIGHT,FATAL DEGRADATION,0.0,3,0
1771931401.05,3.8,0.0,45.0,JUNCTION_RIGHT,FATAL DEGRADATION,0.0,3,0
1771931401.254,4.0,0.0,45.0,JUNCTION_RIGHT,FATAL DEGRADATION,0.0,3,0
1771931401.533,4.2,0.0,45.0,JUNCTION_RIGHT,FATAL DEGRADATION,0.0,3,0
1771931401.727,4.0,0.0,45.0,JUNCTION_RIGHT,FATAL DEGRADATION,0.0,3,0
1771931402.011,4.4,0.0,45.0,JUNCTION_RIGHT,FATAL DEGRADATION,0.0,3,0
1771931402.274,4.1,0.0,45.0,JUNCTION_RIGHT,FATAL DEGRADATION,0.0,3,0
1771931402.513,4.0,0.0,45.0,JUNCTION_RIGHT,FATAL DEGRADATION,0.0,3,0
1771931402.687,4.1,0.0,45.0,JUNCTION_RIGHT,FATAL DEGRADATION,0.0,3,0
1771931403.081,4.1,0.0,45.0,JUNCTION_RIGHT,FATAL DEGRADATION,0.0,3,0
1771931403.928,3.8,0.0,45.0,JUNCTION_RIGHT,FATAL DEGRADATION,0.0,3,0
1771931404.474,3.0,0.0,45.0,JUNCTION_RIGHT,FATAL DEGRADATION,0.0,3,0
1771931404.661,2.6,0.0,45.0,JUNCTION_RIGHT,FATAL DEGRADATION,0.0,3,0
1771931405.069,3.4,0.0,45.0,JUNCTION_RIGHT,FATAL DEGRADATION,0.0,3,0
1771931405.499,3.1,0.0,45.0,JUNCTION_RIGHT,FATAL DEGRADATION,0.0,3,0
1771931405.876,2.9,0.0,45.0,JUNCTION_RIGHT,FATAL DEGRADATION,0.0,3,0
1771931406.184,2.8,0.0,45.0,JUNCTION_RIGHT,FATAL DEGRADATION,0.0,3,0
1771931406.49,2.9,0.0,45.0,JUNCTION_RIGHT,FATAL DEGRADATION,0.0,3,0
1771931406.807,3.0,0.0,45.0,JUNCTION_RIGHT,FATAL DEGRADATION,0.0,3,0
1771931407.069,3.1,0.0,45.0,JUNCTION_RIGHT,FATAL DEGRADATION,0.0,3,0
1771931407.412,3.3,0.0,45.0,JUNCTION_RIGHT,FATAL DEGRADATION,0.0,3,0
1771931407.663,3.2,0.0,45.0,JUNCTION_RIGHT,FATAL DEGRADATION,0.0,3,0
1771931408.182,3.4,0.0,45.0,JUNCTION_RIGHT,FATAL DEGRADATION,0.0,3,0
1771931408.574,3.0,0.0,45.0,JUNCTION_RIGHT,FATAL DEGRADATION,0.0,3,0
1771931408.765,2.8,0.0,45.0,JUNCTION_RIGHT,FATAL DEGRADATION,0.0,3,0
1771931408.987,3.6,0.0,45.0,JUNCTION_RIGHT,FATAL DEGRADATION,0.0,3,0
1771931409.124,3.8,0.0,45.0,JUNCTION_RIGHT,FATAL DEGRADATION,0.0,3,0
1771931409.38,4.7,0.0,45.0,JUNCTION_RIGHT,FATAL DEGRADATION,0.0,3,0
1771931409.528,4.5,0.0,45.0,JUNCTION_RIGHT,FATAL DEGRADATION,0.0,3,0
1771931409.656,5.2,0.0,45.0,JUNCTION_RIGHT,FATAL DEGRADATION,0.0,3,0
1771931409.727,5.9,0.0,45.0,JUNCTION_RIGHT,FATAL DEGRADATION,0.0,3,0
1771931409.856,8.5,0.0,45.0,JUNCTION_RIGHT,FATAL DEGRADATION,0.0,3,0
1771931409.931,8.3,0.0,45.0,JUNCTION_RIGHT,FATAL DEGRADATION,0.0,3,0
1771931410.055,9.8,0.0,45.0,JUNCTION_RIGHT,FATAL DEGRADATION,0.0,3,0
1771931410.107,9.3,0.0,45.0,JUNCTION_RIGHT,FATAL DEGRADATION,0.0,3,0
1771931410.19,12.3,0.0,45.0,JUNCTION_RIGHT,FATAL DEGRADATION,0.0,3,0
1771931410.286,12.2,0.0,45.0,JUNCTION_RIGHT,FATAL DEGRADATION,0.0,3,0
1771931410.384,11.7,0.0,45.0,JUNCTION_RIGHT,FATAL DEGRADATION,0.0,3,0
1771931410.445,11.2,0.0,45.0,JUNCTION_RIGHT,FATAL DEGRADATION,0.0,3,0
1771931410.554,12.8,0.0,45.0,JUNCTION_RIGHT,FATAL DEGRADATION,0.0,3,0
1771931410.619,11.7,0.0,45.0,JUNCTION_RIGHT,FATAL DEGRADATION,0.0,3,0
1771931410.695,12.9,0.0,45.0,JUNCTION_RIGHT,FATAL DEGRADATION,0.0,3,0
1771931410.787,12.9,0.0,45.0,JUNCTION_RIGHT,FATAL DEGRADATION,0.0,3,0
1771931410.881,12.3,0.0,45.0,JUNCTION_RIGHT,FATAL DEGRADATION,0.0,3,0
1771931410.95,11.8,0.0,45.0,JUNCTION_RIGHT,FATAL DEGRADATION,0.0,3,0
1771931411.078,12.6,0.0,45.0,JUNCTION_RIGHT,FATAL DEGRADATION,0.0,3,0
1771931411.147,11.2,0.0,45.0,JUNCTION_RIGHT,FATAL DEGRADATION,0.0,3,0
1771931411.242,12.2,0.0,45.0,JUNCTION_RIGHT,FATAL DEGRADATION,0.0,3,0
1771931411.29,11.7,0.0,45.0,JUNCTION_RIGHT,FATAL DEGRADATION,0.0,3,0
1771931411.401,14.5,0.0,45.0,JUNCTION_RIGHT,FATAL DEGRADATION,0.0,3,0
1771931411.516,12.9,0.0,45.0,JUNCTION_RIGHT,FATAL DEGRADATION,0.0,3,0
1771931411.632,11.6,0.0,45.0,JUNCTION_RIGHT,FATAL DEGRADATION,0.0,3,0
1771931411.732,10.7,0.0,45.0,JUNCTION_RIGHT,FATAL DEGRADATION,0.0,3,0
1771931411.812,10.5,0.0,45.0,JUNCTION_RIGHT,FATAL DEGRADATION,0.0,3,0
1771931411.859,11.1,0.0,45.0,JUNCTION_RIGHT,FATAL DEGRADATION,0.0,3,0
1771931411.93,14.1,0.0,45.0,JUNCTION_RIGHT,FATAL DEGRADATION,0.0,3,0
1771931412.045,14.1,0.0,45.0,JUNCTION_RIGHT,FATAL DEGRADATION,0.0,3,0
1771931412.156,12.5,0.0,45.0,JUNCTION_RIGHT,FATAL DEGRADATION,0.0,3,0
1771931412.23,11.4,0.0,45.0,JUNCTION_RIGHT,FATAL DEGRADATION,0.0,3,0
1771931412.382,12.1,0.0,45.0,JUNCTION_RIGHT,FATAL DEGRADATION,0.0,3,0
1771931412.447,10.5,0.0,45.0,JUNCTION_RIGHT,FATAL DEGRADATION,0.0,3,0
1771931412.534,11.9,0.0,45.0,JUNCTION_RIGHT,FATAL DEGRADATION,0.0,3,0
1771931412.61,11.8,0.0,45.0,JUNCTION_RIGHT,FATAL DEGRADATION,0.0,3,0
1771931412.723,12.1,0.0,45.0,JUNCTION_RIGHT,FATAL DEGRADATION,0.0,3,0
1771931412.777,11.1,0.0,45.0,JUNCTION_RIGHT,FATAL DEGRADATION,0.0,3,0
1771931412.88,13.4,0.0,45.0,JUNCTION_RIGHT,FATAL DEGRADATION,0.0,3,0
1771931412.999,12.3,0.0,45.0,JUNCTION_RIGHT,FATAL DEGRADATION,0.0,3,0
1771931413.1,11.1,0.0,45.0,JUNCTION_RIGHT,FATAL DEGRADATION,0.0,3,0
1771931413.173,10.8,0.0,45.0,JUNCTION_RIGHT,FATAL DEGRADATION,0.0,3,0
1771931413.263,11.6,0.0,45.0,JUNCTION_RIGHT,FATAL DEGRADATION,0.0,3,0
1771931413.332,11.5,0.0,45.0,JUNCTION_RIGHT,FATAL DEGRADATION,0.0,3,0
1771931413.424,12.4,0.0,45.0,JUNCTION_RIGHT,FATAL DEGRADATION,0.0,3,0
1771931413.479,11.9,0.0,45.0,JUNCTION_RIGHT,FATAL DEGRADATION,0.0,3,0
1771931413.579,13.8,0.0,45.0,JUNCTION_RIGHT,FATAL DEGRADATION,0.0,3,0
1771931413.674,12.7,0.0,45.0,JUNCTION_RIGHT,FATAL DEGRADATION,0.0,3,0
1771931413.774,12.0,0.0,45.0,JUNCTION_RIGHT,FATAL DEGRADATION,0.0,3,0
1771931413.833,11.4,0.0,45.0,JUNCTION_RIGHT,FATAL DEGRADATION,0.0,3,0
1771931413.909,13.1,0.0,45.0,JUNCTION_RIGHT,FATAL DEGRADATION,0.0,3,0
1771931413.991,13.2,0.0,45.0,JUNCTION_RIGHT,FATAL DEGRADATION,0.0,3,0
1771931414.079,12.9,0.0,45.0,JUNCTION_RIGHT,FATAL DEGRADATION,0.0,3,0
1771931414.166,12.4,0.0,45.0,JUNCTION_RIGHT,FATAL DEGRADATION,0.0,3,0
1771931414.272,12.1,0.0,45.0,JUNCTION_RIGHT,FATAL DEGRADATION,0.0,3,0
1771931414.338,11.3,0.0,45.0,JUNCTION_RIGHT,FATAL DEGRADATION,0.0,3,0
1771931414.444,12.5,0.0,45.0,JUNCTION_RIGHT,FATAL DEGRADATION,0.0,3,0
1771931414.516,11.5,0.0,45.0,JUNCTION_RIGHT,FATAL DEGRADATION,0.0,3,0
1771931414.636,12.3,0.0,45.0,JUNCTION_RIGHT,FATAL DEGRADATION,0.0,3,0
1771931414.714,11.1,0.0,45.0,JUNCTION_RIGHT,FATAL DEGRADATION,0.0,3,0
1771931414.807,11.7,0.0,45.0,JUNCTION_RIGHT,FATAL DEGRADATION,0.0,3,0
1771931414.858,11.4,0.0,45.0,JUNCTION_RIGHT,FATAL DEGRADATION,0.0,3,0
1771931414.937,14.0,0.0,45.0,JUNCTION_RIGHT,FATAL DEGRADATION,0.0,3,0
1771931415.021,13.6,0.0,45.0,JUNCTION_RIGHT,FATAL DEGRADATION,0.0,3,0
1771931415.107,13.1,0.0,45.0,JUNCTION_RIGHT,FATAL DEGRADATION,0.0,3,0
1771931415.19,12.6,0.0,45.0,JUNCTION_RIGHT,FATAL DEGRADATION,0.0,3,0
1771931415.27,12.5,0.0,45.0,JUNCTION_RIGHT,FATAL DEGRADATION,0.0,3,0
1771931415.354,12.5,0.0,45.0,JUNCTION_RIGHT,FATAL DEGRADATION,0.0,3,0
1771931415.424,12.3,0.0,45.0,JUNCTION_RIGHT,FATAL DEGRADATION,0.0,3,0
1771931415.508,12.9,0.0,45.0,JUNCTION_RIGHT,FATAL DEGRADATION,0.0,3,0
1771931415.589,12.6,0.0,45.0,JUNCTION_RIGHT,FATAL DEGRADATION,0.0,3,0
1771931415.674,12.5,0.0,45.0,JUNCTION_RIGHT,FATAL DEGRADATION,0.0,3,0
1771931415.756,12.3,0.0,45.0,JUNCTION_RIGHT,FATAL DEGRADATION,0.0,3,0
1771931415.843,12.2,0.0,45.0,JUNCTION_RIGHT,FATAL DEGRADATION,0.0,3,0
1771931415.924,12.0,0.0,45.0,JUNCTION_RIGHT,FATAL DEGRADATION,0.0,3,0
1771931415.994,12.1,0.0,45.0,JUNCTION_RIGHT,FATAL DEGRADATION,0.0,3,0
1771931416.077,12.7,0.0,45.0,JUNCTION_RIGHT,FATAL DEGRADATION,0.0,3,0
1771931416.158,12.6,0.0,45.0,JUNCTION_RIGHT,FATAL DEGRADATION,0.0,3,0
1771931416.251,12.5,0.0,45.0,JUNCTION_RIGHT,FATAL DEGRADATION,0.0,3,0
1771931416.306,12.0,0.0,45.0,JUNCTION_RIGHT,FATAL DEGRADATION,0.0,3,0
1771931416.434,13.8,0.0,45.0,JUNCTION_RIGHT,FATAL DEGRADATION,0.0,3,0
1771931416.509,12.0,0.0,45.0,JUNCTION_RIGHT,FATAL DEGRADATION,0.0,3,0
1771931416.629,12.3,0.0,45.0,JUNCTION_RIGHT,FATAL DEGRADATION,0.0,3,0
1771931416.695,11.1,0.0,45.0,JUNCTION_RIGHT,FATAL DEGRADATION,0.0,3,0
1771931416.79,12.4,0.0,45.0,JUNCTION_RIGHT,FATAL DEGRADATION,0.0,3,0
1771931416.844,11.9,0.0,45.0,JUNCTION_RIGHT,FATAL DEGRADATION,0.0,3,0
1771931416.958,13.8,0.0,45.0,JUNCTION_RIGHT,FATAL DEGRADATION,0.0,3,0
1771931417.078,12.3,0.0,45.0,JUNCTION_RIGHT,FATAL DEGRADATION,0.0,3,0
1771931417.185,11.1,0.0,45.0,JUNCTION_RIGHT,FATAL DEGRADATION,0.0,3,0
1771931417.227,10.6,0.0,45.0,JUNCTION_RIGHT,FATAL DEGRADATION,0.0,3,0
1771931417.337,14.3,0.0,45.0,JUNCTION_RIGHT,FATAL DEGRADATION,0.0,3,0
1771931417.431,12.8,0.0,45.0,JUNCTION_RIGHT,FATAL DEGRADATION,0.0,3,0
1771931417.515,12.1,0.0,45.0,JUNCTION_RIGHT,FATAL DEGRADATION,0.0,3,0
1771931417.635,12.0,0.0,45.0,JUNCTION_RIGHT,FATAL DEGRADATION,0.0,3,0
1771931417.728,10.9,0.0,45.0,JUNCTION_RIGHT,FATAL DEGRADATION,0.0,3,0
1771931417.782,10.9,0.0,45.0,JUNCTION_RIGHT,FATAL DEGRADATION,0.0,3,0
1771931417.884,13.3,0.0,45.0,JUNCTION_RIGHT,FATAL DEGRADATION,0.0,3,0
1771931417.979,12.2,0.0,45.0,JUNCTION_RIGHT,FATAL DEGRADATION,0.0,3,0
1771931418.089,11.7,0.0,45.0,JUNCTION_RIGHT,FATAL DEGRADATION,0.0,3,0
1771931418.165,10.9,0.0,45.0,JUNCTION_RIGHT,FATAL DEGRADATION,0.0,3,0
1771931418.279,11.6,0.0,45.0,JUNCTION_RIGHT,FATAL DEGRADATION,0.0,3,0
1771931418.335,10.8,0.0,45.0,JUNCTION_RIGHT,FATAL DEGRADATION,0.0,3,0
1771931418.448,12.9,0.0,45.0,JUNCTION_RIGHT,FATAL DEGRADATION,0.0,3,0
1771931418.52,11.6,0.0,45.0,JUNCTION_RIGHT,FATAL DEGRADATION,0.0,3,0
1771931418.638,12.4,0.0,45.0,JUNCTION_RIGHT,FATAL DEGRADATION,0.0,3,0
1771931418.715,11.2,0.0,45.0,JUNCTION_RIGHT,FATAL DEGRADATION,0.0,3,0
1771931418.794,11.8,0.0,45.0,JUNCTION_RIGHT,FATAL DEGRADATION,0.0,3,0
1771931418.867,12.1,0.0,45.0,JUNCTION_RIGHT,FATAL DEGRADATION,0.0,3,0
1771931418.961,12.6,0.0,45.0,JUNCTION_RIGHT,FATAL DEGRADATION,0.0,3,0
1771931419.016,12.0,0.0,45.0,JUNCTION_RIGHT,FATAL DEGRADATION,0.0,3,0
1771931419.124,13.8,0.0,45.0,JUNCTION_RIGHT,FATAL DEGRADATION,0.0,3,0
1771931419.234,12.4,0.0,45.0,JUNCTION_RIGHT,FATAL DEGRADATION,0.0,3,0
1771931419.356,11.4,0.0,45.0,JUNCTION_RIGHT,FATAL DEGRADATION,0.0,3,0
1771931419.409,10.4,0.0,45.0,JUNCTION_RIGHT,FATAL DEGRADATION,0.0,3,0
1771931419.49,13.1,0.0,45.0,JUNCTION_RIGHT,FATAL DEGRADATION,0.0,3,0
1771931419.587,12.8,0.0,45.0,JUNCTION_RIGHT,FATAL DEGRADATION,0.0,3,0
1771931419.677,12.1,0.0,45.0,JUNCTION_RIGHT,FATAL DEGRADATION,0.0,3,0
1771931419.757,11.7,0.0,45.0,JUNCTION_RIGHT,FATAL DEGRADATION,0.0,3,0
1771931419.898,12.0,0.0,45.0,JUNCTION_RIGHT,FATAL DEGRADATION,0.0,3,0
1771931419.947,10.5,0.0,45.0,JUNCTION_RIGHT,FATAL DEGRADATION,0.0,3,0
1771931420.043,13.5,0.0,45.0,JUNCTION_RIGHT,FATAL DEGRADATION,0.0,3,0
1771931420.127,12.6,0.0,45.0,JUNCTION_RIGHT,FATAL DEGRADATION,0.0,3,0
1771931420.212,12.4,0.0,45.0,JUNCTION_RIGHT,FATAL DEGRADATION,0.0,3,0
1771931420.303,12.2,0.0,45.0,JUNCTION_RIGHT,FATAL DEGRADATION,0.0,3,0
1771931420.395,11.8,0.0,45.0,JUNCTION_RIGHT,FATAL DEGRADATION,0.0,3,0
1771931420.446,11.6,0.0,45.0,JUNCTION_RIGHT,FATAL DEGRADATION,0.0,3,0
1771931420.542,14.0,0.0,45.0,JUNCTION_RIGHT,FATAL DEGRADATION,0.0,3,0
1771931420.629,12.9,0.0,45.0,JUNCTION_RIGHT,FATAL DEGRADATION,0.0,3,0
1771931420.716,12.5,0.0,45.0,JUNCTION_RIGHT,FATAL DEGRADATION,0.0,3,0
1771931420.791,12.2,0.0,45.0,JUNCTION_RIGHT,FATAL DEGRADATION,0.0,3,0
1771931420.867,12.5,0.0,45.0,JUNCTION_RIGHT,FATAL DEGRADATION,0.0,3,0
1771931420.937,12.7,0.0,45.0,JUNCTION_RIGHT,FATAL DEGRADATION,0.0,3,0
1771931421.019,13.2,0.0,45.0,JUNCTION_RIGHT,FATAL DEGRADATION,0.0,3,0
1771931421.094,12.9,0.0,45.0,JUNCTION_RIGHT,FATAL DEGRADATION,0.0,3,0
1771931421.177,13.0,0.0,45.0,JUNCTION_RIGHT,FATAL DEGRADATION,0.0,3,0
1771931421.278,12.7,0.0,45.0,JUNCTION_RIGHT,FATAL DEGRADATION,0.0,3,0
1771931421.371,11.9,0.0,45.0,JUNCTION_RIGHT,FATAL DEGRADATION,0.0,3,0
1771931421.454,11.5,0.0,45.0,JUNCTION_RIGHT,FATAL DEGRADATION,0.0,3,0
1771931421.591,11.6,0.0,45.0,JUNCTION_RIGHT,FATAL DEGRADATION,0.0,3,0
1771931421.662,10.4,0.0,45.0,JUNCTION_RIGHT,FATAL DEGRADATION,0.0,3,0
1771931421.774,11.5,0.0,45.0,JUNCTION_RIGHT,FATAL DEGRADATION,0.0,3,0
1771931421.824,10.7,0.0,45.0,JUNCTION_RIGHT,FATAL DEGRADATION,0.0,3,0
1771931421.928,13.5,0.0,45.0,JUNCTION_RIGHT,FATAL DEGRADATION,0.0,3,0
1771931422.046,12.3,0.0,45.0,JUNCTION_RIGHT,FATAL DEGRADATION,0.0,3,0
1771931422.15,11.2,0.0,45.0,JUNCTION_RIGHT,FATAL DEGRADATION,0.0,3,0
1771931422.219,10.7,0.0,45.0,JUNCTION_RIGHT,FATAL DEGRADATION,0.0,3,0
1771931422.353,11.9,0.0,45.0,JUNCTION_RIGHT,FATAL DEGRADATION,0.0,3,0
1771931422.443,10.6,0.0,45.0,JUNCTION_RIGHT,FATAL DEGRADATION,0.0,3,0
1771931422.589,10.7,0.0,45.0,JUNCTION_RIGHT,FATAL DEGRADATION,0.0,3,0
1771931422.66,9.5,0.0,45.0,JUNCTION_RIGHT,FATAL DEGRADATION,0.0,3,0
1771931422.753,11.0,0.0,45.0,JUNCTION_RIGHT,FATAL DEGRADATION,0.0,3,0
1771931422.826,10.9,0.0,45.0,JUNCTION_RIGHT,FATAL DEGRADATION,0.0,3,0
1771931422.941,11.7,0.0,45.0,JUNCTION_RIGHT,FATAL DEGRADATION,0.0,3,0
1771931423.008,10.8,0.0,45.0,JUNCTION_RIGHT,FATAL DEGRADATION,0.0,3,0
1771931423.121,12.1,0.0,45.0,JUNCTION_RIGHT,FATAL DEGRADATION,0.0,3,0
1771931423.182,11.1,0.0,45.0,JUNCTION_RIGHT,FATAL DEGRADATION,0.0,3,0
1771931423.294,12.6,0.0,45.0,JUNCTION_RIGHT,FATAL DEGRADATION,0.0,3,0
1771931423.366,11.5,0.0,45.0,JUNCTION_RIGHT,FATAL DEGRADATION,0.0,3,0
1771931423.46,12.2,0.0,45.0,JUNCTION_RIGHT,FATAL DEGRADATION,0.0,3,0
1771931423.518,11.8,0.0,45.0,JUNCTION_RIGHT,FATAL DEGRADATION,0.0,3,0
1771931423.599,13.5,0.0,45.0,JUNCTION_RIGHT,FATAL DEGRADATION,0.0,3,0
1771931423.672,13.1,0.0,45.0,JUNCTION_RIGHT,FATAL DEGRADATION,0.0,3,0
1771931423.768,13.2,0.0,45.0,JUNCTION_RIGHT,FATAL DEGRADATION,0.0,3,0
1771931423.852,12.4,0.0,45.0,JUNCTION_RIGHT,FATAL DEGRADATION,0.0,3,0
1771931423.935,12.3,0.0,45.0,JUNCTION_RIGHT,FATAL DEGRADATION,0.0,3,0
1771931424.017,12.2,0.0,45.0,JUNCTION_RIGHT,FATAL DEGRADATION,0.0,3,0
1771931424.098,12.2,0.0,45.0,JUNCTION_RIGHT,FATAL DEGRADATION,0.0,3,0
1771931424.187,12.2,0.0,45.0,JUNCTION_RIGHT,FATAL DEGRADATION,0.0,3,0
1771931424.279,11.9,0.0,45.0,JUNCTION_RIGHT,FATAL DEGRADATION,0.0,3,0
1771931424.34,11.6,0.0,45.0,JUNCTION_RIGHT,FATAL DEGRADATION,0.0,3,0
1771931424.427,13.1,0.0,45.0,JUNCTION_RIGHT,FATAL DEGRADATION,0.0,3,0
1771931424.519,12.6,0.0,45.0,JUNCTION_RIGHT,FATAL DEGRADATION,0.0,3,0
1771931424.602,12.1,0.0,45.0,JUNCTION_RIGHT,FATAL DEGRADATION,0.0,3,0
1771931424.696,12.1,0.0,45.0,JUNCTION_RIGHT,FATAL DEGRADATION,0.0,3,0
1771931424.776,11.7,0.0,45.0,JUNCTION_RIGHT,FATAL DEGRADATION,0.0,3,0
1771931424.834,11.9,0.0,45.0,JUNCTION_RIGHT,FATAL DEGRADATION,0.0,3,0
1771931424.915,13.6,0.0,45.0,JUNCTION_RIGHT,FATAL DEGRADATION,0.0,3,0
1771931425.003,13.1,0.0,45.0,JUNCTION_RIGHT,FATAL DEGRADATION,0.0,3,0
1771931425.087,12.7,0.0,45.0,JUNCTION_RIGHT,FATAL DEGRADATION,0.0,3,0
1771931425.169,12.4,0.0,45.0,JUNCTION_RIGHT,FATAL DEGRADATION,0.0,3,0
1771931425.247,12.4,0.0,45.0,JUNCTION_RIGHT,FATAL DEGRADATION,0.0,3,0
1771931425.334,12.5,0.0,45.0,JUNCTION_RIGHT,FATAL DEGRADATION,0.0,3,0
1771931425.411,12.2,0.0,45.0,JUNCTION_RIGHT,FATAL DEGRADATION,0.0,3,0
1771931425.492,12.4,0.0,45.0,JUNCTION_RIGHT,FATAL DEGRADATION,0.0,3,0
1771931425.582,12.4,0.0,45.0,JUNCTION_RIGHT,FATAL DEGRADATION,0.0,3,0
1771931425.671,12.0,0.0,45.0,JUNCTION_RIGHT,FATAL DEGRADATION,0.0,3,0
1771931425.743,11.8,0.0,45.0,JUNCTION_RIGHT,FATAL DEGRADATION,0.0,3,0
1771931425.81,12.5,0.0,45.0,JUNCTION_RIGHT,FATAL DEGRADATION,0.0,3,0
1771931425.877,13.2,0.0,45.0,JUNCTION_RIGHT,FATAL DEGRADATION,0.0,3,0
1771931425.959,13.7,0.0,45.0,JUNCTION_RIGHT,FATAL DEGRADATION,0.0,3,0
1771931426.046,13.3,0.0,45.0,JUNCTION_RIGHT,FATAL DEGRADATION,0.0,3,0
1771931426.135,12.7,0.0,45.0,JUNCTION_RIGHT,FATAL DEGRADATION,0.0,3,0
1771931426.218,12.3,0.0,45.0,JUNCTION_RIGHT,FATAL DEGRADATION,0.0,3,0
1771931426.294,12.2,0.0,45.0,JUNCTION_RIGHT,FATAL DEGRADATION,0.0,3,0
1771931426.377,12.5,0.0,45.0,JUNCTION_RIGHT,FATAL DEGRADATION,0.0,3,0
1771931426.462,12.4,0.0,45.0,JUNCTION_RIGHT,FATAL DEGRADATION,0.0,3,0
1771931426.798,12.2,0.0,45.0,JUNCTION_RIGHT,FATAL DEGRADATION,0.0,3,0
1771931426.866,9.4,0.0,45.0,JUNCTION_RIGHT,FATAL DEGRADATION,0.0,3,0
1771931426.962,10.9,0.0,45.0,JUNCTION_RIGHT,FATAL DEGRADATION,0.0,3,0
1771931427.023,10.7,0.0,45.0,JUNCTION_RIGHT,FATAL DEGRADATION,0.0,3,0
1771931427.112,12.5,0.0,45.0,JUNCTION_RIGHT,FATAL DEGRADATION,0.0,3,0
1771931427.2,12.1,0.0,45.0,JUNCTION_RIGHT,FATAL DEGRADATION,0.0,3,0
1771931427.295,11.9,0.0,45.0,JUNCTION_RIGHT,FATAL DEGRADATION,0.0,3,0
1771931427.355,11.4,0.0,45.0,JUNCTION_RIGHT,FATAL DEGRADATION,0.0,3,0
1771931427.442,13.2,0.0,45.0,JUNCTION_RIGHT,FATAL DEGRADATION,0.0,3,0
1771931427.525,12.7,0.0,45.0,JUNCTION_RIGHT,FATAL DEGRADATION,0.0,3,0
1771931427.617,12.5,0.0,45.0,JUNCTION_RIGHT,FATAL DEGRADATION,0.0,3,0
1771931427.684,12.0,0.0,45.0,JUNCTION_RIGHT,FATAL DEGRADATION,0.0,3,0
1771931427.79,12.9,0.0,45.0,JUNCTION_RIGHT,FATAL DEGRADATION,0.0,3,0
1771931427.865,11.8,0.0,45.0,JUNCTION_RIGHT,FATAL DEGRADATION,0.0,3,0
1771931427.953,12.3,0.0,45.0,JUNCTION_RIGHT,FATAL DEGRADATION,0.0,3,0
1771931428.035,12.0,0.0,45.0,JUNCTION_RIGHT,FATAL DEGRADATION,0.0,3,0
1771931428.131,12.1,0.0,45.0,JUNCTION_RIGHT,FATAL DEGRADATION,0.0,3,0
1771931428.197,11.5,0.0,45.0,JUNCTION_RIGHT,FATAL DEGRADATION,0.0,3,0
1771931428.299,12.7,0.0,45.0,JUNCTION_RIGHT,FATAL DEGRADATION,0.0,3,0
1771931428.356,11.8,0.0,45.0,JUNCTION_RIGHT,FATAL DEGRADATION,0.0,3,0
1771931428.459,13.6,0.0,45.0,JUNCTION_RIGHT,FATAL DEGRADATION,0.0,3,0
1771931428.573,12.5,0.0,45.0,JUNCTION_RIGHT,FATAL DEGRADATION,0.0,3,0
1771931428.646,11.3,0.0,45.0,JUNCTION_RIGHT,FATAL DEGRADATION,0.0,3,0
1771931428.744,12.1,0.0,45.0,JUNCTION_RIGHT,FATAL DEGRADATION,0.0,3,0
1771931428.851,11.5,0.0,45.0,JUNCTION_RIGHT,FATAL DEGRADATION,0.0,3,0
1771931428.921,10.8,0.0,45.0,JUNCTION_RIGHT,FATAL DEGRADATION,0.0,3,0
1771931429.019,12.0,0.0,45.0,JUNCTION_RIGHT,FATAL DEGRADATION,0.0,3,0
1771931429.083,11.4,0.0,45.0,JUNCTION_RIGHT,FATAL DEGRADATION,0.0,3,0
1771931429.202,12.6,0.0,45.0,JUNCTION_RIGHT,FATAL DEGRADATION,0.0,3,0
1771931429.255,11.4,0.0,45.0,JUNCTION_RIGHT,FATAL DEGRADATION,0.0,3,0
1771931429.376,13.7,0.0,45.0,JUNCTION_RIGHT,FATAL DEGRADATION,0.0,3,0
1771931429.483,12.1,0.0,45.0,JUNCTION_RIGHT,FATAL DEGRADATION,0.0,3,0
1771931429.591,11.2,0.0,45.0,JUNCTION_RIGHT,FATAL DEGRADATION,0.0,3,0
1771931429.665,10.6,0.0,45.0,JUNCTION_RIGHT,FATAL DEGRADATION,0.0,3,0
1771931429.762,11.6,0.0,45.0,JUNCTION_RIGHT,FATAL DEGRADATION,0.0,3,0
1771931429.829,11.2,0.0,45.0,JUNCTION_RIGHT,FATAL DEGRADATION,0.0,3,0
1771931429.929,12.3,0.0,45.0,JUNCTION_RIGHT,FATAL DEGRADATION,0.0,3,0
1771931429.992,11.6,0.0,45.0,JUNCTION_RIGHT,FATAL DEGRADATION,0.0,3,0
1771931430.088,13.0,0.0,45.0,JUNCTION_RIGHT,FATAL DEGRADATION,0.0,3,0
1771931430.179,12.2,0.0,45.0,JUNCTION_RIGHT,FATAL DEGRADATION,0.0,3,0
1771931430.283,11.8,0.0,45.0,JUNCTION_RIGHT,FATAL DEGRADATION,0.0,3,0
1771931430.342,11.2,0.0,45.0,JUNCTION_RIGHT,FATAL DEGRADATION,0.0,3,0
1771931430.442,12.9,0.0,45.0,JUNCTION_RIGHT,FATAL DEGRADATION,0.0,3,0
1771931430.536,12.0,0.0,45.0,JUNCTION_RIGHT,FATAL DEGRADATION,0.0,3,0
1771931430.626,11.6,0.0,45.0,JUNCTION_RIGHT,FATAL DEGRADATION,0.0,3,0
1771931430.684,11.5,0.0,45.0,JUNCTION_RIGHT,FATAL DEGRADATION,0.0,3,0
1771931430.789,13.1,0.0,45.0,JUNCTION_RIGHT,FATAL DEGRADATION,0.0,3,0
1771931430.876,12.0,0.0,45.0,JUNCTION_RIGHT,FATAL DEGRADATION,0.0,3,0
1771931430.97,11.8,0.0,45.0,JUNCTION_RIGHT,FATAL DEGRADATION,0.0,3,0
1771931431.03,11.5,0.0,45.0,JUNCTION_RIGHT,FATAL DEGRADATION,0.0,3,0
1771931431.139,13.1,0.0,45.0,JUNCTION_RIGHT,FATAL DEGRADATION,0.0,3,0
1771931431.203,11.9,0.0,45.0,JUNCTION_RIGHT,FATAL DEGRADATION,0.0,3,0
1771931431.279,13.0,0.0,45.0,JUNCTION_RIGHT,FATAL DEGRADATION,0.0,3,0
1771931431.376,13.1,0.0,45.0,JUNCTION_RIGHT,FATAL DEGRADATION,0.0,3,0
1771931431.478,12.2,0.0,45.0,JUNCTION_RIGHT,FATAL DEGRADATION,0.0,3,0
1771931431.534,11.5,0.0,45.0,JUNCTION_RIGHT,FATAL DEGRADATION,0.0,3,0
1771931431.636,13.4,0.0,45.0,JUNCTION_RIGHT,FATAL DEGRADATION,0.0,3,0
1771931431.726,12.3,0.0,45.0,JUNCTION_RIGHT,FATAL DEGRADATION,0.0,3,0
1771931431.8,11.9,0.0,45.0,JUNCTION_RIGHT,FATAL DEGRADATION,0.0,3,0
1771931431.899,12.4,0.0,45.0,JUNCTION_RIGHT,FATAL DEGRADATION,0.0,3,0
1771931432.003,11.7,0.0,45.0,JUNCTION_RIGHT,FATAL DEGRADATION,0.0,3,0
1771931432.068,11.1,0.0,45.0,JUNCTION_RIGHT,FATAL DEGRADATION,0.0,3,0
1771931432.19,12.4,0.0,45.0,JUNCTION_RIGHT,FATAL DEGRADATION,0.0,3,0
1771931432.257,11.1,0.0,45.0,JUNCTION_RIGHT,FATAL DEGRADATION,0.0,3,0
1771931432.36,12.4,0.0,45.0,JUNCTION_RIGHT,FATAL DEGRADATION,0.0,3,0
1771931432.425,11.6,0.0,45.0,JUNCTION_RIGHT,FATAL DEGRADATION,0.0,3,0
1771931432.547,12.7,0.0,45.0,JUNCTION_RIGHT,FATAL DEGRADATION,0.0,3,0
1771931432.618,11.3,0.0,45.0,JUNCTION_RIGHT,FATAL DEGRADATION,0.0,3,0
1771931432.706,12.2,0.0,45.0,JUNCTION_RIGHT,FATAL DEGRADATION,0.0,3,0
1771931432.769,11.9,0.0,45.0,JUNCTION_RIGHT,FATAL DEGRADATION,0.0,3,0
1771931432.875,12.2,0.0,45.0,JUNCTION_RIGHT,FATAL DEGRADATION,0.0,3,0
1771931432.938,11.8,0.0,45.0,JUNCTION_RIGHT,FATAL DEGRADATION,0.0,3,0
1771931433.033,13.1,0.0,45.0,JUNCTION_RIGHT,FATAL DEGRADATION,0.0,3,0
1771931433.131,12.3,0.0,45.0,JUNCTION_RIGHT,FATAL DEGRADATION,0.0,3,0
1771931433.231,11.7,0.0,45.0,JUNCTION_RIGHT,FATAL DEGRADATION,0.0,3,0
1771931433.304,11.2,0.0,45.0,JUNCTION_RIGHT,FATAL DEGRADATION,0.0,3,0
1771931433.401,12.0,0.0,45.0,JUNCTION_RIGHT,FATAL DEGRADATION,0.0,3,0
1771931433.467,11.4,0.0,45.0,JUNCTION_RIGHT,FATAL DEGRADATION,0.0,3,0
1771931433.57,12.6,0.0,45.0,JUNCTION_RIGHT,FATAL DEGRADATION,0.0,3,0
1771931433.633,11.7,0.0,45.0,JUNCTION_RIGHT,FATAL DEGRADATION,0.0,3,0
1771931433.73,12.9,0.0,45.0,JUNCTION_RIGHT,FATAL DEGRADATION,0.0,3,0
1771931433.834,12.1,0.0,45.0,JUNCTION_RIGHT,FATAL DEGRADATION,0.0,3,0
1771931433.93,11.4,0.0,45.0,JUNCTION_RIGHT,FATAL DEGRADATION,0.0,3,0
1771931433.994,11.1,0.0,45.0,JUNCTION_RIGHT,FATAL DEGRADATION,0.0,3,0
1771931434.1,12.4,0.0,45.0,JUNCTION_RIGHT,FATAL DEGRADATION,0.0,3,0
1771931434.162,11.5,0.0,45.0,JUNCTION_RIGHT,FATAL DEGRADATION,0.0,3,0
1771931434.255,13.0,0.0,45.0,JUNCTION_RIGHT,FATAL DEGRADATION,0.0,3,0
1771931434.73,12.3,0.0,45.0,JUNCTION_RIGHT,FATAL DEGRADATION,0.0,3,0
1771931434.975,9.3,0.0,45.0,JUNCTION_RIGHT,FATAL DEGRADATION,0.0,3,0
1771931435.264,7.7,0.0,45.0,JUNCTION_RIGHT,FATAL DEGRADATION,0.0,3,0
1771931435.506,6.4,0.0,45.0,JUNCTION_RIGHT,FATAL DEGRADATION,0.0,3,0
1771931435.724,5.7,0.0,45.0,JUNCTION_RIGHT,FATAL DEGRADATION,0.0,3,0
1771931435.962,5.4,0.0,45.0,JUNCTION_RIGHT,FATAL DEGRADATION,0.0,3,0
1771931436.083,5.0,0.0,45.0,JUNCTION_RIGHT,FATAL DEGRADATION,0.0,3,0
1771931436.318,6.0,0.0,45.0,JUNCTION_RIGHT,FATAL DEGRADATION,0.0,3,0
1771931436.465,5.5,0.0,45.0,JUNCTION_RIGHT,FATAL DEGRADATION,0.0,3,0
1771931436.694,5.9,0.0,45.0,JUNCTION_RIGHT,FATAL DEGRADATION,0.0,3,0
1771931436.867,5.4,0.0,45.0,JUNCTION_RIGHT,FATAL DEGRADATION,0.0,3,0
1771931437.062,5.5,0.0,45.0,JUNCTION_RIGHT,FATAL DEGRADATION,0.0,3,0
1771931437.209,5.4,0.0,45.0,JUNCTION_RIGHT,FATAL DEGRADATION,0.0,3,0
1771931437.435,5.8,0.0,45.0,JUNCTION_RIGHT,FATAL DEGRADATION,0.0,3,0
1771931437.571,5.4,0.0,45.0,JUNCTION_RIGHT,FATAL DEGRADATION,0.0,3,0
1771931437.834,6.0,0.0,45.0,JUNCTION_RIGHT,FATAL DEGRADATION,0.0,3,0
1771931437.985,5.3,0.0,45.0,JUNCTION_RIGHT,FATAL DEGRADATION,0.0,3,0
1771931438.271,5.7,0.0,45.0,JUNCTION_RIGHT,FATAL DEGRADATION,0.0,3,0
1771931438.404,5.0,0.0,45.0,JUNCTION_RIGHT,FATAL DEGRADATION,0.0,3,0
1771931438.65,5.8,0.0,45.0,JUNCTION_RIGHT,FATAL DEGRADATION,0.0,3,0
1771931438.939,5.3,0.0,45.0,JUNCTION_RIGHT,FATAL DEGRADATION,0.0,3,0
1771931439.468,4.7,0.0,45.0,JUNCTION_RIGHT,FATAL DEGRADATION,0.0,3,0
1771931439.81,3.9,0.0,45.0,JUNCTION_RIGHT,FATAL DEGRADATION,0.0,3,0
1771931440.452,3.6,0.0,45.0,JUNCTION_RIGHT,FATAL DEGRADATION,0.0,3,0
1771931440.632,3.0,0.0,45.0,JUNCTION_RIGHT,FATAL DEGRADATION,0.0,3,0
1771931440.907,3.8,0.0,45.0,JUNCTION_RIGHT,FATAL DEGRADATION,0.0,3,0
1771931441.082,3.7,0.0,45.0,JUNCTION_RIGHT,FATAL DEGRADATION,0.0,3,0
1771931441.458,4.3,0.0,45.0,JUNCTION_RIGHT,FATAL DEGRADATION,0.0,3,0
1771931441.648,3.8,0.0,45.0,JUNCTION_RIGHT,FATAL DEGRADATION,0.0,3,0
1771931441.886,4.3,0.0,45.0,JUNCTION_RIGHT,FATAL DEGRADATION,0.0,3,0
1771931442.025,4.3,0.0,45.0,JUNCTION_RIGHT,FATAL DEGRADATION,0.0,3,0
1771931442.344,5.1,0.0,45.0,JUNCTION_RIGHT,FATAL DEGRADATION,0.0,3,0
1771931442.644,4.5,0.0,45.0,JUNCTION_RIGHT,FATAL DEGRADATION,0.0,3,0
1771931443.331,4.2,0.0,45.0,JUNCTION_RIGHT,FATAL DEGRADATION,0.0,3,0
1771931443.916,3.4,0.0,45.0,JUNCTION_RIGHT,FATAL DEGRADATION,0.0,3,0
1771931444.13,2.9,0.0,45.0,JUNCTION_RIGHT,FATAL DEGRADATION,0.0,3,0
1771931444.311,3.4,0.0,45.0,JUNCTION_RIGHT,FATAL DEGRADATION,0.0,3,0
1771931444.784,4.0,0.0,45.0,JUNCTION_RIGHT,FATAL DEGRADATION,0.0,3,0
1771931445.042,3.4,0.0,45.0,JUNCTION_RIGHT,FATAL DEGRADATION,0.0,3,0
1771931445.444,3.6,0.0,45.0,JUNCTION_RIGHT,FATAL DEGRADATION,0.0,3,0
1771931445.674,3.2,0.0,45.0,JUNCTION_RIGHT,FATAL DEGRADATION,0.0,3,0
1771931445.951,3.6,0.0,45.0,JUNCTION_RIGHT,FATAL DEGRADATION,0.0,3,0
1771931446.09,3.6,0.0,45.0,JUNCTION_RIGHT,FATAL DEGRADATION,0.0,3,0
1771931446.352,4.6,0.0,45.0,JUNCTION_RIGHT,FATAL DEGRADATION,0.0,3,0
1771931446.527,4.4,0.0,45.0,JUNCTION_RIGHT,FATAL DEGRADATION,0.0,3,0
1771931446.789,4.8,0.0,45.0,JUNCTION_RIGHT,FATAL DEGRADATION,0.0,3,0
1771931446.927,4.5,0.0,45.0,JUNCTION_RIGHT,FATAL DEGRADATION,0.0,3,0
1771931447.17,5.3,0.0,45.0,JUNCTION_RIGHT,FATAL DEGRADATION,0.0,3,0
1771931447.284,5.0,0.0,45.0,JUNCTION_RIGHT,FATAL DEGRADATION,0.0,3,0
1771931447.489,6.1,0.0,45.0,JUNCTION_RIGHT,FATAL DEGRADATION,0.0,3,0
1771931447.673,5.7,0.0,45.0,JUNCTION_RIGHT,FATAL DEGRADATION,0.0,3,0
1771931447.894,5.6,0.0,45.0,JUNCTION_RIGHT,FATAL DEGRADATION,0.0,3,0
1771931448.061,5.3,0.0,45.0,JUNCTION_RIGHT,FATAL DEGRADATION,0.0,3,0
1771931448.315,5.5,0.0,45.0,JUNCTION_RIGHT,FATAL DEGRADATION,0.0,3,0
1771931448.448,5.0,0.0,45.0,JUNCTION_RIGHT,FATAL DEGRADATION,0.0,3,0
1771931448.803,5.8,0.0,45.0,JUNCTION_RIGHT,FATAL DEGRADATION,0.0,3,0
1771931449.02,4.9,0.0,45.0,JUNCTION_RIGHT,FATAL DEGRADATION,0.0,3,0
1771931449.342,4.8,0.0,45.0,JUNCTION_RIGHT,FATAL DEGRADATION,0.0,3,0
1771931449.586,4.3,0.0,45.0,JUNCTION_RIGHT,FATAL DEGRADATION,0.0,3,0
1771931449.907,4.2,0.0,45.0,JUNCTION_RIGHT,FATAL DEGRADATION,0.0,3,0
1771931450.087,3.9,0.0,45.0,JUNCTION_RIGHT,FATAL DEGRADATION,0.0,3,0
1771931450.367,4.4,0.0,45.0,JUNCTION_RIGHT,FATAL DEGRADATION,0.0,3,0
1771931450.562,4.1,0.0,45.0,JUNCTION_RIGHT,FATAL DEGRADATION,0.0,3,0
1771931450.856,4.4,0.0,45.0,JUNCTION_RIGHT,FATAL DEGRADATION,0.0,3,0
1771931451.011,4.1,0.0,45.0,JUNCTION_RIGHT,FATAL DEGRADATION,0.0,3,0
1771931451.267,4.8,0.0,45.0,JUNCTION_RIGHT,FATAL DEGRADATION,0.0,3,0
1771931451.397,4.6,0.0,45.0,JUNCTION_RIGHT,FATAL DEGRADATION,0.0,3,0
1771931451.719,5.5,0.0,45.0,JUNCTION_RIGHT,FATAL DEGRADATION,0.0,3,0
1771931451.907,4.8,0.0,45.0,JUNCTION_RIGHT,FATAL DEGRADATION,0.0,3,0
1771931452.149,5.0,0.0,45.0,JUNCTION_RIGHT,FATAL DEGRADATION,0.0,3,0
1771931452.352,4.7,0.0,45.0,JUNCTION_RIGHT,FATAL DEGRADATION,0.0,3,0
1771931452.596,4.8,0.0,45.0,JUNCTION_RIGHT,FATAL DEGRADATION,0.0,3,0
1771931452.97,4.5,0.0,45.0,JUNCTION_RIGHT,FATAL DEGRADATION,0.0,3,0
1771931453.317,4.0,0.0,45.0,JUNCTION_RIGHT,FATAL DEGRADATION,0.0,3,0
1771931453.49,3.7,0.0,45.0,JUNCTION_RIGHT,FATAL DEGRADATION,0.0,3,0
1771931453.818,4.3,0.0,45.0,JUNCTION_RIGHT,FATAL DEGRADATION,0.0,3,0
1771931454.065,3.9,0.0,45.0,JUNCTION_RIGHT,FATAL DEGRADATION,0.0,3,0
1771931454.195,4.0,0.0,45.0,JUNCTION_RIGHT,FATAL DEGRADATION,0.0,3,0
1771931454.313,5.1,0.0,45.0,JUNCTION_RIGHT,FATAL DEGRADATION,0.0,3,0
1771931454.402,6.1,0.0,45.0,JUNCTION_RIGHT,FATAL DEGRADATION,0.0,3,0
1771931454.471,7.7,0.0,45.0,JUNCTION_RIGHT,FATAL DEGRADATION,0.0,3,0
1771931454.58,9.7,0.0,45.0,JUNCTION_RIGHT,FATAL DEGRADATION,0.0,3,0
1771931454.649,9.5,0.0,45.0,JUNCTION_RIGHT,FATAL DEGRADATION,0.0,3,0
1771931454.754,10.9,0.0,45.0,JUNCTION_RIGHT,FATAL DEGRADATION,0.0,3,0
1771931454.824,10.5,0.0,45.0,JUNCTION_RIGHT,FATAL DEGRADATION,0.0,3,0
1771931454.919,11.7,0.0,45.0,JUNCTION_RIGHT,FATAL DEGRADATION,0.0,3,0
1771931454.976,11.4,0.0,45.0,JUNCTION_RIGHT,FATAL DEGRADATION,0.0,3,0
1771931455.072,13.2,0.0,45.0,JUNCTION_RIGHT,FATAL DEGRADATION,0.0,3,0
1771931455.163,12.4,0.0,45.0,JUNCTION_RIGHT,FATAL DEGRADATION,0.0,3,0
1771931455.267,11.9,0.0,45.0,JUNCTION_RIGHT,FATAL DEGRADATION,0.0,3,0
1771931455.332,11.2,0.0,45.0,JUNCTION_RIGHT,FATAL DEGRADATION,0.0,3,0
1771931455.42,12.5,0.0,45.0,JUNCTION_RIGHT,FATAL DEGRADATION,0.0,3,0
1771931455.525,12.1,0.0,45.0,JUNCTION_RIGHT,FATAL DEGRADATION,0.0,3,0
1771931455.62,11.4,0.0,45.0,JUNCTION_RIGHT,FATAL DEGRADATION,0.0,3,0
1771931455.684,11.1,0.0,45.0,JUNCTION_RIGHT,FATAL DEGRADATION,0.0,3,0
1771931455.777,12.5,0.0,45.0,JUNCTION_RIGHT,FATAL DEGRADATION,0.0,3,0
1771931455.847,11.9,0.0,45.0,JUNCTION_RIGHT,FATAL DEGRADATION,0.0,3,0
1771931455.952,12.6,0.0,45.0,JUNCTION_RIGHT,FATAL DEGRADATION,0.0,3,0
1771931456.018,11.7,0.0,45.0,JUNCTION_RIGHT,FATAL DEGRADATION,0.0,3,0
1771931456.112,12.7,0.0,45.0,JUNCTION_RIGHT,FATAL DEGRADATION,0.0,3,0
1771931456.205,12.1,0.0,45.0,JUNCTION_RIGHT,FATAL DEGRADATION,0.0,3,0
1771931456.299,11.7,0.0,45.0,JUNCTION_RIGHT,FATAL DEGRADATION,0.0,3,0
1771931456.366,11.4,0.0,45.0,JUNCTION_RIGHT,FATAL DEGRADATION,0.0,3,0
1771931456.462,12.5,0.0,45.0,JUNCTION_RIGHT,FATAL DEGRADATION,0.0,3,0
1771931456.492,11.9,0.0,45.0,JUNCTION_RIGHT,FATAL DEGRADATION,0.0,3,0
1771931456.55,18.5,0.0,45.0,JUNCTION_RIGHT,FATAL DEGRADATION,0.0,3,0
1771931456.645,18.0,0.0,45.0,JUNCTION_RIGHT,FATAL DEGRADATION,0.0,3,0
1771931456.725,15.8,0.0,45.0,JUNCTION_RIGHT,FATAL DEGRADATION,0.0,3,0
1771931456.811,14.9,0.0,45.0,JUNCTION_RIGHT,FATAL DEGRADATION,0.0,3,0
1771931456.894,13.8,0.0,45.0,JUNCTION_RIGHT,FATAL DEGRADATION,0.0,3,0
1771931456.972,13.4,0.0,45.0,JUNCTION_RIGHT,FATAL DEGRADATION,0.0,3,0
1771931457.047,13.1,0.0,45.0,JUNCTION_RIGHT,FATAL DEGRADATION,0.0,3,0
1771931457.112,13.3,0.0,45.0,JUNCTION_RIGHT,FATAL DEGRADATION,0.0,3,0
1771931457.187,13.7,0.0,45.0,JUNCTION_RIGHT,FATAL DEGRADATION,0.0,3,0
1771931457.251,13.7,0.0,45.0,JUNCTION_RIGHT,FATAL DEGRADATION,0.0,3,0
1771931457.34,14.3,0.0,45.0,JUNCTION_RIGHT,FATAL DEGRADATION,0.0,3,0
1771931457.453,13.3,0.0,45.0,JUNCTION_RIGHT,FATAL DEGRADATION,0.0,3,0
1771931457.564,12.0,0.0,45.0,JUNCTION_RIGHT,FATAL DEGRADATION,0.0,3,0
1771931457.635,11.1,0.0,45.0,JUNCTION_RIGHT,FATAL DEGRADATION,0.0,3,0
1771931457.754,12.0,0.0,45.0,JUNCTION_RIGHT,FATAL DEGRADATION,0.0,3,0
1771931457.817,10.9,0.0,45.0,JUNCTION_RIGHT,FATAL DEGRADATION,0.0,3,0
1771931457.924,12.4,0.0,45.0,JUNCTION_RIGHT,FATAL DEGRADATION,0.0,3,0
1771931457.993,11.5,0.0,45.0,JUNCTION_RIGHT,FATAL DEGRADATION,0.0,3,0
1771931458.099,12.4,0.0,45.0,JUNCTION_RIGHT,FATAL DEGRADATION,0.0,3,0
1771931458.16,11.5,0.0,45.0,JUNCTION_RIGHT,FATAL DEGRADATION,0.0,3,0
1771931458.268,12.9,0.0,45.0,JUNCTION_RIGHT,FATAL DEGRADATION,0.0,3,0
1771931458.338,11.8,0.0,45.0,JUNCTION_RIGHT,FATAL DEGRADATION,0.0,3,0
1771931458.453,12.6,0.0,45.0,JUNCTION_RIGHT,FATAL DEGRADATION,0.0,3,0
1771931458.514,11.5,0.0,45.0,JUNCTION_RIGHT,FATAL DEGRADATION,0.0,3,0
1771931458.654,12.8,0.0,45.0,JUNCTION_RIGHT,FATAL DEGRADATION,0.0,3,0
1771931458.721,11.1,0.0,45.0,JUNCTION_RIGHT,FATAL DEGRADATION,0.0,3,0
1771931458.832,12.3,0.0,45.0,JUNCTION_RIGHT,FATAL DEGRADATION,0.0,3,0
1771931458.899,11.3,0.0,45.0,JUNCTION_RIGHT,FATAL DEGRADATION,0.0,3,0
1771931459.006,12.5,0.0,45.0,JUNCTION_RIGHT,FATAL DEGRADATION,0.0,3,0
1771931459.076,11.5,0.0,45.0,JUNCTION_RIGHT,FATAL DEGRADATION,0.0,3,0
1771931459.195,12.3,0.0,45.0,JUNCTION_RIGHT,FATAL DEGRADATION,0.0,3,0
1771931459.264,11.2,0.0,45.0,JUNCTION_RIGHT,FATAL DEGRADATION,0.0,3,0
1771931459.378,12.1,0.0,45.0,JUNCTION_RIGHT,FATAL DEGRADATION,0.0,3,0
1771931459.454,11.1,0.0,45.0,JUNCTION_RIGHT,FATAL DEGRADATION,0.0,3,0
1771931459.571,11.8,0.0,45.0,JUNCTION_RIGHT,FATAL DEGRADATION,0.0,3,0
1771931459.637,10.8,0.0,45.0,JUNCTION_RIGHT,FATAL DEGRADATION,0.0,3,0
1771931459.768,12.1,0.0,45.0,JUNCTION_RIGHT,FATAL DEGRADATION,0.0,3,0
1771931459.846,10.8,0.0,45.0,JUNCTION_RIGHT,FATAL DEGRADATION,0.0,3,0
1771931459.962,11.4,0.0,45.0,JUNCTION_RIGHT,FATAL DEGRADATION,0.0,3,0
1771931460.023,10.6,0.0,45.0,JUNCTION_RIGHT,FATAL DEGRADATION,0.0,3,0
1771931460.131,12.3,0.0,45.0,JUNCTION_RIGHT,FATAL DEGRADATION,0.0,3,0
1771931460.193,11.4,0.0,45.0,JUNCTION_RIGHT,FATAL DEGRADATION,0.0,3,0
1771931460.313,12.8,0.0,45.0,JUNCTION_RIGHT,FATAL DEGRADATION,0.0,3,0
1771931460.385,11.4,0.0,45.0,JUNCTION_RIGHT,FATAL DEGRADATION,0.0,3,0
1771931460.507,12.2,0.0,45.0,JUNCTION_RIGHT,FATAL DEGRADATION,0.0,3,0
1771931460.577,11.0,0.0,45.0,JUNCTION_RIGHT,FATAL DEGRADATION,0.0,3,0
1771931460.707,11.9,0.0,45.0,JUNCTION_RIGHT,FATAL DEGRADATION,0.0,3,0
1771931460.774,10.7,0.0,45.0,JUNCTION_RIGHT,FATAL DEGRADATION,0.0,3,0
1771931460.906,12.0,0.0,45.0,JUNCTION_RIGHT,FATAL DEGRADATION,0.0,3,0
1771931460.972,10.7,0.0,45.0,JUNCTION_RIGHT,FATAL DEGRADATION,0.0,3,0
1771931461.097,12.0,0.0,45.0,JUNCTION_RIGHT,FATAL DEGRADATION,0.0,3,0
1771931461.171,10.8,0.0,45.0,JUNCTION_RIGHT,FATAL DEGRADATION,0.0,3,0
1771931461.3,11.8,0.0,45.0,JUNCTION_RIGHT,FATAL DEGRADATION,0.0,3,0
1771931461.374,10.5,0.0,45.0,JUNCTION_RIGHT,FATAL DEGRADATION,0.0,3,0
1771931461.505,11.4,0.0,45.0,JUNCTION_RIGHT,FATAL DEGRADATION,0.0,3,0
1771931461.581,10.3,0.0,45.0,JUNCTION_RIGHT,FATAL DEGRADATION,0.0,3,0
1771931461.692,11.1,0.0,45.0,JUNCTION_RIGHT,FATAL DEGRADATION,0.0,3,0
1771931461.764,10.5,0.0,45.0,JUNCTION_RIGHT,FATAL DEGRADATION,0.0,3,0
1771931461.879,11.5,0.0,45.0,JUNCTION_RIGHT,FATAL DEGRADATION,0.0,3,0
1771931461.945,10.7,0.0,45.0,JUNCTION_RIGHT,FATAL DEGRADATION,0.0,3,0
1771931462.069,12.0,0.0,45.0,JUNCTION_RIGHT,FATAL DEGRADATION,0.0,3,0
1771931462.139,10.8,0.0,45.0,JUNCTION_RIGHT,FATAL DEGRADATION,0.0,3,0
1771931462.253,11.8,0.0,45.0,JUNCTION_RIGHT,FATAL DEGRADATION,0.0,3,0
1771931462.321,10.9,0.0,45.0,JUNCTION_RIGHT,FATAL DEGRADATION,0.0,3,0
1771931462.44,12.1,0.0,45.0,JUNCTION_RIGHT,FATAL DEGRADATION,0.0,3,0
1771931462.506,11.0,0.0,45.0,JUNCTION_RIGHT,FATAL DEGRADATION,0.0,3,0
1771931462.618,12.2,0.0,45.0,JUNCTION_RIGHT,FATAL DEGRADATION,0.0,3,0
1771931462.679,11.2,0.0,45.0,JUNCTION_RIGHT,FATAL DEGRADATION,0.0,3,0
1771931462.797,12.7,0.0,45.0,JUNCTION_RIGHT,FATAL DEGRADATION,0.0,3,0
1771931462.86,11.5,0.0,45.0,JUNCTION_RIGHT,FATAL DEGRADATION,0.0,3,0
1771931462.989,11.5,0.0,45.0,JUNCTION_RIGHT,FATAL DEGRADATION,0.0,3,0
1771931463.06,10.9,0.0,45.0,JUNCTION_RIGHT,FATAL DEGRADATION,0.0,3,0
1771931463.205,11.8,0.0,45.0,JUNCTION_RIGHT,FATAL DEGRADATION,0.0,3,0
1771931463.273,10.3,0.0,45.0,JUNCTION_RIGHT,FATAL DEGRADATION,0.0,3,0
1771931463.382,11.7,0.0,45.0,JUNCTION_RIGHT,FATAL DEGRADATION,0.0,3,0
1771931463.446,11.0,0.0,45.0,JUNCTION_RIGHT,FATAL DEGRADATION,0.0,3,0
1771931463.56,12.4,0.0,45.0,JUNCTION_RIGHT,FATAL DEGRADATION,0.0,3,0
1771931463.627,11.3,0.0,45.0,JUNCTION_RIGHT,FATAL DEGRADATION,0.0,3,0
1771931463.742,12.5,0.0,45.0,JUNCTION_RIGHT,FATAL DEGRADATION,0.0,3,0
1771931463.806,11.3,0.0,45.0,JUNCTION_RIGHT,FATAL DEGRADATION,0.0,3,0
1771931463.905,12.7,0.0,45.0,JUNCTION_RIGHT,FATAL DEGRADATION,0.0,3,0
1771931463.965,11.9,0.0,45.0,JUNCTION_RIGHT,FATAL DEGRADATION,0.0,3,0
1771931464.076,13.3,0.0,45.0,JUNCTION_RIGHT,FATAL DEGRADATION,0.0,3,0
1771931464.175,12.0,0.0,45.0,JUNCTION_RIGHT,FATAL DEGRADATION,0.0,3,0
1771931464.28,11.5,0.0,45.0,JUNCTION_RIGHT,FATAL DEGRADATION,0.0,3,0
1771931464.341,10.9,0.0,45.0,JUNCTION_RIGHT,FATAL DEGRADATION,0.0,3,0
1771931464.443,12.6,0.0,45.0,JUNCTION_RIGHT,FATAL DEGRADATION,0.0,3,0
1771931464.501,11.7,0.0,45.0,JUNCTION_RIGHT,FATAL DEGRADATION,0.0,3,0
1771931464.604,13.4,0.0,45.0,JUNCTION_RIGHT,FATAL DEGRADATION,0.0,3,0
1771931464.688,12.3,0.0,45.0,JUNCTION_RIGHT,FATAL DEGRADATION,0.0,3,0
1771931464.785,12.2,0.0,45.0,JUNCTION_RIGHT,FATAL DEGRADATION,0.0,3,0
1771931464.848,11.6,0.0,45.0,JUNCTION_RIGHT,FATAL DEGRADATION,0.0,3,0
1771931464.945,13.0,0.0,45.0,JUNCTION_RIGHT,FATAL DEGRADATION,0.0,3,0
1771931465.047,12.2,0.0,45.0,JUNCTION_RIGHT,FATAL DEGRADATION,0.0,3,0
1771931465.136,11.5,0.0,45.0,JUNCTION_RIGHT,FATAL DEGRADATION,0.0,3,0
1771931465.192,11.4,0.0,45.0,JUNCTION_RIGHT,FATAL DEGRADATION,0.0,3,0
1771931465.297,13.2,0.0,45.0,JUNCTION_RIGHT,FATAL DEGRADATION,0.0,3,0
1771931465.389,12.1,0.0,45.0,JUNCTION_RIGHT,FATAL DEGRADATION,0.0,3,0
1771931465.479,11.8,0.0,45.0,JUNCTION_RIGHT,FATAL DEGRADATION,0.0,3,0
1771931465.541,11.6,0.0,45.0,JUNCTION_RIGHT,FATAL DEGRADATION,0.0,3,0
1771931465.648,12.9,0.0,45.0,JUNCTION_RIGHT,FATAL DEGRADATION,0.0,3,0
1771931465.707,11.8,0.0,45.0,JUNCTION_RIGHT,FATAL DEGRADATION,0.0,3,0
1771931465.816,13.4,0.0,45.0,JUNCTION_RIGHT,FATAL DEGRADATION,0.0,3,0
1771931465.905,12.1,0.0,45.0,JUNCTION_RIGHT,FATAL DEGRADATION,0.0,3,0
1771931466.009,11.9,0.0,45.0,JUNCTION_RIGHT,FATAL DEGRADATION,0.0,3,0
1771931466.066,11.2,0.0,45.0,JUNCTION_RIGHT,FATAL DEGRADATION,0.0,3,0
1771931466.176,13.0,0.0,45.0,JUNCTION_RIGHT,FATAL DEGRADATION,0.0,3,0
1771931466.237,11.9,0.0,45.0,JUNCTION_RIGHT,FATAL DEGRADATION,0.0,3,0
1771931466.348,13.2,0.0,45.0,JUNCTION_RIGHT,FATAL DEGRADATION,0.0,3,0
1771931466.406,12.0,0.0,45.0,JUNCTION_RIGHT,FATAL DEGRADATION,0.0,3,0
1771931466.51,13.6,0.0,45.0,JUNCTION_RIGHT,FATAL DEGRADATION,0.0,3,0
1771931466.606,12.4,0.0,45.0,JUNCTION_RIGHT,FATAL DEGRADATION,0.0,3,0
1771931466.701,11.8,0.0,45.0,JUNCTION_RIGHT,FATAL DEGRADATION,0.0,3,0
1771931466.768,11.4,0.0,45.0,JUNCTION_RIGHT,FATAL DEGRADATION,0.0,3,0
1771931466.88,12.5,0.0,45.0,JUNCTION_RIGHT,FATAL DEGRADATION,0.0,3,0
1771931466.942,11.4,0.0,45.0,JUNCTION_RIGHT,FATAL DEGRADATION,0.0,3,0
1771931467.049,12.9,0.0,45.0,JUNCTION_RIGHT,FATAL DEGRADATION,0.0,3,0
1771931467.105,11.8,0.0,45.0,JUNCTION_RIGHT,FATAL DEGRADATION,0.0,3,0
1771931467.202,13.6,0.0,45.0,JUNCTION_RIGHT,FATAL DEGRADATION,0.0,3,0
1771931467.293,12.6,0.0,45.0,JUNCTION_RIGHT,FATAL DEGRADATION,0.0,3,0
1771931467.385,12.1,0.0,45.0,JUNCTION_RIGHT,FATAL DEGRADATION,0.0,3,0
1771931467.445,11.7,0.0,45.0,JUNCTION_RIGHT,FATAL DEGRADATION,0.0,3,0
1771931467.555,13.3,0.0,45.0,JUNCTION_RIGHT,FATAL DEGRADATION,0.0,3,0
1771931467.654,12.1,0.0,45.0,JUNCTION_RIGHT,FATAL DEGRADATION,0.0,3,0
1771931467.752,11.4,0.0,45.0,JUNCTION_RIGHT,FATAL DEGRADATION,0.0,3,0
1771931467.812,11.1,0.0,45.0,JUNCTION_RIGHT,FATAL DEGRADATION,0.0,3,0
1771931467.919,12.7,0.0,45.0,JUNCTION_RIGHT,FATAL DEGRADATION,0.0,3,0
1771931467.979,11.7,0.0,45.0,JUNCTION_RIGHT,FATAL DEGRADATION,0.0,3,0
1771931468.104,13.2,0.0,45.0,JUNCTION_RIGHT,FATAL DEGRADATION,0.0,3,0
1771931468.158,11.6,0.0,45.0,JUNCTION_RIGHT,FATAL DEGRADATION,0.0,3,0
1771931468.262,13.8,0.0,45.0,JUNCTION_RIGHT,FATAL DEGRADATION,0.0,3,0
1771931468.358,12.5,0.0,45.0,JUNCTION_RIGHT,FATAL DEGRADATION,0.0,3,0
1771931468.459,11.9,0.0,45.0,JUNCTION_RIGHT,FATAL DEGRADATION,0.0,3,0
1771931468.522,11.3,0.0,45.0,JUNCTION_RIGHT,FATAL DEGRADATION,0.0,3,0
1771931468.632,12.7,0.0,45.0,JUNCTION_RIGHT,FATAL DEGRADATION,0.0,3,0
1771931468.687,11.6,0.0,45.0,JUNCTION_RIGHT,FATAL DEGRADATION,0.0,3,0
1771931468.792,13.5,0.0,45.0,JUNCTION_RIGHT,FATAL DEGRADATION,0.0,3,0
1771931468.89,12.3,0.0,45.0,JUNCTION_RIGHT,FATAL DEGRADATION,0.0,3,0
1771931468.991,11.6,0.0,45.0,JUNCTION_RIGHT,FATAL DEGRADATION,0.0,3,0
1771931469.058,11.2,0.0,45.0,JUNCTION_RIGHT,FATAL DEGRADATION,0.0,3,0
1771931469.174,12.3,0.0,45.0,JUNCTION_RIGHT,FATAL DEGRADATION,0.0,3,0
1771931469.228,11.2,0.0,45.0,JUNCTION_RIGHT,FATAL DEGRADATION,0.0,3,0
1771931469.346,13.5,0.0,45.0,JUNCTION_RIGHT,FATAL DEGRADATION,0.0,3,0
1771931469.404,12.0,0.0,45.0,JUNCTION_RIGHT,FATAL DEGRADATION,0.0,3,0
1771931469.514,13.8,0.0,45.0,JUNCTION_RIGHT,FATAL DEGRADATION,0.0,3,0
1771931469.61,12.3,0.0,45.0,JUNCTION_RIGHT,FATAL DEGRADATION,0.0,3,0
1771931469.706,11.7,0.0,45.0,JUNCTION_RIGHT,FATAL DEGRADATION,0.0,3,0
1771931469.764,11.4,0.0,45.0,JUNCTION_RIGHT,FATAL DEGRADATION,0.0,3,0
1771931469.871,13.1,0.0,45.0,JUNCTION_RIGHT,FATAL DEGRADATION,0.0,3,0
1771931469.93,11.9,0.0,45.0,JUNCTION_RIGHT,FATAL DEGRADATION,0.0,3,0
1771931470.043,13.6,0.0,45.0,JUNCTION_RIGHT,FATAL DEGRADATION,0.0,3,0
1771931470.159,12.1,0.0,45.0,JUNCTION_RIGHT,FATAL DEGRADATION,0.0,3,0
1771931470.246,11.1,0.0,45.0,JUNCTION_RIGHT,FATAL DEGRADATION,0.0,3,0
1771931470.307,11.2,0.0,45.0,JUNCTION_RIGHT,FATAL DEGRADATION,0.0,3,0
1771931470.407,12.8,0.0,45.0,JUNCTION_RIGHT,FATAL DEGRADATION,0.0,3,0
1771931470.484,11.9,0.0,45.0,JUNCTION_RIGHT,FATAL DEGRADATION,0.0,3,0
1771931470.611,12.3,0.0,45.0,JUNCTION_RIGHT,FATAL DEGRADATION,0.0,3,0
1771931470.69,11.0,0.0,45.0,JUNCTION_RIGHT,FATAL DEGRADATION,0.0,3,0
1771931470.8,11.4,0.0,45.0,JUNCTION_RIGHT,FATAL DEGRADATION,0.0,3,0
1771931470.864,10.7,0.0,45.0,JUNCTION_RIGHT,FATAL DEGRADATION,0.0,3,0
1771931470.993,12.2,0.0,45.0,JUNCTION_RIGHT,FATAL DEGRADATION,0.0,3,0
1771931471.059,10.9,0.0,45.0,JUNCTION_RIGHT,FATAL DEGRADATION,0.0,3,0
1771931471.165,12.1,0.0,45.0,JUNCTION_RIGHT,FATAL DEGRADATION,0.0,3,0
1771931471.232,11.3,0.0,45.0,JUNCTION_RIGHT,FATAL DEGRADATION,0.0,3,0
1771931471.366,12.3,0.0,45.0,JUNCTION_RIGHT,FATAL DEGRADATION,0.0,3,0
1771931471.44,10.8,0.0,45.0,JUNCTION_RIGHT,FATAL DEGRADATION,0.0,3,0
1771931471.572,11.6,0.0,45.0,JUNCTION_RIGHT,FATAL DEGRADATION,0.0,3,0
1771931471.639,10.4,0.0,45.0,JUNCTION_RIGHT,FATAL DEGRADATION,0.0,3,0
1771931471.739,11.8,0.0,45.0,JUNCTION_RIGHT,FATAL DEGRADATION,0.0,3,0
1771931471.798,11.2,0.0,45.0,JUNCTION_RIGHT,FATAL DEGRADATION,0.0,3,0
1771931471.914,12.9,0.0,45.0,JUNCTION_RIGHT,FATAL DEGRADATION,0.0,3,0
1771931471.986,11.6,0.0,45.0,JUNCTION_RIGHT,FATAL DEGRADATION,0.0,3,0
1771931472.114,12.3,0.0,45.0,JUNCTION_RIGHT,FATAL DEGRADATION,0.0,3,0
1771931472.177,10.9,0.0,45.0,JUNCTION_RIGHT,FATAL DEGRADATION,0.0,3,0
1771931472.293,12.5,0.0,45.0,JUNCTION_RIGHT,FATAL DEGRADATION,0.0,3,0
1771931472.376,11.3,0.0,45.0,JUNCTION_RIGHT,FATAL DEGRADATION,0.0,3,0
1771931472.52,11.6,0.0,45.0,JUNCTION_RIGHT,FATAL DEGRADATION,0.0,3,0
1771931472.591,10.2,0.0,45.0,JUNCTION_RIGHT,FATAL DEGRADATION,0.0,3,0
1771931472.698,11.3,0.0,45.0,JUNCTION_RIGHT,FATAL DEGRADATION,0.0,3,0
1771931472.756,10.8,0.0,45.0,JUNCTION_RIGHT,FATAL DEGRADATION,0.0,3,0
1771931472.855,12.6,0.0,45.0,JUNCTION_RIGHT,FATAL DEGRADATION,0.0,3,0
1771931472.914,11.9,0.0,45.0,JUNCTION_RIGHT,FATAL DEGRADATION,0.0,3,0
1771931473.033,13.4,0.0,45.0,JUNCTION_RIGHT,FATAL DEGRADATION,0.0,3,0
1771931473.087,11.9,0.0,45.0,JUNCTION_RIGHT,FATAL DEGRADATION,0.0,3,0
1771931473.199,13.8,0.0,45.0,JUNCTION_RIGHT,FATAL DEGRADATION,0.0,3,0
1771931473.301,12.4,0.0,45.0,JUNCTION_RIGHT,FATAL DEGRADATION,0.0,3,0
1771931473.399,11.6,0.0,45.0,JUNCTION_RIGHT,FATAL DEGRADATION,0.0,3,0
1771931473.454,11.2,0.0,45.0,JUNCTION_RIGHT,FATAL DEGRADATION,0.0,3,0
1771931473.557,13.3,0.0,45.0,JUNCTION_RIGHT,FATAL DEGRADATION,0.0,3,0
1771931473.652,12.2,0.0,45.0,JUNCTION_RIGHT,FATAL DEGRADATION,0.0,3,0
1771931473.745,11.7,0.0,45.0,JUNCTION_RIGHT,FATAL DEGRADATION,0.0,3,0
1771931473.797,11.4,0.0,45.0,JUNCTION_RIGHT,FATAL DEGRADATION,0.0,3,0
1771931473.902,13.7,0.0,45.0,JUNCTION_RIGHT,FATAL DEGRADATION,0.0,3,0
1771931473.988,12.5,0.0,45.0,JUNCTION_RIGHT,FATAL DEGRADATION,0.0,3,0
1771931474.079,12.2,0.0,45.0,JUNCTION_RIGHT,FATAL DEGRADATION,0.0,3,0
1771931474.139,11.9,0.0,45.0,JUNCTION_RIGHT,FATAL DEGRADATION,0.0,3,0
1771931474.253,13.3,0.0,45.0,JUNCTION_RIGHT,FATAL DEGRADATION,0.0,3,0
1771931474.32,11.9,0.0,45.0,JUNCTION_RIGHT,FATAL DEGRADATION,0.0,3,0
1771931474.436,12.9,0.0,45.0,JUNCTION_RIGHT,FATAL DEGRADATION,0.0,3,0
1771931474.497,11.6,0.0,45.0,JUNCTION_RIGHT,FATAL DEGRADATION,0.0,3,0
1771931474.597,13.1,0.0,45.0,JUNCTION_RIGHT,FATAL DEGRADATION,0.0,3,0
1771931474.688,12.2,0.0,45.0,JUNCTION_RIGHT,FATAL DEGRADATION,0.0,3,0
1771931474.777,11.8,0.0,45.0,JUNCTION_RIGHT,FATAL DEGRADATION,0.0,3,0
1771931474.841,11.6,0.0,45.0,JUNCTION_RIGHT,FATAL DEGRADATION,0.0,3,0
1771931474.948,12.8,0.0,45.0,JUNCTION_RIGHT,FATAL DEGRADATION,0.0,3,0
1771931475.006,11.8,0.0,45.0,JUNCTION_RIGHT,FATAL DEGRADATION,0.0,3,0
1771931475.105,13.4,0.0,45.0,JUNCTION_RIGHT,FATAL DEGRADATION,0.0,3,0
1771931475.197,12.5,0.0,45.0,JUNCTION_RIGHT,FATAL DEGRADATION,0.0,3,0
1771931475.294,11.9,0.0,45.0,JUNCTION_RIGHT,FATAL DEGRADATION,0.0,3,0
1771931475.356,11.5,0.0,45.0,JUNCTION_RIGHT,FATAL DEGRADATION,0.0,3,0
1771931475.47,12.9,0.0,45.0,JUNCTION_RIGHT,FATAL DEGRADATION,0.0,3,0
1771931475.522,11.6,0.0,45.0,JUNCTION_RIGHT,FATAL DEGRADATION,0.0,3,0
1771931475.636,13.9,0.0,45.0,JUNCTION_RIGHT,FATAL DEGRADATION,0.0,3,0
1771931475.736,12.3,0.0,45.0,JUNCTION_RIGHT,FATAL DEGRADATION,0.0,3,0
1771931475.85,11.6,0.0,45.0,JUNCTION_RIGHT,FATAL DEGRADATION,0.0,3,0
1771931475.923,10.8,0.0,45.0,JUNCTION_RIGHT,FATAL DEGRADATION,0.0,3,0
1771931476.027,11.6,0.0,45.0,JUNCTION_RIGHT,FATAL DEGRADATION,0.0,3,0
1771931476.089,11.1,0.0,45.0,JUNCTION_RIGHT,FATAL DEGRADATION,0.0,3,0
1771931476.2,12.6,0.0,45.0,JUNCTION_RIGHT,FATAL DEGRADATION,0.0,3,0
1771931476.264,11.5,0.0,45.0,JUNCTION_RIGHT,FATAL DEGRADATION,0.0,3,0
1771931476.372,12.7,0.0,45.0,JUNCTION_RIGHT,FATAL DEGRADATION,0.0,3,0
1771931476.435,11.7,0.0,45.0,JUNCTION_RIGHT,FATAL DEGRADATION,0.0,3,0
1771931476.541,12.8,0.0,45.0,JUNCTION_RIGHT,FATAL DEGRADATION,0.0,3,0
1771931476.611,11.8,0.0,45.0,JUNCTION_RIGHT,FATAL DEGRADATION,0.0,3,0
1771931476.737,12.6,0.0,45.0,JUNCTION_RIGHT,FATAL DEGRADATION,0.0,3,0
1771931476.802,11.2,0.0,45.0,JUNCTION_RIGHT,FATAL DEGRADATION,0.0,3,0
1771931476.934,12.4,0.0,45.0,JUNCTION_RIGHT,FATAL DEGRADATION,0.0,3,0
1771931477.009,10.9,0.0,45.0,JUNCTION_RIGHT,FATAL DEGRADATION,0.0,3,0
1771931477.126,11.6,0.0,45.0,JUNCTION_RIGHT,FATAL DEGRADATION,0.0,3,0
1771931477.183,10.7,0.0,45.0,JUNCTION_RIGHT,FATAL DEGRADATION,0.0,3,0
1771931477.301,12.8,0.0,45.0,JUNCTION_RIGHT,FATAL DEGRADATION,0.0,3,0
1771931477.37,11.5,0.0,45.0,JUNCTION_RIGHT,FATAL DEGRADATION,0.0,3,0
1771931477.483,12.5,0.0,45.0,JUNCTION_RIGHT,FATAL DEGRADATION,0.0,3,0
1771931477.545,11.4,0.0,45.0,JUNCTION_RIGHT,FATAL DEGRADATION,0.0,3,0
1771931477.665,12.8,0.0,45.0,JUNCTION_RIGHT,FATAL DEGRADATION,0.0,3,0
1771931477.721,11.5,0.0,45.0,JUNCTION_RIGHT,FATAL DEGRADATION,0.0,3,0
1771931477.817,13.3,0.0,45.0,JUNCTION_RIGHT,FATAL DEGRADATION,0.0,3,0
1771931477.912,12.4,0.0,45.0,JUNCTION_RIGHT,FATAL DEGRADATION,0.0,3,0
1771931478.003,11.9,0.0,45.0,JUNCTION_RIGHT,FATAL DEGRADATION,0.0,3,0
1771931478.062,11.6,0.0,45.0,JUNCTION_RIGHT,FATAL DEGRADATION,0.0,3,0
1771931478.175,13.2,0.0,45.0,JUNCTION_RIGHT,FATAL DEGRADATION,0.0,3,0
1771931478.231,11.9,0.0,45.0,JUNCTION_RIGHT,FATAL DEGRADATION,0.0,3,0
1771931478.346,13.8,0.0,45.0,JUNCTION_RIGHT,FATAL DEGRADATION,0.0,3,0
1771931478.449,12.2,0.0,45.0,JUNCTION_RIGHT,FATAL DEGRADATION,0.0,3,0
1771931478.555,11.4,0.0,45.0,JUNCTION_RIGHT,FATAL DEGRADATION,0.0,3,0
1771931478.615,10.9,0.0,45.0,JUNCTION_RIGHT,FATAL DEGRADATION,0.0,3,0
1771931478.718,12.6,0.0,45.0,JUNCTION_RIGHT,FATAL DEGRADATION,0.0,3,0
1771931478.774,11.7,0.0,45.0,JUNCTION_RIGHT,FATAL DEGRADATION,0.0,3,0
1771931478.877,13.6,0.0,45.0,JUNCTION_RIGHT,FATAL DEGRADATION,0.0,3,0
1771931478.978,12.4,0.0,45.0,JUNCTION_RIGHT,FATAL DEGRADATION,0.0,3,0
1771931479.07,11.7,0.0,45.0,JUNCTION_RIGHT,FATAL DEGRADATION,0.0,3,0
1771931479.132,11.4,0.0,45.0,JUNCTION_RIGHT,FATAL DEGRADATION,0.0,3,0
1771931479.237,12.9,0.0,45.0,JUNCTION_RIGHT,FATAL DEGRADATION,0.0,3,0
1771931479.295,11.9,0.0,45.0,JUNCTION_RIGHT,FATAL DEGRADATION,0.0,3,0
1771931479.403,13.5,0.0,45.0,JUNCTION_RIGHT,FATAL DEGRADATION,0.0,3,0
1771931479.49,12.2,0.0,45.0,JUNCTION_RIGHT,FATAL DEGRADATION,0.0,3,0
1771931479.583,12.0,0.0,45.0,JUNCTION_RIGHT,FATAL DEGRADATION,0.0,3,0
1771931479.64,11.6,0.0,45.0,JUNCTION_RIGHT,FATAL DEGRADATION,0.0,3,0
1771931479.739,13.6,0.0,45.0,JUNCTION_RIGHT,FATAL DEGRADATION,0.0,3,0
1771931479.828,12.5,0.0,45.0,JUNCTION_RIGHT,FATAL DEGRADATION,0.0,3,0
1771931479.916,12.1,0.0,45.0,JUNCTION_RIGHT,FATAL DEGRADATION,0.0,3,0
1771931479.979,11.9,0.0,45.0,JUNCTION_RIGHT,FATAL DEGRADATION,0.0,3,0
1771931480.083,13.1,0.0,45.0,JUNCTION_RIGHT,FATAL DEGRADATION,0.0,3,0
1771931480.172,12.1,0.0,45.0,JUNCTION_RIGHT,FATAL DEGRADATION,0.0,3,0
1771931480.273,11.8,0.0,45.0,JUNCTION_RIGHT,FATAL DEGRADATION,0.0,3,0
1771931480.336,11.2,0.0,45.0,JUNCTION_RIGHT,FATAL DEGRADATION,0.0,3,0
1771931480.439,12.6,0.0,45.0,JUNCTION_RIGHT,FATAL DEGRADATION,0.0,3,0
1771931480.501,11.7,0.0,45.0,JUNCTION_RIGHT,FATAL DEGRADATION,0.0,3,0
1771931480.611,13.0,0.0,45.0,JUNCTION_RIGHT,FATAL DEGRADATION,0.0,3,0
1771931480.672,11.9,0.0,45.0,JUNCTION_RIGHT,FATAL DEGRADATION,0.0,3,0
1771931480.772,13.3,0.0,45.0,JUNCTION_RIGHT,FATAL DEGRADATION,0.0,3,0
1771931480.869,12.3,0.0,45.0,JUNCTION_RIGHT,FATAL DEGRADATION,0.0,3,0
1771931480.975,11.7,0.0,45.0,JUNCTION_RIGHT,FATAL DEGRADATION,0.0,3,0
1771931481.044,11.0,0.0,45.0,JUNCTION_RIGHT,FATAL DEGRADATION,0.0,3,0
1771931481.162,12.1,0.0,45.0,JUNCTION_RIGHT,FATAL DEGRADATION,0.0,3,0
1771931481.221,11.0,0.0,45.0,JUNCTION_RIGHT,FATAL DEGRADATION,0.0,3,0
1771931481.339,12.8,0.0,45.0,JUNCTION_RIGHT,FATAL DEGRADATION,0.0,3,0
1771931481.396,11.5,0.0,45.0,JUNCTION_RIGHT,FATAL DEGRADATION,0.0,3,0
1771931481.503,13.3,0.0,45.0,JUNCTION_RIGHT,FATAL DEGRADATION,0.0,3,0
1771931481.601,12.2,0.0,45.0,JUNCTION_RIGHT,FATAL DEGRADATION,0.0,3,0
1771931481.693,11.6,0.0,45.0,JUNCTION_RIGHT,FATAL DEGRADATION,0.0,3,0
1771931481.752,11.3,0.0,45.0,JUNCTION_RIGHT,FATAL DEGRADATION,0.0,3,0
1771931481.865,13.0,0.0,45.0,JUNCTION_RIGHT,FATAL DEGRADATION,0.0,3,0
1771931481.924,11.8,0.0,45.0,JUNCTION_RIGHT,FATAL DEGRADATION,0.0,3,0
1771931482.035,13.4,0.0,45.0,JUNCTION_RIGHT,FATAL DEGRADATION,0.0,3,0
1771931482.152,12.0,0.0,45.0,JUNCTION_RIGHT,FATAL DEGRADATION,0.0,3,0
1771931482.252,11.0,0.0,45.0,JUNCTION_RIGHT,FATAL DEGRADATION,0.0,3,0
1771931482.313,10.7,0.0,45.0,JUNCTION_RIGHT,FATAL DEGRADATION,0.0,3,0
1771931482.413,12.4,0.0,45.0,JUNCTION_RIGHT,FATAL DEGRADATION,0.0,3,0
1771931482.472,11.7,0.0,45.0,JUNCTION_RIGHT,FATAL DEGRADATION,0.0,3,0
1771931482.58,13.3,0.0,45.0,JUNCTION_RIGHT,FATAL DEGRADATION,0.0,3,0
1771931482.683,12.1,0.0,45.0,JUNCTION_RIGHT,FATAL DEGRADATION,0.0,3,0
1771931482.776,11.3,0.0,45.0,JUNCTION_RIGHT,FATAL DEGRADATION,0.0,3,0
1771931482.843,11.2,0.0,45.0,JUNCTION_RIGHT,FATAL DEGRADATION,0.0,3,0
1771931482.967,12.3,0.0,45.0,JUNCTION_RIGHT,FATAL DEGRADATION,0.0,3,0
1771931483.042,11.1,0.0,45.0,JUNCTION_RIGHT,FATAL DEGRADATION,0.0,3,0
1771931483.162,11.8,0.0,45.0,JUNCTION_RIGHT,FATAL DEGRADATION,0.0,3,0
1771931483.23,10.7,0.0,45.0,JUNCTION_RIGHT,FATAL DEGRADATION,0.0,3,0
1771931483.347,12.0,0.0,45.0,JUNCTION_RIGHT,FATAL DEGRADATION,0.0,3,0
1771931483.41,10.9,0.0,45.0,JUNCTION_RIGHT,FATAL DEGRADATION,0.0,3,0
1771931483.531,12.4,0.0,45.0,JUNCTION_RIGHT,FATAL DEGRADATION,0.0,3,0
1771931483.588,11.1,0.0,45.0,JUNCTION_RIGHT,FATAL DEGRADATION,0.0,3,0
1771931483.72,13.1,0.0,45.0,JUNCTION_RIGHT,FATAL DEGRADATION,0.0,3,0
1771931483.788,11.4,0.0,45.0,JUNCTION_RIGHT,FATAL DEGRADATION,0.0,3,0
1771931483.906,12.4,0.0,45.0,JUNCTION_RIGHT,FATAL DEGRADATION,0.0,3,0
1771931483.988,11.3,0.0,45.0,JUNCTION_RIGHT,FATAL DEGRADATION,0.0,3,0
1771931484.125,11.5,0.0,45.0,JUNCTION_RIGHT,FATAL DEGRADATION,0.0,3,0
1771931484.202,10.2,0.0,45.0,JUNCTION_RIGHT,FATAL DEGRADATION,0.0,3,0
1771931484.316,11.1,0.0,45.0,JUNCTION_RIGHT,FATAL DEGRADATION,0.0,3,0
1771931484.397,10.4,0.0,45.0,JUNCTION_RIGHT,FATAL DEGRADATION,0.0,3,0
1771931484.537,11.0,0.0,45.0,JUNCTION_RIGHT,FATAL DEGRADATION,0.0,3,0
1771931484.604,9.8,0.0,45.0,JUNCTION_RIGHT,FATAL DEGRADATION,0.0,3,0
1771931484.708,11.4,0.0,45.0,JUNCTION_RIGHT,FATAL DEGRADATION,0.0,3,0
1771931484.771,10.9,0.0,45.0,JUNCTION_RIGHT,FATAL DEGRADATION,0.0,3,0
1771931484.879,12.3,0.0,45.0,JUNCTION_RIGHT,FATAL DEGRADATION,0.0,3,0
1771931484.969,11.4,0.0,45.0,JUNCTION_RIGHT,FATAL DEGRADATION,0.0,3,0
1771931485.092,11.3,0.0,45.0,JUNCTION_RIGHT,FATAL DEGRADATION,0.0,3,0
1771931485.166,10.4,0.0,45.0,JUNCTION_RIGHT,FATAL DEGRADATION,0.0,3,0
1771931485.275,11.2,0.0,45.0,JUNCTION_RIGHT,FATAL DEGRADATION,0.0,3,0
1771931485.333,10.7,0.0,45.0,JUNCTION_RIGHT,FATAL DEGRADATION,0.0,3,0
1771931485.444,12.5,0.0,45.0,JUNCTION_RIGHT,FATAL DEGRADATION,0.0,3,0
1771931485.525,11.5,0.0,45.0,JUNCTION_RIGHT,FATAL DEGRADATION,0.0,3,0
1771931485.628,11.7,0.0,45.0,JUNCTION_RIGHT,FATAL DEGRADATION,0.0,3,0
1771931485.702,11.1,0.0,45.0,JUNCTION_RIGHT,FATAL DEGRADATION,0.0,3,0
1771931485.81,11.8,0.0,45.0,JUNCTION_RIGHT,FATAL DEGRADATION,0.0,3,0
1771931485.869,11.1,0.0,45.0,JUNCTION_RIGHT,FATAL DEGRADATION,0.0,3,0
1771931485.989,13.0,0.0,45.0,JUNCTION_RIGHT,FATAL DEGRADATION,0.0,3,0
1771931486.073,11.6,0.0,45.0,JUNCTION_RIGHT,FATAL DEGRADATION,0.0,3,0
1771931486.194,11.6,0.0,45.0,JUNCTION_RIGHT,FATAL DEGRADATION,0.0,3,0
1771931486.252,10.6,0.0,45.0,JUNCTION_RIGHT,FATAL DEGRADATION,0.0,3,0
1771931486.361,12.7,0.0,45.0,JUNCTION_RIGHT,FATAL DEGRADATION,0.0,3,0
1771931486.421,11.6,0.0,45.0,JUNCTION_RIGHT,FATAL DEGRADATION,0.0,3,0
1771931486.536,13.1,0.0,45.0,JUNCTION_RIGHT,FATAL DEGRADATION,0.0,3,0
1771931486.6,11.8,0.0,45.0,JUNCTION_RIGHT,FATAL DEGRADATION,0.0,3,0
1771931486.722,12.9,0.0,45.0,JUNCTION_RIGHT,FATAL DEGRADATION,0.0,3,0
1771931486.783,11.5,0.0,45.0,JUNCTION_RIGHT,FATAL DEGRADATION,0.0,3,0
1771931486.896,13.0,0.0,45.0,JUNCTION_RIGHT,FATAL DEGRADATION,0.0,3,0
1771931486.965,11.7,0.0,45.0,JUNCTION_RIGHT,FATAL DEGRADATION,0.0,3,0
1771931487.075,12.6,0.0,45.0,JUNCTION_RIGHT,FATAL DEGRADATION,0.0,3,0
1771931487.142,11.6,0.0,45.0,JUNCTION_RIGHT,FATAL DEGRADATION,0.0,3,0
1771931487.256,12.6,0.0,45.0,JUNCTION_RIGHT,FATAL DEGRADATION,0.0,3,0
1771931487.508,11.5,0.0,45.0,JUNCTION_RIGHT,FATAL DEGRADATION,0.0,3,0
1771931487.587,9.2,0.0,45.0,JUNCTION_RIGHT,FATAL DEGRADATION,0.0,3,0
1771931487.639,10.3,0.0,45.0,JUNCTION_RIGHT,FATAL DEGRADATION,0.0,3,0
1771931487.725,13.1,0.0,45.0,JUNCTION_RIGHT,FATAL DEGRADATION,0.0,3,0
1771931487.813,12.6,0.0,45.0,JUNCTION_RIGHT,FATAL DEGRADATION,0.0,3,0
1771931487.903,12.2,0.0,45.0,JUNCTION_RIGHT,FATAL DEGRADATION,0.0,3,0
1771931487.968,11.9,0.0,45.0,JUNCTION_RIGHT,FATAL DEGRADATION,0.0,3,0
1771931488.071,12.9,0.0,45.0,JUNCTION_RIGHT,FATAL DEGRADATION,0.0,3,0
1771931488.15,11.9,0.0,45.0,JUNCTION_RIGHT,FATAL DEGRADATION,0.0,3,0
1771931488.247,12.2,0.0,45.0,JUNCTION_RIGHT,FATAL DEGRADATION,0.0,3,0
1771931488.318,11.6,0.0,45.0,JUNCTION_RIGHT,FATAL DEGRADATION,0.0,3,0
1771931488.425,12.3,0.0,45.0,JUNCTION_RIGHT,FATAL DEGRADATION,0.0,3,0
1771931488.494,11.5,0.0,45.0,JUNCTION_RIGHT,FATAL DEGRADATION,0.0,3,0
1771931488.609,12.3,0.0,45.0,JUNCTION_RIGHT,FATAL DEGRADATION,0.0,3,0
1771931488.675,11.3,0.0,45.0,JUNCTION_RIGHT,FATAL DEGRADATION,0.0,3,0
1771931488.798,12.4,0.0,45.0,JUNCTION_RIGHT,FATAL DEGRADATION,0.0,3,0
1771931488.878,11.1,0.0,45.0,JUNCTION_RIGHT,FATAL DEGRADATION,0.0,3,0
1771931488.984,11.5,0.0,45.0,JUNCTION_RIGHT,FATAL DEGRADATION,0.0,3,0
1771931489.051,10.9,0.0,45.0,JUNCTION_RIGHT,FATAL DEGRADATION,0.0,3,0
1771931489.148,12.1,0.0,45.0,JUNCTION_RIGHT,FATAL DEGRADATION,0.0,3,0
1771931489.218,11.5,0.0,45.0,JUNCTION_RIGHT,FATAL DEGRADATION,0.0,3,0
1771931489.307,12.3,0.0,45.0,JUNCTION_RIGHT,FATAL DEGRADATION,0.0,3,0
1771931489.384,12.0,0.0,45.0,JUNCTION_RIGHT,FATAL DEGRADATION,0.0,3,0
1771931489.437,12.3,0.0,45.0,JUNCTION_RIGHT,FATAL DEGRADATION,0.0,3,0
1771931489.478,14.3,0.0,45.0,JUNCTION_RIGHT,FATAL DEGRADATION,0.0,3,0
1771931489.522,17.4,0.0,45.0,JUNCTION_RIGHT,FATAL DEGRADATION,0.0,3,0
1771931489.566,18.8,0.0,45.0,JUNCTION_RIGHT,FATAL DEGRADATION,0.0,3,0
1771931489.604,20.2,0.0,45.0,JUNCTION_RIGHT,FATAL DEGRADATION,0.0,3,0
1771931489.642,21.9,0.0,45.0,JUNCTION_RIGHT,FATAL DEGRADATION,0.0,3,0
1771931489.682,23.2,0.0,45.0,JUNCTION_RIGHT,FATAL DEGRADATION,0.0,3,0
1771931489.719,23.7,0.0,45.0,JUNCTION_RIGHT,FATAL DEGRADATION,0.0,3,0
1771931489.767,24.7,0.0,45.0,JUNCTION_RIGHT,FATAL DEGRADATION,0.0,3,0
1771931489.803,23.7,0.0,45.0,JUNCTION_RIGHT,FATAL DEGRADATION,0.0,3,0
1771931489.86,24.5,0.0,45.0,JUNCTION_RIGHT,FATAL DEGRADATION,0.0,3,0
1771931489.896,22.6,0.0,45.0,JUNCTION_RIGHT,FATAL DEGRADATION,0.0,3,0
1771931489.934,24.1,0.0,45.0,JUNCTION_RIGHT,FATAL DEGRADATION,0.0,3,0
1771931489.97,24.7,0.0,45.0,JUNCTION_RIGHT,FATAL DEGRADATION,0.0,3,0
1771931490.024,25.4,0.0,45.0,JUNCTION_RIGHT,FATAL DEGRADATION,0.0,3,0
1771931490.116,23.4,0.0,45.0,JUNCTION_RIGHT,FATAL DEGRADATION,0.0,3,0
1771931490.351,19.6,0.0,45.0,JUNCTION_RIGHT,FATAL DEGRADATION,0.0,3,0
1771931490.434,15.0,0.0,45.0,JUNCTION_RIGHT,FATAL DEGRADATION,0.0,3,0
1771931490.528,14.1,0.0,45.0,JUNCTION_RIGHT,FATAL DEGRADATION,0.0,3,0
1771931490.617,13.1,0.0,45.0,JUNCTION_RIGHT,FATAL DEGRADATION,0.0,3,0
1771931490.716,12.5,0.0,45.0,JUNCTION_RIGHT,FATAL DEGRADATION,0.0,3,0
1771931490.786,11.8,0.0,45.0,JUNCTION_RIGHT,FATAL DEGRADATION,0.0,3,0
1771931490.897,12.5,0.0,45.0,JUNCTION_RIGHT,FATAL DEGRADATION,0.0,3,0
1771931490.961,11.5,0.0,45.0,JUNCTION_RIGHT,FATAL DEGRADATION,0.0,3,0
1771931491.047,12.8,0.0,45.0,JUNCTION_RIGHT,FATAL DEGRADATION,0.0,3,0
1771931491.137,12.5,0.0,45.0,JUNCTION_RIGHT,FATAL DEGRADATION,0.0,3,0
1771931491.235,12.0,0.0,45.0,JUNCTION_RIGHT,FATAL DEGRADATION,0.0,3,0
1771931491.299,11.5,0.0,45.0,JUNCTION_RIGHT,FATAL DEGRADATION,0.0,3,0
1771931491.398,12.7,0.0,45.0,JUNCTION_RIGHT,FATAL DEGRADATION,0.0,3,0
1771931491.47,11.9,0.0,45.0,JUNCTION_RIGHT,FATAL DEGRADATION,0.0,3,0
1771931491.558,12.5,0.0,45.0,JUNCTION_RIGHT,FATAL DEGRADATION,0.0,3,0
1771931491.657,12.2,0.0,45.0,JUNCTION_RIGHT,FATAL DEGRADATION,0.0,3,0
1771931491.76,11.6,0.0,45.0,JUNCTION_RIGHT,FATAL DEGRADATION,0.0,3,0
1771931491.827,11.0,0.0,45.0,JUNCTION_RIGHT,FATAL DEGRADATION,0.0,3,0
1771931491.932,12.2,0.0,45.0,JUNCTION_RIGHT,FATAL DEGRADATION,0.0,3,0
1771931492.003,11.4,0.0,45.0,JUNCTION_RIGHT,FATAL DEGRADATION,0.0,3,0
1771931492.079,12.1,0.0,45.0,JUNCTION_RIGHT,FATAL DEGRADATION,0.0,3,0
1771931492.183,12.4,0.0,45.0,JUNCTION_RIGHT,FATAL DEGRADATION,0.0,3,0
1771931492.348,11.6,0.0,45.0,JUNCTION_RIGHT,FATAL DEGRADATION,0.0,3,0
1771931492.47,9.9,0.0,45.0,JUNCTION_RIGHT,FATAL DEGRADATION,0.0,3,0
1771931492.748,9.4,0.0,45.0,JUNCTION_RIGHT,FATAL DEGRADATION,0.0,3,0
1771931492.956,7.7,0.0,45.0,JUNCTION_RIGHT,FATAL DEGRADATION,0.0,3,0
1771931493.36,6.7,0.0,45.0,JUNCTION_RIGHT,FATAL DEGRADATION,0.0,3,0
1771931493.498,5.5,0.0,45.0,JUNCTION_RIGHT,FATAL DEGRADATION,0.0,3,0
1771931493.854,6.0,0.0,45.0,JUNCTION_RIGHT,FATAL DEGRADATION,0.0,3,0
1771931494.08,5.1,0.0,45.0,JUNCTION_RIGHT,FATAL DEGRADATION,0.0,3,0
1771931494.552,4.9,0.0,45.0,JUNCTION_RIGHT,FATAL DEGRADATION,0.0,3,0
1771931494.875,4.0,0.0,45.0,JUNCTION_RIGHT,FATAL DEGRADATION,0.0,3,0
1771931495.167,3.8,0.0,45.0,JUNCTION_RIGHT,FATAL DEGRADATION,0.0,3,0
1771931495.359,3.7,0.0,45.0,JUNCTION_RIGHT,FATAL DEGRADATION,0.0,3,0
1771931495.639,4.1,0.0,45.0,JUNCTION_RIGHT,FATAL DEGRADATION,0.0,3,0
1771931495.825,4.0,0.0,45.0,JUNCTION_RIGHT,FATAL DEGRADATION,0.0,3,0
1771931496.245,4.4,0.0,45.0,JUNCTION_RIGHT,FATAL DEGRADATION,0.0,3,0
1771931496.393,3.8,0.0,45.0,JUNCTION_RIGHT,FATAL DEGRADATION,0.0,3,0
1771931496.686,4.7,0.0,45.0,JUNCTION_RIGHT,FATAL DEGRADATION,0.0,3,0
1771931496.881,4.3,0.0,45.0,JUNCTION_RIGHT,FATAL DEGRADATION,0.0,3,0
1771931497.249,4.6,0.0,45.0,JUNCTION_RIGHT,FATAL DEGRADATION,0.0,3,0
1771931497.477,4.0,0.0,45.0,JUNCTION_RIGHT,FATAL DEGRADATION,0.0,3,0
1771931497.855,4.1,0.0,45.0,JUNCTION_RIGHT,FATAL DEGRADATION,0.0,3,0
1771931498.052,3.7,0.0,45.0,JUNCTION_RIGHT,FATAL DEGRADATION,0.0,3,0
1771931498.448,4.1,0.0,45.0,JUNCTION_RIGHT,FATAL DEGRADATION,0.0,3,0
1771931498.666,3.6,0.0,45.0,JUNCTION_RIGHT,FATAL DEGRADATION,0.0,3,0
1771931499.479,3.9,0.0,45.0,JUNCTION_RIGHT,FATAL DEGRADATION,0.0,3,0
1771931499.971,3.1,0.0,45.0,JUNCTION_RIGHT,FATAL DEGRADATION,0.0,3,0
1771931500.477,2.8,0.0,45.0,JUNCTION_RIGHT,FATAL DEGRADATION,0.0,3,0
1771931500.93,2.5,0.0,45.0,JUNCTION_RIGHT,FATAL DEGRADATION,0.0,3,0
1771931501.428,2.4,0.0,45.0,JUNCTION_RIGHT,FATAL DEGRADATION,0.0,3,0
1771931501.598,2.3,0.0,45.0,JUNCTION_RIGHT,FATAL DEGRADATION,0.0,3,0
1771931502.055,3.3,0.0,45.0,JUNCTION_RIGHT,FATAL DEGRADATION,0.0,3,0
1771931502.363,3.0,0.0,45.0,JUNCTION_RIGHT,FATAL DEGRADATION,0.0,3,0
1771931502.636,3.1,0.0,45.0,JUNCTION_RIGHT,FATAL DEGRADATION,0.0,3,0
1771931502.859,3.2,0.0,45.0,JUNCTION_RIGHT,FATAL DEGRADATION,0.0,3,0
1771931503.274,3.6,0.0,45.0,JUNCTION_RIGHT,FATAL DEGRADATION,0.0,3,0
1771931503.502,3.3,0.0,45.0,JUNCTION_RIGHT,FATAL DEGRADATION,0.0,3,0
1771931503.765,3.6,0.0,45.0,JUNCTION_RIGHT,FATAL DEGRADATION,0.0,3,0
1771931504.206,3.7,0.0,45.0,JUNCTION_RIGHT,FATAL DEGRADATION,0.0,3,0
1771931504.59,3.2,0.0,45.0,JUNCTION_RIGHT,FATAL DEGRADATION,0.0,3,0
1771931504.804,3.1,0.0,45.0,JUNCTION_RIGHT,FATAL DEGRADATION,0.0,3,0
1771931505.041,3.5,0.0,45.0,JUNCTION_RIGHT,FATAL DEGRADATION,0.0,3,0
1771931505.345,3.7,0.0,45.0,JUNCTION_RIGHT,FATAL DEGRADATION,0.0,3,0
1771931506.012,3.6,0.0,45.0,JUNCTION_RIGHT,FATAL DEGRADATION,0.0,3,0
1771931506.449,3.0,0.0,45.0,JUNCTION_RIGHT,FATAL DEGRADATION,0.0,3,0
1771931506.775,2.7,0.0,45.0,JUNCTION_RIGHT,FATAL DEGRADATION,0.0,3,0
1771931506.963,2.9,0.0,45.0,JUNCTION_RIGHT,FATAL DEGRADATION,0.0,3,0
1771931507.223,3.6,0.0,45.0,JUNCTION_RIGHT,FATAL DEGRADATION,0.0,3,0
1771931507.387,3.7,0.0,45.0,JUNCTION_RIGHT,FATAL DEGRADATION,0.0,3,0
1771931507.698,4.5,0.0,45.0,JUNCTION_RIGHT,FATAL DEGRADATION,0.0,3,0
1771931507.943,4.1,0.0,45.0,JUNCTION_RIGHT,FATAL DEGRADATION,0.0,3,0
1771931508.305,4.1,0.0,45.0,JUNCTION_RIGHT,FATAL DEGRADATION,0.0,3,0
1771931508.463,3.7,0.0,45.0,JUNCTION_RIGHT,FATAL DEGRADATION,0.0,3,0
1771931508.889,4.5,0.0,45.0,JUNCTION_RIGHT,FATAL DEGRADATION,0.0,3,0
1771931509.06,3.8,0.0,45.0,JUNCTION_RIGHT,FATAL DEGRADATION,0.0,3,0
1771931509.407,4.4,0.0,45.0,JUNCTION_RIGHT,FATAL DEGRADATION,0.0,3,0
1771931509.601,4.0,0.0,45.0,JUNCTION_RIGHT,FATAL DEGRADATION,0.0,3,0
1771931509.901,4.3,0.0,45.0,JUNCTION_RIGHT,FATAL DEGRADATION,0.0,3,0
1771931510.032,4.0,0.0,45.0,JUNCTION_RIGHT,FATAL DEGRADATION,0.0,3,0
1771931510.377,5.2,0.0,45.0,JUNCTION_RIGHT,FATAL DEGRADATION,0.0,3,0
1771931510.752,4.5,0.0,45.0,JUNCTION_RIGHT,FATAL DEGRADATION,0.0,3,0
1771931511.268,3.9,0.0,45.0,JUNCTION_RIGHT,FATAL DEGRADATION,0.0,3,0
1771931511.392,3.3,0.0,45.0,JUNCTION_RIGHT,FATAL DEGRADATION,0.0,3,0
1771931511.742,4.7,0.0,45.0,JUNCTION_RIGHT,FATAL DEGRADATION,0.0,3,0
1771931511.912,4.2,0.0,45.0,JUNCTION_RIGHT,FATAL DEGRADATION,0.0,3,0
1771931512.187,4.7,0.0,45.0,JUNCTION_RIGHT,FATAL DEGRADATION,0.0,3,0
1771931512.359,4.3,0.0,45.0,JUNCTION_RIGHT,FATAL DEGRADATION,0.0,3,0
1771931512.598,4.8,0.0,45.0,JUNCTION_RIGHT,FATAL DEGRADATION,0.0,3,0
1771931512.84,4.6,0.0,45.0,JUNCTION_RIGHT,FATAL DEGRADATION,0.0,3,0
1771931513.057,4.5,0.0,45.0,JUNCTION_RIGHT,FATAL DEGRADATION,0.0,3,0
1771931513.279,4.5,0.0,45.0,JUNCTION_RIGHT,FATAL DEGRADATION,0.0,3,0
1771931513.518,4.5,0.0,45.0,JUNCTION_RIGHT,FATAL DEGRADATION,0.0,3,0
1771931513.809,4.4,0.0,45.0,JUNCTION_RIGHT,FATAL DEGRADATION,0.0,3,0
1771931514.064,4.1,0.0,45.0,JUNCTION_RIGHT,FATAL DEGRADATION,0.0,3,0
1771931514.288,4.1,0.0,45.0,JUNCTION_RIGHT,FATAL DEGRADATION,0.0,3,0
1771931514.516,4.2,0.0,45.0,JUNCTION_RIGHT,FATAL DEGRADATION,0.0,3,0
1771931514.719,4.2,0.0,45.0,JUNCTION_RIGHT,FATAL DEGRADATION,0.0,3,0
1771931515.277,4.5,0.0,45.0,JUNCTION_RIGHT,FATAL DEGRADATION,0.0,3,0
1771931515.502,3.7,0.0,45.0,JUNCTION_RIGHT,FATAL DEGRADATION,0.0,3,0
1771931516.281,3.9,0.0,45.0,JUNCTION_RIGHT,FATAL DEGRADATION,0.0,3,0
1771931516.433,3.1,0.0,45.0,JUNCTION_RIGHT,FATAL DEGRADATION,0.0,3,0
1771931516.816,4.2,0.0,45.0,JUNCTION_RIGHT,FATAL DEGRADATION,0.0,3,0
1771931517.065,3.7,0.0,45.0,JUNCTION_RIGHT,FATAL DEGRADATION,0.0,3,0
1771931517.427,3.8,0.0,45.0,JUNCTION_RIGHT,FATAL DEGRADATION,0.0,3,0
1771931517.609,3.5,0.0,45.0,JUNCTION_RIGHT,FATAL DEGRADATION,0.0,3,0
1771931517.998,4.1,0.0,45.0,JUNCTION_RIGHT,FATAL DEGRADATION,0.0,3,0
1771931518.232,3.6,0.0,45.0,JUNCTION_RIGHT,FATAL DEGRADATION,0.0,3,0
1771931518.526,3.8,0.0,45.0,JUNCTION_RIGHT,FATAL DEGRADATION,0.0,3,0
1771931518.723,3.7,0.0,45.0,JUNCTION_RIGHT,FATAL DEGRADATION,0.0,3,0
1771931519.061,4.1,0.0,45.0,JUNCTION_RIGHT,FATAL DEGRADATION,0.0,3,0
1771931519.31,3.8,0.0,45.0,JUNCTION_RIGHT,FATAL DEGRADATION,0.0,3,0
1771931519.56,3.8,0.0,45.0,JUNCTION_RIGHT,FATAL DEGRADATION,0.0,3,0
1771931519.828,3.9,0.0,45.0,JUNCTION_RIGHT,FATAL DEGRADATION,0.0,3,0
1771931520.308,3.8,0.0,45.0,JUNCTION_RIGHT,FATAL DEGRADATION,0.0,3,0
1771931520.505,3.3,0.0,45.0,JUNCTION_RIGHT,FATAL DEGRADATION,0.0,3,0
1771931520.958,3.9,0.0,45.0,JUNCTION_RIGHT,FATAL DEGRADATION,0.0,3,0
1771931521.406,3.4,0.0,45.0,JUNCTION_RIGHT,FATAL DEGRADATION,0.0,3,0
1771931521.648,3.0,0.0,45.0,JUNCTION_RIGHT,FATAL DEGRADATION,0.0,3,0
1771931521.892,3.3,0.0,45.0,JUNCTION_RIGHT,FATAL DEGRADATION,0.0,3,0
1771931522.204,3.6,0.0,45.0,JUNCTION_RIGHT,FATAL DEGRADATION,0.0,3,0
1771931522.437,3.5,0.0,45.0,JUNCTION_RIGHT,FATAL DEGRADATION,0.0,3,0
1771931522.756,3.7,0.0,45.0,JUNCTION_RIGHT,FATAL DEGRADATION,0.0,3,0
1771931523.131,3.5,0.0,45.0,JUNCTION_RIGHT,FATAL DEGRADATION,0.0,3,0
1771931523.614,3.3,0.0,45.0,JUNCTION_RIGHT,FATAL DEGRADATION,0.0,3,0
1771931523.851,2.9,0.0,45.0,JUNCTION_RIGHT,FATAL DEGRADATION,0.0,3,0
1771931524.142,3.3,0.0,45.0,JUNCTION_RIGHT,FATAL DEGRADATION,0.0,3,0
1771931524.405,3.3,0.0,45.0,JUNCTION_RIGHT,FATAL DEGRADATION,0.0,3,0
1771931524.706,3.5,0.0,45.0,JUNCTION_RIGHT,FATAL DEGRADATION,0.0,3,0
1771931524.913,3.4,0.0,45.0,JUNCTION_RIGHT,FATAL DEGRADATION,0.0,3,0
1771931525.192,3.8,0.0,45.0,JUNCTION_RIGHT,FATAL DEGRADATION,0.0,3,0
1771931525.51,3.8,0.0,45.0,JUNCTION_RIGHT,FATAL DEGRADATION,0.0,3,0
1771931526.023,3.6,0.0,45.0,JUNCTION_RIGHT,FATAL DEGRADATION,0.0,3,0
1771931526.496,3.1,0.0,45.0,JUNCTION_RIGHT,FATAL DEGRADATION,0.0,3,0
1771931526.795,2.8,0.0,45.0,JUNCTION_RIGHT,FATAL DEGRADATION,0.0,3,0
1771931526.97,3.0,0.0,45.0,JUNCTION_RIGHT,FATAL DEGRADATION,0.0,3,0
1771931527.356,3.8,0.0,45.0,JUNCTION_RIGHT,FATAL DEGRADATION,0.0,3,0
1771931527.537,3.4,0.0,45.0,JUNCTION_RIGHT,FATAL DEGRADATION,0.0,3,0
1771931527.852,4.1,0.0,45.0,JUNCTION_RIGHT,FATAL DEGRADATION,0.0,3,0
1771931527.995,3.8,0.0,45.0,JUNCTION_RIGHT,FATAL DEGRADATION,0.0,3,0
1771931528.398,4.8,0.0,45.0,JUNCTION_RIGHT,FATAL DEGRADATION,0.0,3,0
1771931528.719,4.1,0.0,45.0,JUNCTION_RIGHT,FATAL DEGRADATION,0.0,3,0
1771931528.997,3.8,0.0,45.0,JUNCTION_RIGHT,FATAL DEGRADATION,0.0,3,0
1771931529.28,3.7,0.0,45.0,JUNCTION_RIGHT,FATAL DEGRADATION,0.0,3,0
1771931529.599,3.7,0.0,45.0,JUNCTION_RIGHT,FATAL DEGRADATION,0.0,3,0
1771931529.844,3.5,0.0,45.0,JUNCTION_RIGHT,FATAL DEGRADATION,0.0,3,0
1771931530.106,3.7,0.0,45.0,JUNCTION_RIGHT,FATAL DEGRADATION,0.0,3,0
1771931530.32,3.7,0.0,45.0,JUNCTION_RIGHT,FATAL DEGRADATION,0.0,3,0
1771931530.691,4.0,0.0,45.0,JUNCTION_RIGHT,FATAL DEGRADATION,0.0,3,0
1771931531.022,3.6,0.0,45.0,JUNCTION_RIGHT,FATAL DEGRADATION,0.0,3,0
1771931531.581,3.4,0.0,45.0,JUNCTION_RIGHT,FATAL DEGRADATION,0.0,3,0
1771931531.8,2.9,0.0,45.0,JUNCTION_RIGHT,FATAL DEGRADATION,0.0,3,0
1771931532.114,3.4,0.0,45.0,JUNCTION_RIGHT,FATAL DEGRADATION,0.0,3,0
1771931532.426,3.3,0.0,45.0,JUNCTION_RIGHT,FATAL DEGRADATION,0.0,3,0
1771931532.892,3.3,0.0,45.0,JUNCTION_RIGHT,FATAL DEGRADATION,0.0,3,0
1771931533.052,3.0,0.0,45.0,JUNCTION_RIGHT,FATAL DEGRADATION,0.0,3,0
1771931533.295,4.0,0.0,45.0,JUNCTION_RIGHT,FATAL DEGRADATION,0.0,3,0
1771931533.455,4.0,0.0,45.0,JUNCTION_RIGHT,FATAL DEGRADATION,0.0,3,0
1771931533.804,4.7,0.0,45.0,JUNCTION_RIGHT,FATAL DEGRADATION,0.0,3,0
1771931534.072,4.1,0.0,45.0,JUNCTION_RIGHT,FATAL DEGRADATION,0.0,3,0
1771931534.438,4.0,0.0,45.0,JUNCTION_RIGHT,FATAL DEGRADATION,0.0,3,0
1771931534.704,3.6,0.0,45.0,JUNCTION_RIGHT,FATAL DEGRADATION,0.0,3,0
1771931535.035,3.7,0.0,45.0,JUNCTION_RIGHT,FATAL DEGRADATION,0.0,3,0
1771931535.303,3.5,0.0,45.0,JUNCTION_RIGHT,FATAL DEGRADATION,0.0,3,0
1771931535.668,3.5,0.0,45.0,JUNCTION_RIGHT,FATAL DEGRADATION,0.0,3,0
1771931536.054,3.3,0.0,45.0,JUNCTION_RIGHT,FATAL DEGRADATION,0.0,3,0
1771931536.621,3.1,0.0,45.0,JUNCTION_RIGHT,FATAL DEGRADATION,0.0,3,0
1771931536.916,2.7,0.0,45.0,JUNCTION_RIGHT,FATAL DEGRADATION,0.0,3,0
1771931537.307,2.9,0.0,45.0,JUNCTION_RIGHT,FATAL DEGRADATION,0.0,3,0
1771931537.55,2.8,0.0,45.0,JUNCTION_RIGHT,FATAL DEGRADATION,0.0,3,0
1771931537.973,3.2,0.0,45.0,JUNCTION_RIGHT,FATAL DEGRADATION,0.0,3,0
1771931538.343,3.0,0.0,45.0,JUNCTION_RIGHT,FATAL DEGRADATION,0.0,3,0
1771931538.657,2.9,0.0,45.0,JUNCTION_RIGHT,FATAL DEGRADATION,0.0,3,0
1771931538.924,3.0,0.0,45.0,JUNCTION_RIGHT,FATAL DEGRADATION,0.0,3,0
1771931539.271,3.2,0.0,45.0,JUNCTION_RIGHT,FATAL DEGRADATION,0.0,3,0
1771931539.452,3.1,0.0,45.0,JUNCTION_RIGHT,FATAL DEGRADATION,0.0,3,0
1771931539.851,3.8,0.0,45.0,JUNCTION_RIGHT,FATAL DEGRADATION,0.0,3,0
1771931540.061,3.4,0.0,45.0,JUNCTION_RIGHT,FATAL DEGRADATION,0.0,3,0
1771931540.439,3.8,0.0,45.0,JUNCTION_RIGHT,FATAL DEGRADATION,0.0,3,0
1771931540.735,3.5,0.0,45.0,JUNCTION_RIGHT,FATAL DEGRADATION,0.0,3,0
1771931541.293,3.4,0.0,45.0,JUNCTION_RIGHT,FATAL DEGRADATION,0.0,3,0
1771931541.565,2.9,0.0,45.0,JUNCTION_RIGHT,FATAL DEGRADATION,0.0,3,0
1771931542.1,3.2,0.0,45.0,JUNCTION_RIGHT,FATAL DEGRADATION,0.0,3,0
1771931542.306,2.8,0.0,45.0,JUNCTION_RIGHT,FATAL DEGRADATION,0.0,3,0
1771931542.662,3.4,0.0,45.0,JUNCTION_RIGHT,FATAL DEGRADATION,0.0,3,0
1771931542.967,3.2,0.0,45.0,JUNCTION_RIGHT,FATAL DEGRADATION,0.0,3,0
1771931543.321,3.3,0.0,45.0,JUNCTION_RIGHT,FATAL DEGRADATION,0.0,3,0
1771931543.558,3.1,0.0,45.0,JUNCTION_RIGHT,FATAL DEGRADATION,0.0,3,0
1771931544.291,3.5,0.0,45.0,JUNCTION_RIGHT,FATAL DEGRADATION,0.0,3,0
1771931544.498,2.8,0.0,45.0,JUNCTION_RIGHT,FATAL DEGRADATION,0.0,3,0
1771931544.932,3.5,0.0,45.0,JUNCTION_RIGHT,FATAL DEGRADATION,0.0,3,0
1771931545.142,3.1,0.0,45.0,JUNCTION_RIGHT,FATAL DEGRADATION,0.0,3,0
1771931545.506,3.6,0.0,45.0,JUNCTION_RIGHT,FATAL DEGRADATION,0.0,3,0
1771931545.705,3.4,0.0,45.0,JUNCTION_RIGHT,FATAL DEGRADATION,0.0,3,0
1771931546.23,3.9,0.0,45.0,JUNCTION_RIGHT,FATAL DEGRADATION,0.0,3,0
1771931546.659,3.3,0.0,45.0,JUNCTION_RIGHT,FATAL DEGRADATION,0.0,3,0
1771931547.241,3.0,0.0,45.0,JUNCTION_RIGHT,FATAL DEGRADATION,0.0,3,0
1771931547.421,2.6,0.0,45.0,JUNCTION_RIGHT,FATAL DEGRADATION,0.0,3,0
1771931547.737,3.5,0.0,45.0,JUNCTION_RIGHT,FATAL DEGRADATION,0.0,3,0
1771931548.013,3.4,0.0,45.0,JUNCTION_RIGHT,FATAL DEGRADATION,0.0,3,0
1771931548.349,3.5,0.0,45.0,JUNCTION_RIGHT,FATAL DEGRADATION,0.0,3,0
1771931548.534,3.3,0.0,45.0,JUNCTION_RIGHT,FATAL DEGRADATION,0.0,3,0
1771931548.99,3.9,0.0,45.0,JUNCTION_RIGHT,FATAL DEGRADATION,0.0,3,0
1771931549.249,3.4,0.0,45.0,JUNCTION_RIGHT,FATAL DEGRADATION,0.0,3,0
1771931549.543,3.6,0.0,45.0,JUNCTION_RIGHT,FATAL DEGRADATION,0.0,3,0
1771931549.819,3.5,0.0,45.0,JUNCTION_RIGHT,FATAL DEGRADATION,0.0,3,0
1771931550.179,3.5,0.0,45.0,JUNCTION_RIGHT,FATAL DEGRADATION,0.0,3,0
1771931550.394,3.3,0.0,45.0,JUNCTION_RIGHT,FATAL DEGRADATION,0.0,3,0
1771931550.663,3.7,0.0,45.0,JUNCTION_RIGHT,FATAL DEGRADATION,0.0,3,0
1771931550.847,3.7,0.0,45.0,JUNCTION_RIGHT,FATAL DEGRADATION,0.0,3,0
1771931551.173,4.2,0.0,45.0,JUNCTION_RIGHT,FATAL DEGRADATION,0.0,3,0
1771931552.342,3.9,0.0,45.0,JUNCTION_RIGHT,FATAL DEGRADATION,0.0,3,0
1771931553.926,3.0,0.0,45.0,JUNCTION_RIGHT,FATAL DEGRADATION,0.0,3,0
1771931554.529,2.3,0.0,45.0,JUNCTION_RIGHT,FATAL DEGRADATION,0.0,3,0
1771931554.929,2.1,0.0,45.0,JUNCTION_RIGHT,FATAL DEGRADATION,0.0,3,0
1771931555.113,2.2,0.0,45.0,JUNCTION_RIGHT,FATAL DEGRADATION,0.0,3,0
1771931555.339,3.3,0.0,45.0,JUNCTION_RIGHT,FATAL DEGRADATION,0.0,3,0
1771931555.469,3.6,0.0,45.0,JUNCTION_RIGHT,FATAL DEGRADATION,0.0,3,0
1771931555.777,4.8,0.0,45.0,JUNCTION_RIGHT,FATAL DEGRADATION,0.0,3,0
1771931556.049,4.3,0.0,45.0,JUNCTION_RIGHT,FATAL DEGRADATION,0.0,3,0
1771931556.372,4.2,0.0,45.0,JUNCTION_RIGHT,FATAL DEGRADATION,0.0,3,0
1771931556.533,3.9,0.0,45.0,JUNCTION_RIGHT,FATAL DEGRADATION,0.0,3,0
1771931557.055,4.5,0.0,45.0,JUNCTION_RIGHT,FATAL DEGRADATION,0.0,3,0
1771931557.43,3.7,0.0,45.0,JUNCTION_RIGHT,FATAL DEGRADATION,0.0,3,0
1771931557.693,3.4,0.0,45.0,JUNCTION_RIGHT,FATAL DEGRADATION,0.0,3,0
1771931557.935,3.5,0.0,45.0,JUNCTION_RIGHT,FATAL DEGRADATION,0.0,3,0
1771931558.281,3.7,0.0,45.0,JUNCTION_RIGHT,FATAL DEGRADATION,0.0,3,0
1771931558.507,3.5,0.0,45.0,JUNCTION_RIGHT,FATAL DEGRADATION,0.0,3,0
1771931558.819,3.8,0.0,45.0,JUNCTION_RIGHT,FATAL DEGRADATION,0.0,3,0
1771931559.077,3.6,0.0,45.0,JUNCTION_RIGHT,FATAL DEGRADATION,0.0,3,0
1771931559.487,3.7,0.0,45.0,JUNCTION_RIGHT,FATAL DEGRADATION,0.0,3,0
1771931559.907,3.3,0.0,45.0,JUNCTION_RIGHT,FATAL DEGRADATION,0.0,3,0
1771931560.28,3.0,0.0,45.0,JUNCTION_RIGHT,FATAL DEGRADATION,0.0,3,0
1771931560.444,2.9,0.0,45.0,JUNCTION_RIGHT,FATAL DEGRADATION,0.0,3,0
1771931560.741,3.9,0.0,45.0,JUNCTION_RIGHT,FATAL DEGRADATION,0.0,3,0
1771931560.958,3.7,0.0,45.0,JUNCTION_RIGHT,FATAL DEGRADATION,0.0,3,0
1771931561.215,4.0,0.0,45.0,JUNCTION_RIGHT,FATAL DEGRADATION,0.0,3,0
1771931561.451,4.0,0.0,45.0,JUNCTION_RIGHT,FATAL DEGRADATION,0.0,3,0
1771931562.087,4.1,0.0,45.0,JUNCTION_RIGHT,FATAL DEGRADATION,0.0,3,0
1771931562.394,3.3,0.0,45.0,JUNCTION_RIGHT,FATAL DEGRADATION,0.0,3,0
1771931562.824,3.3,0.0,45.0,JUNCTION_RIGHT,FATAL DEGRADATION,0.0,3,0
1771931563.065,3.0,0.0,45.0,JUNCTION_RIGHT,FATAL DEGRADATION,0.0,3,0
1771931563.442,3.3,0.0,45.0,JUNCTION_RIGHT,FATAL DEGRADATION,0.0,3,0
1771931563.621,3.1,0.0,45.0,JUNCTION_RIGHT,FATAL DEGRADATION,0.0,3,0
1771931564.015,3.8,0.0,45.0,JUNCTION_RIGHT,FATAL DEGRADATION,0.0,3,0
1771931564.303,3.5,0.0,45.0,JUNCTION_RIGHT,FATAL DEGRADATION,0.0,3,0
1771931564.547,3.5,0.0,45.0,JUNCTION_RIGHT,FATAL DEGRADATION,0.0,3,0
1771931564.792,3.7,0.0,45.0,JUNCTION_RIGHT,FATAL DEGRADATION,0.0,3,0
1771931565.157,3.8,0.0,45.0,JUNCTION_RIGHT,FATAL DEGRADATION,0.0,3,0
1771931565.385,3.5,0.0,45.0,JUNCTION_RIGHT,FATAL DEGRADATION,0.0,3,0
1771931565.653,3.7,0.0,45.0,JUNCTION_RIGHT,FATAL DEGRADATION,0.0,3,0
1771931566.099,3.7,0.0,45.0,JUNCTION_RIGHT,FATAL DEGRADATION,0.0,3,0
1771931566.492,3.3,0.0,45.0,JUNCTION_RIGHT,FATAL DEGRADATION,0.0,3,0
1771931566.908,3.1,0.0,45.0,JUNCTION_RIGHT,FATAL DEGRADATION,0.0,3,0
1771931567.466,2.9,0.0,45.0,JUNCTION_RIGHT,FATAL DEGRADATION,0.0,3,0
1771931567.703,2.5,0.0,45.0,JUNCTION_RIGHT,FATAL DEGRADATION,0.0,3,0
1771931567.985,3.0,0.0,45.0,JUNCTION_RIGHT,FATAL DEGRADATION,0.0,3,0
1771931568.186,3.2,0.0,45.0,JUNCTION_RIGHT,FATAL DEGRADATION,0.0,3,0
1771931568.542,3.7,0.0,45.0,JUNCTION_RIGHT,FATAL DEGRADATION,0.0,3,0
1771931568.74,3.5,0.0,45.0,JUNCTION_RIGHT,FATAL DEGRADATION,0.0,3,0
1771931569.012,3.9,0.0,45.0,JUNCTION_RIGHT,FATAL DEGRADATION,0.0,3,0
1771931569.287,3.9,0.0,45.0,JUNCTION_RIGHT,FATAL DEGRADATION,0.0,3,0
1771931569.489,3.8,0.0,45.0,JUNCTION_RIGHT,FATAL DEGRADATION,0.0,3,0
1771931569.619,4.2,0.0,45.0,JUNCTION_RIGHT,FATAL DEGRADATION,0.0,3,0
1771931569.871,5.2,0.0,45.0,JUNCTION_RIGHT,FATAL DEGRADATION,0.0,3,0
1771931570.096,4.8,0.0,45.0,JUNCTION_RIGHT,FATAL DEGRADATION,0.0,3,0
1771931570.406,4.7,0.0,45.0,JUNCTION_RIGHT,FATAL DEGRADATION,0.0,3,0
1771931570.546,4.3,0.0,45.0,JUNCTION_RIGHT,FATAL DEGRADATION,0.0,3,0
1771931571.43,5.1,0.0,45.0,JUNCTION_RIGHT,FATAL DEGRADATION,0.0,3,0
1771931571.972,3.9,0.0,45.0,JUNCTION_RIGHT,FATAL DEGRADATION,0.0,3,0
1771931572.723,3.3,0.0,45.0,JUNCTION_RIGHT,FATAL DEGRADATION,0.0,3,0
1771931573.065,2.7,0.0,45.0,JUNCTION_RIGHT,FATAL DEGRADATION,0.0,3,0
1771931573.38,2.8,0.0,45.0,JUNCTION_RIGHT,FATAL DEGRADATION,0.0,3,0
1771931573.625,2.9,0.0,45.0,JUNCTION_RIGHT,FATAL DEGRADATION,0.0,3,0
1771931573.953,3.2,0.0,45.0,JUNCTION_RIGHT,FATAL DEGRADATION,0.0,3,0
1771931574.191,3.2,0.0,45.0,JUNCTION_RIGHT,FATAL DEGRADATION,0.0,3,0
1771931574.568,3.5,0.0,45.0,JUNCTION_RIGHT,FATAL DEGRADATION,0.0,3,0
1771931574.806,3.2,0.0,45.0,JUNCTION_RIGHT,FATAL DEGRADATION,0.0,3,0
1771931575.004,3.5,0.0,45.0,JUNCTION_RIGHT,FATAL DEGRADATION,0.0,3,0
1771931575.175,4.0,0.0,45.0,JUNCTION_RIGHT,FATAL DEGRADATION,0.0,3,0
1771931575.452,4.6,0.0,45.0,JUNCTION_RIGHT,FATAL DEGRADATION,0.0,3,0
1771931575.572,4.3,0.0,45.0,JUNCTION_RIGHT,FATAL DEGRADATION,0.0,3,0
1771931575.832,5.5,0.0,45.0,JUNCTION_RIGHT,FATAL DEGRADATION,0.0,3,0
1771931576.003,5.0,0.0,45.0,JUNCTION_RIGHT,FATAL DEGRADATION,0.0,3,0
1771931576.254,5.3,0.0,45.0,JUNCTION_RIGHT,FATAL DEGRADATION,0.0,3,0
1771931576.405,4.9,0.0,45.0,JUNCTION_RIGHT,FATAL DEGRADATION,0.0,3,0
1771931576.643,5.4,0.0,45.0,JUNCTION_RIGHT,FATAL DEGRADATION,0.0,3,0
1771931576.828,5.0,0.0,45.0,JUNCTION_RIGHT,FATAL DEGRADATION,0.0,3,0
1771931577.067,5.2,0.0,45.0,JUNCTION_RIGHT,FATAL DEGRADATION,0.0,3,0
1771931577.335,4.9,0.0,45.0,JUNCTION_RIGHT,FATAL DEGRADATION,0.0,3,0
1771931577.784,4.5,0.0,45.0,JUNCTION_RIGHT,FATAL DEGRADATION,0.0,3,0
1771931578.01,3.8,0.0,45.0,JUNCTION_RIGHT,FATAL DEGRADATION,0.0,3,0
1771931578.24,4.0,0.0,45.0,JUNCTION_RIGHT,FATAL DEGRADATION,0.0,3,0
1771931578.378,4.1,0.0,45.0,JUNCTION_RIGHT,FATAL DEGRADATION,0.0,3,0
1771931578.586,5.1,0.0,45.0,JUNCTION_RIGHT,FATAL DEGRADATION,0.0,3,0
1771931578.977,5.0,0.0,45.0,JUNCTION_RIGHT,FATAL DEGRADATION,0.0,3,0
1771931579.213,4.3,0.0,45.0,JUNCTION_RIGHT,FATAL DEGRADATION,0.0,3,0
1771931579.354,4.2,0.0,45.0,JUNCTION_RIGHT,FATAL DEGRADATION,0.0,3,0
1771931579.521,5.1,0.0,45.0,JUNCTION_RIGHT,FATAL DEGRADATION,0.0,3,0
1771931579.691,5.4,0.0,45.0,JUNCTION_RIGHT,FATAL DEGRADATION,0.0,3,0
1771931579.928,5.5,0.0,45.0,JUNCTION_RIGHT,FATAL DEGRADATION,0.0,3,0
1771931580.087,5.1,0.0,45.0,JUNCTION_RIGHT,FATAL DEGRADATION,0.0,3,0
1771931580.343,5.5,0.0,45.0,JUNCTION_RIGHT,FATAL DEGRADATION,0.0,3,0
1771931580.473,5.0,0.0,45.0,JUNCTION_RIGHT,FATAL DEGRADATION,0.0,3,0
1771931580.717,5.8,0.0,45.0,JUNCTION_RIGHT,FATAL DEGRADATION,0.0,3,0
1771931580.849,5.3,0.0,45.0,JUNCTION_RIGHT,FATAL DEGRADATION,0.0,3,0
1771931581.06,6.0,0.0,45.0,JUNCTION_RIGHT,FATAL DEGRADATION,0.0,3,0
1771931581.179,5.6,0.0,45.0,JUNCTION_RIGHT,FATAL DEGRADATION,0.0,3,0
1771931581.402,6.5,0.0,45.0,JUNCTION_RIGHT,FATAL DEGRADATION,0.0,3,0
1771931581.535,5.9,0.0,45.0,JUNCTION_RIGHT,FATAL DEGRADATION,0.0,3,0
1771931581.801,6.4,0.0,45.0,JUNCTION_RIGHT,FATAL DEGRADATION,0.0,3,0
1771931581.943,5.6,0.0,45.0,JUNCTION_RIGHT,FATAL DEGRADATION,0.0,3,0
1771931582.257,6.0,0.0,45.0,JUNCTION_RIGHT,FATAL DEGRADATION,0.0,3,0
1771931582.517,5.2,0.0,45.0,JUNCTION_RIGHT,FATAL DEGRADATION,0.0,3,0
1771931582.951,4.8,0.0,45.0,JUNCTION_RIGHT,FATAL DEGRADATION,0.0,3,0
1771931583.153,4.0,0.0,45.0,JUNCTION_RIGHT,FATAL DEGRADATION,0.0,3,0
1771931583.419,4.3,0.0,45.0,JUNCTION_RIGHT,FATAL DEGRADATION,0.0,3,0
1771931583.627,4.1,0.0,45.0,JUNCTION_RIGHT,FATAL DEGRADATION,0.0,3,0
1771931584.001,4.3,0.0,45.0,JUNCTION_RIGHT,FATAL DEGRADATION,0.0,3,0
1771931584.22,3.8,0.0,45.0,JUNCTION_RIGHT,FATAL DEGRADATION,0.0,3,0
1771931584.434,4.1,0.0,45.0,JUNCTION_RIGHT,FATAL DEGRADATION,0.0,3,0
1771931584.559,4.2,0.0,45.0,JUNCTION_RIGHT,FATAL DEGRADATION,0.0,3,0
1771931584.847,5.4,0.0,45.0,JUNCTION_RIGHT,FATAL DEGRADATION,0.0,3,0
1771931584.986,4.8,0.0,45.0,JUNCTION_RIGHT,FATAL DEGRADATION,0.0,3,0
1771931585.218,5.5,0.0,45.0,JUNCTION_RIGHT,FATAL DEGRADATION,0.0,3,0
1771931585.347,5.2,0.0,45.0,JUNCTION_RIGHT,FATAL DEGRADATION,0.0,3,0
1771931585.536,5.9,0.0,45.0,JUNCTION_RIGHT,FATAL DEGRADATION,0.0,3,0
1771931585.662,5.8,0.0,45.0,JUNCTION_RIGHT,FATAL DEGRADATION,0.0,3,0
1771931585.996,6.4,0.0,45.0,JUNCTION_RIGHT,FATAL DEGRADATION,0.0,3,0
1771931586.095,5.4,0.0,45.0,JUNCTION_RIGHT,FATAL DEGRADATION,0.0,3,0
1771931586.204,6.8,0.0,45.0,JUNCTION_RIGHT,FATAL DEGRADATION,0.0,3,0
1771931586.269,7.5,0.0,45.0,JUNCTION_RIGHT,FATAL DEGRADATION,0.0,3,0
1771931586.371,10.0,0.0,45.0,JUNCTION_RIGHT,FATAL DEGRADATION,0.0,3,0
1771931586.45,9.9,0.0,45.0,JUNCTION_RIGHT,FATAL DEGRADATION,0.0,3,0
1771931586.533,10.8,0.0,45.0,JUNCTION_RIGHT,FATAL DEGRADATION,0.0,3,0
1771931586.602,11.1,0.0,45.0,JUNCTION_RIGHT,FATAL DEGRADATION,0.0,3,0
1771931586.713,12.2,0.0,45.0,JUNCTION_RIGHT,FATAL DEGRADATION,0.0,3,0
1771931586.776,11.2,0.0,45.0,JUNCTION_RIGHT,FATAL DEGRADATION,0.0,3,0
1771931586.884,12.7,0.0,45.0,JUNCTION_RIGHT,FATAL DEGRADATION,0.0,3,0
1771931586.948,11.7,0.0,45.0,JUNCTION_RIGHT,FATAL DEGRADATION,0.0,3,0
1771931587.06,12.8,0.0,45.0,JUNCTION_RIGHT,FATAL DEGRADATION,0.0,3,0
1771931587.122,11.7,0.0,45.0,JUNCTION_RIGHT,FATAL DEGRADATION,0.0,3,0
1771931587.22,12.8,0.0,45.0,JUNCTION_RIGHT,FATAL DEGRADATION,0.0,3,0
1771931587.325,12.1,0.0,45.0,JUNCTION_RIGHT,FATAL DEGRADATION,0.0,3,0
1771931587.419,11.3,0.0,45.0,JUNCTION_RIGHT,FATAL DEGRADATION,0.0,3,0
1771931587.484,11.1,0.0,45.0,JUNCTION_RIGHT,FATAL DEGRADATION,0.0,3,0
1771931587.595,12.5,0.0,45.0,JUNCTION_RIGHT,FATAL DEGRADATION,0.0,3,0
1771931587.662,11.5,0.0,45.0,JUNCTION_RIGHT,FATAL DEGRADATION,0.0,3,0
1771931587.768,12.5,0.0,45.0,JUNCTION_RIGHT,FATAL DEGRADATION,0.0,3,0
1771931587.844,11.5,0.0,45.0,JUNCTION_RIGHT,FATAL DEGRADATION,0.0,3,0
1771931587.942,12.1,0.0,45.0,JUNCTION_RIGHT,FATAL DEGRADATION,0.0,3,0
1771931588.01,11.5,0.0,45.0,JUNCTION_RIGHT,FATAL DEGRADATION,0.0,3,0
1771931588.11,12.5,0.0,45.0,JUNCTION_RIGHT,FATAL DEGRADATION,0.0,3,0
1771931588.172,11.7,0.0,45.0,JUNCTION_RIGHT,FATAL DEGRADATION,0.0,3,0
1771931588.265,13.1,0.0,45.0,JUNCTION_RIGHT,FATAL DEGRADATION,0.0,3,0
1771931588.365,12.4,0.0,45.0,JUNCTION_RIGHT,FATAL DEGRADATION,0.0,3,0
1771931588.458,11.7,0.0,45.0,JUNCTION_RIGHT,FATAL DEGRADATION,0.0,3,0
1771931588.521,11.4,0.0,45.0,JUNCTION_RIGHT,FATAL DEGRADATION,0.0,3,0
1771931588.614,12.6,0.0,45.0,JUNCTION_RIGHT,FATAL DEGRADATION,0.0,3,0
1771931588.713,12.1,0.0,45.0,JUNCTION_RIGHT,FATAL DEGRADATION,0.0,3,0
1771931588.806,11.5,0.0,45.0,JUNCTION_RIGHT,FATAL DEGRADATION,0.0,3,0
1771931588.871,11.2,0.0,45.0,JUNCTION_RIGHT,FATAL DEGRADATION,0.0,3,0
1771931588.969,12.6,0.0,45.0,JUNCTION_RIGHT,FATAL DEGRADATION,0.0,3,0
1771931589.02,11.9,0.0,45.0,JUNCTION_RIGHT,FATAL DEGRADATION,0.0,3,0
1771931589.125,14.3,0.0,45.0,JUNCTION_RIGHT,FATAL DEGRADATION,0.0,3,0
1771931589.224,12.8,0.0,45.0,JUNCTION_RIGHT,FATAL DEGRADATION,0.0,3,0
1771931589.329,12.0,0.0,45.0,JUNCTION_RIGHT,FATAL DEGRADATION,0.0,3,0
1771931589.395,11.3,0.0,45.0,JUNCTION_RIGHT,FATAL DEGRADATION,0.0,3,0
1771931589.496,12.5,0.0,45.0,JUNCTION_RIGHT,FATAL DEGRADATION,0.0,3,0
1771931589.579,11.7,0.0,45.0,JUNCTION_RIGHT,FATAL DEGRADATION,0.0,3,0
1771931589.686,11.8,0.0,45.0,JUNCTION_RIGHT,FATAL DEGRADATION,0.0,3,0
1771931589.744,11.1,0.0,45.0,JUNCTION_RIGHT,FATAL DEGRADATION,0.0,3,0
1771931589.852,12.9,0.0,45.0,JUNCTION_RIGHT,FATAL DEGRADATION,0.0,3,0
1771931589.899,11.8,0.0,45.0,JUNCTION_RIGHT,FATAL DEGRADATION,0.0,3,0
1771931590.023,14.6,0.0,45.0,JUNCTION_RIGHT,FATAL DEGRADATION,0.0,3,0
1771931590.106,12.6,0.0,45.0,JUNCTION_RIGHT,FATAL DEGRADATION,0.0,3,0
1771931590.194,12.4,0.0,45.0,JUNCTION_RIGHT,FATAL DEGRADATION,0.0,3,0
1771931590.246,12.1,0.0,45.0,JUNCTION_RIGHT,FATAL DEGRADATION,0.0,3,0
1771931590.326,14.4,0.0,45.0,JUNCTION_RIGHT,FATAL DEGRADATION,0.0,3,0
1771931590.424,13.8,0.0,45.0,JUNCTION_RIGHT,FATAL DEGRADATION,0.0,3,0
1771931590.525,12.7,0.0,45.0,JUNCTION_RIGHT,FATAL DEGRADATION,0.0,3,0
1771931590.588,11.9,0.0,45.0,JUNCTION_RIGHT,FATAL DEGRADATION,0.0,3,0
1771931590.692,13.1,0.0,45.0,JUNCTION_RIGHT,FATAL DEGRADATION,0.0,3,0
1771931590.78,12.0,0.0,45.0,JUNCTION_RIGHT,FATAL DEGRADATION,0.0,3,0
1771931590.874,11.8,0.0,45.0,JUNCTION_RIGHT,FATAL DEGRADATION,0.0,3,0
1771931590.936,11.5,0.0,45.0,JUNCTION_RIGHT,FATAL DEGRADATION,0.0,3,0
1771931591.038,12.9,0.0,45.0,JUNCTION_RIGHT,FATAL DEGRADATION,0.0,3,0
1771931591.098,11.9,0.0,45.0,JUNCTION_RIGHT,FATAL DEGRADATION,0.0,3,0
1771931591.196,13.4,0.0,45.0,JUNCTION_RIGHT,FATAL DEGRADATION,0.0,3,0
1771931591.277,12.4,0.0,45.0,JUNCTION_RIGHT,FATAL DEGRADATION,0.0,3,0
1771931591.362,12.4,0.0,45.0,JUNCTION_RIGHT,FATAL DEGRADATION,0.0,3,0
1771931591.453,12.2,0.0,45.0,JUNCTION_RIGHT,FATAL DEGRADATION,0.0,3,0
1771931591.542,11.9,0.0,45.0,JUNCTION_RIGHT,FATAL DEGRADATION,0.0,3,0
1771931591.605,11.6,0.0,45.0,JUNCTION_RIGHT,FATAL DEGRADATION,0.0,3,0
1771931591.708,13.0,0.0,45.0,JUNCTION_RIGHT,FATAL DEGRADATION,0.0,3,0
1771931591.769,12.0,0.0,45.0,JUNCTION_RIGHT,FATAL DEGRADATION,0.0,3,0
1771931591.891,13.3,0.0,45.0,JUNCTION_RIGHT,FATAL DEGRADATION,0.0,3,0
1771931591.954,11.8,0.0,45.0,JUNCTION_RIGHT,FATAL DEGRADATION,0.0,3,0
1771931592.064,13.0,0.0,45.0,JUNCTION_RIGHT,FATAL DEGRADATION,0.0,3,0
1771931592.127,11.8,0.0,45.0,JUNCTION_RIGHT,FATAL DEGRADATION,0.0,3,0
1771931592.22,13.0,0.0,45.0,JUNCTION_RIGHT,FATAL DEGRADATION,0.0,3,0
1771931592.296,12.3,0.0,45.0,JUNCTION_RIGHT,FATAL DEGRADATION,0.0,3,0
1771931592.389,12.5,0.0,45.0,JUNCTION_RIGHT,FATAL DEGRADATION,0.0,3,0
1771931592.485,12.0,0.0,45.0,JUNCTION_RIGHT,FATAL DEGRADATION,0.0,3,0
1771931592.585,11.5,0.0,45.0,JUNCTION_RIGHT,FATAL DEGRADATION,0.0,3,0
1771931592.64,11.1,0.0,45.0,JUNCTION_RIGHT,FATAL DEGRADATION,0.0,3,0
1771931592.732,13.2,0.0,45.0,JUNCTION_RIGHT,FATAL DEGRADATION,0.0,3,0
1771931592.837,12.5,0.0,45.0,JUNCTION_RIGHT,FATAL DEGRADATION,0.0,3,0
1771931592.938,11.6,0.0,45.0,JUNCTION_RIGHT,FATAL DEGRADATION,0.0,3,0
1771931593.0,11.1,0.0,45.0,JUNCTION_RIGHT,FATAL DEGRADATION,0.0,3,0
1771931593.095,12.7,0.0,45.0,JUNCTION_RIGHT,FATAL DEGRADATION,0.0,3,0
1771931593.195,12.0,0.0,45.0,JUNCTION_RIGHT,FATAL DEGRADATION,0.0,3,0
1771931593.285,11.4,0.0,45.0,JUNCTION_RIGHT,FATAL DEGRADATION,0.0,3,0
1771931593.347,11.4,0.0,45.0,JUNCTION_RIGHT,FATAL DEGRADATION,0.0,3,0
1771931593.448,12.8,0.0,45.0,JUNCTION_RIGHT,FATAL DEGRADATION,0.0,3,0
1771931593.508,11.9,0.0,45.0,JUNCTION_RIGHT,FATAL DEGRADATION,0.0,3,0
1771931593.605,13.3,0.0,45.0,JUNCTION_RIGHT,FATAL DEGRADATION,0.0,3,0
1771931593.703,12.4,0.0,45.0,JUNCTION_RIGHT,FATAL DEGRADATION,0.0,3,0
1771931593.789,11.7,0.0,45.0,JUNCTION_RIGHT,FATAL DEGRADATION,0.0,3,0
1771931593.854,11.8,0.0,45.0,JUNCTION_RIGHT,FATAL DEGRADATION,0.0,3,0
1771931593.934,12.8,0.0,45.0,JUNCTION_RIGHT,FATAL DEGRADATION,0.0,3,0
1771931594.031,12.7,0.0,45.0,JUNCTION_RIGHT,FATAL DEGRADATION,0.0,3,0
1771931594.135,12.0,0.0,45.0,JUNCTION_RIGHT,FATAL DEGRADATION,0.0,3,0
1771931594.198,11.3,0.0,45.0,JUNCTION_RIGHT,FATAL DEGRADATION,0.0,3,0
1771931594.299,12.6,0.0,45.0,JUNCTION_RIGHT,FATAL DEGRADATION,0.0,3,0
1771931594.36,11.8,0.0,45.0,JUNCTION_RIGHT,FATAL DEGRADATION,0.0,3,0
1771931594.477,13.2,0.0,45.0,JUNCTION_RIGHT,FATAL DEGRADATION,0.0,3,0
1771931594.515,11.8,0.0,45.0,JUNCTION_RIGHT,FATAL DEGRADATION,0.0,3,0
1771931594.624,16.2,0.0,45.0,JUNCTION_RIGHT,FATAL DEGRADATION,0.0,3,0
1771931594.722,14.1,0.0,45.0,JUNCTION_RIGHT,FATAL DEGRADATION,0.0,3,0
1771931594.82,13.0,0.0,45.0,JUNCTION_RIGHT,FATAL DEGRADATION,0.0,3,0
1771931594.927,12.1,0.0,45.0,JUNCTION_RIGHT,FATAL DEGRADATION,0.0,3,0
1771931595.026,11.3,0.0,45.0,JUNCTION_RIGHT,FATAL DEGRADATION,0.0,3,0
1771931595.094,10.9,0.0,45.0,JUNCTION_RIGHT,FATAL DEGRADATION,0.0,3,0
1771931595.199,12.1,0.0,45.0,JUNCTION_RIGHT,FATAL DEGRADATION,0.0,3,0
1771931595.27,11.3,0.0,45.0,JUNCTION_RIGHT,FATAL DEGRADATION,0.0,3,0
1771931595.375,12.1,0.0,45.0,JUNCTION_RIGHT,FATAL DEGRADATION,0.0,3,0
1771931595.435,11.4,0.0,45.0,JUNCTION_RIGHT,FATAL DEGRADATION,0.0,3,0
1771931595.525,12.9,0.0,45.0,JUNCTION_RIGHT,FATAL DEGRADATION,0.0,3,0
1771931595.62,12.4,0.0,45.0,JUNCTION_RIGHT,FATAL DEGRADATION,0.0,3,0
1771931595.72,11.8,0.0,45.0,JUNCTION_RIGHT,FATAL DEGRADATION,0.0,3,0
1771931595.784,11.3,0.0,45.0,JUNCTION_RIGHT,FATAL DEGRADATION,0.0,3,0
1771931595.861,12.5,0.0,45.0,JUNCTION_RIGHT,FATAL DEGRADATION,0.0,3,0
1771931595.956,12.7,0.0,45.0,JUNCTION_RIGHT,FATAL DEGRADATION,0.0,3,0
1771931596.041,12.0,0.0,45.0,JUNCTION_RIGHT,FATAL DEGRADATION,0.0,3,0
1771931596.109,11.9,0.0,45.0,JUNCTION_RIGHT,FATAL DEGRADATION,0.0,3,0
1771931596.211,12.8,0.0,45.0,JUNCTION_RIGHT,FATAL DEGRADATION,0.0,3,0
1771931596.28,11.8,0.0,45.0,JUNCTION_RIGHT,FATAL DEGRADATION,0.0,3,0
1771931596.373,12.6,0.0,45.0,JUNCTION_RIGHT,FATAL DEGRADATION,0.0,3,0
1771931596.475,12.1,0.0,45.0,JUNCTION_RIGHT,FATAL DEGRADATION,0.0,3,0
1771931596.576,11.4,0.0,45.0,JUNCTION_RIGHT,FATAL DEGRADATION,0.0,3,0
1771931596.629,11.0,0.0,45.0,JUNCTION_RIGHT,FATAL DEGRADATION,0.0,3,0
1771931596.718,13.3,0.0,45.0,JUNCTION_RIGHT,FATAL DEGRADATION,0.0,3,0
1771931596.809,12.7,0.0,45.0,JUNCTION_RIGHT,FATAL DEGRADATION,0.0,3,0
1771931596.863,12.2,0.0,45.0,JUNCTION_RIGHT,FATAL DEGRADATION,0.0,3,0
1771931596.952,14.2,0.0,45.0,JUNCTION_RIGHT,FATAL DEGRADATION,0.0,3,0
1771931597.047,13.3,0.0,45.0,JUNCTION_RIGHT,FATAL DEGRADATION,0.0,3,0
1771931597.145,12.4,0.0,45.0,JUNCTION_RIGHT,FATAL DEGRADATION,0.0,3,0
1771931597.236,11.8,0.0,45.0,JUNCTION_RIGHT,FATAL DEGRADATION,0.0,3,0
1771931597.302,11.5,0.0,45.0,JUNCTION_RIGHT,FATAL DEGRADATION,0.0,3,0
1771931597.405,12.6,0.0,45.0,JUNCTION_RIGHT,FATAL DEGRADATION,0.0,3,0
1771931597.471,11.8,0.0,45.0,JUNCTION_RIGHT,FATAL DEGRADATION,0.0,3,0
1771931597.558,12.7,0.0,45.0,JUNCTION_RIGHT,FATAL DEGRADATION,0.0,3,0
1771931597.653,12.4,0.0,45.0,JUNCTION_RIGHT,FATAL DEGRADATION,0.0,3,0
1771931597.746,11.9,0.0,45.0,JUNCTION_RIGHT,FATAL DEGRADATION,0.0,3,0
1771931597.818,11.5,0.0,45.0,JUNCTION_RIGHT,FATAL DEGRADATION,0.0,3,0
1771931597.918,12.3,0.0,45.0,JUNCTION_RIGHT,FATAL DEGRADATION,0.0,3,0
1771931597.984,11.6,0.0,45.0,JUNCTION_RIGHT,FATAL DEGRADATION,0.0,3,0
1771931598.08,12.6,0.0,45.0,JUNCTION_RIGHT,FATAL DEGRADATION,0.0,3,0
1771931598.139,11.9,0.0,45.0,JUNCTION_RIGHT,FATAL DEGRADATION,0.0,3,0
1771931598.243,13.4,0.0,45.0,JUNCTION_RIGHT,FATAL DEGRADATION,0.0,3,0
1771931598.334,12.3,0.0,45.0,JUNCTION_RIGHT,FATAL DEGRADATION,0.0,3,0
1771931598.427,11.9,0.0,45.0,JUNCTION_RIGHT,FATAL DEGRADATION,0.0,3,0
1771931598.493,11.5,0.0,45.0,JUNCTION_RIGHT,FATAL DEGRADATION,0.0,3,0
1771931598.609,12.6,0.0,45.0,JUNCTION_RIGHT,FATAL DEGRADATION,0.0,3,0
1771931598.666,11.4,0.0,45.0,JUNCTION_RIGHT,FATAL DEGRADATION,0.0,3,0
1771931598.791,13.3,0.0,45.0,JUNCTION_RIGHT,FATAL DEGRADATION,0.0,3,0
1771931598.856,11.7,0.0,45.0,JUNCTION_RIGHT,FATAL DEGRADATION,0.0,3,0
1771931598.975,12.9,0.0,45.0,JUNCTION_RIGHT,FATAL DEGRADATION,0.0,3,0
1771931599.008,11.5,0.0,45.0,JUNCTION_RIGHT,FATAL DEGRADATION,0.0,3,0
1771931599.071,17.3,0.0,45.0,JUNCTION_RIGHT,FATAL DEGRADATION,0.0,3,0
1771931599.119,16.8,0.0,45.0,JUNCTION_RIGHT,FATAL DEGRADATION,0.0,3,0
1771931599.217,18.0,0.0,45.0,JUNCTION_RIGHT,FATAL DEGRADATION,0.0,3,0
1771931599.291,15.7,0.0,45.0,JUNCTION_RIGHT,FATAL DEGRADATION,0.0,3,0
1771931599.343,15.1,0.0,45.0,JUNCTION_RIGHT,FATAL DEGRADATION,0.0,3,0
1771931599.448,16.3,0.0,45.0,JUNCTION_RIGHT,FATAL DEGRADATION,0.0,3,0
1771931599.56,14.3,0.0,45.0,JUNCTION_RIGHT,FATAL DEGRADATION,0.0,3,0
1771931599.659,12.7,0.0,45.0,JUNCTION_RIGHT,FATAL DEGRADATION,0.0,3,0
1771931599.74,11.9,0.0,45.0,JUNCTION_RIGHT,FATAL DEGRADATION,0.0,3,0
1771931599.803,12.0,0.0,45.0,JUNCTION_RIGHT,FATAL DEGRADATION,0.0,3,0
1771931599.924,13.1,0.0,45.0,JUNCTION_RIGHT,FATAL DEGRADATION,0.0,3,0
1771931599.987,11.7,0.0,45.0,JUNCTION_RIGHT,FATAL DEGRADATION,0.0,3,0
1771931600.112,12.9,0.0,45.0,JUNCTION_RIGHT,FATAL DEGRADATION,0.0,3,0
1771931600.175,11.5,0.0,45.0,JUNCTION_RIGHT,FATAL DEGRADATION,0.0,3,0
1771931600.263,12.7,0.0,45.0,JUNCTION_RIGHT,FATAL DEGRADATION,0.0,3,0
1771931600.377,12.3,0.0,45.0,JUNCTION_RIGHT,FATAL DEGRADATION,0.0,3,0
1771931600.476,11.3,0.0,45.0,JUNCTION_RIGHT,FATAL DEGRADATION,0.0,3,0
1771931600.545,10.9,0.0,45.0,JUNCTION_RIGHT,FATAL DEGRADATION,0.0,3,0
1771931600.657,12.0,0.0,45.0,JUNCTION_RIGHT,FATAL DEGRADATION,0.0,3,0
1771931600.718,11.1,0.0,45.0,JUNCTION_RIGHT,FATAL DEGRADATION,0.0,3,0
1771931600.819,12.6,0.0,45.0,JUNCTION_RIGHT,FATAL DEGRADATION,0.0,3,0
1771931600.886,11.8,0.0,45.0,JUNCTION_RIGHT,FATAL DEGRADATION,0.0,3,0
1771931600.989,12.7,0.0,45.0,JUNCTION_RIGHT,FATAL DEGRADATION,0.0,3,0
1771931601.063,11.8,0.0,45.0,JUNCTION_RIGHT,FATAL DEGRADATION,0.0,3,0
1771931601.175,12.4,0.0,45.0,JUNCTION_RIGHT,FATAL DEGRADATION,0.0,3,0
1771931601.226,11.3,0.0,45.0,JUNCTION_RIGHT,FATAL DEGRADATION,0.0,3,0
1771931601.309,13.7,0.0,45.0,JUNCTION_RIGHT,FATAL DEGRADATION,0.0,3,0
1771931601.416,13.2,0.0,45.0,JUNCTION_RIGHT,FATAL DEGRADATION,0.0,3,0
1771931601.475,12.1,0.0,45.0,JUNCTION_RIGHT,FATAL DEGRADATION,0.0,3,0
1771931601.536,13.4,0.0,45.0,JUNCTION_RIGHT,FATAL DEGRADATION,0.0,3,0
1771931601.583,14.3,0.0,45.0,JUNCTION_RIGHT,FATAL DEGRADATION,0.0,3,0
1771931601.638,16.5,0.0,45.0,JUNCTION_RIGHT,FATAL DEGRADATION,0.0,3,0
1771931601.682,17.0,0.0,45.0,JUNCTION_RIGHT,FATAL DEGRADATION,0.0,3,0
1771931601.768,18.8,0.0,45.0,JUNCTION_RIGHT,FATAL DEGRADATION,0.0,3,0
1771931601.852,16.6,0.0,45.0,JUNCTION_RIGHT,FATAL DEGRADATION,0.0,3,0
1771931601.945,15.2,0.0,45.0,JUNCTION_RIGHT,FATAL DEGRADATION,0.0,3,0
1771931602.064,13.9,0.0,45.0,JUNCTION_RIGHT,FATAL DEGRADATION,0.0,3,0
1771931602.171,12.2,0.0,45.0,JUNCTION_RIGHT,FATAL DEGRADATION,0.0,3,0
1771931602.246,11.4,0.0,45.0,JUNCTION_RIGHT,FATAL DEGRADATION,0.0,3,0
1771931602.301,12.0,0.0,45.0,JUNCTION_RIGHT,FATAL DEGRADATION,0.0,3,0
1771931602.383,13.9,0.0,45.0,JUNCTION_RIGHT,FATAL DEGRADATION,0.0,3,0
1771931602.485,13.3,0.0,45.0,JUNCTION_RIGHT,FATAL DEGRADATION,0.0,3,0
1771931602.579,12.3,0.0,45.0,JUNCTION_RIGHT,FATAL DEGRADATION,0.0,3,0
1771931602.643,11.8,0.0,45.0,JUNCTION_RIGHT,FATAL DEGRADATION,0.0,3,0
1771931602.742,12.9,0.0,45.0,JUNCTION_RIGHT,FATAL DEGRADATION,0.0,3,0
1771931602.833,12.1,0.0,45.0,JUNCTION_RIGHT,FATAL DEGRADATION,0.0,3,0
1771931602.921,11.8,0.0,45.0,JUNCTION_RIGHT,FATAL DEGRADATION,0.0,3,0
1771931602.98,11.6,0.0,45.0,JUNCTION_RIGHT,FATAL DEGRADATION,0.0,3,0
1771931603.075,13.2,0.0,45.0,JUNCTION_RIGHT,FATAL DEGRADATION,0.0,3,0
1771931603.167,12.4,0.0,45.0,JUNCTION_RIGHT,FATAL DEGRADATION,0.0,3,0
1771931603.27,11.9,0.0,45.0,JUNCTION_RIGHT,FATAL DEGRADATION,0.0,3,0
1771931603.335,11.2,0.0,45.0,JUNCTION_RIGHT,FATAL DEGRADATION,0.0,3,0
1771931603.432,12.6,0.0,45.0,JUNCTION_RIGHT,FATAL DEGRADATION,0.0,3,0
1771931603.493,11.9,0.0,45.0,JUNCTION_RIGHT,FATAL DEGRADATION,0.0,3,0
1771931603.591,13.2,0.0,45.0,JUNCTION_RIGHT,FATAL DEGRADATION,0.0,3,0
1771931603.684,12.3,0.0,45.0,JUNCTION_RIGHT,FATAL DEGRADATION,0.0,3,0
1771931603.77,11.9,0.0,45.0,JUNCTION_RIGHT,FATAL DEGRADATION,0.0,3,0
1771931603.828,11.8,0.0,45.0,JUNCTION_RIGHT,FATAL DEGRADATION,0.0,3,0
1771931603.926,13.6,0.0,45.0,JUNCTION_RIGHT,FATAL DEGRADATION,0.0,3,0
1771931604.02,12.5,0.0,45.0,JUNCTION_RIGHT,FATAL DEGRADATION,0.0,3,0
1771931604.106,12.0,0.0,45.0,JUNCTION_RIGHT,FATAL DEGRADATION,0.0,3,0
1771931604.186,11.8,0.0,45.0,JUNCTION_RIGHT,FATAL DEGRADATION,0.0,3,0
1771931604.3,12.1,0.0,45.0,JUNCTION_RIGHT,FATAL DEGRADATION,0.0,3,0
1771931604.388,11.1,0.0,45.0,JUNCTION_RIGHT,FATAL DEGRADATION,0.0,3,0
1771931604.589,11.1,0.0,45.0,JUNCTION_RIGHT,FATAL DEGRADATION,0.0,3,0
1771931604.785,9.3,0.0,45.0,JUNCTION_RIGHT,FATAL DEGRADATION,0.0,3,0
1771931604.983,8.0,0.0,45.0,JUNCTION_RIGHT,FATAL DEGRADATION,0.0,3,0
1771931605.104,7.1,0.0,45.0,JUNCTION_RIGHT,FATAL DEGRADATION,0.0,3,0
1771931605.415,7.4,0.0,45.0,JUNCTION_RIGHT,FATAL DEGRADATION,0.0,3,0
1771931605.522,6.2,0.0,45.0,JUNCTION_RIGHT,FATAL DEGRADATION,0.0,3,0
1771931605.75,7.1,0.0,45.0,JUNCTION_RIGHT,FATAL DEGRADATION,0.0,3,0
1771931605.918,6.3,0.0,45.0,JUNCTION_RIGHT,FATAL DEGRADATION,0.0,3,0
1771931606.202,6.2,0.0,45.0,JUNCTION_RIGHT,FATAL DEGRADATION,0.0,3,0
1771931606.397,5.4,0.0,45.0,JUNCTION_RIGHT,FATAL DEGRADATION,0.0,3,0
1771931606.57,5.3,0.0,45.0,JUNCTION_RIGHT,FATAL DEGRADATION,0.0,3,0
1771931606.683,5.4,0.0,45.0,JUNCTION_RIGHT,FATAL DEGRADATION,0.0,3,0
1771931606.863,6.4,0.0,45.0,JUNCTION_RIGHT,FATAL DEGRADATION,0.0,3,0
1771931606.966,6.2,0.0,45.0,JUNCTION_RIGHT,FATAL DEGRADATION,0.0,3,0
1771931607.266,7.3,0.0,45.0,JUNCTION_RIGHT,FATAL DEGRADATION,0.0,3,0
1771931607.396,6.1,0.0,45.0,JUNCTION_RIGHT,FATAL DEGRADATION,0.0,3,0
1771931607.564,6.6,0.0,45.0,JUNCTION_RIGHT,FATAL DEGRADATION,0.0,3,0
1771931607.701,6.4,0.0,45.0,JUNCTION_RIGHT,FATAL DEGRADATION,0.0,3,0
1771931608.119,6.7,0.0,45.0,JUNCTION_RIGHT,FATAL DEGRADATION,0.0,3,0
1771931608.406,5.4,0.0,45.0,JUNCTION_RIGHT,FATAL DEGRADATION,0.0,3,0
1771931608.637,4.8,0.0,45.0,JUNCTION_RIGHT,FATAL DEGRADATION,0.0,3,0
1771931608.741,4.7,0.0,45.0,JUNCTION_RIGHT,FATAL DEGRADATION,0.0,3,0
1771931608.92,6.1,0.0,45.0,JUNCTION_RIGHT,FATAL DEGRADATION,0.0,3,0
1771931609.018,6.0,0.0,45.0,JUNCTION_RIGHT,FATAL DEGRADATION,0.0,3,0
1771931609.27,7.3,0.0,45.0,JUNCTION_RIGHT,FATAL DEGRADATION,0.0,3,0
1771931609.396,6.3,0.0,45.0,JUNCTION_RIGHT,FATAL DEGRADATION,0.0,3,0
1771931609.552,6.8,0.0,45.0,JUNCTION_RIGHT,FATAL DEGRADATION,0.0,3,0
1771931609.672,6.7,0.0,45.0,JUNCTION_RIGHT,FATAL DEGRADATION,0.0,3,0
1771931609.882,7.2,0.0,45.0,JUNCTION_RIGHT,FATAL DEGRADATION,0.0,3,0
1771931610.062,6.5,0.0,45.0,JUNCTION_RIGHT,FATAL DEGRADATION,0.0,3,0
1771931610.326,6.2,0.0,45.0,JUNCTION_RIGHT,FATAL DEGRADATION,0.0,3,0
1771931610.429,5.5,0.0,45.0,JUNCTION_RIGHT,FATAL DEGRADATION,0.0,3,0
1771931610.594,6.7,0.0,45.0,JUNCTION_RIGHT,FATAL DEGRADATION,0.0,3,0
1771931610.701,6.5,0.0,45.0,JUNCTION_RIGHT,FATAL DEGRADATION,0.0,3,0
1771931610.978,7.4,0.0,45.0,JUNCTION_RIGHT,FATAL DEGRADATION,0.0,3,0
1771931611.097,6.2,0.0,45.0,JUNCTION_RIGHT,FATAL DEGRADATION,0.0,3,0
1771931611.316,7.0,0.0,45.0,JUNCTION_RIGHT,FATAL DEGRADATION,0.0,3,0
1771931611.41,6.3,0.0,45.0,JUNCTION_RIGHT,FATAL DEGRADATION,0.0,3,0
1771931611.601,7.5,0.0,45.0,JUNCTION_RIGHT,FATAL DEGRADATION,0.0,3,0
1771931611.7,6.9,0.0,45.0,JUNCTION_RIGHT,FATAL DEGRADATION,0.0,3,0
1771931611.863,7.8,0.0,45.0,JUNCTION_RIGHT,FATAL DEGRADATION,0.0,3,0
1771931611.978,7.3,0.0,45.0,JUNCTION_RIGHT,FATAL DEGRADATION,0.0,3,0
1771931612.137,7.7,0.0,45.0,JUNCTION_RIGHT,FATAL DEGRADATION,0.0,3,0
1771931612.26,7.3,0.0,45.0,JUNCTION_RIGHT,FATAL DEGRADATION,0.0,3,0
1771931612.426,7.5,0.0,45.0,JUNCTION_RIGHT,FATAL DEGRADATION,0.0,3,0
1771931612.53,7.1,0.0,45.0,JUNCTION_RIGHT,FATAL DEGRADATION,0.0,3,0
1771931612.781,7.8,0.0,45.0,JUNCTION_RIGHT,FATAL DEGRADATION,0.0,3,0
1771931612.888,6.7,0.0,45.0,JUNCTION_RIGHT,FATAL DEGRADATION,0.0,3,0
1771931613.084,7.5,0.0,45.0,JUNCTION_RIGHT,FATAL DEGRADATION,0.0,3,0
1771931613.216,6.8,0.0,45.0,JUNCTION_RIGHT,FATAL DEGRADATION,0.0,3,0
1771931613.4,6.7,0.0,45.0,JUNCTION_RIGHT,FATAL DEGRADATION,0.0,3,0
1771931613.502,6.5,0.0,45.0,JUNCTION_RIGHT,FATAL DEGRADATION,0.0,3,0
1771931613.65,7.5,0.0,45.0,JUNCTION_RIGHT,FATAL DEGRADATION,0.0,3,0
1771931613.768,7.3,0.0,45.0,JUNCTION_RIGHT,FATAL DEGRADATION,0.0,3,0
1771931613.919,7.0,0.0,45.0,JUNCTION_RIGHT,FATAL DEGRADATION,0.0,3,0
1771931614.01,7.7,0.0,45.0,JUNCTION_RIGHT,FATAL DEGRADATION,0.0,3,0
1771931614.368,8.5,0.0,45.0,JUNCTION_RIGHT,FATAL DEGRADATION,0.0,3,0
1771931614.422,6.8,0.0,45.0,JUNCTION_RIGHT,FATAL DEGRADATION,0.0,3,0
1771931614.49,10.5,0.0,45.0,JUNCTION_RIGHT,FATAL DEGRADATION,0.0,3,0
1771931614.536,11.6,0.0,45.0,JUNCTION_RIGHT,FATAL DEGRADATION,0.0,3,0
1771931614.602,14.8,0.0,45.0,JUNCTION_RIGHT,FATAL DEGRADATION,0.0,3,0
1771931614.666,15.0,0.0,45.0,JUNCTION_RIGHT,FATAL DEGRADATION,0.0,3,0
1771931614.748,15.0,0.0,45.0,JUNCTION_RIGHT,FATAL DEGRADATION,0.0,3,0
1771931614.823,14.1,0.0,45.0,JUNCTION_RIGHT,FATAL DEGRADATION,0.0,3,0
1771931614.907,14.0,0.0,45.0,JUNCTION_RIGHT,FATAL DEGRADATION,0.0,3,0
1771931614.983,13.4,0.0,45.0,JUNCTION_RIGHT,FATAL DEGRADATION,0.0,3,0
1771931615.063,13.3,0.0,45.0,JUNCTION_RIGHT,FATAL DEGRADATION,0.0,3,0
1771931615.147,13.0,0.0,45.0,JUNCTION_RIGHT,FATAL DEGRADATION,0.0,3,0
1771931615.218,12.7,0.0,45.0,JUNCTION_RIGHT,FATAL DEGRADATION,0.0,3,0
1771931615.302,13.2,0.0,45.0,JUNCTION_RIGHT,FATAL DEGRADATION,0.0,3,0
1771931615.384,12.7,0.0,45.0,JUNCTION_RIGHT,FATAL DEGRADATION,0.0,3,0
1771931615.459,12.5,0.0,45.0,JUNCTION_RIGHT,FATAL DEGRADATION,0.0,3,0
1771931615.537,12.8,0.0,45.0,JUNCTION_RIGHT,FATAL DEGRADATION,0.0,3,0
1771931615.603,12.9,0.0,45.0,JUNCTION_RIGHT,FATAL DEGRADATION,0.0,3,0
1771931615.674,13.6,0.0,45.0,JUNCTION_RIGHT,FATAL DEGRADATION,0.0,3,0
1771931615.748,13.7,0.0,45.0,JUNCTION_RIGHT,FATAL DEGRADATION,0.0,3,0
1771931615.821,13.6,0.0,45.0,JUNCTION_RIGHT,FATAL DEGRADATION,0.0,3,0
1771931615.907,13.7,0.0,45.0,JUNCTION_RIGHT,FATAL DEGRADATION,0.0,3,0
1771931615.99,13.0,0.0,45.0,JUNCTION_RIGHT,FATAL DEGRADATION,0.0,3,0
1771931616.064,12.7,0.0,45.0,JUNCTION_RIGHT,FATAL DEGRADATION,0.0,3,0
1771931616.14,12.9,0.0,45.0,JUNCTION_RIGHT,FATAL DEGRADATION,0.0,3,0
1771931616.207,13.1,0.0,45.0,JUNCTION_RIGHT,FATAL DEGRADATION,0.0,3,0
1771931616.276,13.7,0.0,45.0,JUNCTION_RIGHT,FATAL DEGRADATION,0.0,3,0
1771931616.409,13.9,0.0,45.0,JUNCTION_RIGHT,FATAL DEGRADATION,0.0,3,0
1771931616.554,11.9,0.0,45.0,JUNCTION_RIGHT,FATAL DEGRADATION,0.0,3,0
1771931616.644,10.4,0.0,45.0,JUNCTION_RIGHT,FATAL DEGRADATION,0.0,3,0
1771931616.799,10.6,0.0,45.0,JUNCTION_RIGHT,FATAL DEGRADATION,0.0,3,0
1771931616.891,9.3,0.0,45.0,JUNCTION_RIGHT,FATAL DEGRADATION,0.0,3,0
1771931617.035,9.9,0.0,45.0,JUNCTION_RIGHT,FATAL DEGRADATION,0.0,3,0
1771931617.122,9.0,0.0,45.0,JUNCTION_RIGHT,FATAL DEGRADATION,0.0,3,0
1771931617.291,9.7,0.0,45.0,JUNCTION_RIGHT,FATAL DEGRADATION,0.0,3,0
1771931617.608,8.6,0.0,45.0,JUNCTION_RIGHT,FATAL DEGRADATION,0.0,3,0
1771931618.003,6.9,0.0,45.0,JUNCTION_RIGHT,FATAL DEGRADATION,0.0,3,0
1771931618.094,5.6,0.0,45.0,JUNCTION_RIGHT,FATAL DEGRADATION,0.0,3,0
1771931618.267,7.2,0.0,45.0,JUNCTION_RIGHT,FATAL DEGRADATION,0.0,3,0
1771931618.353,6.8,0.0,45.0,JUNCTION_RIGHT,FATAL DEGRADATION,0.0,3,0
1771931618.499,8.2,0.0,45.0,JUNCTION_RIGHT,FATAL DEGRADATION,0.0,3,0
1771931618.606,7.7,0.0,45.0,JUNCTION_RIGHT,FATAL DEGRADATION,0.0,3,0
1771931618.985,8.3,0.0,45.0,JUNCTION_RIGHT,FATAL DEGRADATION,0.0,3,0
1771931619.365,6.6,0.0,45.0,JUNCTION_RIGHT,FATAL DEGRADATION,0.0,3,0
1771931620.156,5.4,0.0,45.0,JUNCTION_RIGHT,FATAL DEGRADATION,0.0,3,0
1771931620.414,4.2,0.0,45.0,JUNCTION_RIGHT,FATAL DEGRADATION,0.0,3,0
1771931620.651,4.1,0.0,45.0,JUNCTION_RIGHT,FATAL DEGRADATION,0.0,3,0
1771931620.783,4.1,0.0,45.0,JUNCTION_RIGHT,FATAL DEGRADATION,0.0,3,0
1771931620.99,5.2,0.0,45.0,JUNCTION_RIGHT,FATAL DEGRADATION,0.0,3,0
1771931621.078,5.1,0.0,45.0,JUNCTION_RIGHT,FATAL DEGRADATION,0.0,3,0
1771931621.221,7.0,0.0,45.0,JUNCTION_RIGHT,FATAL DEGRADATION,0.0,3,0
1771931621.332,7.0,0.0,45.0,JUNCTION_RIGHT,FATAL DEGRADATION,0.0,3,0
1771931621.489,7.6,0.0,45.0,JUNCTION_RIGHT,FATAL DEGRADATION,0.0,3,0
1771931621.581,7.2,0.0,45.0,JUNCTION_RIGHT,FATAL DEGRADATION,0.0,3,0
1771931621.741,8.3,0.0,45.0,JUNCTION_RIGHT,FATAL DEGRADATION,0.0,3,0
1771931621.848,7.6,0.0,45.0,JUNCTION_RIGHT,FATAL DEGRADATION,0.0,3,0
1771931622.018,8.2,0.0,45.0,JUNCTION_RIGHT,FATAL DEGRADATION,0.0,3,0
1771931622.148,7.6,0.0,45.0,JUNCTION_RIGHT,FATAL DEGRADATION,0.0,3,0
1771931622.477,7.6,0.0,45.0,JUNCTION_RIGHT,FATAL DEGRADATION,0.0,3,0
1771931622.628,6.2,0.0,45.0,JUNCTION_RIGHT,FATAL DEGRADATION,0.0,3,0
1771931622.907,6.4,0.0,45.0,JUNCTION_RIGHT,FATAL DEGRADATION,0.0,3,0
1771931623.02,5.5,0.0,45.0,JUNCTION_RIGHT,FATAL DEGRADATION,0.0,3,0
1771931623.226,6.5,0.0,45.0,JUNCTION_RIGHT,FATAL DEGRADATION,0.0,3,0
1771931623.337,6.0,0.0,45.0,JUNCTION_RIGHT,FATAL DEGRADATION,0.0,3,0
1771931623.511,6.9,0.0,45.0,JUNCTION_RIGHT,FATAL DEGRADATION,0.0,3,0
1771931623.627,6.6,0.0,45.0,JUNCTION_RIGHT,FATAL DEGRADATION,0.0,3,0
1771931623.865,7.2,0.0,45.0,JUNCTION_RIGHT,FATAL DEGRADATION,0.0,3,0
1771931623.973,6.3,0.0,45.0,JUNCTION_RIGHT,FATAL DEGRADATION,0.0,3,0
1771931624.169,7.2,0.0,45.0,JUNCTION_RIGHT,FATAL DEGRADATION,0.0,3,0
1771931624.288,6.5,0.0,45.0,JUNCTION_RIGHT,FATAL DEGRADATION,0.0,3,0
1771931624.459,7.1,0.0,45.0,JUNCTION_RIGHT,FATAL DEGRADATION,0.0,3,0
1771931624.563,6.7,0.0,45.0,JUNCTION_RIGHT,FATAL DEGRADATION,0.0,3,0
1771931624.835,7.6,0.0,45.0,JUNCTION_RIGHT,FATAL DEGRADATION,0.0,3,0
1771931624.947,6.4,0.0,45.0,JUNCTION_RIGHT,FATAL DEGRADATION,0.0,3,0
1771931625.106,7.2,0.0,45.0,JUNCTION_RIGHT,FATAL DEGRADATION,0.0,3,0
1771931625.243,6.9,0.0,45.0,JUNCTION_RIGHT,FATAL DEGRADATION,0.0,3,0
1771931625.419,7.0,0.0,45.0,JUNCTION_RIGHT,FATAL DEGRADATION,0.0,3,0
1771931625.519,6.6,0.0,45.0,JUNCTION_RIGHT,FATAL DEGRADATION,0.0,3,0
1771931625.688,7.7,0.0,45.0,JUNCTION_RIGHT,FATAL DEGRADATION,0.0,3,0
1771931625.85,7.1,0.0,45.0,JUNCTION_RIGHT,FATAL DEGRADATION,0.0,3,0
1771931626.068,6.8,0.0,45.0,JUNCTION_RIGHT,FATAL DEGRADATION,0.0,3,0
1771931626.168,6.2,0.0,45.0,JUNCTION_RIGHT,FATAL DEGRADATION,0.0,3,0
1771931626.386,7.3,0.0,45.0,JUNCTION_RIGHT,FATAL DEGRADATION,0.0,3,0
1771931626.484,6.5,0.0,45.0,JUNCTION_RIGHT,FATAL DEGRADATION,0.0,3,0
1771931626.656,7.6,0.0,45.0,JUNCTION_RIGHT,FATAL DEGRADATION,0.0,3,0
1771931626.772,7.0,0.0,45.0,JUNCTION_RIGHT,FATAL DEGRADATION,0.0,3,0
1771931627.006,7.5,0.0,45.0,JUNCTION_RIGHT,FATAL DEGRADATION,0.0,3,0
1771931627.123,6.5,0.0,45.0,JUNCTION_RIGHT,FATAL DEGRADATION,0.0,3,0
1771931627.484,7.2,0.0,45.0,JUNCTION_RIGHT,FATAL DEGRADATION,0.0,3,0
1771931627.642,5.9,0.0,45.0,JUNCTION_RIGHT,FATAL DEGRADATION,0.0,3,0
1771931627.829,6.0,0.0,45.0,JUNCTION_RIGHT,FATAL DEGRADATION,0.0,3,0
1771931627.934,5.8,0.0,45.0,JUNCTION_RIGHT,FATAL DEGRADATION,0.0,3,0
1771931628.141,7.0,0.0,45.0,JUNCTION_RIGHT,FATAL DEGRADATION,0.0,3,0
1771931628.252,6.3,0.0,45.0,JUNCTION_RIGHT,FATAL DEGRADATION,0.0,3,0
1771931628.426,7.2,0.0,45.0,JUNCTION_RIGHT,FATAL DEGRADATION,0.0,3,0
1771931628.53,6.7,0.0,45.0,JUNCTION_RIGHT,FATAL DEGRADATION,0.0,3,0
1771931628.708,7.6,0.0,45.0,JUNCTION_RIGHT,FATAL DEGRADATION,0.0,3,0
1771931628.829,7.0,0.0,45.0,JUNCTION_RIGHT,FATAL DEGRADATION,0.0,3,0
1771931628.989,7.4,0.0,45.0,JUNCTION_RIGHT,FATAL DEGRADATION,0.0,3,0
1771931629.191,7.0,0.0,45.0,JUNCTION_RIGHT,FATAL DEGRADATION,0.0,3,0
1771931629.413,6.4,0.0,45.0,JUNCTION_RIGHT,FATAL DEGRADATION,0.0,3,0
1771931629.539,5.8,0.0,45.0,JUNCTION_RIGHT,FATAL DEGRADATION,0.0,3,0
1771931629.87,6.4,0.0,45.0,JUNCTION_RIGHT,FATAL DEGRADATION,0.0,3,0
1771931629.997,5.4,0.0,45.0,JUNCTION_RIGHT,FATAL DEGRADATION,0.0,3,0
1771931630.218,6.2,0.0,45.0,JUNCTION_RIGHT,FATAL DEGRADATION,0.0,3,0
1771931630.364,5.7,0.0,45.0,JUNCTION_RIGHT,FATAL DEGRADATION,0.0,3,0
1771931630.529,6.0,0.0,45.0,JUNCTION_RIGHT,FATAL DEGRADATION,0.0,3,0
1771931630.641,6.0,0.0,45.0,JUNCTION_RIGHT,FATAL DEGRADATION,0.0,3,0
1771931630.864,6.9,0.0,45.0,JUNCTION_RIGHT,FATAL DEGRADATION,0.0,3,0
1771931630.968,6.2,0.0,45.0,JUNCTION_RIGHT,FATAL DEGRADATION,0.0,3,0
1771931631.134,7.2,0.0,45.0,JUNCTION_RIGHT,FATAL DEGRADATION,0.0,3,0
1771931631.279,6.8,0.0,45.0,JUNCTION_RIGHT,FATAL DEGRADATION,0.0,3,0
1771931631.487,6.8,0.0,45.0,JUNCTION_RIGHT,FATAL DEGRADATION,0.0,3,0
1771931631.59,6.3,0.0,45.0,JUNCTION_RIGHT,FATAL DEGRADATION,0.0,3,0
1771931631.837,7.2,0.0,45.0,JUNCTION_RIGHT,FATAL DEGRADATION,0.0,3,0
1771931631.99,6.3,0.0,45.0,JUNCTION_RIGHT,FATAL DEGRADATION,0.0,3,0
1771931632.258,6.3,0.0,45.0,JUNCTION_RIGHT,FATAL DEGRADATION,0.0,3,0
1771931632.531,5.6,0.0,45.0,JUNCTION_RIGHT,FATAL DEGRADATION,0.0,3,0
1771931632.719,5.0,0.0,45.0,JUNCTION_RIGHT,FATAL DEGRADATION,0.0,3,0
1771931632.857,5.1,0.0,45.0,JUNCTION_RIGHT,FATAL DEGRADATION,0.0,3,0
1771931633.017,5.8,0.0,45.0,JUNCTION_RIGHT,FATAL DEGRADATION,0.0,3,0
1771931633.125,5.9,0.0,45.0,JUNCTION_RIGHT,FATAL DEGRADATION,0.0,3,0
1771931633.328,6.9,0.0,45.0,JUNCTION_RIGHT,FATAL DEGRADATION,0.0,3,0
1771931633.449,6.3,0.0,45.0,JUNCTION_RIGHT,FATAL DEGRADATION,0.0,3,0
1771931633.63,6.9,0.0,45.0,JUNCTION_RIGHT,FATAL DEGRADATION,0.0,3,0
1771931633.751,6.5,0.0,45.0,JUNCTION_RIGHT,FATAL DEGRADATION,0.0,3,0
1771931633.926,7.0,0.0,45.0,JUNCTION_RIGHT,FATAL DEGRADATION,0.0,3,0
1771931634.031,6.6,0.0,45.0,JUNCTION_RIGHT,FATAL DEGRADATION,0.0,3,0
1771931634.235,7.4,0.0,45.0,JUNCTION_RIGHT,FATAL DEGRADATION,0.0,3,0
1771931634.355,6.7,0.0,45.0,JUNCTION_RIGHT,FATAL DEGRADATION,0.0,3,0
1771931634.518,7.2,0.0,45.0,JUNCTION_RIGHT,FATAL DEGRADATION,0.0,3,0
1771931634.632,6.8,0.0,45.0,JUNCTION_RIGHT,FATAL DEGRADATION,0.0,3,0
1771931634.847,7.5,0.0,45.0,JUNCTION_RIGHT,FATAL DEGRADATION,0.0,3,0
1771931634.959,6.7,0.0,45.0,JUNCTION_RIGHT,FATAL DEGRADATION,0.0,3,0
1771931635.143,7.3,0.0,45.0,JUNCTION_RIGHT,FATAL DEGRADATION,0.0,3,0
1771931635.285,6.7,0.0,45.0,JUNCTION_RIGHT,FATAL DEGRADATION,0.0,3,0
1771931635.464,6.9,0.0,45.0,JUNCTION_RIGHT,FATAL DEGRADATION,0.0,3,0
1771931635.57,6.5,0.0,45.0,JUNCTION_RIGHT,FATAL DEGRADATION,0.0,3,0
1771931635.83,7.4,0.0,45.0,JUNCTION_RIGHT,FATAL DEGRADATION,0.0,3,0
1771931635.971,6.4,0.0,45.0,JUNCTION_RIGHT,FATAL DEGRADATION,0.0,3,0
1771931636.17,6.6,0.0,45.0,JUNCTION_RIGHT,FATAL DEGRADATION,0.0,3,0
1771931636.296,6.1,0.0,45.0,JUNCTION_RIGHT,FATAL DEGRADATION,0.0,3,0
1771931636.505,6.7,0.0,45.0,JUNCTION_RIGHT,FATAL DEGRADATION,0.0,3,0
1771931636.612,6.1,0.0,45.0,JUNCTION_RIGHT,FATAL DEGRADATION,0.0,3,0
1771931636.976,7.1,0.0,45.0,JUNCTION_RIGHT,FATAL DEGRADATION,0.0,3,0
1771931637.094,5.8,0.0,45.0,JUNCTION_RIGHT,FATAL DEGRADATION,0.0,3,0
1771931637.427,6.6,0.0,45.0,JUNCTION_RIGHT,FATAL DEGRADATION,0.0,3,0
1771931637.547,5.5,0.0,45.0,JUNCTION_RIGHT,FATAL DEGRADATION,0.0,3,0
1771931637.731,6.3,0.0,45.0,JUNCTION_RIGHT,FATAL DEGRADATION,0.0,3,0
1771931637.843,6.1,0.0,45.0,JUNCTION_RIGHT,FATAL DEGRADATION,0.0,3,0
1771931638.025,6.9,0.0,45.0,JUNCTION_RIGHT,FATAL DEGRADATION,0.0,3,0
1771931638.132,6.5,0.0,45.0,JUNCTION_RIGHT,FATAL DEGRADATION,0.0,3,0
1771931638.328,7.3,0.0,45.0,JUNCTION_RIGHT,FATAL DEGRADATION,0.0,3,0
1771931638.445,6.7,0.0,45.0,JUNCTION_RIGHT,FATAL DEGRADATION,0.0,3,0
1771931638.645,7.2,0.0,45.0,JUNCTION_RIGHT,FATAL DEGRADATION,0.0,3,0
1771931638.75,6.6,0.0,45.0,JUNCTION_RIGHT,FATAL DEGRADATION,0.0,3,0
1771931638.92,7.4,0.0,45.0,JUNCTION_RIGHT,FATAL DEGRADATION,0.0,3,0
1771931639.021,7.0,0.0,45.0,JUNCTION_RIGHT,FATAL DEGRADATION,0.0,3,0
1771931639.187,7.8,0.0,45.0,JUNCTION_RIGHT,FATAL DEGRADATION,0.0,3,0
1771931639.288,7.3,0.0,45.0,JUNCTION_RIGHT,FATAL DEGRADATION,0.0,3,0
1771931639.446,8.1,0.0,45.0,JUNCTION_RIGHT,FATAL DEGRADATION,0.0,3,0
1771931639.682,7.6,0.0,45.0,JUNCTION_RIGHT,FATAL DEGRADATION,0.0,3,0
1771931639.893,6.5,0.0,45.0,JUNCTION_RIGHT,FATAL DEGRADATION,0.0,3,0
1771931640.076,6.0,0.0,45.0,JUNCTION_RIGHT,FATAL DEGRADATION,0.0,3,0
1771931640.466,5.9,0.0,45.0,JUNCTION_RIGHT,FATAL DEGRADATION,0.0,3,0
1771931640.587,4.9,0.0,45.0,JUNCTION_RIGHT,FATAL DEGRADATION,0.0,3,0
1771931640.889,5.9,0.0,45.0,JUNCTION_RIGHT,FATAL DEGRADATION,0.0,3,0
1771931640.994,5.1,0.0,45.0,JUNCTION_RIGHT,FATAL DEGRADATION,0.0,3,0
1771931641.197,6.4,0.0,45.0,JUNCTION_RIGHT,FATAL DEGRADATION,0.0,3,0
1771931641.322,6.0,0.0,45.0,JUNCTION_RIGHT,FATAL DEGRADATION,0.0,3,0
1771931641.548,6.6,0.0,45.0,JUNCTION_RIGHT,FATAL DEGRADATION,0.0,3,0
1771931641.672,5.9,0.0,45.0,JUNCTION_RIGHT,FATAL DEGRADATION,0.0,3,0
1771931641.962,6.5,0.0,45.0,JUNCTION_RIGHT,FATAL DEGRADATION,0.0,3,0
1771931642.069,5.6,0.0,45.0,JUNCTION_RIGHT,FATAL DEGRADATION,0.0,3,0
1771931642.372,6.8,0.0,45.0,JUNCTION_RIGHT,FATAL DEGRADATION,0.0,3,0
1771931642.492,5.7,0.0,45.0,JUNCTION_RIGHT,FATAL DEGRADATION,0.0,3,0
1771931642.657,6.6,0.0,45.0,JUNCTION_RIGHT,FATAL DEGRADATION,0.0,3,0
1771931642.765,6.4,0.0,45.0,JUNCTION_RIGHT,FATAL DEGRADATION,0.0,3,0
1771931642.935,7.3,0.0,45.0,JUNCTION_RIGHT,FATAL DEGRADATION,0.0,3,0
1771931643.062,6.9,0.0,45.0,JUNCTION_RIGHT,FATAL DEGRADATION,0.0,3,0
1771931643.254,7.2,0.0,45.0,JUNCTION_RIGHT,FATAL DEGRADATION,0.0,3,0
1771931643.375,6.6,0.0,45.0,JUNCTION_RIGHT,FATAL DEGRADATION,0.0,3,0
1771931643.537,7.1,0.0,45.0,JUNCTION_RIGHT,FATAL DEGRADATION,0.0,3,0
1771931643.654,6.8,0.0,45.0,JUNCTION_RIGHT,FATAL DEGRADATION,0.0,3,0
1771931643.866,7.4,0.0,45.0,JUNCTION_RIGHT,FATAL DEGRADATION,0.0,3,0
1771931643.96,6.6,0.0,45.0,JUNCTION_RIGHT,FATAL DEGRADATION,0.0,3,0
1771931644.156,7.8,0.0,45.0,JUNCTION_RIGHT,FATAL DEGRADATION,0.0,3,0
1771931644.3,7.0,0.0,45.0,JUNCTION_RIGHT,FATAL DEGRADATION,0.0,3,0
1771931644.46,7.0,0.0,45.0,JUNCTION_RIGHT,FATAL DEGRADATION,0.0,3,0
1771931644.564,6.8,0.0,45.0,JUNCTION_RIGHT,FATAL DEGRADATION,0.0,3,0
1771931644.856,7.6,0.0,45.0,JUNCTION_RIGHT,FATAL DEGRADATION,0.0,3,0
1771931644.961,6.4,0.0,45.0,JUNCTION_RIGHT,FATAL DEGRADATION,0.0,3,0
1771931645.142,7.3,0.0,45.0,JUNCTION_RIGHT,FATAL DEGRADATION,0.0,3,0
1771931645.328,6.8,0.0,45.0,JUNCTION_RIGHT,FATAL DEGRADATION,0.0,3,0
1771931645.507,6.3,0.0,45.0,JUNCTION_RIGHT,FATAL DEGRADATION,0.0,3,0
1771931645.61,6.1,0.0,45.0,JUNCTION_RIGHT,FATAL DEGRADATION,0.0,3,0
1771931645.853,7.2,0.0,45.0,JUNCTION_RIGHT,FATAL DEGRADATION,0.0,3,0
1771931646.006,6.2,0.0,45.0,JUNCTION_RIGHT,FATAL DEGRADATION,0.0,3,0
1771931646.173,6.4,0.0,45.0,JUNCTION_RIGHT,FATAL DEGRADATION,0.0,3,0
1771931646.327,6.3,0.0,45.0,JUNCTION_RIGHT,FATAL DEGRADATION,0.0,3,0
1771931646.553,6.3,0.0,45.0,JUNCTION_RIGHT,FATAL DEGRADATION,0.0,3,0
1771931646.675,5.8,0.0,45.0,JUNCTION_RIGHT,FATAL DEGRADATION,0.0,3,0
1771931647.008,6.5,0.0,45.0,JUNCTION_RIGHT,FATAL DEGRADATION,0.0,3,0
1771931647.188,5.5,0.0,45.0,JUNCTION_RIGHT,FATAL DEGRADATION,0.0,3,0
1771931647.367,5.5,0.0,45.0,JUNCTION_RIGHT,FATAL DEGRADATION,0.0,3,0
1771931647.466,5.5,0.0,45.0,JUNCTION_RIGHT,FATAL DEGRADATION,0.0,3,0
1771931647.648,6.9,0.0,45.0,JUNCTION_RIGHT,FATAL DEGRADATION,0.0,3,0
1771931647.754,6.5,0.0,45.0,JUNCTION_RIGHT,FATAL DEGRADATION,0.0,3,0
1771931647.954,7.3,0.0,45.0,JUNCTION_RIGHT,FATAL DEGRADATION,0.0,3,0
1771931648.085,6.6,0.0,45.0,JUNCTION_RIGHT,FATAL DEGRADATION,0.0,3,0
1771931648.288,7.0,0.0,45.0,JUNCTION_RIGHT,FATAL DEGRADATION,0.0,3,0
1771931648.395,6.3,0.0,45.0,JUNCTION_RIGHT,FATAL DEGRADATION,0.0,3,0
1771931648.635,7.3,0.0,45.0,JUNCTION_RIGHT,FATAL DEGRADATION,0.0,3,0
1771931648.749,6.3,0.0,45.0,JUNCTION_RIGHT,FATAL DEGRADATION,0.0,3,0
1771931648.915,7.1,0.0,45.0,JUNCTION_RIGHT,FATAL DEGRADATION,0.0,3,0
1771931649.008,6.8,0.0,45.0,JUNCTION_RIGHT,FATAL DEGRADATION,0.0,3,0
1771931649.204,8.0,0.0,45.0,JUNCTION_RIGHT,FATAL DEGRADATION,0.0,3,0
1771931649.3,7.1,0.0,45.0,JUNCTION_RIGHT,FATAL DEGRADATION,0.0,3,0
1771931649.465,8.1,0.0,45.0,JUNCTION_RIGHT,FATAL DEGRADATION,0.0,3,0
1771931649.571,7.5,0.0,45.0,JUNCTION_RIGHT,FATAL DEGRADATION,0.0,3,0
1771931649.814,8.1,0.0,45.0,JUNCTION_RIGHT,FATAL DEGRADATION,0.0,3,0
1771931649.918,6.9,0.0,45.0,JUNCTION_RIGHT,FATAL DEGRADATION,0.0,3,0
1771931650.075,7.7,0.0,45.0,JUNCTION_RIGHT,FATAL DEGRADATION,0.0,3,0
1771931650.193,7.3,0.0,45.0,JUNCTION_RIGHT,FATAL DEGRADATION,0.0,3,0
1771931650.391,7.7,0.0,45.0,JUNCTION_RIGHT,FATAL DEGRADATION,0.0,3,0
1771931650.491,6.9,0.0,45.0,JUNCTION_RIGHT,FATAL DEGRADATION,0.0,3,0
1771931650.681,7.9,0.0,45.0,JUNCTION_RIGHT,FATAL DEGRADATION,0.0,3,0
1771931650.813,7.1,0.0,45.0,JUNCTION_RIGHT,FATAL DEGRADATION,0.0,3,0
1771931651.063,7.2,0.0,45.0,JUNCTION_RIGHT,FATAL DEGRADATION,0.0,3,0
1771931651.207,6.3,0.0,45.0,JUNCTION_RIGHT,FATAL DEGRADATION,0.0,3,0
1771931651.475,6.4,0.0,45.0,JUNCTION_RIGHT,FATAL DEGRADATION,0.0,3,0
1771931651.667,5.6,0.0,45.0,JUNCTION_RIGHT,FATAL DEGRADATION,0.0,3,0
1771931651.95,5.5,0.0,45.0,JUNCTION_RIGHT,FATAL DEGRADATION,0.0,3,0
1771931652.19,4.9,0.0,45.0,JUNCTION_RIGHT,FATAL DEGRADATION,0.0,3,0
1771931652.513,4.7,0.0,45.0,JUNCTION_RIGHT,FATAL DEGRADATION,0.0,3,0
1771931652.633,4.2,0.0,45.0,JUNCTION_RIGHT,FATAL DEGRADATION,0.0,3,0
1771931652.876,5.4,0.0,45.0,JUNCTION_RIGHT,FATAL DEGRADATION,0.0,3,0
1771931652.973,5.0,0.0,45.0,JUNCTION_RIGHT,FATAL DEGRADATION,0.0,3,0
1771931653.177,6.6,0.0,45.0,JUNCTION_RIGHT,FATAL DEGRADATION,0.0,3,0
1771931653.288,6.1,0.0,45.0,JUNCTION_RIGHT,FATAL DEGRADATION,0.0,3,0
1771931653.45,7.0,0.0,45.0,JUNCTION_RIGHT,FATAL DEGRADATION,0.0,3,0
1771931653.547,6.7,0.0,45.0,JUNCTION_RIGHT,FATAL DEGRADATION,0.0,3,0
1771931653.773,7.7,0.0,45.0,JUNCTION_RIGHT,FATAL DEGRADATION,0.0,3,0
1771931653.891,6.7,0.0,45.0,JUNCTION_RIGHT,FATAL DEGRADATION,0.0,3,0
1771931654.052,7.3,0.0,45.0,JUNCTION_RIGHT,FATAL DEGRADATION,0.0,3,0
1771931654.173,7.0,0.0,45.0,JUNCTION_RIGHT,FATAL DEGRADATION,0.0,3,0
1771931654.362,7.4,0.0,45.0,JUNCTION_RIGHT,FATAL DEGRADATION,0.0,3,0
1771931654.469,6.7,0.0,45.0,JUNCTION_RIGHT,FATAL DEGRADATION,0.0,3,0
1771931654.666,7.6,0.0,45.0,JUNCTION_RIGHT,FATAL DEGRADATION,0.0,3,0
1771931654.829,6.8,0.0,45.0,JUNCTION_RIGHT,FATAL DEGRADATION,0.0,3,0
1771931655.031,6.6,0.0,45.0,JUNCTION_RIGHT,FATAL DEGRADATION,0.0,3,0
1771931655.131,6.1,0.0,45.0,JUNCTION_RIGHT,FATAL DEGRADATION,0.0,3,0
1771931655.432,7.3,0.0,45.0,JUNCTION_RIGHT,FATAL DEGRADATION,0.0,3,0
1771931655.532,6.1,0.0,45.0,JUNCTION_RIGHT,FATAL DEGRADATION,0.0,3,0
1771931655.71,7.3,0.0,45.0,JUNCTION_RIGHT,FATAL DEGRADATION,0.0,3,0
1771931655.911,6.8,0.0,45.0,JUNCTION_RIGHT,FATAL DEGRADATION,0.0,3,0
1771931656.294,6.2,0.0,45.0,JUNCTION_RIGHT,FATAL DEGRADATION,0.0,3,0
1771931656.792,5.1,0.0,45.0,JUNCTION_RIGHT,FATAL DEGRADATION,0.0,3,0
1771931657.596,4.2,0.0,45.0,JUNCTION_RIGHT,FATAL DEGRADATION,0.0,3,0
1771931657.802,3.3,0.0,45.0,JUNCTION_RIGHT,FATAL DEGRADATION,0.0,3,0
1771931658.077,3.8,0.0,45.0,JUNCTION_RIGHT,FATAL DEGRADATION,0.0,3,0
1771931658.223,3.8,0.0,45.0,JUNCTION_RIGHT,FATAL DEGRADATION,0.0,3,0
1771931658.439,4.7,0.0,45.0,JUNCTION_RIGHT,FATAL DEGRADATION,0.0,3,0
1771931658.542,4.7,0.0,45.0,JUNCTION_RIGHT,FATAL DEGRADATION,0.0,3,0
1771931658.763,6.2,0.0,45.0,JUNCTION_RIGHT,FATAL DEGRADATION,0.0,3,0
1771931658.873,5.7,0.0,45.0,JUNCTION_RIGHT,FATAL DEGRADATION,0.0,3,0
1771931659.056,6.7,0.0,45.0,JUNCTION_RIGHT,FATAL DEGRADATION,0.0,3,0
1771931659.178,6.3,0.0,45.0,JUNCTION_RIGHT,FATAL DEGRADATION,0.0,3,0
1771931659.393,6.9,0.0,45.0,JUNCTION_RIGHT,FATAL DEGRADATION,0.0,3,0
1771931659.491,6.2,0.0,45.0,JUNCTION_RIGHT,FATAL DEGRADATION,0.0,3,0
1771931659.66,7.4,0.0,45.0,JUNCTION_RIGHT,FATAL DEGRADATION,0.0,3,0
1771931659.79,7.0,0.0,45.0,JUNCTION_RIGHT,FATAL DEGRADATION,0.0,3,0
1771931659.964,7.2,0.0,45.0,JUNCTION_RIGHT,FATAL DEGRADATION,0.0,3,0
1771931660.075,6.8,0.0,45.0,JUNCTION_RIGHT,FATAL DEGRADATION,0.0,3,0
1771931660.299,7.4,0.0,45.0,JUNCTION_RIGHT,FATAL DEGRADATION,0.0,3,0
1771931660.456,6.5,0.0,45.0,JUNCTION_RIGHT,FATAL DEGRADATION,0.0,3,0
1771931660.629,6.5,0.0,45.0,JUNCTION_RIGHT,FATAL DEGRADATION,0.0,3,0
1771931660.742,6.3,0.0,45.0,JUNCTION_RIGHT,FATAL DEGRADATION,0.0,3,0
1771931660.924,7.1,0.0,45.0,JUNCTION_RIGHT,FATAL DEGRADATION,0.0,3,0
1771931661.027,6.6,0.0,45.0,JUNCTION_RIGHT,FATAL DEGRADATION,0.0,3,0
1771931661.237,7.6,0.0,45.0,JUNCTION_RIGHT,FATAL DEGRADATION,0.0,3,0
1771931661.35,6.7,0.0,45.0,JUNCTION_RIGHT,FATAL DEGRADATION,0.0,3,0
1771931661.556,7.4,0.0,45.0,JUNCTION_RIGHT,FATAL DEGRADATION,0.0,3,0
1771931661.695,6.6,0.0,45.0,JUNCTION_RIGHT,FATAL DEGRADATION,0.0,3,0
1771931661.984,6.8,0.0,45.0,JUNCTION_RIGHT,FATAL DEGRADATION,0.0,3,0
1771931662.151,5.8,0.0,45.0,JUNCTION_RIGHT,FATAL DEGRADATION,0.0,3,0
1771931662.474,5.9,0.0,45.0,JUNCTION_RIGHT,FATAL DEGRADATION,0.0,3,0
1771931662.597,5.0,0.0,45.0,JUNCTION_RIGHT,FATAL DEGRADATION,0.0,3,0
1771931662.838,6.0,0.0,45.0,JUNCTION_RIGHT,FATAL DEGRADATION,0.0,3,0
1771931662.945,5.4,0.0,45.0,JUNCTION_RIGHT,FATAL DEGRADATION,0.0,3,0
1771931663.115,6.6,0.0,45.0,JUNCTION_RIGHT,FATAL DEGRADATION,0.0,3,0
1771931663.272,6.4,0.0,45.0,JUNCTION_RIGHT,FATAL DEGRADATION,0.0,3,0
1771931663.517,6.4,0.0,45.0,JUNCTION_RIGHT,FATAL DEGRADATION,0.0,3,0
1771931663.63,5.7,0.0,45.0,JUNCTION_RIGHT,FATAL DEGRADATION,0.0,3,0
1771931663.887,6.7,0.0,45.0,JUNCTION_RIGHT,FATAL DEGRADATION,0.0,3,0
1771931664.014,5.8,0.0,45.0,JUNCTION_RIGHT,FATAL DEGRADATION,0.0,3,0
1771931664.247,6.4,0.0,45.0,JUNCTION_RIGHT,FATAL DEGRADATION,0.0,3,0
1771931664.397,5.8,0.0,45.0,JUNCTION_RIGHT,FATAL DEGRADATION,0.0,3,0
1771931664.562,6.1,0.0,45.0,JUNCTION_RIGHT,FATAL DEGRADATION,0.0,3,0
1771931664.667,6.1,0.0,45.0,JUNCTION_RIGHT,FATAL DEGRADATION,0.0,3,0
1771931664.886,7.1,0.0,45.0,JUNCTION_RIGHT,FATAL DEGRADATION,0.0,3,0
1771931664.982,6.3,0.0,45.0,JUNCTION_RIGHT,FATAL DEGRADATION,0.0,3,0
1771931665.144,7.5,0.0,45.0,JUNCTION_RIGHT,FATAL DEGRADATION,0.0,3,0
1771931665.254,7.1,0.0,45.0,JUNCTION_RIGHT,FATAL DEGRADATION,0.0,3,0
1771931665.546,7.7,0.0,45.0,JUNCTION_RIGHT,FATAL DEGRADATION,0.0,3,0
1771931665.651,6.4,0.0,45.0,JUNCTION_RIGHT,FATAL DEGRADATION,0.0,3,0
1771931665.907,7.3,0.0,45.0,JUNCTION_RIGHT,FATAL DEGRADATION,0.0,3,0
1771931666.028,6.3,0.0,45.0,JUNCTION_RIGHT,FATAL DEGRADATION,0.0,3,0
1771931666.194,6.9,0.0,45.0,JUNCTION_RIGHT,FATAL DEGRADATION,0.0,3,0
1771931666.311,6.6,0.0,45.0,JUNCTION_RIGHT,FATAL DEGRADATION,0.0,3,0
1771931666.561,7.3,0.0,45.0,JUNCTION_RIGHT,FATAL DEGRADATION,0.0,3,0
1771931666.701,6.3,0.0,45.0,JUNCTION_RIGHT,FATAL DEGRADATION,0.0,3,0
1771931667.011,6.5,0.0,45.0,JUNCTION_RIGHT,FATAL DEGRADATION,0.0,3,0
1771931667.174,5.5,0.0,45.0,JUNCTION_RIGHT,FATAL DEGRADATION,0.0,3,0
1771931667.406,5.7,0.0,45.0,JUNCTION_RIGHT,FATAL DEGRADATION,0.0,3,0
1771931667.532,5.3,0.0,45.0,JUNCTION_RIGHT,FATAL DEGRADATION,0.0,3,0
1771931667.74,6.1,0.0,45.0,JUNCTION_RIGHT,FATAL DEGRADATION,0.0,3,0
1771931667.846,5.7,0.0,45.0,JUNCTION_RIGHT,FATAL DEGRADATION,0.0,3,0
1771931668.009,6.8,0.0,45.0,JUNCTION_RIGHT,FATAL DEGRADATION,0.0,3,0
1771931668.127,6.6,0.0,45.0,JUNCTION_RIGHT,FATAL DEGRADATION,0.0,3,0
1771931668.458,7.1,0.0,45.0,JUNCTION_RIGHT,FATAL DEGRADATION,0.0,3,0
1771931668.94,5.9,0.0,45.0,JUNCTION_RIGHT,FATAL DEGRADATION,0.0,3,0
1771931669.331,4.8,0.0,45.0,JUNCTION_RIGHT,FATAL DEGRADATION,0.0,3,0
1771931669.46,4.1,0.0,45.0,JUNCTION_RIGHT,FATAL DEGRADATION,0.0,3,0
1771931669.617,5.2,0.0,45.0,JUNCTION_RIGHT,FATAL DEGRADATION,0.0,3,0
1771931669.776,5.6,0.0,45.0,JUNCTION_RIGHT,FATAL DEGRADATION,0.0,3,0
1771931669.956,5.8,0.0,45.0,JUNCTION_RIGHT,FATAL DEGRADATION,0.0,3,0
1771931670.058,5.7,0.0,45.0,JUNCTION_RIGHT,FATAL DEGRADATION,0.0,3,0
1771931670.241,6.9,0.0,45.0,JUNCTION_RIGHT,FATAL DEGRADATION,0.0,3,0
1771931670.353,6.5,0.0,45.0,JUNCTION_RIGHT,FATAL DEGRADATION,0.0,3,0
1771931670.544,7.2,0.0,45.0,JUNCTION_RIGHT,FATAL DEGRADATION,0.0,3,0
1771931670.66,6.6,0.0,45.0,JUNCTION_RIGHT,FATAL DEGRADATION,0.0,3,0
1771931670.903,7.3,0.0,45.0,JUNCTION_RIGHT,FATAL DEGRADATION,0.0,3,0
1771931671.017,6.3,0.0,45.0,JUNCTION_RIGHT,FATAL DEGRADATION,0.0,3,0
1771931671.198,7.1,0.0,45.0,JUNCTION_RIGHT,FATAL DEGRADATION,0.0,3,0
1771931671.313,6.6,0.0,45.0,JUNCTION_RIGHT,FATAL DEGRADATION,0.0,3,0
1771931671.528,7.3,0.0,45.0,JUNCTION_RIGHT,FATAL DEGRADATION,0.0,3,0
1771931671.67,6.5,0.0,45.0,JUNCTION_RIGHT,FATAL DEGRADATION,0.0,3,0
1771931672.01,6.6,0.0,45.0,JUNCTION_RIGHT,FATAL DEGRADATION,0.0,3,0
1771931672.187,5.5,0.0,45.0,JUNCTION_RIGHT,FATAL DEGRADATION,0.0,3,0
1771931672.368,5.6,0.0,45.0,JUNCTION_RIGHT,FATAL DEGRADATION,0.0,3,0
1771931672.481,5.6,0.0,45.0,JUNCTION_RIGHT,FATAL DEGRADATION,0.0,3,0
1771931672.665,6.6,0.0,45.0,JUNCTION_RIGHT,FATAL DEGRADATION,0.0,3,0
1771931672.818,6.2,0.0,45.0,JUNCTION_RIGHT,FATAL DEGRADATION,0.0,3,0
1771931673.018,6.3,0.0,45.0,JUNCTION_RIGHT,FATAL DEGRADATION,0.0,3,0
1771931673.131,5.9,0.0,45.0,JUNCTION_RIGHT,FATAL DEGRADATION,0.0,3,0
1771931673.372,6.8,0.0,45.0,JUNCTION_RIGHT,FATAL DEGRADATION,0.0,3,0
1771931673.477,6.0,0.0,45.0,JUNCTION_RIGHT,FATAL DEGRADATION,0.0,3,0
1771931673.646,7.1,0.0,45.0,JUNCTION_RIGHT,FATAL DEGRADATION,0.0,3,0
1771931673.81,6.7,0.0,45.0,JUNCTION_RIGHT,FATAL DEGRADATION,0.0,3,0
1771931674.045,6.5,0.0,45.0,JUNCTION_RIGHT,FATAL DEGRADATION,0.0,3,0
1771931674.164,5.9,0.0,45.0,JUNCTION_RIGHT,FATAL DEGRADATION,0.0,3,0
1771931674.409,6.6,0.0,45.0,JUNCTION_RIGHT,FATAL DEGRADATION,0.0,3,0
1771931674.517,5.9,0.0,45.0,JUNCTION_RIGHT,FATAL DEGRADATION,0.0,3,0
1771931674.69,7.0,0.0,45.0,JUNCTION_RIGHT,FATAL DEGRADATION,0.0,3,0
1771931674.806,6.6,0.0,45.0,JUNCTION_RIGHT,FATAL DEGRADATION,0.0,3,0
1771931675.137,7.2,0.0,45.0,JUNCTION_RIGHT,FATAL DEGRADATION,0.0,3,0
1771931675.254,5.9,0.0,45.0,JUNCTION_RIGHT,FATAL DEGRADATION,0.0,3,0
1771931675.554,6.7,0.0,45.0,JUNCTION_RIGHT,FATAL DEGRADATION,0.0,3,0
1771931675.726,5.7,0.0,45.0,JUNCTION_RIGHT,FATAL DEGRADATION,0.0,3,0
1771931675.929,5.7,0.0,45.0,JUNCTION_RIGHT,FATAL DEGRADATION,0.0,3,0
1771931676.133,5.5,0.0,45.0,JUNCTION_RIGHT,FATAL DEGRADATION,0.0,3,0
1771931676.36,5.3,0.0,45.0,JUNCTION_RIGHT,FATAL DEGRADATION,0.0,3,0
1771931676.452,5.0,0.0,45.0,JUNCTION_RIGHT,FATAL DEGRADATION,0.0,3,0
1771931676.658,6.8,0.0,45.0,JUNCTION_RIGHT,FATAL DEGRADATION,0.0,3,0
1771931676.808,6.2,0.0,45.0,JUNCTION_RIGHT,FATAL DEGRADATION,0.0,3,0
1771931676.983,6.4,0.0,45.0,JUNCTION_RIGHT,FATAL DEGRADATION,0.0,3,0
1771931677.074,6.2,0.0,45.0,JUNCTION_RIGHT,FATAL DEGRADATION,0.0,3,0
1771931677.271,7.6,0.0,45.0,JUNCTION_RIGHT,FATAL DEGRADATION,0.0,3,0
1771931677.366,6.9,0.0,45.0,JUNCTION_RIGHT,FATAL DEGRADATION,0.0,3,0
1771931677.516,7.9,0.0,45.0,JUNCTION_RIGHT,FATAL DEGRADATION,0.0,3,0
1771931677.611,7.6,0.0,45.0,JUNCTION_RIGHT,FATAL DEGRADATION,0.0,3,0
1771931677.88,8.3,0.0,45.0,JUNCTION_RIGHT,FATAL DEGRADATION,0.0,3,0
1771931677.983,6.9,0.0,45.0,JUNCTION_RIGHT,FATAL DEGRADATION,0.0,3,0
1771931678.187,7.7,0.0,45.0,JUNCTION_RIGHT,FATAL DEGRADATION,0.0,3,0
1771931678.361,6.8,0.0,45.0,JUNCTION_RIGHT,FATAL DEGRADATION,0.0,3,0
1771931678.52,6.6,0.0,45.0,JUNCTION_RIGHT,FATAL DEGRADATION,0.0,3,0
1771931678.612,6.5,0.0,45.0,JUNCTION_RIGHT,FATAL DEGRADATION,0.0,3,0
1771931678.78,7.7,0.0,45.0,JUNCTION_RIGHT,FATAL DEGRADATION,0.0,3,0
1771931678.901,7.2,0.0,45.0,JUNCTION_RIGHT,FATAL DEGRADATION,0.0,3,0
1771931679.08,7.6,0.0,45.0,JUNCTION_RIGHT,FATAL DEGRADATION,0.0,3,0
1771931679.245,7.0,0.0,45.0,JUNCTION_RIGHT,FATAL DEGRADATION,0.0,3,0
1771931680.046,6.7,0.0,45.0,JUNCTION_RIGHT,FATAL DEGRADATION,0.0,3,0
1771931680.344,5.1,0.0,45.0,JUNCTION_RIGHT,FATAL DEGRADATION,0.0,3,0
1771931680.589,4.5,0.0,45.0,JUNCTION_RIGHT,FATAL DEGRADATION,0.0,3,0
1771931680.732,4.4,0.0,45.0,JUNCTION_RIGHT,FATAL DEGRADATION,0.0,3,0
1771931680.94,5.2,0.0,45.0,JUNCTION_RIGHT,FATAL DEGRADATION,0.0,3,0
1771931681.057,5.1,0.0,45.0,JUNCTION_RIGHT,FATAL DEGRADATION,0.0,3,0
1771931681.395,6.1,0.0,45.0,JUNCTION_RIGHT,FATAL DEGRADATION,0.0,3,0
1771931681.527,5.2,0.0,45.0,JUNCTION_RIGHT,FATAL DEGRADATION,0.0,3,0
1771931681.912,5.9,0.0,45.0,JUNCTION_RIGHT,FATAL DEGRADATION,0.0,3,0
1771931682.022,4.9,0.0,45.0,JUNCTION_RIGHT,FATAL DEGRADATION,0.0,3,0
1771931682.33,6.2,0.0,45.0,JUNCTION_RIGHT,FATAL DEGRADATION,0.0,3,0
1771931682.45,5.3,0.0,45.0,JUNCTION_RIGHT,FATAL DEGRADATION,0.0,3,0
1771931682.614,6.3,0.0,45.0,JUNCTION_RIGHT,FATAL DEGRADATION,0.0,3,0
1771931682.73,6.2,0.0,45.0,JUNCTION_RIGHT,FATAL DEGRADATION,0.0,3,0
1771931682.927,6.9,0.0,45.0,JUNCTION_RIGHT,FATAL DEGRADATION,0.0,3,0
1771931683.024,6.4,0.0,45.0,JUNCTION_RIGHT,FATAL DEGRADATION,0.0,3,0
1771931683.194,7.5,0.0,45.0,JUNCTION_RIGHT,FATAL DEGRADATION,0.0,3,0
1771931683.374,7.0,0.0,45.0,JUNCTION_RIGHT,FATAL DEGRADATION,0.0,3,0
1771931683.534,6.6,0.0,45.0,JUNCTION_RIGHT,FATAL DEGRADATION,0.0,3,0
1771931683.629,6.5,0.0,45.0,JUNCTION_RIGHT,FATAL DEGRADATION,0.0,3,0
1771931683.821,7.7,0.0,45.0,JUNCTION_RIGHT,FATAL DEGRADATION,0.0,3,0
1771931683.966,7.0,0.0,45.0,JUNCTION_RIGHT,FATAL DEGRADATION,0.0,3,0
1771931684.122,7.0,0.0,45.0,JUNCTION_RIGHT,FATAL DEGRADATION,0.0,3,0
1771931684.234,6.7,0.0,45.0,JUNCTION_RIGHT,FATAL DEGRADATION,0.0,3,0
1771931684.47,7.5,0.0,45.0,JUNCTION_RIGHT,FATAL DEGRADATION,0.0,3,0
1771931684.579,6.5,0.0,45.0,JUNCTION_RIGHT,FATAL DEGRADATION,0.0,3,0
1771931684.788,7.3,0.0,45.0,JUNCTION_RIGHT,FATAL DEGRADATION,0.0,3,0
1771931684.901,6.5,0.0,45.0,JUNCTION_RIGHT,FATAL DEGRADATION,0.0,3,0
1771931685.11,7.3,0.0,45.0,JUNCTION_RIGHT,FATAL DEGRADATION,0.0,3,0
1771931685.232,6.5,0.0,45.0,JUNCTION_RIGHT,FATAL DEGRADATION,0.0,3,0
1771931685.436,7.0,0.0,45.0,JUNCTION_RIGHT,FATAL DEGRADATION,0.0,3,0
1771931685.552,6.4,0.0,45.0,JUNCTION_RIGHT,FATAL DEGRADATION,0.0,3,0
1771931685.781,7.1,0.0,45.0,JUNCTION_RIGHT,FATAL DEGRADATION,0.0,3,0
1771931685.938,6.3,0.0,45.0,JUNCTION_RIGHT,FATAL DEGRADATION,0.0,3,0
1771931686.328,6.3,0.0,45.0,JUNCTION_RIGHT,FATAL DEGRADATION,0.0,3,0
1771931686.518,5.2,0.0,45.0,JUNCTION_RIGHT,FATAL DEGRADATION,0.0,3,0
1771931686.861,5.2,0.0,45.0,JUNCTION_RIGHT,FATAL DEGRADATION,0.0,3,0
1771931686.978,4.5,0.0,45.0,JUNCTION_RIGHT,FATAL DEGRADATION,0.0,3,0
1771931687.178,5.7,0.0,45.0,JUNCTION_RIGHT,FATAL DEGRADATION,0.0,3,0
1771931687.33,5.5,0.0,45.0,JUNCTION_RIGHT,FATAL DEGRADATION,0.0,3,0
1771931687.585,5.8,0.0,45.0,JUNCTION_RIGHT,FATAL DEGRADATION,0.0,3,0
1771931687.712,5.3,0.0,45.0,JUNCTION_RIGHT,FATAL DEGRADATION,0.0,3,0
1771931688.004,6.0,0.0,45.0,JUNCTION_RIGHT,FATAL DEGRADATION,0.0,3,0
1771931688.108,5.3,0.0,45.0,JUNCTION_RIGHT,FATAL DEGRADATION,0.0,3,0
1771931688.362,6.5,0.0,45.0,JUNCTION_RIGHT,FATAL DEGRADATION,0.0,3,0
1771931688.475,5.7,0.0,45.0,JUNCTION_RIGHT,FATAL DEGRADATION,0.0,3,0
1771931688.678,6.7,0.0,45.0,JUNCTION_RIGHT,FATAL DEGRADATION,0.0,3,0
1771931688.803,6.1,0.0,45.0,JUNCTION_RIGHT,FATAL DEGRADATION,0.0,3,0
1771931689.038,6.7,0.0,45.0,JUNCTION_RIGHT,FATAL DEGRADATION,0.0,3,0
1771931689.15,6.0,0.0,45.0,JUNCTION_RIGHT,FATAL DEGRADATION,0.0,3,0
1771931689.362,6.9,0.0,45.0,JUNCTION_RIGHT,FATAL DEGRADATION,0.0,3,0
1771931689.464,6.3,0.0,45.0,JUNCTION_RIGHT,FATAL DEGRADATION,0.0,3,0
1771931689.69,7.3,0.0,45.0,JUNCTION_RIGHT,FATAL DEGRADATION,0.0,3,0
1771931689.827,6.4,0.0,45.0,JUNCTION_RIGHT,FATAL DEGRADATION,0.0,3,0
1771931689.986,6.7,0.0,45.0,JUNCTION_RIGHT,FATAL DEGRADATION,0.0,3,0
1771931690.099,6.6,0.0,45.0,JUNCTION_RIGHT,FATAL DEGRADATION,0.0,3,0
1771931690.429,7.2,0.0,45.0,JUNCTION_RIGHT,FATAL DEGRADATION,0.0,3,0
1771931690.953,5.9,0.0,45.0,JUNCTION_RIGHT,FATAL DEGRADATION,0.0,3,0
1771931691.816,4.7,0.0,45.0,JUNCTION_RIGHT,FATAL DEGRADATION,0.0,3,0
1771931692.006,3.7,0.0,45.0,JUNCTION_RIGHT,FATAL DEGRADATION,0.0,3,0
1771931692.192,4.2,0.0,45.0,JUNCTION_RIGHT,FATAL DEGRADATION,0.0,3,0
1771931692.388,4.6,0.0,45.0,JUNCTION_RIGHT,FATAL DEGRADATION,0.0,3,0
1771931692.583,4.7,0.0,45.0,JUNCTION_RIGHT,FATAL DEGRADATION,0.0,3,0
1771931692.716,4.9,0.0,45.0,JUNCTION_RIGHT,FATAL DEGRADATION,0.0,3,0
1771931693.135,5.6,0.0,45.0,JUNCTION_RIGHT,FATAL DEGRADATION,0.0,3,0
1771931693.287,4.7,0.0,45.0,JUNCTION_RIGHT,FATAL DEGRADATION,0.0,3,0
1771931693.446,5.3,0.0,45.0,JUNCTION_RIGHT,FATAL DEGRADATION,0.0,3,0
1771931693.566,5.6,0.0,45.0,JUNCTION_RIGHT,FATAL DEGRADATION,0.0,3,0
1771931693.744,6.4,0.0,45.0,JUNCTION_RIGHT,FATAL DEGRADATION,0.0,3,0
1771931693.851,6.2,0.0,45.0,JUNCTION_RIGHT,FATAL DEGRADATION,0.0,3,0
1771931694.093,7.2,0.0,45.0,JUNCTION_RIGHT,FATAL DEGRADATION,0.0,3,0
1771931694.226,6.2,0.0,45.0,JUNCTION_RIGHT,FATAL DEGRADATION,0.0,3,0
1771931694.415,6.7,0.0,45.0,JUNCTION_RIGHT,FATAL DEGRADATION,0.0,3,0
1771931694.521,6.3,0.0,45.0,JUNCTION_RIGHT,FATAL DEGRADATION,0.0,3,0
1771931694.773,7.2,0.0,45.0,JUNCTION_RIGHT,FATAL DEGRADATION,0.0,3,0
1771931694.894,6.2,0.0,45.0,JUNCTION_RIGHT,FATAL DEGRADATION,0.0,3,0
1771931695.102,6.8,0.0,45.0,JUNCTION_RIGHT,FATAL DEGRADATION,0.0,3,0
1771931695.258,6.2,0.0,45.0,JUNCTION_RIGHT,FATAL DEGRADATION,0.0,3,0
1771931695.447,6.2,0.0,45.0,JUNCTION_RIGHT,FATAL DEGRADATION,0.0,3,0
1771931695.553,6.0,0.0,45.0,JUNCTION_RIGHT,FATAL DEGRADATION,0.0,3,0
1771931695.781,6.9,0.0,45.0,JUNCTION_RIGHT,FATAL DEGRADATION,0.0,3,0
1771931695.908,6.2,0.0,45.0,JUNCTION_RIGHT,FATAL DEGRADATION,0.0,3,0
1771931696.454,6.6,0.0,45.0,JUNCTION_RIGHT,FATAL DEGRADATION,0.0,3,0
1771931696.597,5.2,0.0,45.0,JUNCTION_RIGHT,FATAL DEGRADATION,0.0,3,0
1771931696.865,5.7,0.0,45.0,JUNCTION_RIGHT,FATAL DEGRADATION,0.0,3,0
1771931696.989,5.1,0.0,45.0,JUNCTION_RIGHT,FATAL DEGRADATION,0.0,3,0
1771931697.216,6.0,0.0,45.0,JUNCTION_RIGHT,FATAL DEGRADATION,0.0,3,0
1771931697.351,5.5,0.0,45.0,JUNCTION_RIGHT,FATAL DEGRADATION,0.0,3,0
1771931697.534,6.1,0.0,45.0,JUNCTION_RIGHT,FATAL DEGRADATION,0.0,3,0
1771931697.646,5.9,0.0,45.0,JUNCTION_RIGHT,FATAL DEGRADATION,0.0,3,0
1771931697.849,6.8,0.0,45.0,JUNCTION_RIGHT,FATAL DEGRADATION,0.0,3,0
1771931697.946,6.3,0.0,45.0,JUNCTION_RIGHT,FATAL DEGRADATION,0.0,3,0
1771931698.198,7.4,0.0,45.0,JUNCTION_RIGHT,FATAL DEGRADATION,0.0,3,0
1771931698.322,6.4,0.0,45.0,JUNCTION_RIGHT,FATAL DEGRADATION,0.0,3,0
1771931698.494,7.0,0.0,45.0,JUNCTION_RIGHT,FATAL DEGRADATION,0.0,3,0
1771931698.614,6.6,0.0,45.0,JUNCTION_RIGHT,FATAL DEGRADATION,0.0,3,0
1771931698.853,7.1,0.0,45.0,JUNCTION_RIGHT,FATAL DEGRADATION,0.0,3,0
1771931698.972,6.2,0.0,45.0,JUNCTION_RIGHT,FATAL DEGRADATION,0.0,3,0
1771931699.198,6.9,0.0,45.0,JUNCTION_RIGHT,FATAL DEGRADATION,0.0,3,0
1771931699.358,6.1,0.0,45.0,JUNCTION_RIGHT,FATAL DEGRADATION,0.0,3,0
1771931699.528,6.2,0.0,45.0,JUNCTION_RIGHT,FATAL DEGRADATION,0.0,3,0
1771931699.64,6.1,0.0,45.0,JUNCTION_RIGHT,FATAL DEGRADATION,0.0,3,0
1771931699.917,6.9,0.0,45.0,JUNCTION_RIGHT,FATAL DEGRADATION,0.0,3,0
1771931700.065,5.9,0.0,45.0,JUNCTION_RIGHT,FATAL DEGRADATION,0.0,3,0
1771931700.413,6.2,0.0,45.0,JUNCTION_RIGHT,FATAL DEGRADATION,0.0,3,0
1771931700.572,5.2,0.0,45.0,JUNCTION_RIGHT,FATAL DEGRADATION,0.0,3,0
1771931700.758,5.5,0.0,45.0,JUNCTION_RIGHT,FATAL DEGRADATION,0.0,3,0
1771931700.918,5.4,0.0,45.0,JUNCTION_RIGHT,FATAL DEGRADATION,0.0,3,0
1771931701.107,5.7,0.0,45.0,JUNCTION_RIGHT,FATAL DEGRADATION,0.0,3,0
1771931701.308,5.6,0.0,45.0,JUNCTION_RIGHT,FATAL DEGRADATION,0.0,3,0
1771931701.637,5.4,0.0,45.0,JUNCTION_RIGHT,FATAL DEGRADATION,0.0,3,0
1771931701.757,4.7,0.0,45.0,JUNCTION_RIGHT,FATAL DEGRADATION,0.0,3,0
1771931701.973,5.8,0.0,45.0,JUNCTION_RIGHT,FATAL DEGRADATION,0.0,3,0
1771931702.08,5.4,0.0,45.0,JUNCTION_RIGHT,FATAL DEGRADATION,0.0,3,0
1771931702.27,6.6,0.0,45.0,JUNCTION_RIGHT,FATAL DEGRADATION,0.0,3,0
1771931702.717,6.2,0.0,45.0,JUNCTION_RIGHT,FATAL DEGRADATION,0.0,3,0
1771931703.238,5.0,0.0,45.0,JUNCTION_RIGHT,FATAL DEGRADATION,0.0,3,0
1771931703.424,4.1,0.0,45.0,JUNCTION_RIGHT,FATAL DEGRADATION,0.0,3,0
1771931703.731,4.5,0.0,45.0,JUNCTION_RIGHT,FATAL DEGRADATION,0.0,3,0
1771931703.858,4.1,0.0,45.0,JUNCTION_RIGHT,FATAL DEGRADATION,0.0,3,0
1771931704.096,4.7,0.0,45.0,JUNCTION_RIGHT,FATAL DEGRADATION,0.0,3,0
1771931704.246,4.8,0.0,45.0,JUNCTION_RIGHT,FATAL DEGRADATION,0.0,3,0
1771931704.429,5.4,0.0,45.0,JUNCTION_RIGHT,FATAL DEGRADATION,0.0,3,0
1771931704.543,5.4,0.0,45.0,JUNCTION_RIGHT,FATAL DEGRADATION,0.0,3,0
1771931704.792,6.4,0.0,45.0,JUNCTION_RIGHT,FATAL DEGRADATION,0.0,3,0
1771931704.898,5.7,0.0,45.0,JUNCTION_RIGHT,FATAL DEGRADATION,0.0,3,0
1771931705.044,6.7,0.0,45.0,JUNCTION_RIGHT,FATAL DEGRADATION,0.0,3,0
1771931705.139,6.8,0.0,45.0,JUNCTION_RIGHT,FATAL DEGRADATION,0.0,3,0
1771931705.38,8.0,0.0,45.0,JUNCTION_RIGHT,FATAL DEGRADATION,0.0,3,0
1771931705.489,6.8,0.0,45.0,JUNCTION_RIGHT,FATAL DEGRADATION,0.0,3,0
1771931705.71,7.5,0.0,45.0,JUNCTION_RIGHT,FATAL DEGRADATION,0.0,3,0
1771931705.932,6.6,0.0,45.0,JUNCTION_RIGHT,FATAL DEGRADATION,0.0,3,0
1771931706.266,6.0,0.0,45.0,JUNCTION_RIGHT,FATAL DEGRADATION,0.0,3,0
1771931706.488,5.1,0.0,45.0,JUNCTION_RIGHT,FATAL DEGRADATION,0.0,3,0
1771931706.763,4.9,0.0,45.0,JUNCTION_RIGHT,FATAL DEGRADATION,0.0,3,0
1771931706.87,4.5,0.0,45.0,JUNCTION_RIGHT,FATAL DEGRADATION,0.0,3,0
1771931707.083,6.0,0.0,45.0,JUNCTION_RIGHT,FATAL DEGRADATION,0.0,3,0
1771931707.188,5.6,0.0,45.0,JUNCTION_RIGHT,FATAL DEGRADATION,0.0,3,0
1771931707.374,6.8,0.0,45.0,JUNCTION_RIGHT,FATAL DEGRADATION,0.0,3,0
1771931707.471,6.4,0.0,45.0,JUNCTION_RIGHT,FATAL DEGRADATION,0.0,3,0
1771931707.695,7.5,0.0,45.0,JUNCTION_RIGHT,FATAL DEGRADATION,0.0,3,0
1771931707.868,6.6,0.0,45.0,JUNCTION_RIGHT,FATAL DEGRADATION,0.0,3,0
1771931708.036,6.4,0.0,45.0,JUNCTION_RIGHT,FATAL DEGRADATION,0.0,3,0
1771931708.16,6.2,0.0,45.0,JUNCTION_RIGHT,FATAL DEGRADATION,0.0,3,0
1771931708.38,6.7,0.0,45.0,JUNCTION_RIGHT,FATAL DEGRADATION,0.0,3,0
1771931708.495,6.1,0.0,45.0,JUNCTION_RIGHT,FATAL DEGRADATION,0.0,3,0
1771931708.741,6.8,0.0,45.0,JUNCTION_RIGHT,FATAL DEGRADATION,0.0,3,0
1771931708.899,6.0,0.0,45.0,JUNCTION_RIGHT,FATAL DEGRADATION,0.0,3,0
1771931709.075,6.1,0.0,45.0,JUNCTION_RIGHT,FATAL DEGRADATION,0.0,3,0
1771931709.194,6.0,0.0,45.0,JUNCTION_RIGHT,FATAL DEGRADATION,0.0,3,0
1771931709.402,6.7,0.0,45.0,JUNCTION_RIGHT,FATAL DEGRADATION,0.0,3,0
1771931709.508,6.2,0.0,45.0,JUNCTION_RIGHT,FATAL DEGRADATION,0.0,3,0
1771931709.69,7.2,0.0,45.0,JUNCTION_RIGHT,FATAL DEGRADATION,0.0,3,0
1771931709.856,6.7,0.0,45.0,JUNCTION_RIGHT,FATAL DEGRADATION,0.0,3,0
1771931710.033,6.5,0.0,45.0,JUNCTION_RIGHT,FATAL DEGRADATION,0.0,3,0
1771931710.137,6.2,0.0,45.0,JUNCTION_RIGHT,FATAL DEGRADATION,0.0,3,0
1771931710.387,7.3,0.0,45.0,JUNCTION_RIGHT,FATAL DEGRADATION,0.0,3,0
1771931710.517,6.3,0.0,45.0,JUNCTION_RIGHT,FATAL DEGRADATION,0.0,3,0
1771931710.745,6.7,0.0,45.0,JUNCTION_RIGHT,FATAL DEGRADATION,0.0,3,0
1771931710.945,6.0,0.0,45.0,JUNCTION_RIGHT,FATAL DEGRADATION,0.0,3,0
1771931711.312,5.7,0.0,45.0,JUNCTION_RIGHT,FATAL DEGRADATION,0.0,3,0
1771931711.443,4.8,0.0,45.0,JUNCTION_RIGHT,FATAL DEGRADATION,0.0,3,0
1771931711.626,5.6,0.0,45.0,JUNCTION_RIGHT,FATAL DEGRADATION,0.0,3,0
1771931711.771,5.6,0.0,45.0,JUNCTION_RIGHT,FATAL DEGRADATION,0.0,3,0
1771931711.985,6.0,0.0,45.0,JUNCTION_RIGHT,FATAL DEGRADATION,0.0,3,0
1771931712.228,5.6,0.0,45.0,JUNCTION_RIGHT,FATAL DEGRADATION,0.0,3,0
1771931712.496,5.1,0.0,45.0,JUNCTION_RIGHT,FATAL DEGRADATION,0.0,3,0
1771931712.66,4.7,0.0,45.0,JUNCTION_RIGHT,FATAL DEGRADATION,0.0,3,0
1771931712.858,5.2,0.0,45.0,JUNCTION_RIGHT,FATAL DEGRADATION,0.0,3,0
1771931713.056,5.1,0.0,45.0,JUNCTION_RIGHT,FATAL DEGRADATION,0.0,3,0
1771931713.364,5.1,0.0,45.0,JUNCTION_RIGHT,FATAL DEGRADATION,0.0,3,0
1771931713.47,4.5,0.0,45.0,JUNCTION_RIGHT,FATAL DEGRADATION,0.0,3,0
1771931713.64,6.1,0.0,45.0,JUNCTION_RIGHT,FATAL DEGRADATION,0.0,3,0
1771931713.805,6.0,0.0,45.0,JUNCTION_RIGHT,FATAL DEGRADATION,0.0,3,0
1771931714.493,6.0,0.0,45.0,JUNCTION_RIGHT,FATAL DEGRADATION,0.0,3,0
1771931714.673,4.7,0.0,45.0,JUNCTION_RIGHT,FATAL DEGRADATION,0.0,3,0
1771931715.033,5.0,0.0,45.0,JUNCTION_RIGHT,FATAL DEGRADATION,0.0,3,0
1771931715.188,4.3,0.0,45.0,JUNCTION_RIGHT,FATAL DEGRADATION,0.0,3,0
1771931715.387,5.0,0.0,45.0,JUNCTION_RIGHT,FATAL DEGRADATION,0.0,3,0
1771931715.53,5.0,0.0,45.0,JUNCTION_RIGHT,FATAL DEGRADATION,0.0,3,0
1771931715.777,5.6,0.0,45.0,JUNCTION_RIGHT,FATAL DEGRADATION,0.0,3,0
1771931716.105,5.1,0.0,45.0,JUNCTION_RIGHT,FATAL DEGRADATION,0.0,3,0
1771931716.416,4.5,0.0,45.0,JUNCTION_RIGHT,FATAL DEGRADATION,0.0,3,0
1771931716.522,4.1,0.0,45.0,JUNCTION_RIGHT,FATAL DEGRADATION,0.0,3,0
1771931716.775,5.7,0.0,45.0,JUNCTION_RIGHT,FATAL DEGRADATION,0.0,3,0
1771931716.914,5.2,0.0,45.0,JUNCTION_RIGHT,FATAL DEGRADATION,0.0,3,0
1771931717.143,5.8,0.0,45.0,JUNCTION_RIGHT,FATAL DEGRADATION,0.0,3,0
1771931717.288,5.4,0.0,45.0,JUNCTION_RIGHT,FATAL DEGRADATION,0.0,3,0
1771931717.476,5.7,0.0,45.0,JUNCTION_RIGHT,FATAL DEGRADATION,0.0,3,0
1771931717.574,5.7,0.0,45.0,JUNCTION_RIGHT,FATAL DEGRADATION,0.0,3,0
1771931717.818,7.0,0.0,45.0,JUNCTION_RIGHT,FATAL DEGRADATION,0.0,3,0
1771931717.917,6.2,0.0,45.0,JUNCTION_RIGHT,FATAL DEGRADATION,0.0,3,0
1771931718.099,7.3,0.0,45.0,JUNCTION_RIGHT,FATAL DEGRADATION,0.0,3,0
1771931718.236,6.8,0.0,45.0,JUNCTION_RIGHT,FATAL DEGRADATION,0.0,3,0
1771931718.443,6.9,0.0,45.0,JUNCTION_RIGHT,FATAL DEGRADATION,0.0,3,0
1771931718.548,6.3,0.0,45.0,JUNCTION_RIGHT,FATAL DEGRADATION,0.0,3,0
1771931718.762,7.3,0.0,45.0,JUNCTION_RIGHT,FATAL DEGRADATION,0.0,3,0
1771931718.882,6.5,0.0,45.0,JUNCTION_RIGHT,FATAL DEGRADATION,0.0,3,0
1771931719.045,7.0,0.0,45.0,JUNCTION_RIGHT,FATAL DEGRADATION,0.0,3,0
1771931719.152,6.8,0.0,45.0,JUNCTION_RIGHT,FATAL DEGRADATION,0.0,3,0
1771931719.375,7.6,0.0,45.0,JUNCTION_RIGHT,FATAL DEGRADATION,0.0,3,0
1771931719.507,6.6,0.0,45.0,JUNCTION_RIGHT,FATAL DEGRADATION,0.0,3,0
1771931719.694,6.9,0.0,45.0,JUNCTION_RIGHT,FATAL DEGRADATION,0.0,3,0
1771931719.799,6.5,0.0,45.0,JUNCTION_RIGHT,FATAL DEGRADATION,0.0,3,0
1771931720.004,7.4,0.0,45.0,JUNCTION_RIGHT,FATAL DEGRADATION,0.0,3,0
1771931720.104,6.6,0.0,45.0,JUNCTION_RIGHT,FATAL DEGRADATION,0.0,3,0
1771931720.315,7.6,0.0,45.0,JUNCTION_RIGHT,FATAL DEGRADATION,0.0,3,0
1771931720.478,6.7,0.0,45.0,JUNCTION_RIGHT,FATAL DEGRADATION,0.0,3,0
1771931720.825,6.6,0.0,45.0,JUNCTION_RIGHT,FATAL DEGRADATION,0.0,3,0
1771931720.978,5.5,0.0,45.0,JUNCTION_RIGHT,FATAL DEGRADATION,0.0,3,0
1771931721.195,5.8,0.0,45.0,JUNCTION_RIGHT,FATAL DEGRADATION,0.0,3,0
1771931721.316,5.4,0.0,45.0,JUNCTION_RIGHT,FATAL DEGRADATION,0.0,3,0
1771931721.484,6.3,0.0,45.0,JUNCTION_RIGHT,FATAL DEGRADATION,0.0,3,0
1771931721.623,6.2,0.0,45.0,JUNCTION_RIGHT,FATAL DEGRADATION,0.0,3,0
1771931721.867,6.5,0.0,45.0,JUNCTION_RIGHT,FATAL DEGRADATION,0.0,3,0
1771931721.965,5.8,0.0,45.0,JUNCTION_RIGHT,FATAL DEGRADATION,0.0,3,0
1771931722.187,7.1,0.0,45.0,JUNCTION_RIGHT,FATAL DEGRADATION,0.0,3,0
1771931722.313,6.3,0.0,45.0,JUNCTION_RIGHT,FATAL DEGRADATION,0.0,3,0
1771931722.495,6.7,0.0,45.0,JUNCTION_RIGHT,FATAL DEGRADATION,0.0,3,0
1771931722.606,6.4,0.0,45.0,JUNCTION_RIGHT,FATAL DEGRADATION,0.0,3,0
1771931722.916,7.1,0.0,45.0,JUNCTION_RIGHT,FATAL DEGRADATION,0.0,3,0
1771931723.013,6.0,0.0,45.0,JUNCTION_RIGHT,FATAL DEGRADATION,0.0,3,0
1771931723.226,7.3,0.0,45.0,JUNCTION_RIGHT,FATAL DEGRADATION,0.0,3,0
1771931723.37,6.5,0.0,45.0,JUNCTION_RIGHT,FATAL DEGRADATION,0.0,3,0
1771931723.535,6.6,0.0,45.0,JUNCTION_RIGHT,FATAL DEGRADATION,0.0,3,0
1771931723.643,6.5,0.0,45.0,JUNCTION_RIGHT,FATAL DEGRADATION,0.0,3,0
1771931723.938,7.3,0.0,45.0,JUNCTION_RIGHT,FATAL DEGRADATION,0.0,3,0
1771931724.038,6.1,0.0,45.0,JUNCTION_RIGHT,FATAL DEGRADATION,0.0,3,0
1771931724.243,7.3,0.0,45.0,JUNCTION_RIGHT,FATAL DEGRADATION,0.0,3,0
1771931724.437,6.6,0.0,45.0,JUNCTION_RIGHT,FATAL DEGRADATION,0.0,3,0
1771931724.621,6.1,0.0,45.0,JUNCTION_RIGHT,FATAL DEGRADATION,0.0,3,0
1771931724.774,5.9,0.0,45.0,JUNCTION_RIGHT,FATAL DEGRADATION,0.0,3,0
1771931725.054,6.1,0.0,45.0,JUNCTION_RIGHT,FATAL DEGRADATION,0.0,3,0
1771931725.186,5.3,0.0,45.0,JUNCTION_RIGHT,FATAL DEGRADATION,0.0,3,0
1771931726.09,6.0,0.0,45.0,JUNCTION_RIGHT,FATAL DEGRADATION,0.0,3,0
1771931726.415,4.6,0.0,45.0,JUNCTION_RIGHT,FATAL DEGRADATION,0.0,3,0
1771931726.948,4.1,0.0,45.0,JUNCTION_RIGHT,FATAL DEGRADATION,0.0,3,0
1771931727.186,3.4,0.0,45.0,JUNCTION_RIGHT,FATAL DEGRADATION,0.0,3,0
1771931727.394,3.7,0.0,45.0,JUNCTION_RIGHT,FATAL DEGRADATION,0.0,3,0
1771931727.505,4.0,0.0,45.0,JUNCTION_RIGHT,FATAL DEGRADATION,0.0,3,0
1771931727.697,5.5,0.0,45.0,JUNCTION_RIGHT,FATAL DEGRADATION,0.0,3,0
1771931727.818,5.4,0.0,45.0,JUNCTION_RIGHT,FATAL DEGRADATION,0.0,3,0
1771931728.04,6.2,0.0,45.0,JUNCTION_RIGHT,FATAL DEGRADATION,0.0,3,0
1771931728.179,5.7,0.0,45.0,JUNCTION_RIGHT,FATAL DEGRADATION,0.0,3,0
1771931728.378,6.2,0.0,45.0,JUNCTION_RIGHT,FATAL DEGRADATION,0.0,3,0
1771931728.523,5.8,0.0,45.0,JUNCTION_RIGHT,FATAL DEGRADATION,0.0,3,0
1771931728.787,6.2,0.0,45.0,JUNCTION_RIGHT,FATAL DEGRADATION,0.0,3,0
1771931728.934,5.5,0.0,45.0,JUNCTION_RIGHT,FATAL DEGRADATION,0.0,3,0
1771931729.198,5.9,0.0,45.0,JUNCTION_RIGHT,FATAL DEGRADATION,0.0,3,0
1771931729.322,5.2,0.0,45.0,JUNCTION_RIGHT,FATAL DEGRADATION,0.0,3,0
1771931729.54,6.1,0.0,45.0,JUNCTION_RIGHT,FATAL DEGRADATION,0.0,3,0
1771931729.66,5.7,0.0,45.0,JUNCTION_RIGHT,FATAL DEGRADATION,0.0,3,0
1771931729.872,6.4,0.0,45.0,JUNCTION_RIGHT,FATAL DEGRADATION,0.0,3,0
1771931729.979,5.9,0.0,45.0,JUNCTION_RIGHT,FATAL DEGRADATION,0.0,3,0
1771931730.172,6.9,0.0,45.0,JUNCTION_RIGHT,FATAL DEGRADATION,0.0,3,0
1771931730.35,6.4,0.0,45.0,JUNCTION_RIGHT,FATAL DEGRADATION,0.0,3,0
1771931730.602,6.2,0.0,45.0,JUNCTION_RIGHT,FATAL DEGRADATION,0.0,3,0
1771931730.899,5.5,0.0,45.0,JUNCTION_RIGHT,FATAL DEGRADATION,0.0,3,0
1771931731.138,4.9,0.0,45.0,JUNCTION_RIGHT,FATAL DEGRADATION,0.0,3,0
1771931731.297,4.6,0.0,45.0,JUNCTION_RIGHT,FATAL DEGRADATION,0.0,3,0
1771931731.512,5.2,0.0,45.0,JUNCTION_RIGHT,FATAL DEGRADATION,0.0,3,0
1771931731.617,5.0,0.0,45.0,JUNCTION_RIGHT,FATAL DEGRADATION,0.0,3,0
1771931731.885,6.3,0.0,45.0,JUNCTION_RIGHT,FATAL DEGRADATION,0.0,3,0
1771931731.99,5.5,0.0,45.0,JUNCTION_RIGHT,FATAL DEGRADATION,0.0,3,0
1771931732.201,6.8,0.0,45.0,JUNCTION_RIGHT,FATAL DEGRADATION,0.0,3,0
1771931732.573,6.1,0.0,45.0,JUNCTION_RIGHT,FATAL DEGRADATION,0.0,3,0
1771931733.168,5.1,0.0,45.0,JUNCTION_RIGHT,FATAL DEGRADATION,0.0,3,0
1771931734.198,4.1,0.0,45.0,JUNCTION_RIGHT,FATAL DEGRADATION,0.0,3,0
1771931734.787,3.2,0.0,45.0,JUNCTION_RIGHT,FATAL DEGRADATION,0.0,3,0
1771931734.903,2.7,0.0,45.0,JUNCTION_RIGHT,FATAL DEGRADATION,0.0,3,0
1771931735.077,4.4,0.0,45.0,JUNCTION_RIGHT,FATAL DEGRADATION,0.0,3,0
1771931735.25,4.9,0.0,45.0,JUNCTION_RIGHT,FATAL DEGRADATION,0.0,3,0
1771931735.504,5.1,0.0,45.0,JUNCTION_RIGHT,FATAL DEGRADATION,0.0,3,0
1771931735.65,4.8,0.0,45.0,JUNCTION_RIGHT,FATAL DEGRADATION,0.0,3,0
1771931736.112,5.3,0.0,45.0,JUNCTION_RIGHT,FATAL DEGRADATION,0.0,3,0
1771931736.226,4.4,0.0,45.0,JUNCTION_RIGHT,FATAL DEGRADATION,0.0,3,0
1771931736.44,5.8,0.0,45.0,JUNCTION_RIGHT,FATAL DEGRADATION,0.0,3,0
1771931736.554,5.4,0.0,45.0,JUNCTION_RIGHT,FATAL DEGRADATION,0.0,3,0
1771931736.766,6.4,0.0,45.0,JUNCTION_RIGHT,FATAL DEGRADATION,0.0,3,0
1771931736.893,5.9,0.0,45.0,JUNCTION_RIGHT,FATAL DEGRADATION,0.0,3,0
1771931737.061,6.5,0.0,45.0,JUNCTION_RIGHT,FATAL DEGRADATION,0.0,3,0
1771931737.19,6.3,0.0,45.0,JUNCTION_RIGHT,FATAL DEGRADATION,0.0,3,0
1771931737.441,6.8,0.0,45.0,JUNCTION_RIGHT,FATAL DEGRADATION,0.0,3,0
1771931737.553,5.9,0.0,45.0,JUNCTION_RIGHT,FATAL DEGRADATION,0.0,3,0
1771931737.75,6.8,0.0,45.0,JUNCTION_RIGHT,FATAL DEGRADATION,0.0,3,0
1771931737.875,6.3,0.0,45.0,JUNCTION_RIGHT,FATAL DEGRADATION,0.0,3,0
1771931738.041,6.9,0.0,45.0,JUNCTION_RIGHT,FATAL DEGRADATION,0.0,3,0
1771931738.136,6.6,0.0,45.0,JUNCTION_RIGHT,FATAL DEGRADATION,0.0,3,0
1771931738.318,7.8,0.0,45.0,JUNCTION_RIGHT,FATAL DEGRADATION,0.0,3,0
1771931738.434,7.1,0.0,45.0,JUNCTION_RIGHT,FATAL DEGRADATION,0.0,3,0
1771931738.632,7.6,0.0,45.0,JUNCTION_RIGHT,FATAL DEGRADATION,0.0,3,0
1771931738.745,6.8,0.0,45.0,JUNCTION_RIGHT,FATAL DEGRADATION,0.0,3,0
1771931738.975,7.4,0.0,45.0,JUNCTION_RIGHT,FATAL DEGRADATION,0.0,3,0
1771931739.131,6.5,0.0,45.0,JUNCTION_RIGHT,FATAL DEGRADATION,0.0,3,0
1771931739.368,6.5,0.0,45.0,JUNCTION_RIGHT,FATAL DEGRADATION,0.0,3,0
1771931739.482,5.8,0.0,45.0,JUNCTION_RIGHT,FATAL DEGRADATION,0.0,3,0
1771931739.754,6.7,0.0,45.0,JUNCTION_RIGHT,FATAL DEGRADATION,0.0,3,0
1771931740.018,5.8,0.0,45.0,JUNCTION_RIGHT,FATAL DEGRADATION,0.0,3,0
1771931740.478,5.1,0.0,45.0,JUNCTION_RIGHT,FATAL DEGRADATION,0.0,3,0
1771931740.925,4.3,0.0,45.0,JUNCTION_RIGHT,FATAL DEGRADATION,0.0,3,0
1771931741.191,3.7,0.0,45.0,JUNCTION_RIGHT,FATAL DEGRADATION,0.0,3,0
1771931741.316,3.7,0.0,45.0,JUNCTION_RIGHT,FATAL DEGRADATION,0.0,3,0
1771931741.494,5.1,0.0,45.0,JUNCTION_RIGHT,FATAL DEGRADATION,0.0,3,0
1771931741.596,5.2,0.0,45.0,JUNCTION_RIGHT,FATAL DEGRADATION,0.0,3,0
1771931741.845,6.6,0.0,45.0,JUNCTION_RIGHT,FATAL DEGRADATION,0.0,3,0
1771931742.01,5.8,0.0,45.0,JUNCTION_RIGHT,FATAL DEGRADATION,0.0,3,0
1771931742.186,5.9,0.0,45.0,JUNCTION_RIGHT,FATAL DEGRADATION,0.0,3,0
1771931742.406,5.8,0.0,45.0,JUNCTION_RIGHT,FATAL DEGRADATION,0.0,3,0
1771931742.612,5.5,0.0,45.0,JUNCTION_RIGHT,FATAL DEGRADATION,0.0,3,0
1771931742.726,5.3,0.0,45.0,JUNCTION_RIGHT,FATAL DEGRADATION,0.0,3,0
1771931742.935,6.3,0.0,45.0,JUNCTION_RIGHT,FATAL DEGRADATION,0.0,3,0
1771931743.093,5.9,0.0,45.0,JUNCTION_RIGHT,FATAL DEGRADATION,0.0,3,0
1771931743.271,6.0,0.0,45.0,JUNCTION_RIGHT,FATAL DEGRADATION,0.0,3,0
1771931743.402,5.9,0.0,45.0,JUNCTION_RIGHT,FATAL DEGRADATION,0.0,3,0
1771931743.588,6.4,0.0,45.0,JUNCTION_RIGHT,FATAL DEGRADATION,0.0,3,0
1771931743.727,6.1,0.0,45.0,JUNCTION_RIGHT,FATAL DEGRADATION,0.0,3,0
1771931743.94,6.5,0.0,45.0,JUNCTION_RIGHT,FATAL DEGRADATION,0.0,3,0
1771931744.061,5.9,0.0,45.0,JUNCTION_RIGHT,FATAL DEGRADATION,0.0,3,0
1771931744.305,6.6,0.0,45.0,JUNCTION_RIGHT,FATAL DEGRADATION,0.0,3,0
1771931744.428,5.9,0.0,45.0,JUNCTION_RIGHT,FATAL DEGRADATION,0.0,3,0
1771931744.6,6.5,0.0,45.0,JUNCTION_RIGHT,FATAL DEGRADATION,0.0,3,0
1771931744.761,6.3,0.0,45.0,JUNCTION_RIGHT,FATAL DEGRADATION,0.0,3,0
1771931744.956,6.2,0.0,45.0,JUNCTION_RIGHT,FATAL DEGRADATION,0.0,3,0
1771931745.077,5.9,0.0,45.0,JUNCTION_RIGHT,FATAL DEGRADATION,0.0,3,0
1771931746.097,6.6,0.0,45.0,JUNCTION_RIGHT,FATAL DEGRADATION,0.0,3,0
1771931746.538,4.9,0.0,45.0,JUNCTION_RIGHT,FATAL DEGRADATION,0.0,3,0
1771931747.286,4.1,0.0,45.0,JUNCTION_RIGHT,FATAL DEGRADATION,0.0,3,0
1771931747.607,3.3,0.0,45.0,JUNCTION_RIGHT,FATAL DEGRADATION,0.0,3,0
1771931747.871,3.2,0.0,45.0,JUNCTION_RIGHT,FATAL DEGRADATION,0.0,3,0
1771931748.036,3.4,0.0,45.0,JUNCTION_RIGHT,FATAL DEGRADATION,0.0,3,0
1771931748.352,4.2,0.0,45.0,JUNCTION_RIGHT,FATAL DEGRADATION,0.0,3,0
1771931748.5,3.9,0.0,45.0,JUNCTION_RIGHT,FATAL DEGRADATION,0.0,3,0
1771931748.684,4.8,0.0,45.0,JUNCTION_RIGHT,FATAL DEGRADATION,0.0,3,0
1771931748.87,4.9,0.0,45.0,JUNCTION_RIGHT,FATAL DEGRADATION,0.0,3,0
1771931749.053,5.1,0.0,45.0,JUNCTION_RIGHT,FATAL DEGRADATION,0.0,3,0
1771931749.407,5.2,0.0,45.0,JUNCTION_RIGHT,FATAL DEGRADATION,0.0,3,0
1771931749.718,4.5,0.0,45.0,JUNCTION_RIGHT,FATAL DEGRADATION,0.0,3,0
1771931749.85,4.1,0.0,45.0,JUNCTION_RIGHT,FATAL DEGRADATION,0.0,3,0
1771931750.081,5.2,0.0,45.0,JUNCTION_RIGHT,FATAL DEGRADATION,0.0,3,0
1771931750.19,4.9,0.0,45.0,JUNCTION_RIGHT,FATAL DEGRADATION,0.0,3,0
1771931750.524,6.1,0.0,45.0,JUNCTION_RIGHT,FATAL DEGRADATION,0.0,3,0
1771931750.711,5.2,0.0,45.0,JUNCTION_RIGHT,FATAL DEGRADATION,0.0,3,0
1771931751.171,5.3,0.0,45.0,JUNCTION_RIGHT,FATAL DEGRADATION,0.0,3,0
1771931751.285,4.4,0.0,45.0,JUNCTION_RIGHT,FATAL DEGRADATION,0.0,3,0
1771931751.512,5.7,0.0,45.0,JUNCTION_RIGHT,FATAL DEGRADATION,0.0,3,0
1771931751.645,5.3,0.0,45.0,JUNCTION_RIGHT,FATAL DEGRADATION,0.0,3,0
1771931751.913,5.9,0.0,45.0,JUNCTION_RIGHT,FATAL DEGRADATION,0.0,3,0
1771931752.028,5.3,0.0,45.0,JUNCTION_RIGHT,FATAL DEGRADATION,0.0,3,0
1771931752.364,6.3,0.0,45.0,JUNCTION_RIGHT,FATAL DEGRADATION,0.0,3,0
1771931752.584,5.3,0.0,45.0,JUNCTION_RIGHT,FATAL DEGRADATION,0.0,3,0
1771931752.864,5.1,0.0,45.0,JUNCTION_RIGHT,FATAL DEGRADATION,0.0,3,0
1771931752.986,4.7,0.0,45.0,JUNCTION_RIGHT,FATAL DEGRADATION,0.0,3,0
1771931753.137,5.8,0.0,45.0,JUNCTION_RIGHT,FATAL DEGRADATION,0.0,3,0
1771931753.253,6.0,0.0,45.0,JUNCTION_RIGHT,FATAL DEGRADATION,0.0,3,0
1771931753.487,6.8,0.0,45.0,JUNCTION_RIGHT,FATAL DEGRADATION,0.0,3,0
1771931753.578,6.0,0.0,45.0,JUNCTION_RIGHT,FATAL DEGRADATION,0.0,3,0
1771931753.79,7.5,0.0,45.0,JUNCTION_RIGHT,FATAL DEGRADATION,0.0,3,0
1771931753.976,6.7,0.0,45.0,JUNCTION_RIGHT,FATAL DEGRADATION,0.0,3,0
1771931754.139,6.3,0.0,45.0,JUNCTION_RIGHT,FATAL DEGRADATION,0.0,3,0
1771931754.336,6.2,0.0,45.0,JUNCTION_RIGHT,FATAL DEGRADATION,0.0,3,0
1771931754.563,5.9,0.0,45.0,JUNCTION_RIGHT,FATAL DEGRADATION,0.0,3,0
1771931754.673,5.4,0.0,45.0,JUNCTION_RIGHT,FATAL DEGRADATION,0.0,3,0
1771931754.98,6.5,0.0,45.0,JUNCTION_RIGHT,FATAL DEGRADATION,0.0,3,0
1771931755.14,5.5,0.0,45.0,JUNCTION_RIGHT,FATAL DEGRADATION,0.0,3,0
1771931755.385,5.9,0.0,45.0,JUNCTION_RIGHT,FATAL DEGRADATION,0.0,3,0
1771931755.597,5.4,0.0,45.0,JUNCTION_RIGHT,FATAL DEGRADATION,0.0,3,0
1771931756.173,5.2,0.0,45.0,JUNCTION_RIGHT,FATAL DEGRADATION,0.0,3,0
1771931756.675,4.1,0.0,45.0,JUNCTION_RIGHT,FATAL DEGRADATION,0.0,3,0
1771931756.968,3.5,0.0,45.0,JUNCTION_RIGHT,FATAL DEGRADATION,0.0,3,0
1771931757.303,3.6,0.0,45.0,JUNCTION_RIGHT,FATAL DEGRADATION,0.0,3,0
1771931757.629,3.4,0.0,45.0,JUNCTION_RIGHT,FATAL DEGRADATION,0.0,3,0
1771931757.888,3.3,0.0,45.0,JUNCTION_RIGHT,FATAL DEGRADATION,0.0,3,0
1771931758.059,3.5,0.0,45.0,JUNCTION_RIGHT,FATAL DEGRADATION,0.0,3,0
1771931758.192,4.2,0.0,45.0,JUNCTION_RIGHT,FATAL DEGRADATION,0.0,3,0
1771931758.426,5.2,0.0,45.0,JUNCTION_RIGHT,FATAL DEGRADATION,0.0,3,0
1771931758.535,4.9,0.0,45.0,JUNCTION_RIGHT,FATAL DEGRADATION,0.0,3,0
1771931758.724,6.2,0.0,45.0,JUNCTION_RIGHT,FATAL DEGRADATION,0.0,3,0
1771931758.861,5.9,0.0,45.0,JUNCTION_RIGHT,FATAL DEGRADATION,0.0,3,0
1771931759.091,6.4,0.0,45.0,JUNCTION_RIGHT,FATAL DEGRADATION,0.0,3,0
1771931759.315,5.7,0.0,45.0,JUNCTION_RIGHT,FATAL DEGRADATION,0.0,3,0
1771931759.617,5.4,0.0,45.0,JUNCTION_RIGHT,FATAL DEGRADATION,0.0,3,0
1771931759.916,4.8,0.0,45.0,JUNCTION_RIGHT,FATAL DEGRADATION,0.0,3,0
1771931760.667,4.3,0.0,45.0,JUNCTION_RIGHT,FATAL DEGRADATION,0.0,3,0
1771931760.988,3.4,0.0,45.0,JUNCTION_RIGHT,FATAL DEGRADATION,0.0,3,0
1771931761.395,3.3,0.0,45.0,JUNCTION_RIGHT,FATAL DEGRADATION,0.0,3,0
1771931761.515,3.1,0.0,45.0,JUNCTION_RIGHT,FATAL DEGRADATION,0.0,3,0
1771931761.703,4.7,0.0,45.0,JUNCTION_RIGHT,FATAL DEGRADATION,0.0,3,0
1771931761.855,4.9,0.0,45.0,JUNCTION_RIGHT,FATAL DEGRADATION,0.0,3,0
1771931762.063,5.3,0.0,45.0,JUNCTION_RIGHT,FATAL DEGRADATION,0.0,3,0
1771931762.177,5.2,0.0,45.0,JUNCTION_RIGHT,FATAL DEGRADATION,0.0,3,0
1771931762.464,6.2,0.0,45.0,JUNCTION_RIGHT,FATAL DEGRADATION,0.0,3,0
1771931762.575,5.4,0.0,45.0,JUNCTION_RIGHT,FATAL DEGRADATION,0.0,3,0
1771931762.816,6.5,0.0,45.0,JUNCTION_RIGHT,FATAL DEGRADATION,0.0,3,0
1771931762.947,5.8,0.0,45.0,JUNCTION_RIGHT,FATAL DEGRADATION,0.0,3,0
1771931763.131,6.4,0.0,45.0,JUNCTION_RIGHT,FATAL DEGRADATION,0.0,3,0
1771931763.258,6.1,0.0,45.0,JUNCTION_RIGHT,FATAL DEGRADATION,0.0,3,0
1771931763.477,6.5,0.0,45.0,JUNCTION_RIGHT,FATAL DEGRADATION,0.0,3,0
1771931763.59,6.0,0.0,45.0,JUNCTION_RIGHT,FATAL DEGRADATION,0.0,3,0
1771931763.772,6.8,0.0,45.0,JUNCTION_RIGHT,FATAL DEGRADATION,0.0,3,0
1771931763.885,6.4,0.0,45.0,JUNCTION_RIGHT,FATAL DEGRADATION,0.0,3,0
1771931764.077,7.1,0.0,45.0,JUNCTION_RIGHT,FATAL DEGRADATION,0.0,3,0
1771931764.207,6.6,0.0,45.0,JUNCTION_RIGHT,FATAL DEGRADATION,0.0,3,0
1771931764.501,6.3,0.0,45.0,JUNCTION_RIGHT,FATAL DEGRADATION,0.0,3,0
1771931764.634,5.6,0.0,45.0,JUNCTION_RIGHT,FATAL DEGRADATION,0.0,3,0
1771931764.917,6.1,0.0,45.0,JUNCTION_RIGHT,FATAL DEGRADATION,0.0,3,0
1771931765.025,5.4,0.0,45.0,JUNCTION_RIGHT,FATAL DEGRADATION,0.0,3,0
1771931765.245,6.5,0.0,45.0,JUNCTION_RIGHT,FATAL DEGRADATION,0.0,3,0
1771931765.428,5.9,0.0,45.0,JUNCTION_RIGHT,FATAL DEGRADATION,0.0,3,0
1771931765.703,5.8,0.0,45.0,JUNCTION_RIGHT,FATAL DEGRADATION,0.0,3,0
1771931765.966,5.2,0.0,45.0,JUNCTION_RIGHT,FATAL DEGRADATION,0.0,3,0
1771931766.326,4.7,0.0,45.0,JUNCTION_RIGHT,FATAL DEGRADATION,0.0,3,0
1771931766.459,4.2,0.0,45.0,JUNCTION_RIGHT,FATAL DEGRADATION,0.0,3,0
1771931766.635,5.2,0.0,45.0,JUNCTION_RIGHT,FATAL DEGRADATION,0.0,3,0
1771931766.75,5.3,0.0,45.0,JUNCTION_RIGHT,FATAL DEGRADATION,0.0,3,0
1771931767.015,6.3,0.0,45.0,JUNCTION_RIGHT,FATAL DEGRADATION,0.0,3,0
1771931767.127,5.6,0.0,45.0,JUNCTION_RIGHT,FATAL DEGRADATION,0.0,3,0
1771931767.389,6.6,0.0,45.0,JUNCTION_RIGHT,FATAL DEGRADATION,0.0,3,0
1771931767.514,5.8,0.0,45.0,JUNCTION_RIGHT,FATAL DEGRADATION,0.0,3,0
1771931767.716,6.5,0.0,45.0,JUNCTION_RIGHT,FATAL DEGRADATION,0.0,3,0
1771931767.853,6.0,0.0,45.0,JUNCTION_RIGHT,FATAL DEGRADATION,0.0,3,0
1771931768.108,6.3,0.0,45.0,JUNCTION_RIGHT,FATAL DEGRADATION,0.0,3,0
1771931768.233,5.6,0.0,45.0,JUNCTION_RIGHT,FATAL DEGRADATION,0.0,3,0
1771931768.669,6.3,0.0,45.0,JUNCTION_RIGHT,FATAL DEGRADATION,0.0,3,0
1771931768.798,5.1,0.0,45.0,JUNCTION_RIGHT,FATAL DEGRADATION,0.0,3,0
1771931769.008,6.0,0.0,45.0,JUNCTION_RIGHT,FATAL DEGRADATION,0.0,3,0
1771931769.184,5.6,0.0,45.0,JUNCTION_RIGHT,FATAL DEGRADATION,0.0,3,0
1771931769.489,5.6,0.0,45.0,JUNCTION_RIGHT,FATAL DEGRADATION,0.0,3,0
1771931769.715,4.9,0.0,45.0,JUNCTION_RIGHT,FATAL DEGRADATION,0.0,3,0
1771931769.926,4.7,0.0,45.0,JUNCTION_RIGHT,FATAL DEGRADATION,0.0,3,0
1771931770.035,4.8,0.0,45.0,JUNCTION_RIGHT,FATAL DEGRADATION,0.0,3,0
1771931770.294,6.1,0.0,45.0,JUNCTION_RIGHT,FATAL DEGRADATION,0.0,3,0
1771931770.48,5.4,0.0,45.0,JUNCTION_RIGHT,FATAL DEGRADATION,0.0,3,0
1771931770.944,5.4,0.0,45.0,JUNCTION_RIGHT,FATAL DEGRADATION,0.0,3,0
1771931771.076,4.4,0.0,45.0,JUNCTION_RIGHT,FATAL DEGRADATION,0.0,3,0
1771931771.266,5.4,0.0,45.0,JUNCTION_RIGHT,FATAL DEGRADATION,0.0,3,0
1771931771.417,5.3,0.0,45.0,JUNCTION_RIGHT,FATAL DEGRADATION,0.0,3,0
1771931771.611,5.8,0.0,45.0,JUNCTION_RIGHT,FATAL DEGRADATION,0.0,3,0
1771931771.759,5.6,0.0,45.0,JUNCTION_RIGHT,FATAL DEGRADATION,0.0,3,0
1771931772.034,5.9,0.0,45.0,JUNCTION_RIGHT,FATAL DEGRADATION,0.0,3,0
1771931772.157,5.2,0.0,45.0,JUNCTION_RIGHT,FATAL DEGRADATION,0.0,3,0
1771931772.395,6.1,0.0,45.0,JUNCTION_RIGHT,FATAL DEGRADATION,0.0,3,0
1771931772.596,5.5,0.0,45.0,JUNCTION_RIGHT,FATAL DEGRADATION,0.0,3,0
1771931772.835,5.4,0.0,45.0,JUNCTION_RIGHT,FATAL DEGRADATION,0.0,3,0
1771931773.058,5.0,0.0,45.0,JUNCTION_RIGHT,FATAL DEGRADATION,0.0,3,0
1771931773.289,4.8,0.0,45.0,JUNCTION_RIGHT,FATAL DEGRADATION,0.0,3,0
1771931773.417,4.7,0.0,45.0,JUNCTION_RIGHT,FATAL DEGRADATION,0.0,3,0
1771931773.618,5.6,0.0,45.0,JUNCTION_RIGHT,FATAL DEGRADATION,0.0,3,0
1771931773.965,5.4,0.0,45.0,JUNCTION_RIGHT,FATAL DEGRADATION,0.0,3,0
1771931774.235,4.7,0.0,45.0,JUNCTION_RIGHT,FATAL DEGRADATION,0.0,3,0
1771931774.376,4.4,0.0,45.0,JUNCTION_RIGHT,FATAL DEGRADATION,0.0,3,0
1771931774.565,5.2,0.0,45.0,JUNCTION_RIGHT,FATAL DEGRADATION,0.0,3,0
1771931774.852,5.3,0.0,45.0,JUNCTION_RIGHT,FATAL DEGRADATION,0.0,3,0
1771931775.56,4.7,0.0,45.0,JUNCTION_RIGHT,FATAL DEGRADATION,0.0,3,0
1771931776.058,3.7,0.0,45.0,JUNCTION_RIGHT,FATAL DEGRADATION,0.0,3,0
1771931776.415,3.2,0.0,45.0,JUNCTION_RIGHT,FATAL DEGRADATION,0.0,3,0
1771931776.646,3.1,0.0,45.0,JUNCTION_RIGHT,FATAL DEGRADATION,0.0,3,0
1771931776.896,3.5,0.0,45.0,JUNCTION_RIGHT,FATAL DEGRADATION,0.0,3,0
1771931777.033,3.6,0.0,45.0,JUNCTION_RIGHT,FATAL DEGRADATION,0.0,3,0
1771931777.27,4.5,0.0,45.0,JUNCTION_RIGHT,FATAL DEGRADATION,0.0,3,0
1771931777.387,4.5,0.0,45.0,JUNCTION_RIGHT,FATAL DEGRADATION,0.0,3,0
1771931777.553,5.7,0.0,45.0,JUNCTION_RIGHT,FATAL DEGRADATION,0.0,3,0
1771931777.68,5.8,0.0,45.0,JUNCTION_RIGHT,FATAL DEGRADATION,0.0,3,0
1771931777.914,6.2,0.0,45.0,JUNCTION_RIGHT,FATAL DEGRADATION,0.0,3,0
1771931778.035,5.7,0.0,45.0,JUNCTION_RIGHT,FATAL DEGRADATION,0.0,3,0
1771931778.318,6.5,0.0,45.0,JUNCTION_RIGHT,FATAL DEGRADATION,0.0,3,0
1771931778.428,5.6,0.0,45.0,JUNCTION_RIGHT,FATAL DEGRADATION,0.0,3,0
1771931778.581,6.6,0.0,45.0,JUNCTION_RIGHT,FATAL DEGRADATION,0.0,3,0
1771931778.684,6.6,0.0,45.0,JUNCTION_RIGHT,FATAL DEGRADATION,0.0,3,0
1771931778.887,7.5,0.0,45.0,JUNCTION_RIGHT,FATAL DEGRADATION,0.0,3,0
1771931778.975,6.7,0.0,45.0,JUNCTION_RIGHT,FATAL DEGRADATION,0.0,3,0
1771931779.145,8.1,0.0,45.0,JUNCTION_RIGHT,FATAL DEGRADATION,0.0,3,0
1771931779.338,7.4,0.0,45.0,JUNCTION_RIGHT,FATAL DEGRADATION,0.0,3,0
1771931779.625,6.7,0.0,45.0,JUNCTION_RIGHT,FATAL DEGRADATION,0.0,3,0
1771931779.726,5.8,0.0,45.0,JUNCTION_RIGHT,FATAL DEGRADATION,0.0,3,0
1771931779.985,7.1,0.0,45.0,JUNCTION_RIGHT,FATAL DEGRADATION,0.0,3,0
1771931780.073,6.1,0.0,45.0,JUNCTION_RIGHT,FATAL DEGRADATION,0.0,3,0
1771931780.29,7.7,0.0,45.0,JUNCTION_RIGHT,FATAL DEGRADATION,0.0,3,0
1771931780.423,6.7,0.0,45.0,JUNCTION_RIGHT,FATAL DEGRADATION,0.0,3,0
1771931780.602,6.9,0.0,45.0,JUNCTION_RIGHT,FATAL DEGRADATION,0.0,3,0
1771931780.764,6.5,0.0,45.0,JUNCTION_RIGHT,FATAL DEGRADATION,0.0,3,0
1771931780.969,6.4,0.0,45.0,JUNCTION_RIGHT,FATAL DEGRADATION,0.0,3,0
1771931781.076,6.0,0.0,45.0,JUNCTION_RIGHT,FATAL DEGRADATION,0.0,3,0
1771931781.331,7.0,0.0,45.0,JUNCTION_RIGHT,FATAL DEGRADATION,0.0,3,0
1771931781.445,6.1,0.0,45.0,JUNCTION_RIGHT,FATAL DEGRADATION,0.0,3,0
1771931781.718,6.8,0.0,45.0,JUNCTION_RIGHT,FATAL DEGRADATION,0.0,3,0
1771931781.847,5.9,0.0,45.0,JUNCTION_RIGHT,FATAL DEGRADATION,0.0,3,0
1771931782.069,6.4,0.0,45.0,JUNCTION_RIGHT,FATAL DEGRADATION,0.0,3,0
1771931782.197,5.8,0.0,45.0,JUNCTION_RIGHT,FATAL DEGRADATION,0.0,3,0
1771931782.438,6.5,0.0,45.0,JUNCTION_RIGHT,FATAL DEGRADATION,0.0,3,0
1771931782.546,5.8,0.0,45.0,JUNCTION_RIGHT,FATAL DEGRADATION,0.0,3,0
1771931782.761,6.9,0.0,45.0,JUNCTION_RIGHT,FATAL DEGRADATION,0.0,3,0
1771931782.869,6.2,0.0,45.0,JUNCTION_RIGHT,FATAL DEGRADATION,0.0,3,0
1771931783.378,7.1,0.0,45.0,JUNCTION_RIGHT,FATAL DEGRADATION,0.0,3,0
1771931783.754,5.5,0.0,45.0,JUNCTION_RIGHT,FATAL DEGRADATION,0.0,3,0
1771931784.056,4.7,0.0,45.0,JUNCTION_RIGHT,FATAL DEGRADATION,0.0,3,0
1771931784.15,4.3,0.0,45.0,JUNCTION_RIGHT,FATAL DEGRADATION,0.0,3,0
1771931784.402,6.2,0.0,45.0,JUNCTION_RIGHT,FATAL DEGRADATION,0.0,3,0
1771931784.503,5.6,0.0,45.0,JUNCTION_RIGHT,FATAL DEGRADATION,0.0,3,0
1771931784.65,6.9,0.0,45.0,JUNCTION_RIGHT,FATAL DEGRADATION,0.0,3,0
1771931784.758,6.8,0.0,45.0,JUNCTION_RIGHT,FATAL DEGRADATION,0.0,3,0
1771931784.96,7.7,0.0,45.0,JUNCTION_RIGHT,FATAL DEGRADATION,0.0,3,0
1771931785.054,6.9,0.0,45.0,JUNCTION_RIGHT,FATAL DEGRADATION,0.0,3,0
1771931785.505,7.9,0.0,45.0,JUNCTION_RIGHT,FATAL DEGRADATION,0.0,3,0
1771931785.657,6.2,0.0,45.0,JUNCTION_RIGHT,FATAL DEGRADATION,0.0,3,0
1771931785.915,6.4,0.0,45.0,JUNCTION_RIGHT,FATAL DEGRADATION,0.0,3,0
1771931786.079,5.6,0.0,45.0,JUNCTION_RIGHT,FATAL DEGRADATION,0.0,3,0
1771931786.261,5.8,0.0,45.0,JUNCTION_RIGHT,FATAL DEGRADATION,0.0,3,0
1771931786.364,5.7,0.0,45.0,JUNCTION_RIGHT,FATAL DEGRADATION,0.0,3,0
1771931786.53,6.9,0.0,45.0,JUNCTION_RIGHT,FATAL DEGRADATION,0.0,3,0
1771931786.691,6.7,0.0,45.0,JUNCTION_RIGHT,FATAL DEGRADATION,0.0,3,0
1771931786.929,6.5,0.0,45.0,JUNCTION_RIGHT,FATAL DEGRADATION,0.0,3,0
1771931787.053,5.8,0.0,45.0,JUNCTION_RIGHT,FATAL DEGRADATION,0.0,3,0
1771931787.28,6.5,0.0,45.0,JUNCTION_RIGHT,FATAL DEGRADATION,0.0,3,0
1771931787.399,5.9,0.0,45.0,JUNCTION_RIGHT,FATAL DEGRADATION,0.0,3,0
1771931787.573,6.6,0.0,45.0,JUNCTION_RIGHT,FATAL DEGRADATION,0.0,3,0
1771931787.728,6.4,0.0,45.0,JUNCTION_RIGHT,FATAL DEGRADATION,0.0,3,0
1771931787.93,6.4,0.0,45.0,JUNCTION_RIGHT,FATAL DEGRADATION,0.0,3,0
1771931788.037,6.0,0.0,45.0,JUNCTION_RIGHT,FATAL DEGRADATION,0.0,3,0
1771931788.245,7.0,0.0,45.0,JUNCTION_RIGHT,FATAL DEGRADATION,0.0,3,0
1771931788.351,6.4,0.0,45.0,JUNCTION_RIGHT,FATAL DEGRADATION,0.0,3,0
1771931788.512,7.3,0.0,45.0,JUNCTION_RIGHT,FATAL DEGRADATION,0.0,3,0
1771931788.625,7.0,0.0,45.0,JUNCTION_RIGHT,FATAL DEGRADATION,0.0,3,0
1771931788.887,7.5,0.0,45.0,JUNCTION_RIGHT,FATAL DEGRADATION,0.0,3,0
1771931788.99,6.4,0.0,45.0,JUNCTION_RIGHT,FATAL DEGRADATION,0.0,3,0
1771931789.225,7.3,0.0,45.0,JUNCTION_RIGHT,FATAL DEGRADATION,0.0,3,0
1771931789.436,6.4,0.0,45.0,JUNCTION_RIGHT,FATAL DEGRADATION,0.0,3,0
1771931789.643,5.9,0.0,45.0,JUNCTION_RIGHT,FATAL DEGRADATION,0.0,3,0
1771931789.776,5.6,0.0,45.0,JUNCTION_RIGHT,FATAL DEGRADATION,0.0,3,0
1771931790.066,6.1,0.0,45.0,JUNCTION_RIGHT,FATAL DEGRADATION,0.0,3,0
1771931790.199,5.3,0.0,45.0,JUNCTION_RIGHT,FATAL DEGRADATION,0.0,3,0
1771931790.532,6.0,0.0,45.0,JUNCTION_RIGHT,FATAL DEGRADATION,0.0,3,0
1771931790.653,5.1,0.0,45.0,JUNCTION_RIGHT,FATAL DEGRADATION,0.0,3,0
1771931790.884,6.1,0.0,45.0,JUNCTION_RIGHT,FATAL DEGRADATION,0.0,3,0
1771931791.011,5.5,0.0,45.0,JUNCTION_RIGHT,FATAL DEGRADATION,0.0,3,0
1771931791.214,6.2,0.0,45.0,JUNCTION_RIGHT,FATAL DEGRADATION,0.0,3,0
1771931791.33,5.8,0.0,45.0,JUNCTION_RIGHT,FATAL DEGRADATION,0.0,3,0
1771931791.525,6.6,0.0,45.0,JUNCTION_RIGHT,FATAL DEGRADATION,0.0,3,0
1771931791.656,6.2,0.0,45.0,JUNCTION_RIGHT,FATAL DEGRADATION,0.0,3,0
1771931791.87,6.7,0.0,45.0,JUNCTION_RIGHT,FATAL DEGRADATION,0.0,3,0
1771931791.962,6.1,0.0,45.0,JUNCTION_RIGHT,FATAL DEGRADATION,0.0,3,0
1771931792.141,7.5,0.0,45.0,JUNCTION_RIGHT,FATAL DEGRADATION,0.0,3,0
1771931792.252,6.9,0.0,45.0,JUNCTION_RIGHT,FATAL DEGRADATION,0.0,3,0
1771931792.428,7.5,0.0,45.0,JUNCTION_RIGHT,FATAL DEGRADATION,0.0,3,0
1771931792.533,7.0,0.0,45.0,JUNCTION_RIGHT,FATAL DEGRADATION,0.0,3,0
1771931792.765,7.7,0.0,45.0,JUNCTION_RIGHT,FATAL DEGRADATION,0.0,3,0
1771931792.886,6.7,0.0,45.0,JUNCTION_RIGHT,FATAL DEGRADATION,0.0,3,0
1771931793.063,7.1,0.0,45.0,JUNCTION_RIGHT,FATAL DEGRADATION,0.0,3,0
1771931793.222,6.7,0.0,45.0,JUNCTION_RIGHT,FATAL DEGRADATION,0.0,3,0
1771931793.421,6.5,0.0,45.0,JUNCTION_RIGHT,FATAL DEGRADATION,0.0,3,0
1771931793.553,6.1,0.0,45.0,JUNCTION_RIGHT,FATAL DEGRADATION,0.0,3,0
1771931793.847,6.6,0.0,45.0,JUNCTION_RIGHT,FATAL DEGRADATION,0.0,3,0
1771931793.955,5.6,0.0,45.0,JUNCTION_RIGHT,FATAL DEGRADATION,0.0,3,0
1771931794.189,6.7,0.0,45.0,JUNCTION_RIGHT,FATAL DEGRADATION,0.0,3,0
1771931794.416,6.0,0.0,45.0,JUNCTION_RIGHT,FATAL DEGRADATION,0.0,3,0
1771931794.593,5.5,0.0,45.0,JUNCTION_RIGHT,FATAL DEGRADATION,0.0,3,0
1771931794.754,5.6,0.0,45.0,JUNCTION_RIGHT,FATAL DEGRADATION,0.0,3,0
1771931795.056,5.7,0.0,45.0,JUNCTION_RIGHT,FATAL DEGRADATION,0.0,3,0
1771931795.191,5.0,0.0,45.0,JUNCTION_RIGHT,FATAL DEGRADATION,0.0,3,0
1771931795.491,5.7,0.0,45.0,JUNCTION_RIGHT,FATAL DEGRADATION,0.0,3,0
1771931795.649,5.0,0.0,45.0,JUNCTION_RIGHT,FATAL DEGRADATION,0.0,3,0
1771931795.989,5.3,0.0,45.0,JUNCTION_RIGHT,FATAL DEGRADATION,0.0,3,0
1771931796.129,4.6,0.0,45.0,JUNCTION_RIGHT,FATAL DEGRADATION,0.0,3,0
1771931796.34,5.4,0.0,45.0,JUNCTION_RIGHT,FATAL DEGRADATION,0.0,3,0
1771931796.441,5.2,0.0,45.0,JUNCTION_RIGHT,FATAL DEGRADATION,0.0,3,0
1771931796.615,6.8,0.0,45.0,JUNCTION_RIGHT,FATAL DEGRADATION,0.0,3,0
1771931796.735,6.4,0.0,45.0,JUNCTION_RIGHT,FATAL DEGRADATION,0.0,3,0
1771931796.907,7.0,0.0,45.0,JUNCTION_RIGHT,FATAL DEGRADATION,0.0,3,0
1771931797.016,6.6,0.0,45.0,JUNCTION_RIGHT,FATAL DEGRADATION,0.0,3,0
1771931797.217,7.4,0.0,45.0,JUNCTION_RIGHT,FATAL DEGRADATION,0.0,3,0
1771931797.335,6.7,0.0,45.0,JUNCTION_RIGHT,FATAL DEGRADATION,0.0,3,0
1771931797.503,7.2,0.0,45.0,JUNCTION_RIGHT,FATAL DEGRADATION,0.0,3,0
1771931797.615,6.8,0.0,45.0,JUNCTION_RIGHT,FATAL DEGRADATION,0.0,3,0
1771931797.95,7.3,0.0,45.0,JUNCTION_RIGHT,FATAL DEGRADATION,0.0,3,0
1771931798.065,6.0,0.0,45.0,JUNCTION_RIGHT,FATAL DEGRADATION,0.0,3,0
1771931798.339,6.9,0.0,45.0,JUNCTION_RIGHT,FATAL DEGRADATION,0.0,3,0
1771931798.447,5.9,0.0,45.0,JUNCTION_RIGHT,FATAL DEGRADATION,0.0,3,0
1771931798.618,7.0,0.0,45.0,JUNCTION_RIGHT,FATAL DEGRADATION,0.0,3,0
1771931798.801,6.6,0.0,45.0,JUNCTION_RIGHT,FATAL DEGRADATION,0.0,3,0
1771931799.016,6.3,0.0,45.0,JUNCTION_RIGHT,FATAL DEGRADATION,0.0,3,0
1771931799.135,5.8,0.0,45.0,JUNCTION_RIGHT,FATAL DEGRADATION,0.0,3,0
1771931799.518,6.6,0.0,45.0,JUNCTION_RIGHT,FATAL DEGRADATION,0.0,3,0
1771931800.083,5.4,0.0,45.0,JUNCTION_RIGHT,FATAL DEGRADATION,0.0,3,0
1771931800.642,4.3,0.0,45.0,JUNCTION_RIGHT,FATAL DEGRADATION,0.0,3,0
1771931800.8,3.5,0.0,45.0,JUNCTION_RIGHT,FATAL DEGRADATION,0.0,3,0
1771931801.003,4.4,0.0,45.0,JUNCTION_RIGHT,FATAL DEGRADATION,0.0,3,0
1771931801.123,4.5,0.0,45.0,JUNCTION_RIGHT,FATAL DEGRADATION,0.0,3,0
1771931801.339,5.6,0.0,45.0,JUNCTION_RIGHT,FATAL DEGRADATION,0.0,3,0
1771931801.455,5.3,0.0,45.0,JUNCTION_RIGHT,FATAL DEGRADATION,0.0,3,0
1771931801.71,6.3,0.0,45.0,JUNCTION_RIGHT,FATAL DEGRADATION,0.0,3,0
1771931801.82,5.6,0.0,45.0,JUNCTION_RIGHT,FATAL DEGRADATION,0.0,3,0
1771931802.011,6.7,0.0,45.0,JUNCTION_RIGHT,FATAL DEGRADATION,0.0,3,0
1771931802.126,6.2,0.0,45.0,JUNCTION_RIGHT,FATAL DEGRADATION,0.0,3,0
1771931802.426,6.9,0.0,45.0,JUNCTION_RIGHT,FATAL DEGRADATION,0.0,3,0
1771931802.537,5.8,0.0,45.0,JUNCTION_RIGHT,FATAL DEGRADATION,0.0,3,0
1771931802.837,6.8,0.0,45.0,JUNCTION_RIGHT,FATAL DEGRADATION,0.0,3,0
1771931802.969,5.8,0.0,45.0,JUNCTION_RIGHT,FATAL DEGRADATION,0.0,3,0
1771931803.166,6.3,0.0,45.0,JUNCTION_RIGHT,FATAL DEGRADATION,0.0,3,0
1771931803.318,5.9,0.0,45.0,JUNCTION_RIGHT,FATAL DEGRADATION,0.0,3,0
1771931803.51,6.1,0.0,45.0,JUNCTION_RIGHT,FATAL DEGRADATION,0.0,3,0
1771931803.622,5.9,0.0,45.0,JUNCTION_RIGHT,FATAL DEGRADATION,0.0,3,0
1771931803.969,6.7,0.0,45.0,JUNCTION_RIGHT,FATAL DEGRADATION,0.0,3,0
1771931804.06,5.6,0.0,45.0,JUNCTION_RIGHT,FATAL DEGRADATION,0.0,3,0
1771931804.316,7.2,0.0,45.0,JUNCTION_RIGHT,FATAL DEGRADATION,0.0,3,0
1771931804.425,6.2,0.0,45.0,JUNCTION_RIGHT,FATAL DEGRADATION,0.0,3,0
1771931804.668,7.1,0.0,45.0,JUNCTION_RIGHT,FATAL DEGRADATION,0.0,3,0
1771931804.919,6.2,0.0,45.0,JUNCTION_RIGHT,FATAL DEGRADATION,0.0,3,0
1771931805.111,5.6,0.0,45.0,JUNCTION_RIGHT,FATAL DEGRADATION,0.0,3,0
1771931805.246,5.5,0.0,45.0,JUNCTION_RIGHT,FATAL DEGRADATION,0.0,3,0
1771931805.527,6.0,0.0,45.0,JUNCTION_RIGHT,FATAL DEGRADATION,0.0,3,0
1771931805.626,5.3,0.0,45.0,JUNCTION_RIGHT,FATAL DEGRADATION,0.0,3,0
1771931805.856,6.7,0.0,45.0,JUNCTION_RIGHT,FATAL DEGRADATION,0.0,3,0
1771931805.952,6.0,0.0,45.0,JUNCTION_RIGHT,FATAL DEGRADATION,0.0,3,0
1771931806.146,7.4,0.0,45.0,JUNCTION_RIGHT,FATAL DEGRADATION,0.0,3,0
1771931806.258,6.7,0.0,45.0,JUNCTION_RIGHT,FATAL DEGRADATION,0.0,3,0
1771931806.467,7.4,0.0,45.0,JUNCTION_RIGHT,FATAL DEGRADATION,0.0,3,0
1771931806.58,6.6,0.0,45.0,JUNCTION_RIGHT,FATAL DEGRADATION,0.0,3,0
1771931806.922,7.2,0.0,45.0,JUNCTION_RIGHT,FATAL DEGRADATION,0.0,3,0
1771931807.053,6.0,0.0,45.0,JUNCTION_RIGHT,FATAL DEGRADATION,0.0,3,0
1771931807.37,6.4,0.0,45.0,JUNCTION_RIGHT,FATAL DEGRADATION,0.0,3,0
1771931807.505,5.4,0.0,45.0,JUNCTION_RIGHT,FATAL DEGRADATION,0.0,3,0
1771931808.349,6.0,0.0,45.0,JUNCTION_RIGHT,FATAL DEGRADATION,0.0,3,0
1771931808.518,4.6,0.0,45.0,JUNCTION_RIGHT,FATAL DEGRADATION,0.0,3,0
1771931809.096,4.9,0.0,45.0,JUNCTION_RIGHT,FATAL DEGRADATION,0.0,3,0
1771931809.27,4.0,0.0,45.0,JUNCTION_RIGHT,FATAL DEGRADATION,0.0,3,0
1771931809.59,4.5,0.0,45.0,JUNCTION_RIGHT,FATAL DEGRADATION,0.0,3,0
1771931809.763,4.1,0.0,45.0,JUNCTION_RIGHT,FATAL DEGRADATION,0.0,3,0
1771931810.063,4.5,0.0,45.0,JUNCTION_RIGHT,FATAL DEGRADATION,0.0,3,0
1771931810.159,4.2,0.0,45.0,JUNCTION_RIGHT,FATAL DEGRADATION,0.0,3,0
1771931810.353,6.1,0.0,45.0,JUNCTION_RIGHT,FATAL DEGRADATION,0.0,3,0
1771931810.444,5.8,0.0,45.0,JUNCTION_RIGHT,FATAL DEGRADATION,0.0,3,0
1771931810.606,7.4,0.0,45.0,JUNCTION_RIGHT,FATAL DEGRADATION,0.0,3,0
1771931810.71,7.0,0.0,45.0,JUNCTION_RIGHT,FATAL DEGRADATION,0.0,3,0
1771931810.905,7.8,0.0,45.0,JUNCTION_RIGHT,FATAL DEGRADATION,0.0,3,0
1771931811.008,7.0,0.0,45.0,JUNCTION_RIGHT,FATAL DEGRADATION,0.0,3,0
1771931811.203,7.8,0.0,45.0,JUNCTION_RIGHT,FATAL DEGRADATION,0.0,3,0
1771931811.304,7.0,0.0,45.0,JUNCTION_RIGHT,FATAL DEGRADATION,0.0,3,0
1771931811.501,7.8,0.0,45.0,JUNCTION_RIGHT,FATAL DEGRADATION,0.0,3,0
1771931811.602,7.0,0.0,45.0,JUNCTION_RIGHT,FATAL DEGRADATION,0.0,3,0
1771931811.807,7.8,0.0,45.0,JUNCTION_RIGHT,FATAL DEGRADATION,0.0,3,0
1771931811.953,6.9,0.0,45.0,JUNCTION_RIGHT,FATAL DEGRADATION,0.0,3,0
1771931812.121,6.9,0.0,45.0,JUNCTION_RIGHT,FATAL DEGRADATION,0.0,3,0
1771931812.29,6.6,0.0,45.0,JUNCTION_RIGHT,FATAL DEGRADATION,0.0,3,0
1771931812.494,6.4,0.0,45.0,JUNCTION_RIGHT,FATAL DEGRADATION,0.0,3,0
1771931812.599,6.0,0.0,45.0,JUNCTION_RIGHT,FATAL DEGRADATION,0.0,3,0
1771931812.896,7.1,0.0,45.0,JUNCTION_RIGHT,FATAL DEGRADATION,0.0,3,0
1771931813.017,5.9,0.0,45.0,JUNCTION_RIGHT,FATAL DEGRADATION,0.0,3,0
1771931813.204,6.6,0.0,45.0,JUNCTION_RIGHT,FATAL DEGRADATION,0.0,3,0
1771931813.393,6.2,0.0,45.0,JUNCTION_RIGHT,FATAL DEGRADATION,0.0,3,0
1771931813.58,6.0,0.0,45.0,JUNCTION_RIGHT,FATAL DEGRADATION,0.0,3,0
1771931813.703,5.8,0.0,45.0,JUNCTION_RIGHT,FATAL DEGRADATION,0.0,3,0
1771931813.964,6.5,0.0,45.0,JUNCTION_RIGHT,FATAL DEGRADATION,0.0,3,0
1771931814.091,5.7,0.0,45.0,JUNCTION_RIGHT,FATAL DEGRADATION,0.0,3,0
1771931814.461,6.4,0.0,45.0,JUNCTION_RIGHT,FATAL DEGRADATION,0.0,3,0
1771931814.579,5.3,0.0,45.0,JUNCTION_RIGHT,FATAL DEGRADATION,0.0,3,0
1771931814.871,6.2,0.0,45.0,JUNCTION_RIGHT,FATAL DEGRADATION,0.0,3,0
1771931814.988,5.3,0.0,45.0,JUNCTION_RIGHT,FATAL DEGRADATION,0.0,3,0
1771931815.179,6.3,0.0,45.0,JUNCTION_RIGHT,FATAL DEGRADATION,0.0,3,0
1771931815.306,6.0,0.0,45.0,JUNCTION_RIGHT,FATAL DEGRADATION,0.0,3,0
1771931815.501,6.6,0.0,45.0,JUNCTION_RIGHT,FATAL DEGRADATION,0.0,3,0
1771931815.6,6.1,0.0,45.0,JUNCTION_RIGHT,FATAL DEGRADATION,0.0,3,0
1771931815.807,6.8,0.0,45.0,JUNCTION_RIGHT,FATAL DEGRADATION,0.0,3,0
1771931815.927,6.4,0.0,45.0,JUNCTION_RIGHT,FATAL DEGRADATION,0.0,3,0
1771931816.231,7.0,0.0,45.0,JUNCTION_RIGHT,FATAL DEGRADATION,0.0,3,0
1771931816.354,5.9,0.0,45.0,JUNCTION_RIGHT,FATAL DEGRADATION,0.0,3,0
1771931816.537,6.6,0.0,45.0,JUNCTION_RIGHT,FATAL DEGRADATION,0.0,3,0
1771931816.666,6.2,0.0,45.0,JUNCTION_RIGHT,FATAL DEGRADATION,0.0,3,0
1771931816.899,6.7,0.0,45.0,JUNCTION_RIGHT,FATAL DEGRADATION,0.0,3,0
1771931817.006,6.0,0.0,45.0,JUNCTION_RIGHT,FATAL DEGRADATION,0.0,3,0
1771931817.266,7.0,0.0,45.0,JUNCTION_RIGHT,FATAL DEGRADATION,0.0,3,0
1771931817.402,6.1,0.0,45.0,JUNCTION_RIGHT,FATAL DEGRADATION,0.0,3,0
1771931817.567,6.5,0.0,45.0,JUNCTION_RIGHT,FATAL DEGRADATION,0.0,3,0
1771931817.67,6.3,0.0,45.0,JUNCTION_RIGHT,FATAL DEGRADATION,0.0,3,0
1771931817.929,7.3,0.0,45.0,JUNCTION_RIGHT,FATAL DEGRADATION,0.0,3,0
1771931818.032,6.3,0.0,45.0,JUNCTION_RIGHT,FATAL DEGRADATION,0.0,3,0
1771931818.228,7.3,0.0,45.0,JUNCTION_RIGHT,FATAL DEGRADATION,0.0,3,0
1771931818.423,6.6,0.0,45.0,JUNCTION_RIGHT,FATAL DEGRADATION,0.0,3,0
1771931818.578,6.2,0.0,45.0,JUNCTION_RIGHT,FATAL DEGRADATION,0.0,3,0
1771931818.68,6.3,0.0,45.0,JUNCTION_RIGHT,FATAL DEGRADATION,0.0,3,0
1771931819.009,7.4,0.0,45.0,JUNCTION_RIGHT,FATAL DEGRADATION,0.0,3,0
1771931819.351,6.0,0.0,45.0,JUNCTION_RIGHT,FATAL DEGRADATION,0.0,3,0
1771931819.84,5.1,0.0,45.0,JUNCTION_RIGHT,FATAL DEGRADATION,0.0,3,0
1771931819.988,4.2,0.0,45.0,JUNCTION_RIGHT,FATAL DEGRADATION,0.0,3,0
1771931820.294,5.0,0.0,45.0,JUNCTION_RIGHT,FATAL DEGRADATION,0.0,3,0
1771931820.432,4.5,0.0,45.0,JUNCTION_RIGHT,FATAL DEGRADATION,0.0,3,0
1771931820.613,5.3,0.0,45.0,JUNCTION_RIGHT,FATAL DEGRADATION,0.0,3,0
1771931820.738,5.4,0.0,45.0,JUNCTION_RIGHT,FATAL DEGRADATION,0.0,3,0
1771931820.931,6.2,0.0,45.0,JUNCTION_RIGHT,FATAL DEGRADATION,0.0,3,0
1771931821.029,5.9,0.0,45.0,JUNCTION_RIGHT,FATAL DEGRADATION,0.0,3,0
1771931821.293,7.1,0.0,45.0,JUNCTION_RIGHT,FATAL DEGRADATION,0.0,3,0
1771931821.424,6.1,0.0,45.0,JUNCTION_RIGHT,FATAL DEGRADATION,0.0,3,0
1771931821.597,6.6,0.0,45.0,JUNCTION_RIGHT,FATAL DEGRADATION,0.0,3,0
1771931821.743,6.3,0.0,45.0,JUNCTION_RIGHT,FATAL DEGRADATION,0.0,3,0
1771931821.944,6.5,0.0,45.0,JUNCTION_RIGHT,FATAL DEGRADATION,0.0,3,0
1771931822.042,6.0,0.0,45.0,JUNCTION_RIGHT,FATAL DEGRADATION,0.0,3,0
1771931822.272,7.3,0.0,45.0,JUNCTION_RIGHT,FATAL DEGRADATION,0.0,3,0
1771931822.443,6.4,0.0,45.0,JUNCTION_RIGHT,FATAL DEGRADATION,0.0,3,0
1771931822.604,6.2,0.0,45.0,JUNCTION_RIGHT,FATAL DEGRADATION,0.0,3,0
1771931822.708,6.2,0.0,45.0,JUNCTION_RIGHT,FATAL DEGRADATION,0.0,3,0
1771931822.937,7.3,0.0,45.0,JUNCTION_RIGHT,FATAL DEGRADATION,0.0,3,0
1771931823.039,6.4,0.0,45.0,JUNCTION_RIGHT,FATAL DEGRADATION,0.0,3,0
1771931823.222,7.4,0.0,45.0,JUNCTION_RIGHT,FATAL DEGRADATION,0.0,3,0
1771931823.412,6.8,0.0,45.0,JUNCTION_RIGHT,FATAL DEGRADATION,0.0,3,0
1771931823.606,6.3,0.0,45.0,JUNCTION_RIGHT,FATAL DEGRADATION,0.0,3,0
1771931823.721,6.0,0.0,45.0,JUNCTION_RIGHT,FATAL DEGRADATION,0.0,3,0
1771931823.954,6.8,0.0,45.0,JUNCTION_RIGHT,FATAL DEGRADATION,0.0,3,0
1771931824.075,6.0,0.0,45.0,JUNCTION_RIGHT,FATAL DEGRADATION,0.0,3,0
1771931824.555,6.7,0.0,45.0,JUNCTION_RIGHT,FATAL DEGRADATION,0.0,3,0
1771931824.783,5.3,0.0,45.0,JUNCTION_RIGHT,FATAL DEGRADATION,0.0,3,0
1771931824.966,5.0,0.0,45.0,JUNCTION_RIGHT,FATAL DEGRADATION,0.0,3,0
1771931825.062,5.2,0.0,45.0,JUNCTION_RIGHT,FATAL DEGRADATION,0.0,3,0
1771931825.255,6.8,0.0,45.0,JUNCTION_RIGHT,FATAL DEGRADATION,0.0,3,0
1771931825.377,6.3,0.0,45.0,JUNCTION_RIGHT,FATAL DEGRADATION,0.0,3,0
1771931825.578,6.9,0.0,45.0,JUNCTION_RIGHT,FATAL DEGRADATION,0.0,3,0
1771931825.713,6.3,0.0,45.0,JUNCTION_RIGHT,FATAL DEGRADATION,0.0,3,0
1771931825.939,6.7,0.0,45.0,JUNCTION_RIGHT,FATAL DEGRADATION,0.0,3,0
1771931826.05,6.0,0.0,45.0,JUNCTION_RIGHT,FATAL DEGRADATION,0.0,3,0
1771931826.29,6.8,0.0,45.0,JUNCTION_RIGHT,FATAL DEGRADATION,0.0,3,0
1771931826.411,6.1,0.0,45.0,JUNCTION_RIGHT,FATAL DEGRADATION,0.0,3,0
1771931826.624,6.7,0.0,45.0,JUNCTION_RIGHT,FATAL DEGRADATION,0.0,3,0
1771931826.743,6.1,0.0,45.0,JUNCTION_RIGHT,FATAL DEGRADATION,0.0,3,0
1771931826.958,6.8,0.0,45.0,JUNCTION_RIGHT,FATAL DEGRADATION,0.0,3,0
1771931827.057,6.2,0.0,45.0,JUNCTION_RIGHT,FATAL DEGRADATION,0.0,3,0
1771931827.294,7.3,0.0,45.0,JUNCTION_RIGHT,FATAL DEGRADATION,0.0,3,0
1771931827.426,6.4,0.0,45.0,JUNCTION_RIGHT,FATAL DEGRADATION,0.0,3,0
1771931827.604,6.8,0.0,45.0,JUNCTION_RIGHT,FATAL DEGRADATION,0.0,3,0
1771931827.722,6.4,0.0,45.0,JUNCTION_RIGHT,FATAL DEGRADATION,0.0,3,0
1771931827.943,7.0,0.0,45.0,JUNCTION_RIGHT,FATAL DEGRADATION,0.0,3,0
1771931828.039,6.3,0.0,45.0,JUNCTION_RIGHT,FATAL DEGRADATION,0.0,3,0
1771931828.216,7.5,0.0,45.0,JUNCTION_RIGHT,FATAL DEGRADATION,0.0,3,0
1771931828.334,7.0,0.0,45.0,JUNCTION_RIGHT,FATAL DEGRADATION,0.0,3,0
1771931828.572,7.4,0.0,45.0,JUNCTION_RIGHT,FATAL DEGRADATION,0.0,3,0
1771931828.7,6.4,0.0,45.0,JUNCTION_RIGHT,FATAL DEGRADATION,0.0,3,0
1771931828.986,6.9,0.0,45.0,JUNCTION_RIGHT,FATAL DEGRADATION,0.0,3,0
1771931829.12,5.8,0.0,45.0,JUNCTION_RIGHT,FATAL DEGRADATION,0.0,3,0
1771931829.56,6.3,0.0,45.0,JUNCTION_RIGHT,FATAL DEGRADATION,0.0,3,0
1771931829.782,5.1,0.0,45.0,JUNCTION_RIGHT,FATAL DEGRADATION,0.0,3,0
1771931829.985,4.9,0.0,45.0,JUNCTION_RIGHT,FATAL DEGRADATION,0.0,3,0
1771931830.087,4.9,0.0,45.0,JUNCTION_RIGHT,FATAL DEGRADATION,0.0,3,0
1771931830.311,6.4,0.0,45.0,JUNCTION_RIGHT,FATAL DEGRADATION,0.0,3,0
1771931830.424,5.8,0.0,45.0,JUNCTION_RIGHT,FATAL DEGRADATION,0.0,3,0
1771931830.608,6.7,0.0,45.0,JUNCTION_RIGHT,FATAL DEGRADATION,0.0,3,0
1771931830.774,6.3,0.0,45.0,JUNCTION_RIGHT,FATAL DEGRADATION,0.0,3,0
1771931831.045,6.2,0.0,45.0,JUNCTION_RIGHT,FATAL DEGRADATION,0.0,3,0
1771931831.175,5.5,0.0,45.0,JUNCTION_RIGHT,FATAL DEGRADATION,0.0,3,0
1771931831.384,6.1,0.0,45.0,JUNCTION_RIGHT,FATAL DEGRADATION,0.0,3,0
1771931831.496,5.7,0.0,45.0,JUNCTION_RIGHT,FATAL DEGRADATION,0.0,3,0
1771931831.771,6.7,0.0,45.0,JUNCTION_RIGHT,FATAL DEGRADATION,0.0,3,0
1771931832.036,5.8,0.0,45.0,JUNCTION_RIGHT,FATAL DEGRADATION,0.0,3,0
1771931832.701,5.2,0.0,45.0,JUNCTION_RIGHT,FATAL DEGRADATION,0.0,3,0
1771931833.18,4.1,0.0,45.0,JUNCTION_RIGHT,FATAL DEGRADATION,0.0,3,0
1771931833.61,3.5,0.0,45.0,JUNCTION_RIGHT,FATAL DEGRADATION,0.0,3,0
1771931833.732,3.1,0.0,45.0,JUNCTION_RIGHT,FATAL DEGRADATION,0.0,3,0
1771931834.092,4.6,0.0,45.0,JUNCTION_RIGHT,FATAL DEGRADATION,0.0,3,0
1771931834.431,4.1,0.0,45.0,JUNCTION_RIGHT,FATAL DEGRADATION,0.0,3,0
1771931834.71,3.7,0.0,45.0,JUNCTION_RIGHT,FATAL DEGRADATION,0.0,3,0
1771931834.826,3.7,0.0,45.0,JUNCTION_RIGHT,FATAL DEGRADATION,0.0,3,0
1771931835.024,5.3,0.0,45.0,JUNCTION_RIGHT,FATAL DEGRADATION,0.0,3,0
1771931835.147,5.2,0.0,45.0,JUNCTION_RIGHT,FATAL DEGRADATION,0.0,3,0
1771931835.381,6.0,0.0,45.0,JUNCTION_RIGHT,FATAL DEGRADATION,0.0,3,0
1771931835.482,5.5,0.0,45.0,JUNCTION_RIGHT,FATAL DEGRADATION,0.0,3,0
1771931835.665,6.9,0.0,45.0,JUNCTION_RIGHT,FATAL DEGRADATION,0.0,3,0
1771931835.833,6.5,0.0,45.0,JUNCTION_RIGHT,FATAL DEGRADATION,0.0,3,0
1771931836.08,6.3,0.0,45.0,JUNCTION_RIGHT,FATAL DEGRADATION,0.0,3,0
1771931836.239,5.6,0.0,45.0,JUNCTION_RIGHT,FATAL DEGRADATION,0.0,3,0
1771931836.47,5.8,0.0,45.0,JUNCTION_RIGHT,FATAL DEGRADATION,0.0,3,0
1771931836.568,5.4,0.0,45.0,JUNCTION_RIGHT,FATAL DEGRADATION,0.0,3,0
1771931836.785,6.8,0.0,45.0,JUNCTION_RIGHT,FATAL DEGRADATION,0.0,3,0
1771931836.951,6.1,0.0,45.0,JUNCTION_RIGHT,FATAL DEGRADATION,0.0,3,0
1771931837.14,6.1,0.0,45.0,JUNCTION_RIGHT,FATAL DEGRADATION,0.0,3,0
1771931837.244,5.9,0.0,45.0,JUNCTION_RIGHT,FATAL DEGRADATION,0.0,3,0
1771931837.499,7.1,0.0,45.0,JUNCTION_RIGHT,FATAL DEGRADATION,0.0,3,0
1771931837.604,6.1,0.0,45.0,JUNCTION_RIGHT,FATAL DEGRADATION,0.0,3,0
1771931837.819,7.1,0.0,45.0,JUNCTION_RIGHT,FATAL DEGRADATION,0.0,3,0
1771931837.946,6.4,0.0,45.0,JUNCTION_RIGHT,FATAL DEGRADATION,0.0,3,0
1771931838.144,6.8,0.0,45.0,JUNCTION_RIGHT,FATAL DEGRADATION,0.0,3,0
1771931838.262,6.3,0.0,45.0,JUNCTION_RIGHT,FATAL DEGRADATION,0.0,3,0
1771931838.472,7.0,0.0,45.0,JUNCTION_RIGHT,FATAL DEGRADATION,0.0,3,0
1771931838.609,6.3,0.0,45.0,JUNCTION_RIGHT,FATAL DEGRADATION,0.0,3,0
1771931838.894,6.7,0.0,45.0,JUNCTION_RIGHT,FATAL DEGRADATION,0.0,3,0
1771931839.019,5.7,0.0,45.0,JUNCTION_RIGHT,FATAL DEGRADATION,0.0,3,0
1771931839.485,6.4,0.0,45.0,JUNCTION_RIGHT,FATAL DEGRADATION,0.0,3,0
1771931839.626,5.1,0.0,45.0,JUNCTION_RIGHT,FATAL DEGRADATION,0.0,3,0
1771931839.898,5.7,0.0,45.0,JUNCTION_RIGHT,FATAL DEGRADATION,0.0,3,0
1771931839.999,5.1,0.0,45.0,JUNCTION_RIGHT,FATAL DEGRADATION,0.0,3,0
1771931840.228,6.5,0.0,45.0,JUNCTION_RIGHT,FATAL DEGRADATION,0.0,3,0
1771931840.385,5.9,0.0,45.0,JUNCTION_RIGHT,FATAL DEGRADATION,0.0,3,0
1771931840.559,6.0,0.0,45.0,JUNCTION_RIGHT,FATAL DEGRADATION,0.0,3,0
1771931840.669,5.9,0.0,45.0,JUNCTION_RIGHT,FATAL DEGRADATION,0.0,3,0
1771931840.929,6.8,0.0,45.0,JUNCTION_RIGHT,FATAL DEGRADATION,0.0,3,0
1771931841.032,5.9,0.0,45.0,JUNCTION_RIGHT,FATAL DEGRADATION,0.0,3,0
1771931841.22,7.1,0.0,45.0,JUNCTION_RIGHT,FATAL DEGRADATION,0.0,3,0
1771931841.452,6.5,0.0,45.0,JUNCTION_RIGHT,FATAL DEGRADATION,0.0,3,0
1771931841.626,5.9,0.0,45.0,JUNCTION_RIGHT,FATAL DEGRADATION,0.0,3,0
1771931841.741,5.8,0.0,45.0,JUNCTION_RIGHT,FATAL DEGRADATION,0.0,3,0
1771931841.953,6.8,0.0,45.0,JUNCTION_RIGHT,FATAL DEGRADATION,0.0,3,0
1771931842.057,6.1,0.0,45.0,JUNCTION_RIGHT,FATAL DEGRADATION,0.0,3,0
1771931842.234,7.2,0.0,45.0,JUNCTION_RIGHT,FATAL DEGRADATION,0.0,3,0
1771931842.371,6.7,0.0,45.0,JUNCTION_RIGHT,FATAL DEGRADATION,0.0,3,0
1771931842.65,6.9,0.0,45.0,JUNCTION_RIGHT,FATAL DEGRADATION,0.0,3,0
1771931842.886,5.9,0.0,45.0,JUNCTION_RIGHT,FATAL DEGRADATION,0.0,3,0
1771931843.179,5.4,0.0,45.0,JUNCTION_RIGHT,FATAL DEGRADATION,0.0,3,0
1771931843.297,4.8,0.0,45.0,JUNCTION_RIGHT,FATAL DEGRADATION,0.0,3,0
1771931843.524,6.0,0.0,45.0,JUNCTION_RIGHT,FATAL DEGRADATION,0.0,3,0
1771931843.687,5.5,0.0,45.0,JUNCTION_RIGHT,FATAL DEGRADATION,0.0,3,0
1771931844.017,5.7,0.0,45.0,JUNCTION_RIGHT,FATAL DEGRADATION,0.0,3,0
1771931844.381,4.9,0.0,45.0,JUNCTION_RIGHT,FATAL DEGRADATION,0.0,3,0
1771931844.576,4.2,0.0,45.0,JUNCTION_RIGHT,FATAL DEGRADATION,0.0,3,0
1771931844.85,4.5,0.0,45.0,JUNCTION_RIGHT,FATAL DEGRADATION,0.0,3,0
1771931845.076,4.3,0.0,45.0,JUNCTION_RIGHT,FATAL DEGRADATION,0.0,3,0
1771931845.258,4.3,0.0,45.0,JUNCTION_RIGHT,FATAL DEGRADATION,0.0,3,0
1771931845.489,4.6,0.0,45.0,JUNCTION_RIGHT,FATAL DEGRADATION,0.0,3,0
1771931845.59,4.6,0.0,45.0,JUNCTION_RIGHT,FATAL DEGRADATION,0.0,3,0
1771931845.943,6.1,0.0,45.0,JUNCTION_RIGHT,FATAL DEGRADATION,0.0,3,0
1771931846.057,5.1,0.0,45.0,JUNCTION_RIGHT,FATAL DEGRADATION,0.0,3,0
1771931846.241,6.2,0.0,45.0,JUNCTION_RIGHT,FATAL DEGRADATION,0.0,3,0
1771931846.359,6.0,0.0,45.0,JUNCTION_RIGHT,FATAL DEGRADATION,0.0,3,0
1771931846.561,6.8,0.0,45.0,JUNCTION_RIGHT,FATAL DEGRADATION,0.0,3,0
1771931846.655,6.2,0.0,45.0,JUNCTION_RIGHT,FATAL DEGRADATION,0.0,3,0
1771931846.922,7.6,0.0,45.0,JUNCTION_RIGHT,FATAL DEGRADATION,0.0,3,0
1771931847.036,6.4,0.0,45.0,JUNCTION_RIGHT,FATAL DEGRADATION,0.0,3,0
1771931847.208,7.1,0.0,45.0,JUNCTION_RIGHT,FATAL DEGRADATION,0.0,3,0
1771931847.305,6.7,0.0,45.0,JUNCTION_RIGHT,FATAL DEGRADATION,0.0,3,0
1771931847.504,7.8,0.0,45.0,JUNCTION_RIGHT,FATAL DEGRADATION,0.0,3,0
1771931847.616,7.0,0.0,45.0,JUNCTION_RIGHT,FATAL DEGRADATION,0.0,3,0
1771931847.896,7.5,0.0,45.0,JUNCTION_RIGHT,FATAL DEGRADATION,0.0,3,0
1771931848.005,6.3,0.0,45.0,JUNCTION_RIGHT,FATAL DEGRADATION,0.0,3,0
1771931848.195,7.2,0.0,45.0,JUNCTION_RIGHT,FATAL DEGRADATION,0.0,3,0
1771931848.308,6.6,0.0,45.0,JUNCTION_RIGHT,FATAL DEGRADATION,0.0,3,0
1771931848.525,7.4,0.0,45.0,JUNCTION_RIGHT,FATAL DEGRADATION,0.0,3,0
1771931848.791,6.5,0.0,45.0,JUNCTION_RIGHT,FATAL DEGRADATION,0.0,3,0
1771931849.074,5.7,0.0,45.0,JUNCTION_RIGHT,FATAL DEGRADATION,0.0,3,0
1771931849.249,5.1,0.0,45.0,JUNCTION_RIGHT,FATAL DEGRADATION,0.0,3,0
1771931849.537,5.2,0.0,45.0,JUNCTION_RIGHT,FATAL DEGRADATION,0.0,3,0
1771931849.643,4.7,0.0,45.0,JUNCTION_RIGHT,FATAL DEGRADATION,0.0,3,0
1771931849.969,6.2,0.0,45.0,JUNCTION_RIGHT,FATAL DEGRADATION,0.0,3,0
1771931850.08,5.2,0.0,45.0,JUNCTION_RIGHT,FATAL DEGRADATION,0.0,3,0
1771931850.42,6.4,0.0,45.0,JUNCTION_RIGHT,FATAL DEGRADATION,0.0,3,0
1771931850.522,5.3,0.0,45.0,JUNCTION_RIGHT,FATAL DEGRADATION,0.0,3,0
1771931850.683,6.7,0.0,45.0,JUNCTION_RIGHT,FATAL DEGRADATION,0.0,3,0
1771931850.793,6.5,0.0,45.0,JUNCTION_RIGHT,FATAL DEGRADATION,0.0,3,0
1771931851.05,7.3,0.0,45.0,JUNCTION_RIGHT,FATAL DEGRADATION,0.0,3,0
1771931851.148,6.3,0.0,45.0,JUNCTION_RIGHT,FATAL DEGRADATION,0.0,3,0
1771931851.39,7.5,0.0,45.0,JUNCTION_RIGHT,FATAL DEGRADATION,0.0,3,0
1771931851.499,6.5,0.0,45.0,JUNCTION_RIGHT,FATAL DEGRADATION,0.0,3,0
1771931851.663,7.3,0.0,45.0,JUNCTION_RIGHT,FATAL DEGRADATION,0.0,3,0
1771931851.772,6.9,0.0,45.0,JUNCTION_RIGHT,FATAL DEGRADATION,0.0,3,0
1771931852.032,7.6,0.0,45.0,JUNCTION_RIGHT,FATAL DEGRADATION,0.0,3,0
1771931852.136,6.5,0.0,45.0,JUNCTION_RIGHT,FATAL DEGRADATION,0.0,3,0
1771931852.336,7.5,0.0,45.0,JUNCTION_RIGHT,FATAL DEGRADATION,0.0,3,0
1771931852.451,6.7,0.0,45.0,JUNCTION_RIGHT,FATAL DEGRADATION,0.0,3,0
1771931852.65,7.3,0.0,45.0,JUNCTION_RIGHT,FATAL DEGRADATION,0.0,3,0
1771931852.759,6.6,0.0,45.0,JUNCTION_RIGHT,FATAL DEGRADATION,0.0,3,0
1771931852.973,7.4,0.0,45.0,JUNCTION_RIGHT,FATAL DEGRADATION,0.0,3,0
1771931853.075,6.6,0.0,45.0,JUNCTION_RIGHT,FATAL DEGRADATION,0.0,3,0
1771931853.303,7.6,0.0,45.0,JUNCTION_RIGHT,FATAL DEGRADATION,0.0,3,0
1771931853.42,6.6,0.0,45.0,JUNCTION_RIGHT,FATAL DEGRADATION,0.0,3,0
1771931853.65,7.3,0.0,45.0,JUNCTION_RIGHT,FATAL DEGRADATION,0.0,3,0
1771931853.886,6.4,0.0,45.0,JUNCTION_RIGHT,FATAL DEGRADATION,0.0,3,0
1771931854.242,5.7,0.0,45.0,JUNCTION_RIGHT,FATAL DEGRADATION,0.0,3,0
1771931854.476,4.8,0.0,45.0,JUNCTION_RIGHT,FATAL DEGRADATION,0.0,3,0
1771931854.65,4.7,0.0,45.0,JUNCTION_RIGHT,FATAL DEGRADATION,0.0,3,0
1771931854.837,5.0,0.0,45.0,JUNCTION_RIGHT,FATAL DEGRADATION,0.0,3,0
1771931855.086,5.1,0.0,45.0,JUNCTION_RIGHT,FATAL DEGRADATION,0.0,3,0
1771931855.197,4.8,0.0,45.0,JUNCTION_RIGHT,FATAL DEGRADATION,0.0,3,0
1771931855.466,6.0,0.0,45.0,JUNCTION_RIGHT,FATAL DEGRADATION,0.0,3,0
1771931855.562,5.3,0.0,45.0,JUNCTION_RIGHT,FATAL DEGRADATION,0.0,3,0
1771931855.743,6.9,0.0,45.0,JUNCTION_RIGHT,FATAL DEGRADATION,0.0,3,0
1771931855.913,6.5,0.0,45.0,JUNCTION_RIGHT,FATAL DEGRADATION,0.0,3,0
1771931856.216,6.3,0.0,45.0,JUNCTION_RIGHT,FATAL DEGRADATION,0.0,3,0
1771931856.337,5.4,0.0,45.0,JUNCTION_RIGHT,FATAL DEGRADATION,0.0,3,0
1771931856.62,6.2,0.0,45.0,JUNCTION_RIGHT,FATAL DEGRADATION,0.0,3,0
1771931856.728,5.4,0.0,45.0,JUNCTION_RIGHT,FATAL DEGRADATION,0.0,3,0
1771931856.925,6.6,0.0,45.0,JUNCTION_RIGHT,FATAL DEGRADATION,0.0,3,0
1771931857.072,6.1,0.0,45.0,JUNCTION_RIGHT,FATAL DEGRADATION,0.0,3,0
1771931857.363,6.4,0.0,45.0,JUNCTION_RIGHT,FATAL DEGRADATION,0.0,3,0
1771931857.631,5.5,0.0,45.0,JUNCTION_RIGHT,FATAL DEGRADATION,0.0,3,0
1771931858.484,4.9,0.0,45.0,JUNCTION_RIGHT,FATAL DEGRADATION,0.0,3,0
1771931859.122,3.8,0.0,45.0,JUNCTION_RIGHT,FATAL DEGRADATION,0.0,3,0
1771931859.836,3.1,0.0,45.0,JUNCTION_RIGHT,FATAL DEGRADATION,0.0,3,0
1771931860.256,2.6,0.0,45.0,JUNCTION_RIGHT,FATAL DEGRADATION,0.0,3,0
1771931860.621,2.5,0.0,45.0,JUNCTION_RIGHT,FATAL DEGRADATION,0.0,3,0
1771931860.774,2.6,0.0,45.0,JUNCTION_RIGHT,FATAL DEGRADATION,0.0,3,0
1771931860.982,3.9,0.0,45.0,JUNCTION_RIGHT,FATAL DEGRADATION,0.0,3,0
1771931861.08,4.2,0.0,45.0,JUNCTION_RIGHT,FATAL DEGRADATION,0.0,3,0
1771931861.372,5.9,0.0,45.0,JUNCTION_RIGHT,FATAL DEGRADATION,0.0,3,0
1771931861.531,5.2,0.0,45.0,JUNCTION_RIGHT,FATAL DEGRADATION,0.0,3,0
1771931861.718,5.5,0.0,45.0,JUNCTION_RIGHT,FATAL DEGRADATION,0.0,3,0
1771931861.859,5.5,0.0,45.0,JUNCTION_RIGHT,FATAL DEGRADATION,0.0,3,0
1771931862.054,5.9,0.0,45.0,JUNCTION_RIGHT,FATAL DEGRADATION,0.0,3,0
1771931862.167,5.7,0.0,45.0,JUNCTION_RIGHT,FATAL DEGRADATION,0.0,3,0
1771931862.472,6.6,0.0,45.0,JUNCTION_RIGHT,FATAL DEGRADATION,0.0,3,0
1771931862.597,5.6,0.0,45.0,JUNCTION_RIGHT,FATAL DEGRADATION,0.0,3,0
1771931862.817,6.3,0.0,45.0,JUNCTION_RIGHT,FATAL DEGRADATION,0.0,3,0
1771931862.945,5.8,0.0,45.0,JUNCTION_RIGHT,FATAL DEGRADATION,0.0,3,0
1771931863.11,6.4,0.0,45.0,JUNCTION_RIGHT,FATAL DEGRADATION,0.0,3,0
1771931863.211,6.3,0.0,45.0,JUNCTION_RIGHT,FATAL DEGRADATION,0.0,3,0
1771931863.403,7.4,0.0,45.0,JUNCTION_RIGHT,FATAL DEGRADATION,0.0,3,0
1771931863.528,6.7,0.0,45.0,JUNCTION_RIGHT,FATAL DEGRADATION,0.0,3,0
1771931863.878,7.1,0.0,45.0,JUNCTION_RIGHT,FATAL DEGRADATION,0.0,3,0
1771931864.091,5.8,0.0,45.0,JUNCTION_RIGHT,FATAL DEGRADATION,0.0,3,0
1771931864.453,5.5,0.0,45.0,JUNCTION_RIGHT,FATAL DEGRADATION,0.0,3,0
1771931864.577,4.7,0.0,45.0,JUNCTION_RIGHT,FATAL DEGRADATION,0.0,3,0
1771931864.793,5.7,0.0,45.0,JUNCTION_RIGHT,FATAL DEGRADATION,0.0,3,0
1771931864.931,5.4,0.0,45.0,JUNCTION_RIGHT,FATAL DEGRADATION,0.0,3,0
1771931865.127,5.9,0.0,45.0,JUNCTION_RIGHT,FATAL DEGRADATION,0.0,3,0
1771931865.28,5.7,0.0,45.0,JUNCTION_RIGHT,FATAL DEGRADATION,0.0,3,0
1771931865.492,5.9,0.0,45.0,JUNCTION_RIGHT,FATAL DEGRADATION,0.0,3,0
1771931865.608,5.6,0.0,45.0,JUNCTION_RIGHT,FATAL DEGRADATION,0.0,3,0
1771931865.866,6.4,0.0,45.0,JUNCTION_RIGHT,FATAL DEGRADATION,0.0,3,0
1771931866.017,5.7,0.0,45.0,JUNCTION_RIGHT,FATAL DEGRADATION,0.0,3,0
1771931866.292,6.0,0.0,45.0,JUNCTION_RIGHT,FATAL DEGRADATION,0.0,3,0
1771931866.404,5.3,0.0,45.0,JUNCTION_RIGHT,FATAL DEGRADATION,0.0,3,0
1771931866.592,6.4,0.0,45.0,JUNCTION_RIGHT,FATAL DEGRADATION,0.0,3,0
1771931866.733,6.1,0.0,45.0,JUNCTION_RIGHT,FATAL DEGRADATION,0.0,3,0
1771931866.958,6.4,0.0,45.0,JUNCTION_RIGHT,FATAL DEGRADATION,0.0,3,0
1771931867.056,5.8,0.0,45.0,JUNCTION_RIGHT,FATAL DEGRADATION,0.0,3,0
1771931867.24,7.1,0.0,45.0,JUNCTION_RIGHT,FATAL DEGRADATION,0.0,3,0
1771931867.415,6.6,0.0,45.0,JUNCTION_RIGHT,FATAL DEGRADATION,0.0,3,0
1771931867.584,6.3,0.0,45.0,JUNCTION_RIGHT,FATAL DEGRADATION,0.0,3,0
1771931867.703,6.2,0.0,45.0,JUNCTION_RIGHT,FATAL DEGRADATION,0.0,3,0
1771931867.984,6.9,0.0,45.0,JUNCTION_RIGHT,FATAL DEGRADATION,0.0,3,0
1771931868.089,5.9,0.0,45.0,JUNCTION_RIGHT,FATAL DEGRADATION,0.0,3,0
1771931868.322,7.0,0.0,45.0,JUNCTION_RIGHT,FATAL DEGRADATION,0.0,3,0
1771931868.468,6.2,0.0,45.0,JUNCTION_RIGHT,FATAL DEGRADATION,0.0,3,0
1771931868.69,6.4,0.0,45.0,JUNCTION_RIGHT,FATAL DEGRADATION,0.0,3,0
1771931869.008,5.8,0.0,45.0,JUNCTION_RIGHT,FATAL DEGRADATION,0.0,3,0
1771931869.347,5.0,0.0,45.0,JUNCTION_RIGHT,FATAL DEGRADATION,0.0,3,0
1771931869.471,4.4,0.0,45.0,JUNCTION_RIGHT,FATAL DEGRADATION,0.0,3,0
1771931869.656,5.5,0.0,45.0,JUNCTION_RIGHT,FATAL DEGRADATION,0.0,3,0
1771931869.771,5.5,0.0,45.0,JUNCTION_RIGHT,FATAL DEGRADATION,0.0,3,0
1771931870.029,6.4,0.0,45.0,JUNCTION_RIGHT,FATAL DEGRADATION,0.0,3,0
1771931870.152,5.7,0.0,45.0,JUNCTION_RIGHT,FATAL DEGRADATION,0.0,3,0
1771931870.42,6.4,0.0,45.0,JUNCTION_RIGHT,FATAL DEGRADATION,0.0,3,0
1771931870.537,5.6,0.0,45.0,JUNCTION_RIGHT,FATAL DEGRADATION,0.0,3,0
1771931870.779,6.5,0.0,45.0,JUNCTION_RIGHT,FATAL DEGRADATION,0.0,3,0
1771931870.895,5.8,0.0,45.0,JUNCTION_RIGHT,FATAL DEGRADATION,0.0,3,0
1771931871.144,6.7,0.0,45.0,JUNCTION_RIGHT,FATAL DEGRADATION,0.0,3,0
1771931871.316,5.9,0.0,45.0,JUNCTION_RIGHT,FATAL DEGRADATION,0.0,3,0
1771931871.496,5.8,0.0,45.0,JUNCTION_RIGHT,FATAL DEGRADATION,0.0,3,0
1771931871.675,5.8,0.0,45.0,JUNCTION_RIGHT,FATAL DEGRADATION,0.0,3,0
1771931871.922,5.7,0.0,45.0,JUNCTION_RIGHT,FATAL DEGRADATION,0.0,3,0
1771931872.031,5.2,0.0,45.0,JUNCTION_RIGHT,FATAL DEGRADATION,0.0,3,0
1771931872.231,6.3,0.0,45.0,JUNCTION_RIGHT,FATAL DEGRADATION,0.0,3,0
1771931872.405,6.0,0.0,45.0,JUNCTION_RIGHT,FATAL DEGRADATION,0.0,3,0
1771931872.582,5.9,0.0,45.0,JUNCTION_RIGHT,FATAL DEGRADATION,0.0,3,0
1771931872.703,5.8,0.0,45.0,JUNCTION_RIGHT,FATAL DEGRADATION,0.0,3,0
1771931872.933,6.5,0.0,45.0,JUNCTION_RIGHT,FATAL DEGRADATION,0.0,3,0
1771931873.047,5.9,0.0,45.0,JUNCTION_RIGHT,FATAL DEGRADATION,0.0,3,0
1771931873.296,6.8,0.0,45.0,JUNCTION_RIGHT,FATAL DEGRADATION,0.0,3,0
1771931873.478,6.0,0.0,45.0,JUNCTION_RIGHT,FATAL DEGRADATION,0.0,3,0
1771931873.772,5.8,0.0,45.0,JUNCTION_RIGHT,FATAL DEGRADATION,0.0,3,0
1771931874.041,5.0,0.0,45.0,JUNCTION_RIGHT,FATAL DEGRADATION,0.0,3,0
1771931874.397,4.7,0.0,45.0,JUNCTION_RIGHT,FATAL DEGRADATION,0.0,3,0
1771931874.505,4.2,0.0,45.0,JUNCTION_RIGHT,FATAL DEGRADATION,0.0,3,0
1771931874.721,5.7,0.0,45.0,JUNCTION_RIGHT,FATAL DEGRADATION,0.0,3,0
1771931874.855,5.3,0.0,45.0,JUNCTION_RIGHT,FATAL DEGRADATION,0.0,3,0
1771931875.096,6.0,0.0,45.0,JUNCTION_RIGHT,FATAL DEGRADATION,0.0,3,0
1771931875.269,5.4,0.0,45.0,JUNCTION_RIGHT,FATAL DEGRADATION,0.0,3,0
1771931875.517,5.5,0.0,45.0,JUNCTION_RIGHT,FATAL DEGRADATION,0.0,3,0
1771931875.646,5.1,0.0,45.0,JUNCTION_RIGHT,FATAL DEGRADATION,0.0,3,0
1771931875.875,5.9,0.0,45.0,JUNCTION_RIGHT,FATAL DEGRADATION,0.0,3,0
1771931875.983,5.5,0.0,45.0,JUNCTION_RIGHT,FATAL DEGRADATION,0.0,3,0
1771931876.266,6.5,0.0,45.0,JUNCTION_RIGHT,FATAL DEGRADATION,0.0,3,0
1771931876.434,5.6,0.0,45.0,JUNCTION_RIGHT,FATAL DEGRADATION,0.0,3,0
1771931876.634,5.7,0.0,45.0,JUNCTION_RIGHT,FATAL DEGRADATION,0.0,3,0
1771931876.757,5.5,0.0,45.0,JUNCTION_RIGHT,FATAL DEGRADATION,0.0,3,0
1771931876.984,6.3,0.0,45.0,JUNCTION_RIGHT,FATAL DEGRADATION,0.0,3,0
1771931877.082,5.8,0.0,45.0,JUNCTION_RIGHT,FATAL DEGRADATION,0.0,3,0
1771931877.37,7.1,0.0,45.0,JUNCTION_RIGHT,FATAL DEGRADATION,0.0,3,0
1771931877.496,6.0,0.0,45.0,JUNCTION_RIGHT,FATAL DEGRADATION,0.0,3,0
1771931877.688,6.6,0.0,45.0,JUNCTION_RIGHT,FATAL DEGRADATION,0.0,3,0
1771931877.811,6.2,0.0,45.0,JUNCTION_RIGHT,FATAL DEGRADATION,0.0,3,0
1771931878.029,6.7,0.0,45.0,JUNCTION_RIGHT,FATAL DEGRADATION,0.0,3,0
1771931878.126,6.1,0.0,45.0,JUNCTION_RIGHT,FATAL DEGRADATION,0.0,3,0
1771931878.457,7.4,0.0,45.0,JUNCTION_RIGHT,FATAL DEGRADATION,0.0,3,0
1771931878.593,6.1,0.0,45.0,JUNCTION_RIGHT,FATAL DEGRADATION,0.0,3,0
1771931878.944,6.4,0.0,45.0,JUNCTION_RIGHT,FATAL DEGRADATION,0.0,3,0
1771931879.105,5.4,0.0,45.0,JUNCTION_RIGHT,FATAL DEGRADATION,0.0,3,0
1771931879.397,5.5,0.0,45.0,JUNCTION_RIGHT,FATAL DEGRADATION,0.0,3,0
1771931879.546,4.9,0.0,45.0,JUNCTION_RIGHT,FATAL DEGRADATION,0.0,3,0
1771931879.756,5.5,0.0,45.0,JUNCTION_RIGHT,FATAL DEGRADATION,0.0,3,0
1771931879.884,5.3,0.0,45.0,JUNCTION_RIGHT,FATAL DEGRADATION,0.0,3,0
1771931880.112,6.0,0.0,45.0,JUNCTION_RIGHT,FATAL DEGRADATION,0.0,3,0
1771931880.238,5.5,0.0,45.0,JUNCTION_RIGHT,FATAL DEGRADATION,0.0,3,0
1771931880.46,6.3,0.0,45.0,JUNCTION_RIGHT,FATAL DEGRADATION,0.0,3,0
1771931880.621,5.7,0.0,45.0,JUNCTION_RIGHT,FATAL DEGRADATION,0.0,3,0
1771931880.862,5.9,0.0,45.0,JUNCTION_RIGHT,FATAL DEGRADATION,0.0,3,0
1771931880.979,5.4,0.0,45.0,JUNCTION_RIGHT,FATAL DEGRADATION,0.0,3,0
1771931881.173,6.3,0.0,45.0,JUNCTION_RIGHT,FATAL DEGRADATION,0.0,3,0
1771931881.312,6.0,0.0,45.0,JUNCTION_RIGHT,FATAL DEGRADATION,0.0,3,0
1771931881.555,6.4,0.0,45.0,JUNCTION_RIGHT,FATAL DEGRADATION,0.0,3,0
1771931881.695,5.7,0.0,45.0,JUNCTION_RIGHT,FATAL DEGRADATION,0.0,3,0
1771931881.961,6.0,0.0,45.0,JUNCTION_RIGHT,FATAL DEGRADATION,0.0,3,0
1771931882.063,5.4,0.0,45.0,JUNCTION_RIGHT,FATAL DEGRADATION,0.0,3,0
1771931882.31,6.7,0.0,45.0,JUNCTION_RIGHT,FATAL DEGRADATION,0.0,3,0
1771931882.434,5.9,0.0,45.0,JUNCTION_RIGHT,FATAL DEGRADATION,0.0,3,0
1771931882.634,6.5,0.0,45.0,JUNCTION_RIGHT,FATAL DEGRADATION,0.0,3,0
1771931882.863,6.0,0.0,45.0,JUNCTION_RIGHT,FATAL DEGRADATION,0.0,3,0
1771931883.75,5.6,0.0,45.0,JUNCTION_RIGHT,FATAL DEGRADATION,0.0,3,0
1771931884.507,4.2,0.0,45.0,JUNCTION_RIGHT,FATAL DEGRADATION,0.0,3,0
1771931885.174,3.4,0.0,45.0,JUNCTION_RIGHT,FATAL DEGRADATION,0.0,3,0
1771931885.318,2.8,0.0,45.0,JUNCTION_RIGHT,FATAL DEGRADATION,0.0,3,0
1771931885.561,4.0,0.0,45.0,JUNCTION_RIGHT,FATAL DEGRADATION,0.0,3,0
1771931885.767,4.1,0.0,45.0,JUNCTION_RIGHT,FATAL DEGRADATION,0.0,3,0
1771931886.08,4.3,0.0,45.0,JUNCTION_RIGHT,FATAL DEGRADATION,0.0,3,0
1771931886.242,4.0,0.0,45.0,JUNCTION_RIGHT,FATAL DEGRADATION,0.0,3,0
1771931886.487,4.6,0.0,45.0,JUNCTION_RIGHT,FATAL DEGRADATION,0.0,3,0
1771931886.595,4.4,0.0,45.0,JUNCTION_RIGHT,FATAL DEGRADATION,0.0,3,0
1771931886.84,5.9,0.0,45.0,JUNCTION_RIGHT,FATAL DEGRADATION,0.0,3,0
1771931886.964,5.3,0.0,45.0,JUNCTION_RIGHT,FATAL DEGRADATION,0.0,3,0
1771931887.172,6.2,0.0,45.0,JUNCTION_RIGHT,FATAL DEGRADATION,0.0,3,0
1771931887.306,5.8,0.0,45.0,JUNCTION_RIGHT,FATAL DEGRADATION,0.0,3,0
1771931887.546,6.2,0.0,45.0,JUNCTION_RIGHT,FATAL DEGRADATION,0.0,3,0
1771931887.653,5.6,0.0,45.0,JUNCTION_RIGHT,FATAL DEGRADATION,0.0,3,0
1771931887.884,6.8,0.0,45.0,JUNCTION_RIGHT,FATAL DEGRADATION,0.0,3,0
1771931887.999,6.0,0.0,45.0,JUNCTION_RIGHT,FATAL DEGRADATION,0.0,3,0
1771931888.215,6.9,0.0,45.0,JUNCTION_RIGHT,FATAL DEGRADATION,0.0,3,0
1771931888.325,6.2,0.0,45.0,JUNCTION_RIGHT,FATAL DEGRADATION,0.0,3,0
1771931888.633,7.1,0.0,45.0,JUNCTION_RIGHT,FATAL DEGRADATION,0.0,3,0
1771931888.911,5.8,0.0,45.0,JUNCTION_RIGHT,FATAL DEGRADATION,0.0,3,0
1771931889.348,5.3,0.0,45.0,JUNCTION_RIGHT,FATAL DEGRADATION,0.0,3,0
1771931889.528,4.4,0.0,45.0,JUNCTION_RIGHT,FATAL DEGRADATION,0.0,3,0
1771931889.726,4.8,0.0,45.0,JUNCTION_RIGHT,FATAL DEGRADATION,0.0,3,0
1771931889.881,4.8,0.0,45.0,JUNCTION_RIGHT,FATAL DEGRADATION,0.0,3,0
1771931890.056,5.4,0.0,45.0,JUNCTION_RIGHT,FATAL DEGRADATION,0.0,3,0
1771931890.183,5.4,0.0,45.0,JUNCTION_RIGHT,FATAL DEGRADATION,0.0,3,0
1771931890.46,6.1,0.0,45.0,JUNCTION_RIGHT,FATAL DEGRADATION,0.0,3,0
1771931890.564,5.4,0.0,45.0,JUNCTION_RIGHT,FATAL DEGRADATION,0.0,3,0
1771931890.823,6.7,0.0,45.0,JUNCTION_RIGHT,FATAL DEGRADATION,0.0,3,0
1771931890.98,5.8,0.0,45.0,JUNCTION_RIGHT,FATAL DEGRADATION,0.0,3,0
1771931891.149,6.0,0.0,45.0,JUNCTION_RIGHT,FATAL DEGRADATION,0.0,3,0
1771931891.322,6.0,0.0,45.0,JUNCTION_RIGHT,FATAL DEGRADATION,0.0,3,0
1771931891.561,5.9,0.0,45.0,JUNCTION_RIGHT,FATAL DEGRADATION,0.0,3,0
1771931891.668,5.4,0.0,45.0,JUNCTION_RIGHT,FATAL DEGRADATION,0.0,3,0
1771931891.95,6.6,0.0,45.0,JUNCTION_RIGHT,FATAL DEGRADATION,0.0,3,0
1771931892.085,5.7,0.0,45.0,JUNCTION_RIGHT,FATAL DEGRADATION,0.0,3,0
1771931892.334,6.2,0.0,45.0,JUNCTION_RIGHT,FATAL DEGRADATION,0.0,3,0
1771931892.506,5.5,0.0,45.0,JUNCTION_RIGHT,FATAL DEGRADATION,0.0,3,0
1771931892.687,5.6,0.0,45.0,JUNCTION_RIGHT,FATAL DEGRADATION,0.0,3,0
1771931892.806,5.6,0.0,45.0,JUNCTION_RIGHT,FATAL DEGRADATION,0.0,3,0
1771931893.041,6.4,0.0,45.0,JUNCTION_RIGHT,FATAL DEGRADATION,0.0,3,0
1771931893.15,5.8,0.0,45.0,JUNCTION_RIGHT,FATAL DEGRADATION,0.0,3,0
1771931893.36,6.8,0.0,45.0,JUNCTION_RIGHT,FATAL DEGRADATION,0.0,3,0
1771931893.517,6.2,0.0,45.0,JUNCTION_RIGHT,FATAL DEGRADATION,0.0,3,0
1771931894.019,6.2,0.0,45.0,JUNCTION_RIGHT,FATAL DEGRADATION,0.0,3,0
1771931894.249,4.9,0.0,45.0,JUNCTION_RIGHT,FATAL DEGRADATION,0.0,3,0
1771931894.455,4.7,0.0,45.0,JUNCTION_RIGHT,FATAL DEGRADATION,0.0,3,0
1771931894.567,4.8,0.0,45.0,JUNCTION_RIGHT,FATAL DEGRADATION,0.0,3,0
1771931894.763,6.1,0.0,45.0,JUNCTION_RIGHT,FATAL DEGRADATION,0.0,3,0
1771931894.9,5.8,0.0,45.0,JUNCTION_RIGHT,FATAL DEGRADATION,0.0,3,0
1771931895.092,6.2,0.0,45.0,JUNCTION_RIGHT,FATAL DEGRADATION,0.0,3,0
1771931895.238,5.9,0.0,45.0,JUNCTION_RIGHT,FATAL DEGRADATION,0.0,3,0
1771931895.461,6.2,0.0,45.0,JUNCTION_RIGHT,FATAL DEGRADATION,0.0,3,0
1771931895.589,5.7,0.0,45.0,JUNCTION_RIGHT,FATAL DEGRADATION,0.0,3,0
1771931895.863,6.3,0.0,45.0,JUNCTION_RIGHT,FATAL DEGRADATION,0.0,3,0
1771931896.028,5.5,0.0,45.0,JUNCTION_RIGHT,FATAL DEGRADATION,0.0,3,0
1771931896.295,5.7,0.0,45.0,JUNCTION_RIGHT,FATAL DEGRADATION,0.0,3,0
1771931896.41,5.1,0.0,45.0,JUNCTION_RIGHT,FATAL DEGRADATION,0.0,3,0
1771931896.659,6.2,0.0,45.0,JUNCTION_RIGHT,FATAL DEGRADATION,0.0,3,0
1771931896.783,5.5,0.0,45.0,JUNCTION_RIGHT,FATAL DEGRADATION,0.0,3,0
1771931897.016,6.3,0.0,45.0,JUNCTION_RIGHT,FATAL DEGRADATION,0.0,3,0
1771931897.165,5.7,0.0,45.0,JUNCTION_RIGHT,FATAL DEGRADATION,0.0,3,0
1771931897.401,6.0,0.0,45.0,JUNCTION_RIGHT,FATAL DEGRADATION,0.0,3,0
1771931897.53,5.4,0.0,45.0,JUNCTION_RIGHT,FATAL DEGRADATION,0.0,3,0
1771931897.783,6.2,0.0,45.0,JUNCTION_RIGHT,FATAL DEGRADATION,0.0,3,0
1771931897.908,5.5,0.0,45.0,JUNCTION_RIGHT,FATAL DEGRADATION,0.0,3,0
1771931898.32,6.4,0.0,45.0,JUNCTION_RIGHT,FATAL DEGRADATION,0.0,3,0
1771931898.68,5.2,0.0,45.0,JUNCTION_RIGHT,FATAL DEGRADATION,0.0,3,0
1771931899.168,4.5,0.0,45.0,JUNCTION_RIGHT,FATAL DEGRADATION,0.0,3,0
1771931899.304,3.7,0.0,45.0,JUNCTION_RIGHT,FATAL DEGRADATION,0.0,3,0
1771931899.505,4.8,0.0,45.0,JUNCTION_RIGHT,FATAL DEGRADATION,0.0,3,0
1771931899.757,4.8,0.0,45.0,JUNCTION_RIGHT,FATAL DEGRADATION,0.0,3,0
1771931900.006,4.6,0.0,45.0,JUNCTION_RIGHT,FATAL DEGRADATION,0.0,3,0
1771931900.113,4.4,0.0,45.0,JUNCTION_RIGHT,FATAL DEGRADATION,0.0,3,0
1771931900.374,5.9,0.0,45.0,JUNCTION_RIGHT,FATAL DEGRADATION,0.0,3,0
1771931900.515,5.3,0.0,45.0,JUNCTION_RIGHT,FATAL DEGRADATION,0.0,3,0
1771931900.774,5.8,0.0,45.0,JUNCTION_RIGHT,FATAL DEGRADATION,0.0,3,0
1771931900.982,5.2,0.0,45.0,JUNCTION_RIGHT,FATAL DEGRADATION,0.0,3,0
1771931901.17,5.1,0.0,45.0,JUNCTION_RIGHT,FATAL DEGRADATION,0.0,3,0
1771931901.294,5.2,0.0,45.0,JUNCTION_RIGHT,FATAL DEGRADATION,0.0,3,0
1771931901.476,5.9,0.0,45.0,JUNCTION_RIGHT,FATAL DEGRADATION,0.0,3,0
1771931901.585,5.9,0.0,45.0,JUNCTION_RIGHT,FATAL DEGRADATION,0.0,3,0
1771931901.817,6.9,0.0,45.0,JUNCTION_RIGHT,FATAL DEGRADATION,0.0,3,0
1771931902.009,6.1,0.0,45.0,JUNCTION_RIGHT,FATAL DEGRADATION,0.0,3,0
1771931902.209,5.8,0.0,45.0,JUNCTION_RIGHT,FATAL DEGRADATION,0.0,3,0
1771931902.332,5.6,0.0,45.0,JUNCTION_RIGHT,FATAL DEGRADATION,0.0,3,0
1771931902.524,6.3,0.0,45.0,JUNCTION_RIGHT,FATAL DEGRADATION,0.0,3,0
1771931902.63,6.0,0.0,45.0,JUNCTION_RIGHT,FATAL DEGRADATION,0.0,3,0
1771931902.928,6.9,0.0,45.0,JUNCTION_RIGHT,FATAL DEGRADATION,0.0,3,0
1771931903.054,5.8,0.0,45.0,JUNCTION_RIGHT,FATAL DEGRADATION,0.0,3,0
1771931903.269,6.5,0.0,45.0,JUNCTION_RIGHT,FATAL DEGRADATION,0.0,3,0
1771931903.457,6.0,0.0,45.0,JUNCTION_RIGHT,FATAL DEGRADATION,0.0,3,0
1771931903.754,5.8,0.0,45.0,JUNCTION_RIGHT,FATAL DEGRADATION,0.0,3,0
1771931904.109,4.9,0.0,45.0,JUNCTION_RIGHT,FATAL DEGRADATION,0.0,3,0
1771931904.366,4.4,0.0,45.0,JUNCTION_RIGHT,FATAL DEGRADATION,0.0,3,0
1771931904.489,4.3,0.0,45.0,JUNCTION_RIGHT,FATAL DEGRADATION,0.0,3,0
1771931904.685,5.5,0.0,45.0,JUNCTION_RIGHT,FATAL DEGRADATION,0.0,3,0
1771931904.844,5.4,0.0,45.0,JUNCTION_RIGHT,FATAL DEGRADATION,0.0,3,0
1771931905.09,5.6,0.0,45.0,JUNCTION_RIGHT,FATAL DEGRADATION,0.0,3,0
1771931905.22,5.1,0.0,45.0,JUNCTION_RIGHT,FATAL DEGRADATION,0.0,3,0
1771931905.465,5.9,0.0,45.0,JUNCTION_RIGHT,FATAL DEGRADATION,0.0,3,0
1771931905.578,5.4,0.0,45.0,JUNCTION_RIGHT,FATAL DEGRADATION,0.0,3,0
1771931905.789,6.5,0.0,45.0,JUNCTION_RIGHT,FATAL DEGRADATION,0.0,3,0
1771931905.983,5.9,0.0,45.0,JUNCTION_RIGHT,FATAL DEGRADATION,0.0,3,0
1771931906.294,5.7,0.0,45.0,JUNCTION_RIGHT,FATAL DEGRADATION,0.0,3,0
1771931906.431,5.0,0.0,45.0,JUNCTION_RIGHT,FATAL DEGRADATION,0.0,3,0
1771931906.649,5.7,0.0,45.0,JUNCTION_RIGHT,FATAL DEGRADATION,0.0,3,0
1771931906.756,5.3,0.0,45.0,JUNCTION_RIGHT,FATAL DEGRADATION,0.0,3,0
1771931907.007,6.5,0.0,45.0,JUNCTION_RIGHT,FATAL DEGRADATION,0.0,3,0
1771931907.129,5.7,0.0,45.0,JUNCTION_RIGHT,FATAL DEGRADATION,0.0,3,0
1771931907.365,6.5,0.0,45.0,JUNCTION_RIGHT,FATAL DEGRADATION,0.0,3,0
1771931907.496,5.8,0.0,45.0,JUNCTION_RIGHT,FATAL DEGRADATION,0.0,3,0
1771931907.679,6.4,0.0,45.0,JUNCTION_RIGHT,FATAL DEGRADATION,0.0,3,0
1771931907.81,6.0,0.0,45.0,JUNCTION_RIGHT,FATAL DEGRADATION,0.0,3,0
1771931908.06,6.6,0.0,45.0,JUNCTION_RIGHT,FATAL DEGRADATION,0.0,3,0
1771931908.216,5.8,0.0,45.0,JUNCTION_RIGHT,FATAL DEGRADATION,0.0,3,0
1771931908.579,6.0,0.0,45.0,JUNCTION_RIGHT,FATAL DEGRADATION,0.0,3,0
1771931908.864,5.0,0.0,45.0,JUNCTION_RIGHT,FATAL DEGRADATION,0.0,3,0
1771931909.72,4.6,0.0,45.0,JUNCTION_RIGHT,FATAL DEGRADATION,0.0,3,0
1771931909.899,3.5,0.0,45.0,JUNCTION_RIGHT,FATAL DEGRADATION,0.0,3,0
1771931910.423,4.2,0.0,45.0,JUNCTION_RIGHT,FATAL DEGRADATION,0.0,3,0
1771931910.674,3.5,0.0,45.0,JUNCTION_RIGHT,FATAL DEGRADATION,0.0,3,0
1771931910.992,3.6,0.0,45.0,JUNCTION_RIGHT,FATAL DEGRADATION,0.0,3,0
1771931911.247,3.5,0.0,45.0,JUNCTION_RIGHT,FATAL DEGRADATION,0.0,3,0
1771931911.551,3.6,0.0,45.0,JUNCTION_RIGHT,FATAL DEGRADATION,0.0,3,0
1771931911.716,3.5,0.0,45.0,JUNCTION_RIGHT,FATAL DEGRADATION,0.0,3,0
1771931911.958,4.3,0.0,45.0,JUNCTION_RIGHT,FATAL DEGRADATION,0.0,3,0
1771931912.087,4.2,0.0,45.0,JUNCTION_RIGHT,FATAL DEGRADATION,0.0,3,0
1771931912.353,5.3,0.0,45.0,JUNCTION_RIGHT,FATAL DEGRADATION,0.0,3,0
1771931912.491,4.8,0.0,45.0,JUNCTION_RIGHT,FATAL DEGRADATION,0.0,3,0
1771931912.791,5.6,0.0,45.0,JUNCTION_RIGHT,FATAL DEGRADATION,0.0,3,0
1771931912.935,4.9,0.0,45.0,JUNCTION_RIGHT,FATAL DEGRADATION,0.0,3,0
1771931913.184,5.6,0.0,45.0,JUNCTION_RIGHT,FATAL DEGRADATION,0.0,3,0
1771931913.474,5.1,0.0,45.0,JUNCTION_RIGHT,FATAL DEGRADATION,0.0,3,0
1771931913.85,4.6,0.0,45.0,JUNCTION_RIGHT,FATAL DEGRADATION,0.0,3,0
1771931914.035,4.0,0.0,45.0,JUNCTION_RIGHT,FATAL DEGRADATION,0.0,3,0
1771931914.233,4.5,0.0,45.0,JUNCTION_RIGHT,FATAL DEGRADATION,0.0,3,0
1771931914.434,4.6,0.0,45.0,JUNCTION_RIGHT,FATAL DEGRADATION,0.0,3,0
1771931914.614,4.7,0.0,45.0,JUNCTION_RIGHT,FATAL DEGRADATION,0.0,3,0
1771931914.738,5.0,0.0,45.0,JUNCTION_RIGHT,FATAL DEGRADATION,0.0,3,0
1771931914.968,5.9,0.0,45.0,JUNCTION_RIGHT,FATAL DEGRADATION,0.0,3,0
1771931915.128,5.4,0.0,45.0,JUNCTION_RIGHT,FATAL DEGRADATION,0.0,3,0
1771931915.427,5.7,0.0,45.0,JUNCTION_RIGHT,FATAL DEGRADATION,0.0,3,0
1771931915.556,5.0,0.0,45.0,JUNCTION_RIGHT,FATAL DEGRADATION,0.0,3,0
1771931915.751,5.8,0.0,45.0,JUNCTION_RIGHT,FATAL DEGRADATION,0.0,3,0
1771931915.884,5.6,0.0,45.0,JUNCTION_RIGHT,FATAL DEGRADATION,0.0,3,0
1771931916.13,6.2,0.0,45.0,JUNCTION_RIGHT,FATAL DEGRADATION,0.0,3,0
1771931916.357,5.5,0.0,45.0,JUNCTION_RIGHT,FATAL DEGRADATION,0.0,3,0
1771931916.636,5.2,0.0,45.0,JUNCTION_RIGHT,FATAL DEGRADATION,0.0,3,0
1771931916.773,4.7,0.0,45.0,JUNCTION_RIGHT,FATAL DEGRADATION,0.0,3,0
1771931916.994,5.5,0.0,45.0,JUNCTION_RIGHT,FATAL DEGRADATION,0.0,3,0
1771931917.097,5.2,0.0,45.0,JUNCTION_RIGHT,FATAL DEGRADATION,0.0,3,0
1771931917.293,6.6,0.0,45.0,JUNCTION_RIGHT,FATAL DEGRADATION,0.0,3,0
1771931917.409,6.1,0.0,45.0,JUNCTION_RIGHT,FATAL DEGRADATION,0.0,3,0
1771931917.606,6.9,0.0,45.0,JUNCTION_RIGHT,FATAL DEGRADATION,0.0,3,0
1771931917.721,6.3,0.0,45.0,JUNCTION_RIGHT,FATAL DEGRADATION,0.0,3,0
1771931917.913,7.0,0.0,45.0,JUNCTION_RIGHT,FATAL DEGRADATION,0.0,3,0
1771931918.036,6.5,0.0,45.0,JUNCTION_RIGHT,FATAL DEGRADATION,0.0,3,0
1771931918.293,7.0,0.0,45.0,JUNCTION_RIGHT,FATAL DEGRADATION,0.0,3,0
1771931918.475,6.1,0.0,45.0,JUNCTION_RIGHT,FATAL DEGRADATION,0.0,3,0
1771931918.907,5.9,0.0,45.0,JUNCTION_RIGHT,FATAL DEGRADATION,0.0,3,0
1771931919.183,4.8,0.0,45.0,JUNCTION_RIGHT,FATAL DEGRADATION,0.0,3,0
1771931919.877,4.5,0.0,45.0,JUNCTION_RIGHT,FATAL DEGRADATION,0.0,3,0
1771931920.184,3.6,0.0,45.0,JUNCTION_RIGHT,FATAL DEGRADATION,0.0,3,0
1771931920.51,3.5,0.0,45.0,JUNCTION_RIGHT,FATAL DEGRADATION,0.0,3,0
1771931920.614,3.4,0.0,45.0,JUNCTION_RIGHT,FATAL DEGRADATION,0.0,3,0
1771931920.822,5.2,0.0,45.0,JUNCTION_RIGHT,FATAL DEGRADATION,0.0,3,0
1771931921.031,5.1,0.0,45.0,JUNCTION_RIGHT,FATAL DEGRADATION,0.0,3,0
1771931921.282,5.0,0.0,45.0,JUNCTION_RIGHT,FATAL DEGRADATION,0.0,3,0
1771931921.468,4.7,0.0,45.0,JUNCTION_RIGHT,FATAL DEGRADATION,0.0,3,0
1771931921.661,4.9,0.0,45.0,JUNCTION_RIGHT,FATAL DEGRADATION,0.0,3,0
1771931921.821,5.0,0.0,45.0,JUNCTION_RIGHT,FATAL DEGRADATION,0.0,3,0
1771931921.999,5.4,0.0,45.0,JUNCTION_RIGHT,FATAL DEGRADATION,0.0,3,0
1771931922.11,5.4,0.0,45.0,JUNCTION_RIGHT,FATAL DEGRADATION,0.0,3,0
1771931922.387,6.6,0.0,45.0,JUNCTION_RIGHT,FATAL DEGRADATION,0.0,3,0
1771931922.496,5.7,0.0,45.0,JUNCTION_RIGHT,FATAL DEGRADATION,0.0,3,0
1771931922.69,6.8,0.0,45.0,JUNCTION_RIGHT,FATAL DEGRADATION,0.0,3,0
1771931922.807,6.3,0.0,45.0,JUNCTION_RIGHT,FATAL DEGRADATION,0.0,3,0
1771931923.086,6.9,0.0,45.0,JUNCTION_RIGHT,FATAL DEGRADATION,0.0,3,0
1771931923.431,5.9,0.0,45.0,JUNCTION_RIGHT,FATAL DEGRADATION,0.0,3,0
1771931923.668,5.0,0.0,45.0,JUNCTION_RIGHT,FATAL DEGRADATION,0.0,3,0
1771931923.849,4.8,0.0,45.0,JUNCTION_RIGHT,FATAL DEGRADATION,0.0,3,0
1771931924.069,5.0,0.0,45.0,JUNCTION_RIGHT,FATAL DEGRADATION,0.0,3,0
1771931924.171,4.9,0.0,45.0,JUNCTION_RIGHT,FATAL DEGRADATION,0.0,3,0
1771931924.448,6.3,0.0,45.0,JUNCTION_RIGHT,FATAL DEGRADATION,0.0,3,0
1771931924.555,5.5,0.0,45.0,JUNCTION_RIGHT,FATAL DEGRADATION,0.0,3,0
1771931924.752,6.6,0.0,45.0,JUNCTION_RIGHT,FATAL DEGRADATION,0.0,3,0
1771931924.898,6.1,0.0,45.0,JUNCTION_RIGHT,FATAL DEGRADATION,0.0,3,0
1771931925.043,6.4,0.0,45.0,JUNCTION_RIGHT,FATAL DEGRADATION,0.0,3,0
1771931925.16,6.6,0.0,45.0,JUNCTION_RIGHT,FATAL DEGRADATION,0.0,3,0
1771931925.441,7.2,0.0,45.0,JUNCTION_RIGHT,FATAL DEGRADATION,0.0,3,0
1771931925.596,6.1,0.0,45.0,JUNCTION_RIGHT,FATAL DEGRADATION,0.0,3,0
1771931925.78,6.2,0.0,45.0,JUNCTION_RIGHT,FATAL DEGRADATION,0.0,3,0
1771931925.901,6.0,0.0,45.0,JUNCTION_RIGHT,FATAL DEGRADATION,0.0,3,0
1771931926.078,6.7,0.0,45.0,JUNCTION_RIGHT,FATAL DEGRADATION,0.0,3,0
1771931926.424,6.4,0.0,45.0,JUNCTION_RIGHT,FATAL DEGRADATION,0.0,3,0
1771931927.321,5.3,0.0,45.0,JUNCTION_RIGHT,FATAL DEGRADATION,0.0,3,0
1771931927.743,4.1,0.0,45.0,JUNCTION_RIGHT,FATAL DEGRADATION,0.0,3,0
1771931928.125,3.6,0.0,45.0,JUNCTION_RIGHT,FATAL DEGRADATION,0.0,3,0
1771931928.405,3.3,0.0,45.0,JUNCTION_RIGHT,FATAL DEGRADATION,0.0,3,0
1771931928.682,3.4,0.0,45.0,JUNCTION_RIGHT,FATAL DEGRADATION,0.0,3,0
1771931928.852,3.5,0.0,45.0,JUNCTION_RIGHT,FATAL DEGRADATION,0.0,3,0
1771931929.062,4.2,0.0,45.0,JUNCTION_RIGHT,FATAL DEGRADATION,0.0,3,0
1771931929.175,4.4,0.0,45.0,JUNCTION_RIGHT,FATAL DEGRADATION,0.0,3,0
1771931929.416,5.7,0.0,45.0,JUNCTION_RIGHT,FATAL DEGRADATION,0.0,3,0
1771931929.535,5.2,0.0,45.0,JUNCTION_RIGHT,FATAL DEGRADATION,0.0,3,0
1771931929.751,6.2,0.0,45.0,JUNCTION_RIGHT,FATAL DEGRADATION,0.0,3,0
1771931929.954,5.7,0.0,45.0,JUNCTION_RIGHT,FATAL DEGRADATION,0.0,3,0
1771931930.144,5.5,0.0,45.0,JUNCTION_RIGHT,FATAL DEGRADATION,0.0,3,0
1771931930.263,5.4,0.0,45.0,JUNCTION_RIGHT,FATAL DEGRADATION,0.0,3,0
1771931930.481,6.3,0.0,45.0,JUNCTION_RIGHT,FATAL DEGRADATION,0.0,3,0
1771931930.599,5.8,0.0,45.0,JUNCTION_RIGHT,FATAL DEGRADATION,0.0,3,0
1771931930.844,6.5,0.0,45.0,JUNCTION_RIGHT,FATAL DEGRADATION,0.0,3,0
1771931930.956,5.8,0.0,45.0,JUNCTION_RIGHT,FATAL DEGRADATION,0.0,3,0
1771931931.131,6.8,0.0,45.0,JUNCTION_RIGHT,FATAL DEGRADATION,0.0,3,0
1771931931.236,6.5,0.0,45.0,JUNCTION_RIGHT,FATAL DEGRADATION,0.0,3,0
1771931931.485,7.4,0.0,45.0,JUNCTION_RIGHT,FATAL DEGRADATION,0.0,3,0
1771931931.589,6.4,0.0,45.0,JUNCTION_RIGHT,FATAL DEGRADATION,0.0,3,0
1771931931.812,7.4,0.0,45.0,JUNCTION_RIGHT,FATAL DEGRADATION,0.0,3,0
1771931931.932,6.5,0.0,45.0,JUNCTION_RIGHT,FATAL DEGRADATION,0.0,3,0
1771931932.081,7.1,0.0,45.0,JUNCTION_RIGHT,FATAL DEGRADATION,0.0,3,0
1771931932.18,6.9,0.0,45.0,JUNCTION_RIGHT,FATAL DEGRADATION,0.0,3,0
1771931932.351,7.9,0.0,45.0,JUNCTION_RIGHT,FATAL DEGRADATION,0.0,3,0
1771931932.5,7.3,0.0,45.0,JUNCTION_RIGHT,FATAL DEGRADATION,0.0,3,0
1771931932.729,7.1,0.0,45.0,JUNCTION_RIGHT,FATAL DEGRADATION,0.0,3,0
1771931932.968,6.3,0.0,45.0,JUNCTION_RIGHT,FATAL DEGRADATION,0.0,3,0
1771931933.398,5.6,0.0,45.0,JUNCTION_RIGHT,FATAL DEGRADATION,0.0,3,0
1771931933.619,4.6,0.0,45.0,JUNCTION_RIGHT,FATAL DEGRADATION,0.0,3,0
1771931933.927,4.7,0.0,45.0,JUNCTION_RIGHT,FATAL DEGRADATION,0.0,3,0
1771931933.989,4.2,0.0,45.0,JUNCTION_RIGHT,FATAL DEGRADATION,0.0,3,0
1771931934.086,7.8,0.0,45.0,JUNCTION_RIGHT,FATAL DEGRADATION,0.0,3,0
1771931934.146,8.6,0.0,45.0,JUNCTION_RIGHT,FATAL DEGRADATION,0.0,3,0
1771931934.242,11.0,0.0,45.0,JUNCTION_RIGHT,FATAL DEGRADATION,0.0,3,0
1771931934.299,10.8,0.0,45.0,JUNCTION_RIGHT,FATAL DEGRADATION,0.0,3,0
1771931934.393,12.8,0.0,45.0,JUNCTION_RIGHT,FATAL DEGRADATION,0.0,3,0
1771931934.482,12.1,0.0,45.0,JUNCTION_RIGHT,FATAL DEGRADATION,0.0,3,0
1771931934.553,11.9,0.0,45.0,JUNCTION_RIGHT,FATAL DEGRADATION,0.0,3,0
1771931934.611,12.5,0.0,45.0,JUNCTION_RIGHT,FATAL DEGRADATION,0.0,3,0
1771931934.713,14.0,0.0,45.0,JUNCTION_RIGHT,FATAL DEGRADATION,0.0,3,0
1771931934.802,12.7,0.0,45.0,JUNCTION_RIGHT,FATAL DEGRADATION,0.0,3,0
1771931934.889,12.3,0.0,45.0,JUNCTION_RIGHT,FATAL DEGRADATION,0.0,3,0
1771931934.986,12.0,0.0,45.0,JUNCTION_RIGHT,FATAL DEGRADATION,0.0,3,0
1771931935.07,11.5,0.0,45.0,JUNCTION_RIGHT,FATAL DEGRADATION,0.0,3,0
1771931935.131,11.7,0.0,45.0,JUNCTION_RIGHT,FATAL DEGRADATION,0.0,3,0
1771931935.236,13.2,0.0,45.0,JUNCTION_RIGHT,FATAL DEGRADATION,0.0,3,0
