timestamp,fps,speed_pwm,steer_angle,nav_state,traffic_state,x_est,y_est,yaw_est,imu_yaw_raw,nearest_node,curvature,estop
1771964558.8479,0.0,50.0,0.0,PILOTING,SYS_GO,11.77,2.05,0.0,0.0,263,0.0,0
1771964559.0522,1.0,50.0,0.0,PILOTING,SYS_GO,11.8847,2.05,0.0,0.0,263,0.0,0
1771964559.0974,15.2,50.0,0.0,PILOTING,SYS_GO,11.8931,2.05,0.0,0.0,263,0.0,0
1771964559.1442,16.7,50.0,0.0,PILOTING,SYS_GO,11.9197,2.05,0.0,0.0,263,0.0,0
1771964559.2355,15.9,50.0,0.0,PILOTING,SYS_GO,11.9673,2.05,0.0,0.0,264,0.0,0
1771964559.2809,30.0,50.0,0.0,PILOTING,SYS_GO,12.0016,2.05,0.0,0.0,264,0.0,0
1771964559.331,32.0,50.0,0.0,PILOTING,SYS_GO,12.0167,2.05,0.0,0.0,264,0.0,0
1771964559.4172,28.4,50.0,0.0,PILOTING,SYS_GO,12.0599,2.05,0.0,0.0,264,0.0,0
1771964559.465,27.2,50.0,0.0,PILOTING,SYS_GO,12.0865,2.05,0.0,0.0,264,0.0,0
1771964559.5097,30.3,50.0,0.0,PILOTING,SYS_GO,12.1005,2.05,0.0,0.0,264,0.0,0
1771964559.585,27.2,50.0,0.0,PILOTING,SYS_GO,12.1409,2.05,0.0,0.0,264,0.0,0
1771964559.6303,39.5,50.0,0.0,PILOTING,SYS_GO,12.149,2.05,0.0,0.0,264,0.0,0
1771964559.7227,33.9,50.0,0.0,PILOTING,SYS_GO,12.2014,2.05,0.0,0.0,264,0.0,0
1771964559.7696,46.4,50.0,0.0,PILOTING,SYS_GO,12.2076,2.05,0.0,0.0,264,0.0,0
1771964559.8682,40.0,50.0,0.0,PILOTING,SYS_GO,12.2496,2.05,0.0,0.0,264,0.0,0
1771964559.9225,35.8,50.0,0.0,PILOTING,SYS_GO,12.2809,2.05,0.0,0.0,264,0.0,0
1771964559.9708,43.8,50.0,0.0,PILOTING,SYS_GO,12.2888,2.05,0.0,0.0,264,0.0,0
1771964560.0282,39.7,50.0,0.0,PILOTING,SYS_GO,12.2937,2.05,0.0,0.0,264,0.0,0
1771964560.1344,33.7,50.0,0.0,PILOTING,SYS_GO,12.3562,2.05,0.0,0.0,265,0.0,0
1771964560.185,41.8,50.0,0.0,PILOTING,SYS_GO,12.3643,2.05,0.0,0.0,265,0.0,0
1771964560.2942,36.0,50.0,0.0,PILOTING,SYS_GO,12.4118,2.05,0.0,0.0,265,0.0,0
1771964560.3338,37.3,50.0,0.0,PILOTING,SYS_GO,12.4258,2.05,0.0,0.0,265,0.0,0
1771964560.3812,34.7,50.0,0.0,PILOTING,SYS_GO,12.4506,2.05,0.0,0.0,265,0.0,0
1771964560.4619,31.1,50.0,0.0,PILOTING,SYS_GO,12.4982,2.047,0.0,0.0,265,0.0,0
1771964560.5048,40.2,50.0,0.0,PILOTING,SYS_GO,12.5061,2.047,0.0,0.0,265,0.0,0
1771964560.5498,39.1,50.0,0.0,PILOTING,SYS_GO,12.5233,2.047,0.0,0.0,265,0.0,0
1771964560.6697,33.1,50.0,0.0,PILOTING,SYS_GO,12.5892,2.047,0.0,0.0,265,0.0,0
1771964560.7185,40.6,50.0,0.0,PILOTING,SYS_GO,12.5977,2.047,0.0,0.0,265,0.0,0
1771964560.7919,35.3,50.0,0.0,PILOTING,SYS_GO,12.6402,2.047,0.0,0.0,265,0.0,0
1771964560.8376,45.8,50.0,0.0,PILOTING,SYS_GO,12.6305,2.0444,0.0,0.0,265,0.0,0
1771964560.9237,39.6,50.0,0.0,PILOTING,SYS_GO,12.6702,2.0444,0.0,0.0,265,0.0,0
1771964560.9598,42.3,50.0,0.0,PILOTING,SYS_GO,12.6815,2.0444,0.0,0.0,265,0.0,0
1771964561.0134,42.3,50.0,0.0,PILOTING,SYS_GO,12.6958,2.0444,0.0,0.0,265,0.0,0
1771964561.0801,37.2,50.0,0.0,PILOTING,SYS_GO,12.7311,2.0444,0.0,0.0,266,0.0,0
1771964561.1276,39.1,50.0,0.0,PILOTING,SYS_GO,12.7439,2.0444,0.0,0.0,266,0.0,0
1771964561.2608,33.0,50.0,0.0,PILOTING,SYS_GO,12.8395,2.0363,0.0,0.0,266,0.0,0
1771964561.3083,34.5,50.0,0.0,PILOTING,SYS_GO,12.8542,2.0363,0.0,0.0,266,0.0,0
1771964561.3855,30.6,50.0,0.0,PILOTING,SYS_GO,12.8949,2.0363,0.0,0.0,266,0.0,0
1771964561.4609,27.4,50.0,0.0,PILOTING,SYS_GO,12.9364,2.0363,0.0,0.0,266,0.0,0
1771964561.508,30.1,50.0,0.0,PILOTING,SYS_GO,12.951,2.0363,0.0,0.0,266,0.0,0
1771964561.6141,26.1,50.0,0.0,PILOTING,SYS_GO,13.0105,2.0363,0.0,0.0,266,0.0,0
1771964561.662,32.0,50.0,0.0,PILOTING,SYS_GO,13.0062,2.0293,0.0,0.0,266,0.0,0
1771964561.7085,31.1,50.0,0.0,PILOTING,SYS_GO,13.0281,2.0293,0.0,0.0,266,0.0,0
1771964561.8147,27.0,50.0,0.0,PILOTING,SYS_GO,13.0856,2.0293,0.0,0.0,266,0.0,0
1771964561.8605,32.3,50.0,0.0,PILOTING,SYS_GO,13.0968,2.0293,0.0,0.0,266,0.0,0
1771964561.9069,37.2,50.0,0.0,PILOTING,SYS_GO,13.1074,2.0293,0.0,0.0,266,0.0,0
1771964561.9524,47.3,50.0,0.0,PILOTING,SYS_GO,13.1142,2.0293,0.0,0.0,266,0.0,0
1771964562.0015,42.7,50.0,0.0,PILOTING,SYS_GO,13.1083,2.0234,0.0,0.0,266,0.0,0
1771964562.0901,36.7,50.0,0.0,PILOTING,SYS_GO,13.1543,2.0234,0.0,0.0,267,0.0,0
1771964562.1356,45.1,50.0,0.0,PILOTING,SYS_GO,13.162,2.0234,0.0,0.0,267,0.0,0
1771964562.1853,41.1,50.0,0.0,PILOTING,SYS_GO,13.1859,2.0234,0.0,0.0,267,0.0,0
1771964562.2729,35.4,50.0,0.0,PILOTING,SYS_GO,13.2323,2.0234,0.0,0.0,267,0.0,0
1771964562.3271,44.8,50.0,0.0,PILOTING,SYS_GO,13.2396,2.0234,0.0,0.0,267,0.0,0
1771964562.4254,38.3,50.0,0.0,PILOTING,SYS_GO,13.2895,1.9899,0.0,0.0,267,0.0,0
1771964562.4733,51.6,50.0,0.0,PILOTING,SYS_GO,13.2952,1.9899,0.0,0.0,267,0.0,0
1771964562.5777,43.5,50.0,0.0,PILOTING,SYS_GO,13.3486,1.9899,0.0,0.0,267,0.0,0
1771964562.6384,48.5,50.0,0.0,PILOTING,SYS_GO,13.3574,1.9899,0.0,0.0,267,0.0,0
1771964562.7147,41.6,50.0,0.0,PILOTING,SYS_GO,13.4004,1.9899,0.0,0.0,267,0.0,0
1771964562.7615,49.8,50.0,0.0,PILOTING,SYS_GO,13.4077,1.9899,0.0,0.0,267,0.0,0
1771964562.898,41.4,50.0,0.0,PILOTING,SYS_GO,13.4606,1.9614,0.0,0.0,267,0.0,0
1771964562.9465,49.3,50.0,0.0,PILOTING,SYS_GO,13.4681,1.9614,0.0,0.0,267,0.0,0
1771964563.0359,43.4,50.0,0.0,PILOTING,SYS_GO,13.4982,1.9614,0.0,0.0,267,0.0,0
1771964563.0814,41.9,50.0,0.0,PILOTING,SYS_GO,13.515,1.9614,0.0,0.0,267,0.0,0
1771964563.127,40.1,50.0,0.0,PILOTING,SYS_GO,13.5332,1.9614,0.0,0.0,267,0.0,0
1771964563.2032,34.8,50.0,0.0,PILOTING,SYS_GO,13.5764,1.9614,0.0,0.0,267,0.0,0
1771964563.2524,45.8,50.0,0.0,PILOTING,SYS_GO,13.5326,1.9372,0.0,0.0,267,0.0,0
1771964563.3411,39.1,50.0,0.0,PILOTING,SYS_GO,13.5825,1.9372,0.0,0.0,268,0.0,0
1771964563.3894,50.0,50.0,0.0,PILOTING,SYS_GO,13.5889,1.9372,0.0,0.0,268,0.0,0
1771964563.5079,41.9,50.0,0.0,PILOTING,SYS_GO,13.6531,1.9372,0.0,0.0,268,0.0,0
1771964563.5595,40.2,50.0,0.0,PILOTING,SYS_GO,13.6709,1.9372,0.0,0.0,268,0.0,0
1771964563.6459,34.5,50.0,0.0,PILOTING,SYS_GO,13.7218,1.9372,0.0,0.0,268,0.0,0
1771964563.6924,46.5,50.0,0.0,PILOTING,SYS_GO,13.7024,1.8836,0.0,0.0,268,0.0,0
1771964563.8147,39.1,50.0,0.0,PILOTING,SYS_GO,13.7676,1.8836,0.0,0.0,268,0.0,0
1771964563.8616,43.4,50.0,0.0,PILOTING,SYS_GO,13.7775,1.8836,0.0,0.0,268,0.0,0
1771964563.9739,36.9,50.0,0.0,PILOTING,SYS_GO,13.8331,1.8836,0.0,0.0,268,0.0,0
1771964564.0138,36.1,50.0,0.0,PILOTING,SYS_GO,13.8513,1.8836,0.0,0.0,268,0.0,0
1771964564.0618,34.4,50.0,0.0,PILOTING,SYS_GO,13.873,1.8836,0.0,0.0,268,0.0,0
1771964564.1205,31.6,50.0,0.0,PILOTING,SYS_GO,13.8542,1.8381,0.0,0.0,268,0.0,0
1771964564.1655,31.3,50.0,0.0,PILOTING,SYS_GO,13.8741,1.8381,0.0,0.0,268,0.0,0
1771964564.2106,31.4,50.0,0.0,PILOTING,SYS_GO,13.8931,1.8381,0.0,0.0,268,0.0,0
1771964564.3024,27.7,50.0,0.0,PILOTING,SYS_GO,13.9394,1.8381,0.0,0.0,268,0.0,0
1771964564.3583,32.4,50.0,0.0,PILOTING,SYS_GO,13.951,1.8381,0.0,0.0,268,0.0,0
1771964564.4382,29.0,50.0,0.0,PILOTING,SYS_GO,13.9905,1.8381,0.0,0.0,269,0.0,0
1771964564.4842,32.9,50.0,0.0,PILOTING,SYS_GO,13.9818,1.7649,0.0,0.0,269,0.0,0
1771964564.5609,29.4,50.0,0.0,PILOTING,SYS_GO,14.0202,1.7649,0.0,0.0,269,0.0,0
1771964564.6083,33.1,50.0,0.0,PILOTING,SYS_GO,14.0328,1.7649,0.0,0.0,269,0.0,0
1771964564.6819,29.6,50.0,0.0,PILOTING,SYS_GO,14.0716,1.7649,0.0,0.0,269,0.0,0
1771964564.7305,37.2,50.0,0.0,PILOTING,SYS_GO,14.0805,1.7649,0.0,0.0,269,0.0,0
1771964564.8025,32.7,50.0,0.0,PILOTING,SYS_GO,14.1211,1.7649,0.0,0.0,269,0.0,0
1771964564.8482,44.3,50.0,0.0,PILOTING,SYS_GO,14.0871,1.7026,0.0,0.0,269,0.0,0
1771964564.9385,38.1,50.0,0.0,PILOTING,SYS_GO,14.1313,1.7026,0.0,0.0,269,0.0,0
1771964564.9928,38.9,50.0,0.0,PILOTING,SYS_GO,14.1455,1.7026,0.0,0.0,269,0.0,0
1771964565.0599,34.5,50.0,0.0,PILOTING,SYS_GO,14.181,1.7026,0.0,0.0,269,0.0,0
1771964565.108,40.8,50.0,0.0,PILOTING,SYS_GO,14.19,1.7026,0.0,0.0,269,0.0,0
1771964565.1976,35.4,50.0,0.0,PILOTING,SYS_GO,14.2347,1.7026,0.0,0.0,269,0.0,0
1771964565.2639,36.7,50.0,0.0,PILOTING,SYS_GO,14.1913,1.6497,0.0,0.0,269,0.0,0
1771964565.3197,33.7,50.0,0.0,PILOTING,SYS_GO,14.2188,1.6497,0.0,0.0,269,0.0,0
1771964565.3668,34.5,50.0,0.0,PILOTING,SYS_GO,14.2347,1.6497,0.0,0.0,269,0.0,0
1771964565.4571,29.9,50.0,0.0,PILOTING,SYS_GO,14.2869,1.6497,0.0,0.0,269,0.0,0
1771964565.5035,38.6,50.0,0.0,PILOTING,SYS_GO,14.2951,1.6497,0.0,0.0,269,0.0,0
1771964565.6118,32.8,50.0,0.0,PILOTING,SYS_GO,14.3575,1.6497,0.0,0.0,270,0.0,0
1771964565.6559,37.9,50.0,0.0,PILOTING,SYS_GO,14.3352,1.5688,0.0,0.0,270,0.0,0
1771964565.7432,33.3,50.0,0.0,PILOTING,SYS_GO,14.3752,1.5688,0.0,0.0,270,0.0,0
1771964565.7779,35.8,50.0,0.0,PILOTING,SYS_GO,14.3882,1.5688,0.0,0.0,270,0.0,0
1771964565.8443,32.2,50.0,0.0,PILOTING,SYS_GO,14.4227,1.5688,0.0,0.0,270,0.0,0
1771964565.9616,27.7,50.0,0.0,PILOTING,SYS_GO,14.4846,1.5688,0.0,0.0,270,0.0,0
1771964566.0082,31.0,50.0,0.0,PILOTING,SYS_GO,14.4982,1.5688,0.0,0.0,270,0.0,0
1771964566.0716,29.1,50.0,0.0,PILOTING,SYS_GO,14.4722,1.5,0.0,0.0,270,0.0,0
1771964566.1598,25.9,50.0,0.0,PILOTING,SYS_GO,14.5192,1.5,0.0,0.0,270,0.0,0
1771964566.2151,29.3,50.0,0.0,PILOTING,SYS_GO,14.5332,1.5,0.0,0.0,270,0.0,0
1771964566.2964,26.5,50.0,0.0,PILOTING,SYS_GO,14.5724,1.5,0.0,0.0,243,0.0,0
1771964566.343,28.7,50.0,0.0,PILOTING,SYS_GO,14.5883,1.5,0.0,0.0,243,0.0,0
1771964566.4185,25.9,50.0,0.0,PILOTING,SYS_GO,14.6295,1.5,0.0,0.0,243,0.0,0
1771964566.4683,37.0,50.0,0.0,PILOTING,SYS_GO,14.6339,1.4145,0.0,0.0,243,0.0,0
1771964566.5572,32.2,50.0,0.0,PILOTING,SYS_GO,14.6796,1.4145,0.0,0.0,243,0.0,0
1771964566.6034,44.7,50.0,0.0,PILOTING,SYS_GO,14.686,1.4145,0.0,0.0,243,0.0,0
1771964566.6925,38.2,50.0,0.0,PILOTING,SYS_GO,14.7339,1.4145,0.0,0.0,243,0.0,0
1771964566.7385,37.0,50.0,0.0,PILOTING,SYS_GO,14.7526,1.4145,0.0,0.0,243,0.0,0
1771964566.8473,31.5,50.0,0.0,PILOTING,SYS_GO,14.8151,1.4145,0.0,0.0,261,0.0,0
1771964566.8999,42.6,50.0,0.0,PILOTING,SYS_GO,14.8482,1.3433,0.0,0.0,244,0.0,0
1771964566.9685,37.1,50.0,0.0,PILOTING,SYS_GO,14.8874,1.3433,0.0,0.0,244,0.0,0
1771964567.0443,32.7,50.0,0.0,PILOTING,SYS_GO,14.9277,1.3433,0.0,0.0,244,0.0,0
1771964567.0966,35.2,50.0,0.0,PILOTING,SYS_GO,14.9409,1.3433,0.0,0.0,261,0.0,0
1771964567.1664,31.2,50.0,0.0,PILOTING,SYS_GO,14.9802,1.3433,0.0,0.0,261,0.0,0
1771964567.2139,37.4,50.0,0.0,PILOTING,SYS_GO,14.9898,1.3433,0.0,0.0,261,0.0,0
1771964567.3055,32.2,50.0,0.0,PILOTING,SYS_GO,15.0422,1.2828,0.0,0.0,262,0.0,0
1771964567.3525,44.2,50.0,0.0,PILOTING,SYS_GO,15.0487,1.2828,0.0,0.0,262,0.0,0
1771964567.4572,37.5,50.0,0.0,PILOTING,SYS_GO,15.1053,1.2828,0.0,0.0,262,0.0,0
1771964567.5034,38.2,50.0,0.0,PILOTING,SYS_GO,15.1199,1.2828,0.0,0.0,262,0.0,0
1771964567.5946,33.3,50.0,0.0,PILOTING,SYS_GO,15.1643,1.2828,0.0,0.0,262,0.0,0
1771964567.6449,34.1,50.0,0.0,PILOTING,SYS_GO,15.1803,1.2828,0.0,0.0,262,0.0,0
1771964567.7351,30.1,50.0,0.0,PILOTING,SYS_GO,15.2505,1.2314,0.0,0.0,262,0.0,0
1771964567.7916,30.4,50.0,0.0,PILOTING,SYS_GO,15.2695,1.2314,0.0,0.0,262,0.0,0
1771964567.8558,27.8,50.0,0.0,PILOTING,SYS_GO,15.3035,1.2314,0.0,0.0,262,0.0,0
1771964567.9021,29.6,50.0,0.0,PILOTING,SYS_GO,15.3198,1.2314,0.0,0.0,262,0.0,0
1771964568.0097,25.8,50.0,0.0,PILOTING,SYS_GO,15.3769,1.2314,0.0,0.0,262,0.0,0
1771964568.0561,31.9,50.0,0.0,PILOTING,SYS_GO,15.3876,1.2314,0.0,0.0,262,0.0,0
1771964568.1447,28.7,50.0,0.0,PILOTING,SYS_GO,15.4218,1.1877,0.0,0.0,262,0.0,0
1771964568.1833,41.0,50.0,0.0,PILOTING,SYS_GO,15.4285,1.1877,0.0,0.0,262,0.0,0
1771964568.2289,38.1,50.0,0.0,PILOTING,SYS_GO,15.4511,1.1877,0.0,0.0,262,0.0,0
1771964568.3183,33.3,50.0,0.0,PILOTING,SYS_GO,15.4943,1.1877,0.0,0.0,262,0.0,0
1771964568.3698,36.6,50.0,0.0,PILOTING,SYS_GO,15.5063,1.1877,0.0,0.0,262,0.0,0
1771964568.4403,32.5,50.0,0.0,PILOTING,SYS_GO,15.5433,1.1877,0.0,0.0,262,0.0,0
1771964568.4851,35.4,50.0,0.0,PILOTING,SYS_GO,15.5285,1.1505,0.0,0.0,262,0.0,0
1771964568.5611,31.2,50.0,0.0,PILOTING,SYS_GO,15.5703,1.1505,0.0,0.0,262,0.0,0
1771964568.6079,38.7,50.0,0.0,PILOTING,SYS_GO,15.579,1.1505,0.0,0.0,262,0.0,0
1771964568.6982,33.6,50.0,0.0,PILOTING,SYS_GO,15.6241,1.1505,0.0,0.0,246,0.0,0
1771964568.7445,33.6,50.0,0.0,PILOTING,SYS_GO,15.6421,1.1505,0.0,0.0,246,0.0,0
1771964568.8787,28.5,50.0,0.0,PILOTING,SYS_GO,15.7151,1.1505,0.0,0.0,246,0.0,0
1771964568.929,32.7,50.0,0.0,PILOTING,SYS_GO,15.731,1.1189,0.0,0.0,246,0.0,0
1771964569.0477,27.9,50.0,0.0,PILOTING,SYS_GO,15.7982,1.1189,0.0,0.0,246,0.0,0
1771964569.101,33.2,50.0,0.0,PILOTING,SYS_GO,15.8093,1.1189,0.0,0.0,246,0.0,0
1771964569.1713,29.9,50.0,0.0,PILOTING,SYS_GO,15.8456,1.1189,0.0,0.0,246,0.0,0
1771964569.219,34.4,50.0,0.0,PILOTING,SYS_GO,15.857,1.1189,0.0,0.0,246,0.0,0
1771964569.3136,29.9,50.0,0.0,PILOTING,SYS_GO,15.9079,1.1189,0.0,0.0,246,0.0,0
1771964569.3633,43.4,50.0,0.0,PILOTING,SYS_GO,15.8888,1.0921,0.0,0.0,246,0.0,0
1771964569.4818,36.5,50.0,0.0,PILOTING,SYS_GO,15.9549,1.0921,0.0,0.0,247,0.0,0
1771964569.529,40.1,50.0,0.0,PILOTING,SYS_GO,15.9659,1.0921,0.0,0.0,247,0.0,0
1771964569.5902,35.7,50.0,0.0,PILOTING,SYS_GO,15.999,1.0921,0.0,0.0,247,0.0,0
1771964569.6787,31.4,50.0,0.0,PILOTING,SYS_GO,16.042,1.0921,0.0,0.0,247,0.0,0
1771964569.7474,28.9,50.0,0.0,PILOTING,SYS_GO,16.0732,1.0921,0.0,0.0,247,0.0,0
1771964569.8624,25.0,50.0,0.0,PILOTING,SYS_GO,16.1435,1.0693,0.0,0.0,247,0.0,0
1771964569.9088,38.9,50.0,0.0,PILOTING,SYS_GO,16.1498,1.0693,0.0,0.0,247,0.0,0
1771964570.015,33.1,50.0,0.0,PILOTING,SYS_GO,16.2088,1.0693,0.0,0.0,247,0.0,0
1771964570.0658,37.5,50.0,0.0,PILOTING,SYS_GO,16.2197,1.0693,0.0,0.0,247,0.0,0
1771964570.1222,34.1,50.0,0.0,PILOTING,SYS_GO,16.2486,1.0693,0.0,0.0,247,0.0,0
1771964570.2138,29.8,50.0,0.0,PILOTING,SYS_GO,16.2968,1.0693,0.0,0.0,247,0.0,0
1771964570.262,31.5,50.0,0.0,PILOTING,SYS_GO,16.286,1.0499,0.0,0.0,247,0.0,0
1771964570.3663,27.4,50.0,2.72,PILOTING,SYS_GO,16.3401,1.0499,0.0,0.0,248,0.0,0
1771964570.4144,40.0,50.0,5.18,PILOTING,SYS_GO,16.3467,1.0499,0.0,0.0,248,0.0,0
1771964570.5183,34.0,50.0,7.51,PILOTING,SYS_GO,16.4066,1.0499,0.0,0.0,248,0.0,0
1771964570.5637,41.5,50.0,9.64,PILOTING,SYS_GO,16.415,1.0499,0.0,0.0,248,0.0,0
1771964570.6544,35.6,40.0,11.65,PILOTING,SYS_GO,16.4652,1.0499,0.0,0.0,248,0.0,0
1771964570.7,46.4,40.0,13.42,PILOTING,SYS_GO,16.4758,1.0304,0.0,0.0,248,0.0,0
1771964570.8075,39.2,40.0,15.1,PILOTING,SYS_GO,16.5228,1.0304,0.0,0.0,248,0.0,0
1771964570.8533,43.2,40.0,16.63,PILOTING,SYS_GO,16.5309,1.0304,0.0,0.0,248,0.0,0
1771964570.9458,37.0,30.0,18.07,PILOTING,SYS_GO,16.569,1.0304,0.0,0.0,248,0.0,0
1771964570.9924,40.0,30.0,19.38,PILOTING,SYS_GO,16.5759,1.0304,0.0,0.0,248,0.0,0
1771964571.0475,37.0,30.0,20.58,PILOTING,SYS_GO,16.5903,1.0304,0.0,0.0,248,0.0,0
1771964571.1159,33.2,30.0,24.61,PILOTING,SYS_GO,16.597,1.0138,0.0,0.0,248,0.0,0
1771964571.1699,37.5,30.0,27.07,PILOTING,SYS_GO,16.6035,1.0138,0.0,0.0,248,0.0,0
1771964571.2375,33.4,30.0,28.63,PILOTING,SYS_GO,16.6247,1.0138,0.0,0.0,248,0.0,0
1771964571.2874,42.7,30.0,29.59,PILOTING,SYS_GO,16.6292,1.0138,0.0,0.0,248,0.0,0
1771964571.4204,35.8,30.0,30.3,PILOTING,SYS_GO,16.6723,1.0138,0.0,0.0,249,0.0,0
1771964571.4651,38.0,30.0,30.74,PILOTING,SYS_GO,16.68,1.0138,0.0,0.0,249,0.0,0
1771964571.5893,32.2,30.0,31.35,PILOTING,SYS_GO,16.7433,1.0268,0.0,0.0,249,0.0,0
1771964571.6397,35.1,30.0,31.7,PILOTING,SYS_GO,16.751,1.0268,0.0,0.0,249,0.0,0
1771964571.773,29.8,30.0,31.67,PILOTING,SYS_GO,16.7933,1.0268,0.0,0.0,249,0.0,0
1771964571.821,43.5,30.0,31.62,PILOTING,SYS_GO,16.797,1.0268,0.0,0.0,249,0.0,0
1771964571.9251,36.8,30.0,31.17,PILOTING,SYS_GO,16.8327,1.0268,0.0,0.0,249,0.0,0
1771964571.9711,43.3,30.0,30.83,PILOTING,SYS_GO,16.8379,1.0268,0.0,0.0,249,0.0,0
1771964572.0177,41.3,30.0,30.86,PILOTING,SYS_GO,16.849,1.0378,0.0,0.0,249,0.0,0
1771964572.1252,35.1,30.0,30.11,PILOTING,SYS_GO,16.8844,1.0378,0.0,0.0,249,0.0,0
1771964572.172,41.7,30.0,29.52,PILOTING,SYS_GO,16.8897,1.0378,0.0,0.0,249,0.0,0
1771964572.228,40.1,30.0,28.86,PILOTING,SYS_GO,16.9004,1.0378,0.0,0.0,249,0.0,0
1771964572.2936,35.2,30.0,27.66,PILOTING,SYS_GO,16.9233,1.0378,0.0,0.0,249,0.0,0
1771964572.3431,46.7,30.0,26.79,PILOTING,SYS_GO,16.9272,1.0378,0.0,0.0,249,0.0,0
1771964572.4178,40.1,30.0,26.13,PILOTING,SYS_GO,16.94,1.0471,0.0,0.0,249,0.0,0
1771964572.4652,47.5,30.0,25.52,PILOTING,SYS_GO,16.9447,1.0471,0.0,0.0,249,0.0,0
1771964572.5557,40.5,30.0,23.61,PILOTING,SYS_GO,16.974,1.0471,0.0,0.0,249,0.0,0
1771964572.6015,50.8,30.0,22.22,PILOTING,SYS_GO,16.9779,1.0471,0.0,0.0,249,0.0,0
1771964572.6918,43.2,30.0,19.54,PILOTING,SYS_GO,17.0057,1.0471,0.0,0.0,249,0.0,0
1771964572.7394,45.8,40.0,17.46,PILOTING,SYS_GO,17.0121,1.0471,0.0,0.0,249,0.0,0
1771964572.8443,38.7,40.0,14.64,PILOTING,SYS_GO,17.0343,1.055,0.0,0.0,249,0.0,0
1771964572.8917,46.5,40.0,12.42,PILOTING,SYS_GO,17.0405,1.055,0.0,0.0,249,0.0,0
1771964572.937,42.4,50.0,9.43,PILOTING,SYS_GO,17.0588,1.055,0.0,0.0,249,0.0,0
1771964573.0123,36.9,50.0,8.02,PILOTING,SYS_GO,17.0999,1.055,0.0,0.0,249,0.0,0
1771964573.0599,39.9,50.0,6.49,PILOTING,SYS_GO,17.1114,1.055,0.0,0.0,249,0.0,0
1771964573.1511,34.4,50.0,4.11,PILOTING,SYS_GO,17.1606,1.055,0.0,0.0,249,0.0,0
1771964573.1977,34.1,50.0,2.5,PILOTING,SYS_GO,17.1307,1.0618,0.0,0.0,249,0.0,0
1771964573.2428,34.1,50.0,0.69,PILOTING,SYS_GO,17.1484,1.0618,0.0,0.0,249,0.0,0
1771964573.3192,30.7,50.0,-1.57,PILOTING,SYS_GO,17.1833,1.0618,0.0,0.0,250,0.0,0
1771964573.367,33.8,50.0,-3.79,PILOTING,SYS_GO,17.1963,1.0618,0.0,0.0,250,0.0,0
1771964573.4537,29.6,50.0,-6.33,PILOTING,SYS_GO,17.2435,1.0618,0.0,0.0,250,0.0,0
1771964573.4985,33.8,50.0,-8.72,PILOTING,SYS_GO,17.2553,1.0618,0.0,0.0,250,0.0,0
1771964573.6057,29.1,40.0,-11.68,PILOTING,SYS_GO,17.2884,1.111,0.0,0.0,250,0.0,0
1771964573.6618,40.6,40.0,-14.37,PILOTING,SYS_GO,17.2939,1.111,0.0,0.0,250,0.0,0
1771964573.7752,34.5,40.0,-16.87,PILOTING,SYS_GO,17.3403,1.111,0.0,0.0,250,0.0,0
1771964573.822,36.8,30.0,-19.14,PILOTING,SYS_GO,17.3508,1.111,0.0,0.0,250,0.0,0
1771964573.8689,34.2,30.0,-21.17,PILOTING,SYS_GO,17.3658,1.111,0.0,0.0,250,0.0,0
1771964573.9298,30.9,30.0,-22.99,PILOTING,SYS_GO,17.386,1.111,0.0,0.0,250,0.0,0
1771964573.9768,43.3,30.0,-25.09,PILOTING,SYS_GO,17.344,1.1529,0.0,0.0,250,0.0,0
1771964574.0971,36.4,30.0,-26.9,PILOTING,SYS_GO,17.3845,1.1529,0.0,0.0,250,0.0,0
1771964574.146,46.9,30.0,-28.53,PILOTING,SYS_GO,17.3886,1.1529,0.0,0.0,250,0.0,0
1771964574.2324,40.0,30.0,-29.91,PILOTING,SYS_GO,17.417,1.1529,0.0,0.0,250,0.0,0
1771964574.2791,40.4,30.0,-31.14,PILOTING,SYS_GO,17.4257,1.1529,0.0,0.0,250,0.0,0
1771964574.3253,38.1,30.0,-35.39,PILOTING,SYS_GO,17.4381,1.1529,0.0,0.0,250,0.0,0
1771964574.4022,33.2,30.0,-39.4,PILOTING,SYS_GO,17.4106,1.1884,0.0,0.0,250,0.0,0
1771964574.4476,40.6,30.0,-41.72,PILOTING,SYS_GO,17.4157,1.1884,0.0,0.0,250,0.0,0
1771964574.5384,35.0,30.0,-42.63,PILOTING,SYS_GO,17.4449,1.1884,0.0,0.0,250,0.0,0
1771964574.5834,39.1,30.0,-43.07,PILOTING,SYS_GO,17.4514,1.1884,0.0,0.0,250,0.0,0
1771964574.6904,33.4,30.0,-42.77,PILOTING,SYS_GO,17.4851,1.1884,0.0,0.0,250,0.0,0
1771964574.7382,38.0,30.0,-42.47,PILOTING,SYS_GO,17.4915,1.1884,0.0,0.0,250,0.0,0
1771964574.8306,32.6,30.0,-40.36,PILOTING,SYS_GO,17.462,1.2187,0.0,0.0,250,0.0,0
1771964574.8778,35.9,30.0,-38.47,PILOTING,SYS_GO,17.4693,1.2187,0.0,0.0,250,0.0,0
1771964574.9813,30.8,30.0,-36.82,PILOTING,SYS_GO,17.5037,1.2187,0.0,0.0,250,0.0,0
1771964575.0279,44.7,30.0,-35.34,PILOTING,SYS_GO,17.5073,1.2187,0.0,0.0,250,0.0,0
1771964575.1173,38.3,30.0,-34.03,PILOTING,SYS_GO,17.5349,1.2187,0.0,0.0,250,0.0,0
1771964575.1638,39.6,30.0,-29.35,PILOTING,SYS_GO,17.5429,1.2187,0.0,0.0,250,0.0,0
1771964575.254,34.0,30.0,-26.88,PILOTING,SYS_GO,17.5049,1.2444,0.0,0.0,250,0.0,0
1771964575.3009,43.7,30.0,-25.41,PILOTING,SYS_GO,17.5093,1.2444,0.0,0.0,250,0.0,0
1771964575.3916,37.2,30.0,-24.63,PILOTING,SYS_GO,17.5408,1.2444,0.0,0.0,250,0.0,0
1771964575.4385,41.8,30.0,-24.17,PILOTING,SYS_GO,17.5468,1.2444,0.0,0.0,250,0.0,0
1771964575.4921,40.0,30.0,-23.92,PILOTING,SYS_GO,17.5578,1.2444,0.0,0.0,250,0.0,0
1771964575.5921,34.3,30.0,-23.8,PILOTING,SYS_GO,17.5896,1.2444,0.0,0.0,250,0.0,0
1771964575.6373,33.1,30.0,-24.03,PILOTING,SYS_GO,17.5257,1.2662,0.0,0.0,250,0.0,0
1771964575.762,28.4,30.0,-24.23,PILOTING,SYS_GO,17.5644,1.2662,0.0,0.0,250,0.0,0
1771964575.8134,27.9,30.0,-24.35,PILOTING,SYS_GO,17.5783,1.2662,0.0,0.0,250,0.0,0
1771964575.9444,24.1,30.0,-24.41,PILOTING,SYS_GO,17.6195,1.2662,0.0,0.0,250,0.0,0
1771964575.9903,33.0,30.0,-24.43,PILOTING,SYS_GO,17.6248,1.2662,0.0,0.0,250,0.0,0
1771964576.0953,28.9,30.0,-24.4,PILOTING,SYS_GO,17.6535,1.2662,0.0,0.0,250,0.0,0
1771964576.1437,32.1,30.0,-24.78,PILOTING,SYS_GO,17.5755,1.2848,0.0,0.0,250,0.0,0
1771964576.2066,29.6,30.0,-25.0,PILOTING,SYS_GO,17.5937,1.2848,0.0,0.0,250,0.0,0
1771964576.2956,26.1,30.0,-25.09,PILOTING,SYS_GO,17.6237,1.2848,0.0,0.0,250,0.0,0
1771964576.3428,35.3,30.0,-25.13,PILOTING,SYS_GO,17.6287,1.2848,0.0,0.0,250,0.0,0
1771964576.4497,30.4,30.0,-25.08,PILOTING,SYS_GO,17.6623,1.2848,0.0,0.0,250,0.0,0
1771964576.4955,29.6,30.0,-25.01,PILOTING,SYS_GO,17.6758,1.2848,0.0,0.0,250,0.0,0
1771964576.6025,25.6,30.0,-25.35,PILOTING,SYS_GO,17.6237,1.3006,0.0,0.0,250,0.0,0
1771964576.6515,37.6,30.0,-25.54,PILOTING,SYS_GO,17.6279,1.3006,0.0,0.0,250,0.0,0
1771964576.7418,32.5,30.0,-25.57,PILOTING,SYS_GO,17.658,1.3006,0.0,0.0,250,0.0,0
1771964576.7875,38.2,30.0,-25.57,PILOTING,SYS_GO,17.6639,1.3006,0.0,0.0,250,0.0,0
1771964576.8808,32.8,30.0,-25.46,PILOTING,SYS_GO,17.6957,1.3006,0.0,0.0,250,0.0,0
1771964576.9254,30.9,30.0,-25.33,PILOTING,SYS_GO,17.711,1.3006,0.0,0.0,250,0.0,0
1771964576.9708,37.5,30.0,-25.77,PILOTING,SYS_GO,17.622,1.314,0.0,0.0,250,0.0,0
1771964577.077,32.2,30.0,-25.92,PILOTING,SYS_GO,17.6554,1.314,0.0,0.0,250,0.0,0
1771964577.1259,34.5,30.0,-25.98,PILOTING,SYS_GO,17.6636,1.314,0.0,0.0,250,0.0,0
1771964577.2441,29.5,30.0,-25.86,PILOTING,SYS_GO,17.7022,1.314,0.0,0.0,250,0.0,0
1771964577.2906,42.5,30.0,-25.78,PILOTING,SYS_GO,17.706,1.314,0.0,0.0,250,0.0,0
1771964577.3827,36.3,30.0,-25.58,PILOTING,SYS_GO,17.7383,1.314,0.0,0.0,250,0.0,0
1771964577.4299,44.6,30.0,-26.03,PILOTING,SYS_GO,17.6442,1.3254,0.0,0.0,250,0.0,0
1771964577.5212,38.4,30.0,-26.19,PILOTING,SYS_GO,17.6711,1.3254,0.0,0.0,250,0.0,0
1771964577.5675,48.8,30.0,-26.27,PILOTING,SYS_GO,17.6751,1.3254,0.0,0.0,250,0.0,0
1771964577.6476,42.6,30.0,-26.22,PILOTING,SYS_GO,17.6954,1.3254,0.0,0.0,250,0.0,0
1771964577.6886,39.5,30.0,-26.13,PILOTING,SYS_GO,17.7086,1.3254,0.0,0.0,250,0.0,0
1771964577.7353,39.6,30.0,-26.04,PILOTING,SYS_GO,17.7176,1.3254,0.0,0.0,250,0.0,0
1771964577.7821,36.7,30.0,-26.49,PILOTING,SYS_GO,17.6364,1.3351,0.0,0.0,250,0.0,0
1771964577.8731,31.8,30.0,-26.63,PILOTING,SYS_GO,17.6663,1.3351,0.0,0.0,250,0.0,0
1771964577.923,36.8,30.0,-26.69,PILOTING,SYS_GO,17.6726,1.3351,0.0,0.0,250,0.0,0
1771964577.9907,33.1,30.0,-26.62,PILOTING,SYS_GO,17.6926,1.3351,0.0,0.0,250,0.0,0
1771964578.0434,32.2,30.0,-26.52,PILOTING,SYS_GO,17.7051,1.3351,0.0,0.0,250,0.0,0
1771964578.086,32.4,30.0,-26.41,PILOTING,SYS_GO,17.716,1.3351,0.0,0.0,250,0.0,0
1771964578.1941,28.0,30.0,-26.76,PILOTING,SYS_GO,17.6554,1.3433,0.0,0.0,250,0.0,0
1771964578.2405,34.0,30.0,-26.94,PILOTING,SYS_GO,17.6616,1.3433,0.0,0.0,250,0.0,0
1771964578.3602,29.0,30.0,-26.85,PILOTING,SYS_GO,17.7009,1.3433,0.0,0.0,250,0.0,0
1771964578.4162,34.6,30.0,-26.76,PILOTING,SYS_GO,17.7072,1.3433,0.0,0.0,250,0.0,0
1771964578.5435,29.5,30.0,-26.48,PILOTING,SYS_GO,17.7477,1.3433,0.0,0.0,250,0.0,0
1771964578.5919,34.5,30.0,-26.28,PILOTING,SYS_GO,17.7543,1.3433,0.0,0.0,250,0.0,0
1771964578.6598,33.2,30.0,-26.74,PILOTING,SYS_GO,17.6659,1.3503,0.0,0.0,250,0.0,0
1771964578.7251,30.7,30.0,-26.92,PILOTING,SYS_GO,17.6834,1.3503,0.0,0.0,250,0.0,0
1771964578.7854,29.1,30.0,-26.94,PILOTING,SYS_GO,17.6992,1.3503,0.0,0.0,250,0.0,0
1771964578.8917,25.2,30.0,-26.74,PILOTING,SYS_GO,17.7364,1.3503,0.0,0.0,250,0.0,0
1771964578.9375,28.6,30.0,-26.58,PILOTING,SYS_GO,17.745,1.3503,0.0,0.0,250,0.0,0
1771964579.0034,26.3,30.0,-26.35,PILOTING,SYS_GO,17.7656,1.3503,0.0,0.0,250,0.0,0
1771964579.1206,23.1,30.0,-26.69,PILOTING,SYS_GO,17.6991,1.3563,0.0,0.0,250,0.0,0
1771964579.1684,33.5,30.0,-26.86,PILOTING,SYS_GO,17.7039,1.3563,0.0,0.0,250,0.0,0
1771964579.2647,30.2,30.0,-26.84,PILOTING,SYS_GO,17.7249,1.3563,0.0,0.0,250,0.0,0
1771964579.3071,40.3,30.0,-26.8,PILOTING,SYS_GO,17.7294,1.3563,0.0,0.0,250,0.0,0
1771964579.3639,36.9,30.0,-26.68,PILOTING,SYS_GO,17.7448,1.3563,0.0,0.0,250,0.0,0
1771964579.4542,31.9,30.0,-26.43,PILOTING,SYS_GO,17.7749,1.3563,0.0,0.0,250,0.0,0
1771964579.5008,35.0,30.0,-26.92,PILOTING,SYS_GO,17.6783,1.3613,0.0,0.0,250,0.0,0
1771964579.5548,33.5,30.0,-27.14,PILOTING,SYS_GO,17.6913,1.3613,0.0,0.0,250,0.0,0
1771964579.653,29.2,30.0,-27.09,PILOTING,SYS_GO,17.7219,1.3613,0.0,0.0,250,0.0,0
1771964579.6995,35.5,30.0,-27.03,PILOTING,SYS_GO,17.7278,1.3613,0.0,0.0,250,0.0,0
1771964579.745,34.5,30.0,-26.92,PILOTING,SYS_GO,17.7395,1.3613,0.0,0.0,250,0.0,0
1771964579.8208,30.9,30.0,-26.71,PILOTING,SYS_GO,17.7611,1.3613,0.0,0.0,250,0.0,0
1771964579.8683,30.2,30.0,-27.19,PILOTING,SYS_GO,17.6721,1.3656,0.0,0.0,250,0.0,0
1771964579.9572,26.7,30.0,-27.31,PILOTING,SYS_GO,17.701,1.3656,0.0,0.0,250,0.0,0
1771964580.0039,30.0,30.0,-27.33,PILOTING,SYS_GO,17.7093,1.3656,0.0,0.0,250,0.0,0
1771964580.1113,26.0,30.0,-27.11,PILOTING,SYS_GO,17.7461,1.3656,0.0,0.0,250,0.0,0
1771964580.1599,31.3,30.0,-26.93,PILOTING,SYS_GO,17.753,1.3656,0.0,0.0,250,0.0,0
1771964580.2198,29.6,30.0,-26.72,PILOTING,SYS_GO,17.7689,1.3656,0.0,0.0,250,0.0,0
1771964580.3282,25.6,30.0,-27.07,PILOTING,SYS_GO,17.7029,1.3693,0.0,0.0,250,0.0,0
1771964580.3778,31.0,30.0,-27.23,PILOTING,SYS_GO,17.7097,1.3693,0.0,0.0,250,0.0,0
1771964580.4316,29.6,30.0,-27.23,PILOTING,SYS_GO,17.7246,1.3693,0.0,0.0,250,0.0,0
1771964580.5239,26.2,30.0,-27.05,PILOTING,SYS_GO,17.753,1.3693,0.0,0.0,250,0.0,0
1771964580.568,30.0,30.0,-26.89,PILOTING,SYS_GO,17.761,1.3693,0.0,0.0,250,0.0,0
1771964580.6449,27.0,30.0,-26.63,PILOTING,SYS_GO,17.7848,1.3693,0.0,0.0,250,0.0,0
1771964580.6923,28.9,30.0,-27.14,PILOTING,SYS_GO,17.6889,1.3724,0.0,0.0,250,0.0,0
1771964580.7983,25.3,30.0,-27.24,PILOTING,SYS_GO,17.722,1.3724,0.0,0.0,250,0.0,0
1771964580.8445,31.1,30.0,-27.25,PILOTING,SYS_GO,17.7286,1.3724,0.0,0.0,250,0.0,0
1771964580.9063,29.1,30.0,-27.15,PILOTING,SYS_GO,17.7458,1.3724,0.0,0.0,250,0.0,0
1771964580.9831,26.3,30.0,-26.93,PILOTING,SYS_GO,17.7693,1.3724,0.0,0.0,250,0.0,0
1771964581.0312,27.1,30.0,-26.72,PILOTING,SYS_GO,17.7813,1.3724,0.0,0.0,250,0.0,0
1771964581.1216,24.2,30.0,-27.13,PILOTING,SYS_GO,17.7043,1.375,0.0,0.0,250,0.0,0
1771964581.1687,30.9,30.0,-27.34,PILOTING,SYS_GO,17.7105,1.375,0.0,0.0,250,0.0,0
1771964581.2444,28.0,30.0,-27.32,PILOTING,SYS_GO,17.7326,1.375,0.0,0.0,250,0.0,0
1771964581.2879,42.3,30.0,-27.28,PILOTING,SYS_GO,17.7362,1.375,0.0,0.0,250,0.0,0
1771964581.3958,36.2,30.0,-27.06,PILOTING,SYS_GO,17.7669,1.375,0.0,0.0,250,0.0,0
1771964581.4419,37.5,30.0,-26.86,PILOTING,SYS_GO,17.7753,1.375,0.0,0.0,250,0.0,0
1771964581.5285,32.9,30.0,-27.31,PILOTING,SYS_GO,17.6958,1.3773,0.0,0.0,250,0.0,0
1771964581.5779,31.4,30.0,-27.48,PILOTING,SYS_GO,17.7099,1.3773,0.0,0.0,250,0.0,0
1771964581.6259,32.6,30.0,-27.52,PILOTING,SYS_GO,17.7195,1.3773,0.0,0.0,250,0.0,0
1771964581.7193,28.6,30.0,-27.35,PILOTING,SYS_GO,17.7481,1.3773,0.0,0.0,250,0.0,0
1771964581.762,35.8,30.0,-27.21,PILOTING,SYS_GO,17.7537,1.3773,0.0,0.0,250,0.0,0
1771964581.8086,36.9,30.0,-27.07,PILOTING,SYS_GO,17.7624,1.3773,0.0,0.0,250,0.0,0
1771964581.9014,32.0,30.0,-27.5,PILOTING,SYS_GO,17.6896,1.3792,0.0,0.0,250,0.0,0
1771964581.9543,31.1,30.0,-27.67,PILOTING,SYS_GO,17.7026,1.3792,0.0,0.0,250,0.0,0
1771964582.0327,27.9,30.0,-27.61,PILOTING,SYS_GO,17.7265,1.3792,0.0,0.0,250,0.0,0
1771964582.0989,25.5,30.0,-27.42,PILOTING,SYS_GO,17.7488,1.3792,0.0,0.0,250,0.0,0
1771964582.1467,33.5,30.0,-27.27,PILOTING,SYS_GO,17.7544,1.3792,0.0,0.0,250,0.0,0
1771964582.2668,28.7,30.0,-26.92,PILOTING,SYS_GO,17.7928,1.3792,0.0,0.0,250,0.0,0
1771964582.3135,35.4,30.0,-27.42,PILOTING,SYS_GO,17.6917,1.3808,0.0,0.0,250,0.0,0
1771964582.4336,30.1,30.0,-27.44,PILOTING,SYS_GO,17.7331,1.3808,0.0,0.0,250,0.0,0
1771964582.4876,42.2,30.0,-27.42,PILOTING,SYS_GO,17.7371,1.3808,0.0,0.0,250,0.0,0
1771964582.5893,36.0,30.0,-27.19,PILOTING,SYS_GO,17.769,1.3808,0.0,0.0,250,0.0,0
1771964582.6367,47.4,30.0,-27.03,PILOTING,SYS_GO,17.7729,1.3808,0.0,0.0,250,0.0,0
1771964582.7316,40.5,30.0,-26.74,PILOTING,SYS_GO,17.8005,1.3808,0.0,0.0,250,0.0,0
1771964582.7708,42.5,30.0,-27.27,PILOTING,SYS_GO,17.6996,1.3822,0.0,0.0,250,0.0,0
1771964582.8221,40.2,30.0,-27.51,PILOTING,SYS_GO,17.7113,1.3822,0.0,0.0,250,0.0,0
1771964582.9068,34.9,30.0,-27.48,PILOTING,SYS_GO,17.7374,1.3822,0.0,0.0,250,0.0,0
1771964582.9556,33.8,30.0,-27.38,PILOTING,SYS_GO,17.7496,1.3822,0.0,0.0,250,0.0,0
1771964583.0736,29.0,30.0,-27.05,PILOTING,SYS_GO,17.7873,1.3822,0.0,0.0,250,0.0,0
1771964583.1228,35.2,30.0,-26.82,PILOTING,SYS_GO,17.7933,1.3822,0.0,0.0,250,0.0,0
1771964583.2116,31.6,30.0,-27.29,PILOTING,SYS_GO,17.7073,1.3834,0.0,0.0,250,0.0,0
1771964583.2575,33.1,30.0,-27.5,PILOTING,SYS_GO,17.7165,1.3834,0.0,0.0,250,0.0,0
1771964583.3048,31.6,30.0,-27.54,PILOTING,SYS_GO,17.7304,1.3834,0.0,0.0,250,0.0,0
1771964583.3944,27.8,30.0,-27.36,PILOTING,SYS_GO,17.7593,1.3834,0.0,0.0,250,0.0,0
1771964583.447,40.3,30.0,-27.22,PILOTING,SYS_GO,17.7633,1.3834,0.0,0.0,250,0.0,0
1771964583.5518,34.3,30.0,-26.9,PILOTING,SYS_GO,17.7976,1.3834,0.0,0.0,250,0.0,0
1771964583.5922,43.4,30.0,-27.44,PILOTING,SYS_GO,17.6944,1.3844,0.0,0.0,250,0.0,0
1771964583.6379,40.4,30.0,-27.67,PILOTING,SYS_GO,17.707,1.3844,0.0,0.0,250,0.0,0
1771964583.7333,35.5,30.0,-27.66,PILOTING,SYS_GO,17.7298,1.3844,0.0,0.0,250,0.0,0
1771964583.7771,36.0,30.0,-27.58,PILOTING,SYS_GO,17.7393,1.3844,0.0,0.0,250,0.0,0
1771964583.8226,36.5,30.0,-27.47,PILOTING,SYS_GO,17.7487,1.3844,0.0,0.0,250,0.0,0
1771964583.8976,32.0,30.0,-27.23,PILOTING,SYS_GO,17.7741,1.3844,0.0,0.0,250,0.0,0
1771964583.9445,42.1,30.0,-27.78,PILOTING,SYS_GO,17.6744,1.3852,0.0,0.0,250,0.0,0
1771964584.0355,36.1,30.0,-27.91,PILOTING,SYS_GO,17.7043,1.3852,0.0,0.0,250,0.0,0
1771964584.0815,44.7,30.0,-27.95,PILOTING,SYS_GO,17.7088,1.3852,0.0,0.0,250,0.0,0
1771964584.1873,37.9,30.0,-27.75,PILOTING,SYS_GO,17.7422,1.3852,0.0,0.0,250,0.0,0
1771964584.2343,44.4,30.0,-27.59,PILOTING,SYS_GO,17.7473,1.3852,0.0,0.0,250,0.0,0
1771964584.3263,38.1,30.0,-27.3,PILOTING,SYS_GO,17.7755,1.3852,0.0,0.0,250,0.0,0
1771964584.3727,38.4,30.0,-27.79,PILOTING,SYS_GO,17.6803,1.3859,0.0,0.0,250,0.0,0
1771964584.4779,32.8,30.0,-27.85,PILOTING,SYS_GO,17.7151,1.3859,0.0,0.0,250,0.0,0
1771964584.5233,40.8,30.0,-27.85,PILOTING,SYS_GO,17.72,1.3859,0.0,0.0,250,0.0,0
1771964584.6292,34.8,30.0,-27.61,PILOTING,SYS_GO,17.7542,1.3859,0.0,0.0,250,0.0,0
1771964584.6754,47.2,30.0,-27.44,PILOTING,SYS_GO,17.7579,1.3859,0.0,0.0,250,0.0,0
1771964584.7704,40.3,30.0,-27.14,PILOTING,SYS_GO,17.7865,1.3859,0.0,0.0,250,0.0,0
1771964584.8138,50.1,30.0,-27.68,PILOTING,SYS_GO,17.6845,1.3865,0.0,0.0,250,0.0,0
1771964584.9354,41.9,30.0,-27.74,PILOTING,SYS_GO,17.7229,1.3865,0.0,0.0,250,0.0,0
1771964584.982,42.0,30.0,-27.71,PILOTING,SYS_GO,17.7314,1.3865,0.0,0.0,250,0.0,0
1771964585.0385,39.9,30.0,-27.62,PILOTING,SYS_GO,17.7427,1.3865,0.0,0.0,250,0.0,0
1771964585.1191,34.5,30.0,-27.36,PILOTING,SYS_GO,17.771,1.3865,0.0,0.0,250,0.0,0
1771964585.1649,43.1,30.0,-27.17,PILOTING,SYS_GO,17.7757,1.3865,0.0,0.0,250,0.0,0
1771964585.2728,36.9,30.0,-27.59,PILOTING,SYS_GO,17.7012,1.3871,0.0,0.0,250,0.0,0
1771964585.3181,36.6,30.0,-27.77,PILOTING,SYS_GO,17.7113,1.3871,0.0,0.0,250,0.0,0
1771964585.3637,33.9,30.0,-27.77,PILOTING,SYS_GO,17.7268,1.3871,0.0,0.0,250,0.0,0
1771964585.4244,31.1,30.0,-27.64,PILOTING,SYS_GO,17.7452,1.3871,0.0,0.0,250,0.0,0
1771964585.4696,30.2,30.0,-27.47,PILOTING,SYS_GO,17.7587,1.3871,0.0,0.0,250,0.0,0
1771964585.5178,31.6,30.0,-27.29,PILOTING,SYS_GO,17.7684,1.3871,0.0,0.0,250,0.0,0
1771964585.5931,28.3,30.0,-27.75,PILOTING,SYS_GO,17.6891,1.3875,0.0,0.0,250,0.0,0
1771964585.6435,32.8,30.0,-27.98,PILOTING,SYS_GO,17.6962,1.3875,0.0,0.0,250,0.0,0
1771964585.7458,28.5,30.0,-27.89,PILOTING,SYS_GO,17.7284,1.3875,0.0,0.0,250,0.0,0
1771964585.7975,40.2,30.0,-27.81,PILOTING,SYS_GO,17.7325,1.3875,0.0,0.0,250,0.0,0
1771964585.8579,37.2,30.0,-27.66,PILOTING,SYS_GO,17.7467,1.3875,0.0,0.0,250,0.0,0
1771964585.9139,33.9,30.0,-27.45,PILOTING,SYS_GO,17.764,1.3875,0.0,0.0,250,0.0,0
1771964585.9605,35.7,30.0,-27.98,PILOTING,SYS_GO,17.6698,1.3879,0.0,0.0,250,0.0,0
1771964586.0828,30.2,30.0,-28.0,PILOTING,SYS_GO,17.713,1.3879,0.0,0.0,250,0.0,0
1771964586.1306,39.1,30.0,-27.98,PILOTING,SYS_GO,17.7178,1.3879,0.0,0.0,250,0.0,0
1771964586.2353,33.2,30.0,-27.71,PILOTING,SYS_GO,17.7546,1.3879,0.0,0.0,250,0.0,0
1771964586.2808,41.0,30.0,-27.51,PILOTING,SYS_GO,17.7596,1.3879,0.0,0.0,250,0.0,0
1771964586.3902,35.5,30.0,-27.2,PILOTING,SYS_GO,17.7866,1.3879,0.0,0.0,250,0.0,0
1771964586.4339,38.3,30.0,-27.72,PILOTING,SYS_GO,17.6879,1.3882,0.0,0.0,250,0.0,0
1771964586.4802,35.3,30.0,-27.92,PILOTING,SYS_GO,17.7033,1.3882,0.0,0.0,250,0.0,0
1771964586.6017,30.1,30.0,-27.76,PILOTING,SYS_GO,17.7422,1.3882,0.0,0.0,250,0.0,0
1771964586.648,29.1,30.0,-27.57,PILOTING,SYS_GO,17.7565,1.3882,0.0,0.0,250,0.0,0
1771964586.6989,29.0,30.0,-27.36,PILOTING,SYS_GO,17.7692,1.3882,0.0,0.0,250,0.0,0
1771964586.7855,25.6,30.0,-27.02,PILOTING,SYS_GO,17.7994,1.3882,0.0,0.0,250,0.0,0
1771964586.8306,29.7,30.0,-27.53,PILOTING,SYS_GO,17.6993,1.3885,0.0,0.0,250,0.0,0
1771964586.9217,26.0,30.0,-27.61,PILOTING,SYS_GO,17.7314,1.3885,0.0,0.0,250,0.0,0
1771964586.9709,38.6,30.0,-27.63,PILOTING,SYS_GO,17.7354,1.3885,0.0,0.0,250,0.0,0
1771964587.0606,33.4,30.0,-27.44,PILOTING,SYS_GO,17.7644,1.3885,0.0,0.0,250,0.0,0
1771964587.1119,36.8,30.0,-27.27,PILOTING,SYS_GO,17.7715,1.3885,0.0,0.0,250,0.0,0
1771964587.197,32.0,30.0,-26.96,PILOTING,SYS_GO,17.8005,1.3885,0.0,0.0,250,0.0,0
1771964587.2549,36.6,30.0,-27.5,PILOTING,SYS_GO,17.6989,1.3887,0.0,0.0,250,0.0,0
1771964587.3195,32.8,30.0,-27.68,PILOTING,SYS_GO,17.7193,1.3887,0.0,0.0,250,0.0,0
1771964587.3663,36.8,30.0,-27.75,PILOTING,SYS_GO,17.7261,1.3887,0.0,0.0,250,0.0,0
1771964587.43,33.3,30.0,-27.65,PILOTING,SYS_GO,17.7447,1.3887,0.0,0.0,250,0.0,0
1771964587.4994,31.1,30.0,-27.48,PILOTING,SYS_GO,17.7609,1.3887,0.0,0.0,250,0.0,0
1771964587.5512,29.2,30.0,-27.25,PILOTING,SYS_GO,17.7777,1.3887,0.0,0.0,250,0.0,0
1771964587.6427,25.6,30.0,-27.64,PILOTING,SYS_GO,17.7047,1.3889,0.0,0.0,250,0.0,0
1771964587.6898,39.1,30.0,-27.84,PILOTING,SYS_GO,17.7086,1.3889,0.0,0.0,250,0.0,0
1771964587.7954,33.5,30.0,-27.74,PILOTING,SYS_GO,17.7412,1.3889,0.0,0.0,250,0.0,0
1771964587.8434,39.5,30.0,-27.63,PILOTING,SYS_GO,17.7469,1.3889,0.0,0.0,250,0.0,0
1771964587.9489,34.2,30.0,-27.37,PILOTING,SYS_GO,17.7746,1.3889,0.0,0.0,250,0.0,0
1771964587.9957,31.9,30.0,-27.1,PILOTING,SYS_GO,17.7905,1.3889,0.0,0.0,250,0.0,0
1771964588.0418,41.2,30.0,-27.66,PILOTING,SYS_GO,17.6885,1.3891,0.0,0.0,250,0.0,0
1771964588.1176,35.7,30.0,-27.82,PILOTING,SYS_GO,17.7144,1.3891,0.0,0.0,250,0.0,0
1771964588.1627,47.9,30.0,-27.89,PILOTING,SYS_GO,17.7181,1.3891,0.0,0.0,250,0.0,0
1771964588.2684,40.3,30.0,-27.67,PILOTING,SYS_GO,17.7544,1.3891,0.0,0.0,250,0.0,0
1771964588.3187,51.0,30.0,-27.51,PILOTING,SYS_GO,17.7583,1.3891,0.0,0.0,250,0.0,0
1771964588.4222,42.9,30.0,-27.16,PILOTING,SYS_GO,17.7934,1.3891,0.0,0.0,250,0.0,0
1771964588.4716,45.3,30.0,-27.67,PILOTING,SYS_GO,17.6929,1.3892,0.0,0.0,250,0.0,0
1771964588.5245,42.1,30.0,-27.89,PILOTING,SYS_GO,17.7052,1.3892,0.0,0.0,250,0.0,0
1771964588.6329,35.8,30.0,-27.78,PILOTING,SYS_GO,17.7399,1.3892,0.0,0.0,250,0.0,0
1771964588.6808,34.9,30.0,-27.63,PILOTING,SYS_GO,17.7513,1.3892,0.0,0.0,250,0.0,0
1771964588.7554,30.6,30.0,-27.35,PILOTING,SYS_GO,17.7778,1.3892,0.0,0.0,250,0.0,0
1771964588.8012,42.9,30.0,-27.15,PILOTING,SYS_GO,17.7817,1.3892,0.0,0.0,250,0.0,0
1771964588.8922,36.6,30.0,-27.57,PILOTING,SYS_GO,17.7074,1.3893,0.0,0.0,250,0.0,0
1771964588.9425,36.0,30.0,-27.74,PILOTING,SYS_GO,17.7182,1.3893,0.0,0.0,250,0.0,0
1771964589.0444,31.1,30.0,-27.62,PILOTING,SYS_GO,17.7494,1.3893,0.0,0.0,250,0.0,0
1771964589.092,34.1,30.0,-27.49,PILOTING,SYS_GO,17.7573,1.3893,0.0,0.0,250,0.0,0
1771964589.2135,29.1,30.0,-27.13,PILOTING,SYS_GO,17.7964,1.3893,0.0,0.0,250,0.0,0
1771964589.2597,30.1,30.0,-26.84,PILOTING,SYS_GO,17.807,1.3893,0.0,0.0,250,0.0,0
1771964589.3362,26.9,30.0,-27.27,PILOTING,SYS_GO,17.7228,1.3894,0.0,0.0,250,0.0,0
1771964589.3855,28.8,30.0,-27.46,PILOTING,SYS_GO,17.7328,1.3894,0.0,0.0,250,0.0,0
1771964589.4294,28.4,30.0,-27.48,PILOTING,SYS_GO,17.746,1.3894,0.0,0.0,250,0.0,0
1771964589.5195,25.5,30.0,-27.3,PILOTING,SYS_GO,17.7722,1.3894,0.0,0.0,250,0.0,0
1771964589.5779,27.1,30.0,-27.12,PILOTING,SYS_GO,17.783,1.3894,0.0,0.0,250,0.0,0
1771964589.6403,25.7,30.0,-26.88,PILOTING,SYS_GO,17.801,1.3894,0.0,0.0,250,0.0,0
1771964589.6893,27.6,30.0,-27.43,PILOTING,SYS_GO,17.7031,1.3895,0.0,0.0,250,0.0,0
1771964589.7769,24.4,30.0,-27.55,PILOTING,SYS_GO,17.7333,1.3895,0.0,0.0,250,0.0,0
1771964589.8233,38.2,30.0,-27.6,PILOTING,SYS_GO,17.7371,1.3895,0.0,0.0,250,0.0,0
1771964589.9276,32.9,30.0,-27.4,PILOTING,SYS_GO,17.769,1.3895,0.0,0.0,250,0.0,0
1771964589.9767,32.7,30.0,-27.2,PILOTING,SYS_GO,17.7802,1.3895,0.0,0.0,250,0.0,0
1771964590.0652,28.7,30.0,-26.87,PILOTING,SYS_GO,17.809,1.3895,0.0,0.0,250,0.0,0
1771964590.1117,33.6,30.0,-27.41,PILOTING,SYS_GO,17.7064,1.3896,0.0,0.0,250,0.0,0
1771964590.2321,28.8,30.0,-27.46,PILOTING,SYS_GO,17.7444,1.3896,0.0,0.0,250,0.0,0
1771964590.2814,38.9,30.0,-27.46,PILOTING,SYS_GO,17.7489,1.3896,0.0,0.0,250,0.0,0
1771964590.3982,33.1,30.0,-27.19,PILOTING,SYS_GO,17.7856,1.3896,0.0,0.0,250,0.0,0
1771964590.4432,45.6,30.0,-27.01,PILOTING,SYS_GO,17.7894,1.3896,0.0,0.0,250,0.0,0
1771964590.529,39.5,30.0,-26.73,PILOTING,SYS_GO,17.8128,1.3896,0.0,0.0,250,0.0,0
1771964590.565,44.8,30.0,-27.31,PILOTING,SYS_GO,17.7084,1.3896,0.0,0.0,250,0.0,0
1771964590.6187,43.2,30.0,-27.59,PILOTING,SYS_GO,17.7181,1.3896,0.0,0.0,250,0.0,0
1771964590.6707,38.6,30.0,-27.63,PILOTING,SYS_GO,17.7358,1.3896,0.0,0.0,250,0.0,0
1771964590.7207,50.2,30.0,-27.63,PILOTING,SYS_GO,17.7395,1.3896,0.0,0.0,250,0.0,0
1771964590.8234,42.2,30.0,-27.37,PILOTING,SYS_GO,17.775,1.3896,0.0,0.0,250,0.0,0
1771964590.8696,48.1,30.0,-27.18,PILOTING,SYS_GO,17.78,1.3896,0.0,0.0,250,0.0,0
1771964590.9152,46.1,30.0,-27.75,PILOTING,SYS_GO,17.6845,1.3897,0.0,0.0,250,0.0,0
1771964591.0074,39.4,30.0,-27.89,PILOTING,SYS_GO,17.7131,1.3897,0.0,0.0,250,0.0,0
1771964591.0536,43.8,30.0,-27.93,PILOTING,SYS_GO,17.719,1.3897,0.0,0.0,250,0.0,0
1771964591.145,37.7,30.0,-27.76,PILOTING,SYS_GO,17.7465,1.3897,0.0,0.0,250,0.0,0
1771964591.192,39.0,30.0,-27.6,PILOTING,SYS_GO,17.7546,1.3897,0.0,0.0,250,0.0,0
1771964591.3125,33.0,30.0,-27.21,PILOTING,SYS_GO,17.7953,1.3897,0.0,0.0,250,0.0,0
1771964591.3602,36.8,30.0,-27.69,PILOTING,SYS_GO,17.6949,1.3897,0.0,0.0,250,0.0,0
1771964591.4038,34.5,30.0,-27.88,PILOTING,SYS_GO,17.7092,1.3897,0.0,0.0,250,0.0,0
1771964591.4942,29.8,30.0,-27.77,PILOTING,SYS_GO,17.7411,1.3897,0.0,0.0,250,0.0,0
1771964591.5431,36.9,30.0,-27.66,PILOTING,SYS_GO,17.7466,1.3897,0.0,0.0,250,0.0,0
1771964591.6617,31.5,30.0,-27.33,PILOTING,SYS_GO,17.7838,1.3897,0.0,0.0,250,0.0,0
1771964591.7072,37.1,30.0,-27.09,PILOTING,SYS_GO,17.7898,1.3897,0.0,0.0,250,0.0,0
1771964591.7524,35.2,30.0,-27.61,PILOTING,SYS_GO,17.6964,1.3898,0.0,0.0,250,0.0,0
1771964591.8483,30.6,30.0,-27.72,PILOTING,SYS_GO,17.7261,1.3898,0.0,0.0,250,0.0,0
1771964591.8934,35.1,30.0,-27.73,PILOTING,SYS_GO,17.7328,1.3898,0.0,0.0,250,0.0,0
1771964591.9357,33.3,30.0,-27.64,PILOTING,SYS_GO,17.7466,1.3898,0.0,0.0,250,0.0,0
1771964592.0419,28.7,30.0,-27.33,PILOTING,SYS_GO,17.7819,1.3898,0.0,0.0,250,0.0,0
1771964592.0906,40.5,30.0,-27.12,PILOTING,SYS_GO,17.786,1.3898,0.0,0.0,250,0.0,0
1771964592.1684,35.3,30.0,-27.57,PILOTING,SYS_GO,17.7049,1.3898,0.0,0.0,250,0.0,0
1771964592.2419,31.4,30.0,-27.68,PILOTING,SYS_GO,17.728,1.3898,0.0,0.0,250,0.0,0
1771964592.2891,31.3,30.0,-27.66,PILOTING,SYS_GO,17.7396,1.3898,0.0,0.0,250,0.0,0
1771964592.3856,27.5,30.0,-27.44,PILOTING,SYS_GO,17.7685,1.3898,0.0,0.0,250,0.0,0
1771964592.4279,33.1,30.0,-27.26,PILOTING,SYS_GO,17.775,1.3898,0.0,0.0,250,0.0,0
1771964592.4752,33.7,30.0,-27.08,PILOTING,SYS_GO,17.785,1.3898,0.0,0.0,250,0.0,0
1771964592.5635,29.6,30.0,-27.54,PILOTING,SYS_GO,17.7065,1.3898,0.0,0.0,250,0.0,0
1771964592.6106,42.0,30.0,-27.78,PILOTING,SYS_GO,17.7104,1.3898,0.0,0.0,250,0.0,0
1771964592.7321,35.4,30.0,-27.64,PILOTING,SYS_GO,17.7514,1.3898,0.0,0.0,250,0.0,0
1771964592.7771,39.4,30.0,-27.5,PILOTING,SYS_GO,17.7579,1.3898,0.0,0.0,250,0.0,0
1771964592.8239,38.3,30.0,-27.35,PILOTING,SYS_GO,17.7685,1.3898,0.0,0.0,250,0.0,0
1771964592.8991,33.3,30.0,-27.07,PILOTING,SYS_GO,17.7947,1.3898,0.0,0.0,250,0.0,0
1771964592.9512,38.7,30.0,-27.62,PILOTING,SYS_GO,17.6935,1.3899,0.0,0.0,250,0.0,0
1771964593.0548,32.9,30.0,-27.7,PILOTING,SYS_GO,17.7296,1.3899,0.0,0.0,250,0.0,0
1771964593.1,42.1,30.0,-27.71,PILOTING,SYS_GO,17.7342,1.3899,0.0,0.0,250,0.0,0
1771964593.1446,43.9,30.0,-27.67,PILOTING,SYS_GO,17.7412,1.3899,0.0,0.0,250,0.0,0
1771964593.2057,39.1,30.0,-27.51,PILOTING,SYS_GO,17.7592,1.3899,0.0,0.0,250,0.0,0
1771964593.254,38.5,30.0,-27.35,PILOTING,SYS_GO,17.7692,1.3899,0.0,0.0,250,0.0,0
1771964593.3585,33.0,30.0,-27.75,PILOTING,SYS_GO,17.6994,1.3899,0.0,0.0,250,0.0,0
1771964593.4061,33.4,30.0,-27.91,PILOTING,SYS_GO,17.7096,1.3899,0.0,0.0,250,0.0,0
1771964593.4835,29.8,30.0,-27.85,PILOTING,SYS_GO,17.7328,1.3899,0.0,0.0,250,0.0,0
1771964593.5313,42.1,30.0,-27.78,PILOTING,SYS_GO,17.7368,1.3899,0.0,0.0,250,0.0,0
1771964593.6105,36.5,30.0,-27.56,PILOTING,SYS_GO,17.7618,1.3899,0.0,0.0,250,0.0,0
1771964593.6804,33.1,30.0,-27.3,PILOTING,SYS_GO,17.7805,1.3899,0.0,0.0,250,0.0,0
1771964593.7477,33.6,30.0,-27.81,PILOTING,SYS_GO,17.6855,1.3899,0.0,0.0,250,0.0,0
1771964593.7869,32.4,30.0,-28.03,PILOTING,SYS_GO,17.6986,1.3899,0.0,0.0,250,0.0,0
1771964593.8384,37.8,30.0,-28.12,PILOTING,SYS_GO,17.7046,1.3899,0.0,0.0,250,0.0,0
1771964593.9375,32.5,30.0,-27.95,PILOTING,SYS_GO,17.7365,1.3899,0.0,0.0,250,0.0,0
1771964594.0098,34.5,30.0,-27.78,PILOTING,SYS_GO,17.745,1.3899,0.0,0.0,250,0.0,0
1771964594.0903,30.1,30.0,-27.49,PILOTING,SYS_GO,17.7729,1.3899,0.0,0.0,250,0.0,0
1771964594.1362,39.2,30.0,-28.01,PILOTING,SYS_GO,17.6737,1.3899,0.0,0.0,250,0.0,0
1771964594.2572,33.2,30.0,-28.05,PILOTING,SYS_GO,17.7132,1.3899,0.0,0.0,250,0.0,0
1771964594.3041,36.2,30.0,-28.02,PILOTING,SYS_GO,17.7207,1.3899,0.0,0.0,250,0.0,0
1771964594.38,31.9,30.0,-27.82,PILOTING,SYS_GO,17.7452,1.3899,0.0,0.0,250,0.0,0
1771964594.4303,36.7,30.0,-27.66,PILOTING,SYS_GO,17.7517,1.3899,0.0,0.0,250,0.0,0
1771964594.5172,32.0,30.0,-27.37,PILOTING,SYS_GO,17.7783,1.3899,0.0,0.0,250,0.0,0
1771964594.5632,33.5,30.0,-27.88,PILOTING,SYS_GO,17.6827,1.3899,0.0,0.0,250,0.0,0
1771964594.6389,30.0,30.0,-28.03,PILOTING,SYS_GO,17.705,1.3899,0.0,0.0,250,0.0,0
1771964594.6852,29.7,30.0,-28.03,PILOTING,SYS_GO,17.7178,1.3899,0.0,0.0,250,0.0,0
1771964594.7604,27.0,30.0,-27.87,PILOTING,SYS_GO,17.7398,1.3899,0.0,0.0,250,0.0,0
1771964594.8067,28.7,30.0,-27.7,PILOTING,SYS_GO,17.7499,1.3899,0.0,0.0,250,0.0,0
1771964594.8676,27.5,30.0,-27.49,PILOTING,SYS_GO,17.766,1.3899,0.0,0.0,250,0.0,0
1771964594.9597,24.4,30.0,-27.88,PILOTING,SYS_GO,17.6927,1.3899,0.0,0.0,250,0.0,0
1771964595.011,38.6,30.0,-28.09,PILOTING,SYS_GO,17.6964,1.3899,0.0,0.0,250,0.0,0
1771964595.1151,33.0,30.0,-27.97,PILOTING,SYS_GO,17.7302,1.3899,0.0,0.0,250,0.0,0
1771964595.1605,39.2,30.0,-27.86,PILOTING,SYS_GO,17.7359,1.3899,0.0,0.0,250,0.0,0
1771964595.2683,33.5,30.0,-27.56,PILOTING,SYS_GO,17.7687,1.3899,0.0,0.0,250,0.0,0
1771964595.3154,32.5,30.0,-27.29,PILOTING,SYS_GO,17.7812,1.3899,0.0,0.0,250,0.0,0
1771964595.4068,28.3,30.0,-27.66,PILOTING,SYS_GO,17.7072,1.3899,0.0,0.0,250,0.0,0
1771964595.4617,35.8,30.0,-27.84,PILOTING,SYS_GO,17.7127,1.3899,0.0,0.0,250,0.0,0
1771964595.5305,31.8,30.0,-27.79,PILOTING,SYS_GO,17.7355,1.3899,0.0,0.0,250,0.0,0
1771964595.6033,28.5,30.0,-27.59,PILOTING,SYS_GO,17.759,1.3899,0.0,0.0,250,0.0,0
1771964595.6495,31.6,30.0,-27.41,PILOTING,SYS_GO,17.7672,1.3899,0.0,0.0,250,0.0,0
1771964595.7417,27.7,30.0,-27.09,PILOTING,SYS_GO,17.7972,1.3899,0.0,0.0,250,0.0,0
1771964595.7903,34.3,30.0,-27.62,PILOTING,SYS_GO,17.6955,1.39,0.0,0.0,250,0.0,0
1771964595.8957,29.4,30.0,-27.68,PILOTING,SYS_GO,17.7317,1.39,0.0,0.0,250,0.0,0
1771964595.9455,42.2,30.0,-27.69,PILOTING,SYS_GO,17.7356,1.39,0.0,0.0,250,0.0,0
1771964596.0662,35.5,30.0,-27.41,PILOTING,SYS_GO,17.7753,1.39,0.0,0.0,250,0.0,0
1771964596.115,40.9,30.0,-27.2,PILOTING,SYS_GO,17.7811,1.39,0.0,0.0,250,0.0,0
1771964596.1788,39.8,30.0,-27.01,PILOTING,SYS_GO,17.7912,1.39,0.0,0.0,250,0.0,0
1771964596.2331,36.2,30.0,-27.53,PILOTING,SYS_GO,17.7012,1.39,0.0,0.0,250,0.0,0
1771964596.2803,34.8,30.0,-27.76,PILOTING,SYS_GO,17.7134,1.39,0.0,0.0,250,0.0,0
1771964596.356,30.7,30.0,-27.71,PILOTING,SYS_GO,17.739,1.39,0.0,0.0,250,0.0,0
1771964596.402,42.5,30.0,-27.66,PILOTING,SYS_GO,17.7431,1.39,0.0,0.0,250,0.0,0
1771964596.4919,36.5,30.0,-27.42,PILOTING,SYS_GO,17.7715,1.39,0.0,0.0,250,0.0,0
1771964596.5389,43.5,30.0,-27.24,PILOTING,SYS_GO,17.7765,1.39,0.0,0.0,250,0.0,0
1771964596.6604,36.6,30.0,-27.59,PILOTING,SYS_GO,17.7128,1.39,0.0,0.0,250,0.0,0
1771964596.7064,47.1,30.0,-27.77,PILOTING,SYS_GO,17.7168,1.39,0.0,0.0,250,0.0,0
1771964596.7964,40.2,30.0,-27.68,PILOTING,SYS_GO,17.7453,1.39,0.0,0.0,250,0.0,0
1771964596.8497,47.5,30.0,-27.59,PILOTING,SYS_GO,17.75,1.39,0.0,0.0,250,0.0,0
1771964596.9508,40.3,30.0,-27.31,PILOTING,SYS_GO,17.7803,1.39,0.0,0.0,250,0.0,0
1771964596.9996,39.4,30.0,-27.08,PILOTING,SYS_GO,17.7904,1.39,0.0,0.0,250,0.0,0
1771964597.0711,34.7,30.0,-27.54,PILOTING,SYS_GO,17.7065,1.39,0.0,0.0,250,0.0,0
1771964597.1213,36.1,30.0,-27.75,PILOTING,SYS_GO,17.7151,1.39,0.0,0.0,250,0.0,0
1771964597.1945,31.9,30.0,-27.71,PILOTING,SYS_GO,17.7387,1.39,0.0,0.0,250,0.0,0
1771964597.2404,40.3,30.0,-27.65,PILOTING,SYS_GO,17.7436,1.39,0.0,0.0,250,0.0,0
1771964597.3619,34.1,30.0,-27.34,PILOTING,SYS_GO,17.7822,1.39,0.0,0.0,250,0.0,0
1771964597.4149,34.9,30.0,-27.08,PILOTING,SYS_GO,17.7917,1.39,0.0,0.0,250,0.0,0
1771964597.4854,32.6,30.0,-27.58,PILOTING,SYS_GO,17.7001,1.39,0.0,0.0,250,0.0,0
1771964597.5458,30.1,30.0,-27.76,PILOTING,SYS_GO,17.7181,1.39,0.0,0.0,250,0.0,0
1771964597.5957,29.7,30.0,-27.77,PILOTING,SYS_GO,17.731,1.39,0.0,0.0,250,0.0,0
1771964597.6824,26.3,30.0,-27.58,PILOTING,SYS_GO,17.7588,1.39,0.0,0.0,250,0.0,0
1771964597.7325,31.9,30.0,-27.42,PILOTING,SYS_GO,17.7655,1.39,0.0,0.0,250,0.0,0
1771964597.8046,28.7,30.0,-27.16,PILOTING,SYS_GO,17.7877,1.39,0.0,0.0,250,0.0,0
1771964597.8538,36.2,30.0,-27.72,PILOTING,SYS_GO,17.687,1.39,0.0,0.0,250,0.0,0
1771964597.9425,31.3,30.0,-27.84,PILOTING,SYS_GO,17.718,1.39,0.0,0.0,250,0.0,0
1771964597.9876,43.2,30.0,-27.88,PILOTING,SYS_GO,17.722,1.39,0.0,0.0,250,0.0,0
1771964598.0791,36.9,30.0,-27.69,PILOTING,SYS_GO,17.7525,1.39,0.0,0.0,250,0.0,0
1771964598.1254,41.8,30.0,-27.54,PILOTING,SYS_GO,17.7583,1.39,0.0,0.0,250,0.0,0
1771964598.2318,35.6,30.0,-27.2,PILOTING,SYS_GO,17.7912,1.39,0.0,0.0,250,0.0,0
1771964598.2762,40.4,30.0,-27.72,PILOTING,SYS_GO,17.6906,1.39,0.0,0.0,250,0.0,0
1771964598.35,36.1,30.0,-27.9,PILOTING,SYS_GO,17.7097,1.39,0.0,0.0,250,0.0,0
1771964598.401,34.5,30.0,-27.92,PILOTING,SYS_GO,17.7226,1.39,0.0,0.0,250,0.0,0
1771964598.45,32.9,30.0,-27.83,PILOTING,SYS_GO,17.7361,1.39,0.0,0.0,250,0.0,0
1771964598.5356,29.0,30.0,-27.58,PILOTING,SYS_GO,17.7633,1.39,0.0,0.0,250,0.0,0
1771964598.5888,35.3,30.0,-27.39,PILOTING,SYS_GO,17.7692,1.39,0.0,0.0,250,0.0,0
1771964598.6778,31.8,30.0,-27.87,PILOTING,SYS_GO,17.686,1.39,0.0,0.0,250,0.0,0
1771964598.724,33.9,30.0,-28.09,PILOTING,SYS_GO,17.6945,1.39,0.0,0.0,250,0.0,0
1771964598.7661,34.9,30.0,-28.17,PILOTING,SYS_GO,17.7038,1.39,0.0,0.0,250,0.0,0
1771964598.8417,30.9,30.0,-28.04,PILOTING,SYS_GO,17.7282,1.39,0.0,0.0,250,0.0,0
1771964598.8874,37.0,30.0,-27.92,PILOTING,SYS_GO,17.734,1.39,0.0,0.0,250,0.0,0
1771964598.9873,31.9,30.0,-27.62,PILOTING,SYS_GO,17.7656,1.39,0.0,0.0,250,0.0,0
1771964599.0283,41.2,30.0,-28.13,PILOTING,SYS_GO,17.6674,1.39,0.0,0.0,250,0.0,0
1771964599.0895,37.1,30.0,-28.32,PILOTING,SYS_GO,17.6846,1.39,0.0,0.0,250,0.0,0
1771964599.1661,32.5,30.0,-28.25,PILOTING,SYS_GO,17.7107,1.39,0.0,0.0,250,0.0,0
1771964599.2119,39.6,30.0,-28.18,PILOTING,SYS_GO,17.716,1.39,0.0,0.0,250,0.0,0
1771964599.3033,34.1,30.0,-27.92,PILOTING,SYS_GO,17.7456,1.39,0.0,0.0,250,0.0,0
1771964599.3495,40.9,30.0,-27.72,PILOTING,SYS_GO,17.7509,1.39,0.0,0.0,250,0.0,0
1771964599.4703,34.4,30.0,-28.02,PILOTING,SYS_GO,17.6928,1.39,0.0,0.0,250,0.0,0
1771964599.5152,39.0,30.0,-28.15,PILOTING,SYS_GO,17.6991,1.39,0.0,0.0,250,0.0,0
1771964599.6022,34.8,30.0,-28.09,PILOTING,SYS_GO,17.7194,1.39,0.0,0.0,250,0.0,0
1771964599.6376,44.3,30.0,-28.02,PILOTING,SYS_GO,17.7238,1.39,0.0,0.0,250,0.0,0
1771964599.6823,41.0,30.0,-27.89,PILOTING,SYS_GO,17.7367,1.39,0.0,0.0,250,0.0,0
1771964599.7735,35.2,30.0,-27.6,PILOTING,SYS_GO,17.7664,1.39,0.0,0.0,250,0.0,0
1771964599.8202,37.2,30.0,-28.09,PILOTING,SYS_GO,17.6714,1.39,0.0,0.0,250,0.0,0
1771964599.9119,32.2,30.0,-28.18,PILOTING,SYS_GO,17.7014,1.39,0.0,0.0,250,0.0,0
1771964599.9582,37.0,30.0,-28.19,PILOTING,SYS_GO,17.7078,1.39,0.0,0.0,250,0.0,0
1771964600.08,31.3,30.0,-27.9,PILOTING,SYS_GO,17.7491,1.39,0.0,0.0,250,0.0,0
1771964600.1311,34.0,30.0,-27.67,PILOTING,SYS_GO,17.7572,1.39,0.0,0.0,250,0.0,0
1771964600.2354,29.8,30.0,-27.33,PILOTING,SYS_GO,17.7855,1.39,0.0,0.0,250,0.0,0
1771964600.2965,27.8,30.0,-27.75,PILOTING,SYS_GO,17.6978,1.39,0.0,0.0,250,0.0,0
1771964600.343,29.5,30.0,-27.93,PILOTING,SYS_GO,17.7077,1.39,0.0,0.0,250,0.0,0
1771964600.4354,25.8,30.0,-27.81,PILOTING,SYS_GO,17.7403,1.39,0.0,0.0,250,0.0,0
1771964600.4822,31.4,30.0,-27.69,PILOTING,SYS_GO,17.7469,1.39,0.0,0.0,250,0.0,0
1771964600.5717,29.2,30.0,-27.49,PILOTING,SYS_GO,17.7647,1.39,0.0,0.0,250,0.0,0
1771964600.6181,29.1,30.0,-27.28,PILOTING,SYS_GO,17.7773,1.39,0.0,0.0,250,0.0,0
1771964600.6645,28.0,30.0,-27.78,PILOTING,SYS_GO,17.6881,1.39,0.0,0.0,250,0.0,0
1771964600.7859,24.2,30.0,-27.81,PILOTING,SYS_GO,17.7274,1.39,0.0,0.0,250,0.0,0
1771964600.8319,35.8,30.0,-27.8,PILOTING,SYS_GO,17.7318,1.39,0.0,0.0,250,0.0,0
1771964600.9382,30.7,30.0,-27.54,PILOTING,SYS_GO,17.7664,1.39,0.0,0.0,250,0.0,0
1771964600.9976,43.4,30.0,-27.36,PILOTING,SYS_GO,17.7702,1.39,0.0,0.0,250,0.0,0
1771964601.1218,36.5,30.0,-26.96,PILOTING,SYS_GO,17.8112,1.39,0.0,0.0,250,0.0,0
1771964601.1697,43.8,30.0,-27.46,PILOTING,SYS_GO,17.7064,1.39,0.0,0.0,250,0.0,0
1771964601.2752,37.2,30.0,-27.53,PILOTING,SYS_GO,17.7402,1.39,0.0,0.0,250,0.0,0
1771964601.3288,43.9,30.0,-27.53,PILOTING,SYS_GO,17.7453,1.39,0.0,0.0,250,0.0,0
1771964601.4147,37.8,30.0,-27.34,PILOTING,SYS_GO,17.7721,1.39,0.0,0.0,250,0.0,0
1771964601.478,34.5,30.0,-27.1,PILOTING,SYS_GO,17.7892,1.39,0.0,0.0,250,0.0,0
1771964601.5685,29.9,30.0,-26.74,PILOTING,SYS_GO,17.8201,1.39,0.0,0.0,250,0.0,0
1771964601.6195,35.2,30.0,-27.27,PILOTING,SYS_GO,17.7155,1.39,0.0,0.0,250,0.0,0
1771964601.7338,30.4,30.0,-27.36,PILOTING,SYS_GO,17.748,1.39,0.0,0.0,250,0.0,0
1771964601.7856,38.9,30.0,-27.37,PILOTING,SYS_GO,17.7529,1.39,0.0,0.0,250,0.0,0
1771964601.8451,35.0,30.0,-27.25,PILOTING,SYS_GO,17.7712,1.39,0.0,0.0,250,0.0,0
1771964601.9031,31.9,30.0,-27.04,PILOTING,SYS_GO,17.7897,1.39,0.0,0.0,250,0.0,0
1771964601.9493,43.5,30.0,-26.89,PILOTING,SYS_GO,17.7937,1.39,0.0,0.0,250,0.0,0
1771964602.0419,37.1,30.0,-27.34,PILOTING,SYS_GO,17.7184,1.39,0.0,0.0,250,0.0,0
1771964602.0922,42.6,30.0,-27.57,PILOTING,SYS_GO,17.724,1.39,0.0,0.0,250,0.0,0
1771964602.1339,41.6,30.0,-27.64,PILOTING,SYS_GO,17.7335,1.39,0.0,0.0,250,0.0,0
1771964602.1943,37.1,30.0,-27.55,PILOTING,SYS_GO,17.7523,1.39,0.0,0.0,250,0.0,0
1771964602.2412,43.4,30.0,-27.45,PILOTING,SYS_GO,17.7576,1.39,0.0,0.0,250,0.0,0
1771964602.3342,37.4,30.0,-27.21,PILOTING,SYS_GO,17.7841,1.39,0.0,0.0,250,0.0,0
1771964602.3904,38.2,30.0,-27.75,PILOTING,SYS_GO,17.6872,1.39,0.0,0.0,250,0.0,0
1771964602.4827,32.8,30.0,-27.85,PILOTING,SYS_GO,17.7197,1.39,0.0,0.0,250,0.0,0
1771964602.5292,45.2,30.0,-27.88,PILOTING,SYS_GO,17.7234,1.39,0.0,0.0,250,0.0,0
1771964602.6353,38.4,30.0,-27.66,PILOTING,SYS_GO,17.7563,1.39,0.0,0.0,250,0.0,0
1771964602.6808,39.0,30.0,-27.47,PILOTING,SYS_GO,17.7649,1.39,0.0,0.0,250,0.0,0
1771964602.777,33.8,30.0,-27.15,PILOTING,SYS_GO,17.7927,1.39,0.0,0.0,250,0.0,0
1771964602.8364,31.3,30.0,-27.61,PILOTING,SYS_GO,17.7026,1.39,0.0,0.0,250,0.0,0
1771964602.9267,27.7,30.0,-27.69,PILOTING,SYS_GO,17.7305,1.39,0.0,0.0,250,0.0,0
1771964602.9735,32.2,30.0,-27.68,PILOTING,SYS_GO,17.7377,1.39,0.0,0.0,250,0.0,0
1771964603.0814,28.0,30.0,-27.44,PILOTING,SYS_GO,17.7702,1.39,0.0,0.0,250,0.0,0
1771964603.1291,27.5,30.0,-27.2,PILOTING,SYS_GO,17.7842,1.39,0.0,0.0,250,0.0,0
1771964603.2316,24.3,30.0,-26.83,PILOTING,SYS_GO,17.815,1.39,0.0,0.0,250,0.0,0
1771964603.2786,31.1,30.0,-27.36,PILOTING,SYS_GO,17.7109,1.39,0.0,0.0,250,0.0,0
1771964603.3561,28.7,30.0,-27.54,PILOTING,SYS_GO,17.7296,1.39,0.0,0.0,250,0.0,0
1771964603.3988,28.0,30.0,-27.55,PILOTING,SYS_GO,17.7441,1.39,0.0,0.0,250,0.0,0
1771964603.4462,33.9,30.0,-27.51,PILOTING,SYS_GO,17.7503,1.39,0.0,0.0,250,0.0,0
1771964603.5524,29.1,30.0,-27.22,PILOTING,SYS_GO,17.7865,1.39,0.0,0.0,250,0.0,0
1771964603.5991,35.0,30.0,-27.01,PILOTING,SYS_GO,17.7926,1.39,0.0,0.0,250,0.0,0
1771964603.6444,33.2,30.0,-27.54,PILOTING,SYS_GO,17.6997,1.39,0.0,0.0,250,0.0,0
1771964603.7525,28.7,30.0,-27.63,PILOTING,SYS_GO,17.7331,1.39,0.0,0.0,250,0.0,0
1771964603.8001,32.3,30.0,-27.62,PILOTING,SYS_GO,17.7408,1.39,0.0,0.0,250,0.0,0
1771964603.9186,27.6,30.0,-27.32,PILOTING,SYS_GO,17.7822,1.39,0.0,0.0,250,0.0,0
1771964603.967,36.8,30.0,-27.11,PILOTING,SYS_GO,17.7871,1.39,0.0,0.0,250,0.0,0
1771964604.0117,35.1,30.0,-26.89,PILOTING,SYS_GO,17.7997,1.39,0.0,0.0,250,0.0,0
1771964604.1186,30.1,30.0,-27.27,PILOTING,SYS_GO,17.728,1.39,0.0,0.0,250,0.0,0
1771964604.1651,34.5,30.0,-27.45,PILOTING,SYS_GO,17.7349,1.39,0.0,0.0,250,0.0,0
1771964604.2885,29.5,30.0,-27.28,PILOTING,SYS_GO,17.7737,1.39,0.0,0.0,250,0.0,0
1771964604.3333,41.1,30.0,-27.15,PILOTING,SYS_GO,17.7778,1.39,0.0,0.0,250,0.0,0
1771964604.4103,35.8,30.0,-26.89,PILOTING,SYS_GO,17.8026,1.39,0.0,0.0,250,0.0,0
1771964604.4704,32.8,30.0,-26.61,PILOTING,SYS_GO,17.82,1.39,0.0,0.0,250,0.0,0
1771964604.5166,33.9,30.0,-27.17,PILOTING,SYS_GO,17.7183,1.39,0.0,0.0,250,0.0,0
1771964604.6223,29.1,30.0,-27.25,PILOTING,SYS_GO,17.7546,1.39,0.0,0.0,250,0.0,0
1771964604.6686,43.0,30.0,-27.27,PILOTING,SYS_GO,17.7582,1.39,0.0,0.0,250,0.0,0
1771964604.7596,36.7,30.0,-27.06,PILOTING,SYS_GO,17.7888,1.39,0.0,0.0,250,0.0,0
1771964604.8069,43.8,30.0,-26.9,PILOTING,SYS_GO,17.7938,1.39,0.0,0.0,250,0.0,0
1771964604.853,39.9,30.0,-26.7,PILOTING,SYS_GO,17.8087,1.39,0.0,0.0,250,0.0,0
1771964604.974,33.6,30.0,-27.06,PILOTING,SYS_GO,17.7415,1.39,0.0,0.0,250,0.0,0
1771964605.0225,38.2,30.0,-27.23,PILOTING,SYS_GO,17.7478,1.39,0.0,0.0,250,0.0,0
1771964605.0806,35.2,30.0,-27.22,PILOTING,SYS_GO,17.7632,1.39,0.0,0.0,250,0.0,0
1771964605.1887,30.2,30.0,-26.96,PILOTING,SYS_GO,17.7995,1.39,0.0,0.0,250,0.0,0
1771964605.234,35.5,30.0,-26.75,PILOTING,SYS_GO,17.8058,1.39,0.0,0.0,250,0.0,0
1771964605.2806,36.2,30.0,-26.56,PILOTING,SYS_GO,17.8151,1.39,0.0,0.0,250,0.0,0
1771964605.3885,31.1,30.0,-27.01,PILOTING,SYS_GO,17.7376,1.39,0.0,0.0,250,0.0,0
1771964605.4352,42.0,30.0,-27.24,PILOTING,SYS_GO,17.7419,1.39,0.0,0.0,250,0.0,0
1771964605.4947,38.1,30.0,-27.27,PILOTING,SYS_GO,17.7577,1.39,0.0,0.0,250,0.0,0
1771964605.5561,34.3,30.0,-27.15,PILOTING,SYS_GO,17.7764,1.39,0.0,0.0,250,0.0,0
1771964605.6039,33.3,30.0,-26.99,PILOTING,SYS_GO,17.7889,1.39,0.0,0.0,250,0.0,0
1771964605.7374,28.3,30.0,-26.58,PILOTING,SYS_GO,17.8325,1.39,0.0,0.0,250,0.0,0
1771964605.7858,30.9,30.0,-27.09,PILOTING,SYS_GO,17.7283,1.39,0.0,0.0,250,0.0,0
1771964605.9074,26.6,30.0,-27.11,PILOTING,SYS_GO,17.7665,1.39,0.0,0.0,250,0.0,0
1771964605.9544,33.5,30.0,-27.09,PILOTING,SYS_GO,17.7724,1.39,0.0,0.0,250,0.0,0
1771964606.06,28.8,30.0,-26.81,PILOTING,SYS_GO,17.8084,1.39,0.0,0.0,250,0.0,0
1771964606.1113,41.0,30.0,-26.62,PILOTING,SYS_GO,17.8124,1.39,0.0,0.0,250,0.0,0
1771964606.1519,39.0,30.0,-26.42,PILOTING,SYS_GO,17.8239,1.39,0.0,0.0,250,0.0,0
1771964606.2421,33.8,30.0,-26.9,PILOTING,SYS_GO,17.7405,1.39,0.0,0.0,250,0.0,0
1771964606.2894,44.0,30.0,-27.16,PILOTING,SYS_GO,17.7447,1.39,0.0,0.0,250,0.0,0
1771964606.3638,38.0,30.0,-27.13,PILOTING,SYS_GO,17.7706,1.39,0.0,0.0,250,0.0,0
1771964606.4106,48.2,30.0,-27.08,PILOTING,SYS_GO,17.7746,1.39,0.0,0.0,250,0.0,0
1771964606.4876,41.2,30.0,-26.86,PILOTING,SYS_GO,17.8016,1.39,0.0,0.0,250,0.0,0
1771964606.5324,51.9,30.0,-26.7,PILOTING,SYS_GO,17.8054,1.39,0.0,0.0,250,0.0,0
1771964606.6241,43.9,30.0,-27.16,PILOTING,SYS_GO,17.727,1.39,0.0,0.0,250,0.0,0
1771964606.6705,52.4,30.0,-27.41,PILOTING,SYS_GO,17.7312,1.39,0.0,0.0,250,0.0,0
1771964606.7618,44.2,30.0,-27.33,PILOTING,SYS_GO,17.763,1.39,0.0,0.0,250,0.0,0
1771964606.8128,45.0,30.0,-27.23,PILOTING,SYS_GO,17.7705,1.39,0.0,0.0,250,0.0,0
1771964606.875,41.0,30.0,-27.07,PILOTING,SYS_GO,17.7847,1.39,0.0,0.0,250,0.0,0
1771964606.9735,35.1,30.0,-26.74,PILOTING,SYS_GO,17.8166,1.39,0.0,0.0,250,0.0,0
1771964607.0194,46.9,30.0,-27.31,PILOTING,SYS_GO,17.71,1.39,0.0,0.0,250,0.0,0
1771964607.1402,39.5,30.0,-27.4,PILOTING,SYS_GO,17.746,1.39,0.0,0.0,250,0.0,0
1771964607.1871,37.6,30.0,-27.36,PILOTING,SYS_GO,17.758,1.39,0.0,0.0,250,0.0,0
1771964607.2325,35.6,30.0,-27.24,PILOTING,SYS_GO,17.7712,1.39,0.0,0.0,250,0.0,0
1771964607.3259,30.8,30.0,-26.95,PILOTING,SYS_GO,17.8024,1.39,0.0,0.0,250,0.0,0
1771964607.3728,34.7,30.0,-26.72,PILOTING,SYS_GO,17.8096,1.39,0.0,0.0,250,0.0,0
1771964607.4284,33.2,30.0,-27.27,PILOTING,SYS_GO,17.7134,1.39,0.0,0.0,250,0.0,0
1771964607.4938,29.9,30.0,-27.45,PILOTING,SYS_GO,17.735,1.39,0.0,0.0,250,0.0,0
1771964607.5493,40.2,30.0,-27.53,PILOTING,SYS_GO,17.7394,1.39,0.0,0.0,250,0.0,0
1771964607.6318,35.0,30.0,-27.39,PILOTING,SYS_GO,17.7644,1.39,0.0,0.0,250,0.0,0
1771964607.6827,36.3,30.0,-27.25,PILOTING,SYS_GO,17.7731,1.39,0.0,0.0,250,0.0,0
1771964607.77,31.9,30.0,-26.98,PILOTING,SYS_GO,17.7982,1.39,0.0,0.0,250,0.0,0
1771964607.8151,31.8,30.0,-27.51,PILOTING,SYS_GO,17.702,1.39,0.0,0.0,250,0.0,0
1771964607.8908,28.3,30.0,-27.65,PILOTING,SYS_GO,17.7267,1.39,0.0,0.0,250,0.0,0
1771964607.9372,41.2,30.0,-27.71,PILOTING,SYS_GO,17.7306,1.39,0.0,0.0,250,0.0,0
1771964608.0429,35.2,30.0,-27.51,PILOTING,SYS_GO,17.7629,1.39,0.0,0.0,250,0.0,0
1771964608.0887,35.2,30.0,-27.32,PILOTING,SYS_GO,17.7731,1.39,0.0,0.0,250,0.0,0
1771964608.1802,30.8,30.0,-27.01,PILOTING,SYS_GO,17.8006,1.39,0.0,0.0,250,0.0,0
1771964608.228,34.3,30.0,-27.54,PILOTING,SYS_GO,17.7,1.39,0.0,0.0,250,0.0,0
1771964608.3196,30.1,30.0,-27.67,PILOTING,SYS_GO,17.7268,1.39,0.0,0.0,250,0.0,0
1771964608.3651,42.6,30.0,-27.72,PILOTING,SYS_GO,17.7307,1.39,0.0,0.0,250,0.0,0
1771964608.4717,36.2,30.0,-27.52,PILOTING,SYS_GO,17.7634,1.39,0.0,0.0,250,0.0,0
1771964608.5225,37.3,30.0,-27.33,PILOTING,SYS_GO,17.772,1.39,0.0,0.0,250,0.0,0
1771964608.5768,37.9,30.0,-27.16,PILOTING,SYS_GO,17.781,1.39,0.0,0.0,250,0.0,0
1771964608.6531,33.3,30.0,-27.63,PILOTING,SYS_GO,17.6994,1.39,0.0,0.0,250,0.0,0
1771964608.6995,34.1,30.0,-27.85,PILOTING,SYS_GO,17.7091,1.39,0.0,0.0,250,0.0,0
1771964608.7769,29.9,30.0,-27.79,PILOTING,SYS_GO,17.7358,1.39,0.0,0.0,250,0.0,0
1771964608.8236,41.8,30.0,-27.73,PILOTING,SYS_GO,17.7398,1.39,0.0,0.0,250,0.0,0
1771964608.915,35.7,30.0,-27.47,PILOTING,SYS_GO,17.7708,1.39,0.0,0.0,250,0.0,0
1771964608.9621,41.2,30.0,-27.27,PILOTING,SYS_GO,17.7766,1.39,0.0,0.0,250,0.0,0
1771964609.0816,34.8,30.0,-27.63,PILOTING,SYS_GO,17.7095,1.39,0.0,0.0,250,0.0,0
1771964609.1294,38.1,30.0,-27.8,PILOTING,SYS_GO,17.7166,1.39,0.0,0.0,250,0.0,0
1771964609.1723,35.4,30.0,-27.79,PILOTING,SYS_GO,17.7313,1.39,0.0,0.0,250,0.0,0
1771964609.2493,31.1,30.0,-27.6,PILOTING,SYS_GO,17.7573,1.39,0.0,0.0,250,0.0,0
1771964609.2998,42.6,30.0,-27.46,PILOTING,SYS_GO,17.7614,1.39,0.0,0.0,250,0.0,0
1771964609.3877,36.8,30.0,-27.18,PILOTING,SYS_GO,17.788,1.39,0.0,0.0,250,0.0,0
1771964609.4359,41.9,30.0,-27.73,PILOTING,SYS_GO,17.6876,1.39,0.0,0.0,250,0.0,0
1771964609.4983,38.5,30.0,-27.96,PILOTING,SYS_GO,17.702,1.39,0.0,0.0,250,0.0,0
1771964609.5549,34.5,30.0,-27.96,PILOTING,SYS_GO,17.7215,1.39,0.0,0.0,250,0.0,0
1771964609.6036,42.8,30.0,-27.93,PILOTING,SYS_GO,17.7262,1.39,0.0,0.0,250,0.0,0
1771964609.7022,37.0,30.0,-27.72,PILOTING,SYS_GO,17.7523,1.39,0.0,0.0,250,0.0,0
1771964609.7387,39.0,30.0,-27.54,PILOTING,SYS_GO,17.7599,1.39,0.0,0.0,250,0.0,0
1771964609.7929,40.5,30.0,-28.1,PILOTING,SYS_GO,17.6657,1.39,0.0,0.0,250,0.0,0
1771964609.8756,35.2,30.0,-28.26,PILOTING,SYS_GO,17.6909,1.39,0.0,0.0,250,0.0,0
1771964609.9235,35.3,30.0,-28.28,PILOTING,SYS_GO,17.701,1.39,0.0,0.0,250,0.0,0
1771964610.0738,29.7,30.0,-27.95,PILOTING,SYS_GO,17.7505,1.39,0.0,0.0,250,0.0,0
1771964610.1182,35.7,30.0,-27.7,PILOTING,SYS_GO,17.7566,1.39,0.0,0.0,250,0.0,0
1771964610.2232,31.3,30.0,-27.36,PILOTING,SYS_GO,17.783,1.39,0.0,0.0,250,0.0,0
1771964610.2711,32.2,30.0,-27.84,PILOTING,SYS_GO,17.6875,1.39,0.0,0.0,250,0.0,0
1771964610.3342,31.7,30.0,-28.04,PILOTING,SYS_GO,17.6995,1.39,0.0,0.0,250,0.0,0
1771964610.3918,29.2,30.0,-28.03,PILOTING,SYS_GO,17.7185,1.39,0.0,0.0,250,0.0,0
1771964610.4385,41.2,30.0,-28.0,PILOTING,SYS_GO,17.7225,1.39,0.0,0.0,250,0.0,0
1771964610.5286,35.3,30.0,-27.75,PILOTING,SYS_GO,17.754,1.39,0.0,0.0,250,0.0,0
1771964610.5776,39.6,30.0,-27.55,PILOTING,SYS_GO,17.7604,1.39,0.0,0.0,250,0.0,0
1771964610.6749,34.8,30.0,-28.0,PILOTING,SYS_GO,17.6812,1.39,0.0,0.0,250,0.0,0
1771964610.7124,37.2,30.0,-28.21,PILOTING,SYS_GO,17.6888,1.39,0.0,0.0,250,0.0,0
1771964610.7582,34.9,30.0,-28.24,PILOTING,SYS_GO,17.7029,1.39,0.0,0.0,250,0.0,0
1771964610.8645,30.1,30.0,-28.02,PILOTING,SYS_GO,17.7368,1.39,0.0,0.0,250,0.0,0
1771964610.915,38.9,30.0,-27.85,PILOTING,SYS_GO,17.7417,1.39,0.0,0.0,250,0.0,0
1771964611.0426,33.1,30.0,-27.48,PILOTING,SYS_GO,17.7788,1.39,0.0,0.0,250,0.0,0
1771964611.0829,40.4,30.0,-27.97,PILOTING,SYS_GO,17.6791,1.39,0.0,0.0,250,0.0,0
1771964611.1383,39.2,30.0,-28.19,PILOTING,SYS_GO,17.6896,1.39,0.0,0.0,250,0.0,0
1771964611.2335,33.6,30.0,-28.09,PILOTING,SYS_GO,17.7221,1.39,0.0,0.0,250,0.0,0
1771964611.2789,36.3,30.0,-27.98,PILOTING,SYS_GO,17.7297,1.39,0.0,0.0,250,0.0,0
1771964611.3515,32.9,30.0,-27.78,PILOTING,SYS_GO,17.7487,1.39,0.0,0.0,250,0.0,0
1771964611.4162,29.6,30.0,-27.5,PILOTING,SYS_GO,17.7701,1.39,0.0,0.0,250,0.0,0
1771964611.4662,37.4,30.0,-28.03,PILOTING,SYS_GO,17.6719,1.39,0.0,0.0,250,0.0,0
1771964611.5322,33.5,30.0,-28.21,PILOTING,SYS_GO,17.6919,1.39,0.0,0.0,250,0.0,0
1771964611.5836,31.8,30.0,-28.22,PILOTING,SYS_GO,17.7063,1.39,0.0,0.0,250,0.0,0
1771964611.6316,35.4,30.0,-28.17,PILOTING,SYS_GO,17.7136,1.39,0.0,0.0,250,0.0,0
1771964611.7233,32.0,30.0,-28.01,PILOTING,SYS_GO,17.7329,1.39,0.0,0.0,250,0.0,0
1771964611.7827,29.7,30.0,-27.78,PILOTING,SYS_GO,17.7504,1.39,0.0,0.0,250,0.0,0
1771964611.832,39.6,30.0,-28.32,PILOTING,SYS_GO,17.6544,1.39,0.0,0.0,250,0.0,0
1771964611.9217,34.3,30.0,-28.45,PILOTING,SYS_GO,17.6819,1.39,0.0,0.0,250,0.0,0
1771964611.9677,40.3,30.0,-28.49,PILOTING,SYS_GO,17.6875,1.39,0.0,0.0,250,0.0,0
1771964612.0749,34.4,30.0,-28.29,PILOTING,SYS_GO,17.7208,1.39,0.0,0.0,250,0.0,0
1771964612.1199,37.8,30.0,-28.11,PILOTING,SYS_GO,17.7278,1.39,0.0,0.0,250,0.0,0
1771964612.1976,33.1,30.0,-27.82,PILOTING,SYS_GO,17.7533,1.39,0.0,0.0,250,0.0,0
1771964612.2725,29.4,30.0,-28.19,PILOTING,SYS_GO,17.6768,1.39,0.0,0.0,250,0.0,0
1771964612.3227,33.8,30.0,-28.36,PILOTING,SYS_GO,17.6839,1.39,0.0,0.0,250,0.0,0
1771964612.3726,34.1,30.0,-28.4,PILOTING,SYS_GO,17.694,1.39,0.0,0.0,250,0.0,0
1771964612.4404,30.8,30.0,-28.27,PILOTING,SYS_GO,17.7147,1.39,0.0,0.0,250,0.0,0
1771964612.4862,35.8,30.0,-28.15,PILOTING,SYS_GO,17.7211,1.39,0.0,0.0,250,0.0,0
1771964612.6095,30.5,30.0,-27.8,PILOTING,SYS_GO,17.7601,1.39,0.0,0.0,250,0.0,0
1771964612.6581,37.9,30.0,-28.27,PILOTING,SYS_GO,17.6634,1.39,0.0,0.0,250,0.0,0
1771964612.7917,32.0,30.0,-28.24,PILOTING,SYS_GO,17.7073,1.39,0.0,0.0,250,0.0,0
1771964612.8403,37.1,30.0,-28.19,PILOTING,SYS_GO,17.7136,1.39,0.0,0.0,250,0.0,0
1771964612.9079,34.2,30.0,-28.04,PILOTING,SYS_GO,17.7297,1.39,0.0,0.0,250,0.0,0
1771964612.9911,29.9,30.0,-27.75,PILOTING,SYS_GO,17.7577,1.39,0.0,0.0,250,0.0,0
1771964613.0419,36.9,30.0,-27.53,PILOTING,SYS_GO,17.7632,1.39,0.0,0.0,250,0.0,0
1771964613.1903,31.1,30.0,-27.8,PILOTING,SYS_GO,17.7081,1.39,0.0,0.0,250,0.0,0
1771964613.2381,36.5,30.0,-27.91,PILOTING,SYS_GO,17.7143,1.39,0.0,0.0,250,0.0,0
1771964613.2844,35.3,30.0,-27.9,PILOTING,SYS_GO,17.7261,1.39,0.0,0.0,250,0.0,0
1771964613.3573,31.4,30.0,-27.73,PILOTING,SYS_GO,17.7486,1.39,0.0,0.0,250,0.0,0
1771964613.4106,32.2,30.0,-27.56,PILOTING,SYS_GO,17.7587,1.39,0.0,0.0,250,0.0,0
1771964613.4942,28.5,30.0,-27.26,PILOTING,SYS_GO,17.7858,1.39,0.0,0.0,250,0.0,0
1771964613.542,32.2,30.0,-27.78,PILOTING,SYS_GO,17.6875,1.39,0.0,0.0,250,0.0,0
1771964613.6342,28.1,30.0,-27.87,PILOTING,SYS_GO,17.7188,1.39,0.0,0.0,250,0.0,0
1771964613.6791,36.6,30.0,-27.89,PILOTING,SYS_GO,17.7239,1.39,0.0,0.0,250,0.0,0
1771964613.8012,31.1,30.0,-27.62,PILOTING,SYS_GO,17.7636,1.39,0.0,0.0,250,0.0,0
1771964613.8518,35.2,30.0,-27.4,PILOTING,SYS_GO,17.7705,1.39,0.0,0.0,250,0.0,0
1771964613.971,30.2,30.0,-27.01,PILOTING,SYS_GO,17.8072,1.39,0.0,0.0,250,0.0,0
1771964614.0147,38.3,30.0,-27.52,PILOTING,SYS_GO,17.7032,1.39,0.0,0.0,250,0.0,0
1771964614.0859,35.1,30.0,-27.71,PILOTING,SYS_GO,17.7195,1.39,0.0,0.0,250,0.0,0
1771964614.1521,31.6,30.0,-27.68,PILOTING,SYS_GO,17.74,1.39,0.0,0.0,250,0.0,0
1771964614.1987,33.6,30.0,-27.6,PILOTING,SYS_GO,17.7486,1.39,0.0,0.0,250,0.0,0
1771964614.3045,28.9,30.0,-27.29,PILOTING,SYS_GO,17.7842,1.39,0.0,0.0,250,0.0,0
1771964614.3515,32.0,30.0,-27.05,PILOTING,SYS_GO,17.7923,1.39,0.0,0.0,250,0.0,0
1771964614.411,29.8,30.0,-27.55,PILOTING,SYS_GO,17.7029,1.39,0.0,0.0,250,0.0,0
1771964614.4874,26.6,30.0,-27.66,PILOTING,SYS_GO,17.729,1.39,0.0,0.0,250,0.0,0
1771964614.5326,40.7,30.0,-27.7,PILOTING,SYS_GO,17.7327,1.39,0.0,0.0,250,0.0,0
1771964614.6287,34.9,30.0,-27.5,PILOTING,SYS_GO,17.7636,1.39,0.0,0.0,250,0.0,0
1771964614.6715,35.3,30.0,-27.31,PILOTING,SYS_GO,17.7733,1.39,0.0,0.0,250,0.0,0
1771964614.7372,36.1,30.0,-27.13,PILOTING,SYS_GO,17.7825,1.39,0.0,0.0,250,0.0,0
1771964614.8071,32.5,30.0,-27.64,PILOTING,SYS_GO,17.6972,1.39,0.0,0.0,250,0.0,0
1771964614.8518,32.1,30.0,-27.85,PILOTING,SYS_GO,17.709,1.39,0.0,0.0,250,0.0,0
1771964614.9429,28.3,30.0,-27.79,PILOTING,SYS_GO,17.7358,1.39,0.0,0.0,250,0.0,0
1771964614.9895,30.9,30.0,-27.7,PILOTING,SYS_GO,17.7446,1.39,0.0,0.0,250,0.0,0
1771964615.0945,27.0,30.0,-27.41,PILOTING,SYS_GO,17.7764,1.39,0.0,0.0,250,0.0,0
1771964615.1402,28.5,30.0,-27.16,PILOTING,SYS_GO,17.7868,1.39,0.0,0.0,250,0.0,0
1771964615.2324,25.2,30.0,-27.55,PILOTING,SYS_GO,17.7114,1.39,0.0,0.0,250,0.0,0
1771964615.279,39.2,30.0,-27.76,PILOTING,SYS_GO,17.7151,1.39,0.0,0.0,250,0.0,0
1771964615.401,33.1,30.0,-27.6,PILOTING,SYS_GO,17.7552,1.39,0.0,0.0,250,0.0,0
1771964615.4482,37.0,30.0,-27.45,PILOTING,SYS_GO,17.762,1.39,0.0,0.0,250,0.0,0
1771964615.5374,32.0,30.0,-27.14,PILOTING,SYS_GO,17.7928,1.39,0.0,0.0,250,0.0,0
1771964615.584,42.5,30.0,-26.93,PILOTING,SYS_GO,17.7971,1.39,0.0,0.0,250,0.0,0
1771964615.6756,36.5,30.0,-27.36,PILOTING,SYS_GO,17.7182,1.39,0.0,0.0,250,0.0,0
1771964615.725,37.5,30.0,-27.56,PILOTING,SYS_GO,17.7269,1.39,0.0,0.0,250,0.0,0
1771964615.8275,32.2,30.0,-27.45,PILOTING,SYS_GO,17.7597,1.39,0.0,0.0,250,0.0,0
1771964615.873,32.6,30.0,-27.3,PILOTING,SYS_GO,17.7701,1.39,0.0,0.0,250,0.0,0
1771964615.9185,33.1,30.0,-27.14,PILOTING,SYS_GO,17.7804,1.39,0.0,0.0,250,0.0,0
1771964615.9935,29.3,30.0,-26.86,PILOTING,SYS_GO,17.8059,1.39,0.0,0.0,250,0.0,0
1771964616.0398,35.1,30.0,-27.43,PILOTING,SYS_GO,17.7032,1.39,0.0,0.0,250,0.0,0
1771964616.1622,30.0,30.0,-27.5,PILOTING,SYS_GO,17.7415,1.39,0.0,0.0,250,0.0,0
1771964616.2117,39.1,30.0,-27.51,PILOTING,SYS_GO,17.7463,1.39,0.0,0.0,250,0.0,0
1771964616.3283,33.2,30.0,-27.25,PILOTING,SYS_GO,17.7826,1.39,0.0,0.0,250,0.0,0
1771964616.374,34.4,30.0,-27.03,PILOTING,SYS_GO,17.7918,1.39,0.0,0.0,250,0.0,0
1771964616.4653,30.0,30.0,-26.69,PILOTING,SYS_GO,17.8209,1.39,0.0,0.0,250,0.0,0
1771964616.5109,37.3,30.0,-27.24,PILOTING,SYS_GO,17.7152,1.39,0.0,0.0,250,0.0,0
1771964616.6335,31.5,30.0,-27.27,PILOTING,SYS_GO,17.7582,1.39,0.0,0.0,250,0.0,0
1771964616.6824,41.8,30.0,-27.25,PILOTING,SYS_GO,17.7625,1.39,0.0,0.0,250,0.0,0
1771964616.7294,41.8,30.0,-27.18,PILOTING,SYS_GO,17.7711,1.39,0.0,0.0,250,0.0,0
1771964616.8334,35.7,30.0,-26.91,PILOTING,SYS_GO,17.8028,1.39,0.0,0.0,250,0.0,0
1771964616.8812,35.3,30.0,-26.67,PILOTING,SYS_GO,17.8135,1.39,0.0,0.0,250,0.0,0
1771964616.9872,30.5,30.0,-27.08,PILOTING,SYS_GO,17.7357,1.39,0.0,0.0,250,0.0,0
1771964617.0328,29.0,30.0,-27.22,PILOTING,SYS_GO,17.7511,1.39,0.0,0.0,250,0.0,0
1771964617.1266,25.7,30.0,-27.1,PILOTING,SYS_GO,17.7801,1.39,0.0,0.0,250,0.0,0
1771964617.1876,24.9,30.0,-26.9,PILOTING,SYS_GO,17.7967,1.39,0.0,0.0,250,0.0,0
1771964617.2494,24.1,30.0,-26.66,PILOTING,SYS_GO,17.8141,1.39,0.0,0.0,250,0.0,0
1771964617.3402,21.7,30.0,-26.31,PILOTING,SYS_GO,17.8432,1.39,0.0,0.0,250,0.0,0
1771964617.3941,25.1,30.0,-26.85,PILOTING,SYS_GO,17.7381,1.39,0.0,0.0,250,0.0,0
1771964617.507,22.0,30.0,-26.91,PILOTING,SYS_GO,17.7754,1.39,0.0,0.0,250,0.0,0
1771964617.5535,35.7,30.0,-26.91,PILOTING,SYS_GO,17.7793,1.39,0.0,0.0,250,0.0,0
1771964617.6597,30.7,30.0,-26.68,PILOTING,SYS_GO,17.8124,1.39,0.0,0.0,250,0.0,0
1771964617.7049,33.7,30.0,-26.48,PILOTING,SYS_GO,17.8203,1.39,0.0,0.0,250,0.0,0
1771964617.8272,28.7,30.0,-26.08,PILOTING,SYS_GO,17.8608,1.39,0.0,0.0,250,0.0,0
1771964617.8791,31.5,30.0,-26.61,PILOTING,SYS_GO,17.7521,1.39,0.0,0.0,250,0.0,0
1771964617.9803,27.3,30.0,-26.68,PILOTING,SYS_GO,17.7867,1.39,0.0,0.0,250,0.0,0
1771964618.0272,41.3,30.0,-26.7,PILOTING,SYS_GO,17.7904,1.39,0.0,0.0,250,0.0,0
1771964618.1356,35.1,30.0,-26.46,PILOTING,SYS_GO,17.8248,1.39,0.0,0.0,250,0.0,0
1771964618.1822,44.1,30.0,-26.29,PILOTING,SYS_GO,17.8293,1.39,0.0,0.0,250,0.0,0
1771964618.2874,37.2,30.0,-25.92,PILOTING,SYS_GO,17.8664,1.39,0.0,0.0,250,0.0,0
1771964618.3353,39.5,30.0,-26.49,PILOTING,SYS_GO,17.7558,1.39,0.0,0.0,250,0.0,0
1771964618.4812,33.2,30.0,-26.51,PILOTING,SYS_GO,17.8002,1.39,0.0,0.0,250,0.0,0
1771964618.5184,36.7,30.0,-26.48,PILOTING,SYS_GO,17.8073,1.39,0.0,0.0,250,0.0,0
1771964618.5801,33.6,30.0,-26.33,PILOTING,SYS_GO,17.8242,1.39,0.0,0.0,250,0.0,0
1771964618.657,29.9,30.0,-26.08,PILOTING,SYS_GO,17.848,1.39,0.0,0.0,250,0.0,0
1771964618.7083,32.6,30.0,-25.87,PILOTING,SYS_GO,17.8563,1.39,0.0,0.0,250,0.0,0
1771964618.8252,28.0,30.0,-26.3,PILOTING,SYS_GO,17.7779,1.39,0.0,0.0,250,0.0,0
1771964618.8705,36.3,30.0,-26.52,PILOTING,SYS_GO,17.783,1.39,0.0,0.0,250,0.0,0
1771964618.9801,31.1,30.0,-26.41,PILOTING,SYS_GO,17.8176,1.39,0.0,0.0,250,0.0,0
1771964619.027,37.7,30.0,-26.3,PILOTING,SYS_GO,17.8232,1.39,0.0,0.0,250,0.0,0
1771964619.1624,31.8,30.0,-25.92,PILOTING,SYS_GO,17.8672,1.39,0.0,0.0,250,0.0,0
1771964619.2083,44.4,30.0,-25.67,PILOTING,SYS_GO,17.871,1.39,0.0,0.0,250,0.0,0
1771964619.3322,37.4,30.0,-26.09,PILOTING,SYS_GO,17.7901,1.39,0.0,0.0,250,0.0,0
1771964619.3817,48.3,30.0,-26.32,PILOTING,SYS_GO,17.7941,1.39,0.0,0.0,250,0.0,0
1771964619.4853,40.8,30.0,-26.22,PILOTING,SYS_GO,17.8268,1.39,0.0,0.0,250,0.0,0
1771964619.5291,48.2,30.0,-26.13,PILOTING,SYS_GO,17.8314,1.39,0.0,0.0,250,0.0,0
1771964619.5837,44.3,30.0,-25.98,PILOTING,SYS_GO,17.8441,1.39,0.0,0.0,250,0.0,0
1771964619.6649,38.3,30.0,-25.72,PILOTING,SYS_GO,17.8691,1.39,0.0,0.0,250,0.0,0
1771964619.7112,35.3,30.0,-26.29,PILOTING,SYS_GO,17.7662,1.39,0.0,0.0,250,0.0,0
1771964619.8032,30.5,30.0,-26.41,PILOTING,SYS_GO,17.7981,1.39,0.0,0.0,250,0.0,0
1771964619.856,33.9,30.0,-26.43,PILOTING,SYS_GO,17.8057,1.39,0.0,0.0,250,0.0,0
1771964619.9464,29.7,30.0,-26.24,PILOTING,SYS_GO,17.8337,1.39,0.0,0.0,250,0.0,0
1771964619.9855,29.3,30.0,-26.03,PILOTING,SYS_GO,17.8467,1.39,0.0,0.0,250,0.0,0
1771964620.032,32.2,30.0,-25.85,PILOTING,SYS_GO,17.8548,1.39,0.0,0.0,250,0.0,0
1771964620.1383,27.9,30.0,-26.32,PILOTING,SYS_GO,17.7735,1.39,0.0,0.0,250,0.0,0
1771964620.1862,39.6,30.0,-26.57,PILOTING,SYS_GO,17.7777,1.39,0.0,0.0,250,0.0,0
1771964620.2781,34.0,30.0,-26.5,PILOTING,SYS_GO,17.8093,1.39,0.0,0.0,250,0.0,0
1771964620.3223,47.0,30.0,-26.43,PILOTING,SYS_GO,17.813,1.39,0.0,0.0,250,0.0,0
1771964620.3709,42.9,30.0,-26.29,PILOTING,SYS_GO,17.8265,1.39,0.0,0.0,250,0.0,0
1771964620.4594,37.0,30.0,-26.01,PILOTING,SYS_GO,17.8534,1.39,0.0,0.0,250,0.0,0
1771964620.5087,36.7,30.0,-26.6,PILOTING,SYS_GO,17.7476,1.39,0.0,0.0,250,0.0,0
1771964620.5819,32.2,30.0,-26.78,PILOTING,SYS_GO,17.7725,1.39,0.0,0.0,250,0.0,0
1771964620.6305,38.9,30.0,-26.85,PILOTING,SYS_GO,17.778,1.39,0.0,0.0,250,0.0,0
1771964620.7196,33.7,30.0,-26.69,PILOTING,SYS_GO,17.8058,1.39,0.0,0.0,250,0.0,0
1771964620.7706,41.4,30.0,-26.56,PILOTING,SYS_GO,17.8108,1.39,0.0,0.0,250,0.0,0
1771964620.8872,35.1,30.0,-26.22,PILOTING,SYS_GO,17.8471,1.39,0.0,0.0,250,0.0,0
1771964620.9325,33.2,30.0,-26.74,PILOTING,SYS_GO,17.7461,1.39,0.0,0.0,250,0.0,0
1771964620.9838,41.2,30.0,-27.02,PILOTING,SYS_GO,17.751,1.39,0.0,0.0,250,0.0,0
1771964621.0708,35.3,30.0,-26.96,PILOTING,SYS_GO,17.7816,1.39,0.0,0.0,250,0.0,0
1771964621.1204,48.1,30.0,-26.9,PILOTING,SYS_GO,17.7853,1.39,0.0,0.0,250,0.0,0
1771964621.2102,41.0,30.0,-26.66,PILOTING,SYS_GO,17.8139,1.39,0.0,0.0,250,0.0,0
1771964621.2561,47.4,30.0,-26.48,PILOTING,SYS_GO,17.8189,1.39,0.0,0.0,250,0.0,0
1771964621.3473,40.2,30.0,-26.94,PILOTING,SYS_GO,17.7399,1.39,0.0,0.0,250,0.0,0
1771964621.3919,48.3,30.0,-27.19,PILOTING,SYS_GO,17.7444,1.39,0.0,0.0,250,0.0,0
1771964621.5068,40.8,30.0,-27.09,PILOTING,SYS_GO,17.7783,1.39,0.0,0.0,250,0.0,0
1771964621.5457,40.4,30.0,-26.96,PILOTING,SYS_GO,17.7875,1.39,0.0,0.0,250,0.0,0
1771964621.5918,38.4,30.0,-26.8,PILOTING,SYS_GO,17.7993,1.39,0.0,0.0,250,0.0,0
1771964621.6818,33.2,30.0,-26.5,PILOTING,SYS_GO,17.8284,1.39,0.0,0.0,250,0.0,0
1771964621.7304,43.8,30.0,-27.09,PILOTING,SYS_GO,17.7203,1.39,0.0,0.0,250,0.0,0
1771964621.8333,37.1,30.0,-27.2,PILOTING,SYS_GO,17.7555,1.39,0.0,0.0,250,0.0,0
1771964621.8804,47.3,30.0,-27.23,PILOTING,SYS_GO,17.7596,1.39,0.0,0.0,250,0.0,0
1771964621.9834,40.0,30.0,-27.01,PILOTING,SYS_GO,17.7921,1.39,0.0,0.0,250,0.0,0
1771964622.0307,39.6,30.0,-26.82,PILOTING,SYS_GO,17.8015,1.39,0.0,0.0,250,0.0,0
1771964622.1683,33.2,30.0,-26.36,PILOTING,SYS_GO,17.8489,1.39,0.0,0.0,250,0.0,0
1771964622.2155,39.6,30.0,-26.88,PILOTING,SYS_GO,17.7391,1.39,0.0,0.0,250,0.0,0
1771964622.3201,33.9,30.0,-26.94,PILOTING,SYS_GO,17.7724,1.39,0.0,0.0,250,0.0,0
1771964622.3736,43.5,30.0,-26.95,PILOTING,SYS_GO,17.7768,1.39,0.0,0.0,250,0.0,0
1771964622.4164,43.7,30.0,-26.9,PILOTING,SYS_GO,17.7849,1.39,0.0,0.0,250,0.0,0
1771964622.5031,37.5,30.0,-26.66,PILOTING,SYS_GO,17.8137,1.39,0.0,0.0,250,0.0,0
1771964622.5494,44.3,30.0,-26.48,PILOTING,SYS_GO,17.8187,1.39,0.0,0.0,250,0.0,0
1771964622.657,37.5,30.0,-26.92,PILOTING,SYS_GO,17.7426,1.39,0.0,0.0,250,0.0,0
1771964622.7025,49.3,30.0,-27.16,PILOTING,SYS_GO,17.7463,1.39,0.0,0.0,250,0.0,0
1771964622.8092,41.6,30.0,-27.06,PILOTING,SYS_GO,17.7798,1.39,0.0,0.0,250,0.0,0
1771964622.8568,46.1,30.0,-26.96,PILOTING,SYS_GO,17.7854,1.39,0.0,0.0,250,0.0,0
1771964622.931,39.8,30.0,-26.73,PILOTING,SYS_GO,17.8098,1.39,0.0,0.0,250,0.0,0
1771964622.9779,39.8,30.0,-26.52,PILOTING,SYS_GO,17.8188,1.39,0.0,0.0,250,0.0,0
1771964623.0693,34.3,30.0,-26.98,PILOTING,SYS_GO,17.7378,1.39,0.0,0.0,250,0.0,0
1771964623.1161,34.4,30.0,-27.18,PILOTING,SYS_GO,17.7482,1.39,0.0,0.0,250,0.0,0
1771964623.2127,30.3,30.0,-27.12,PILOTING,SYS_GO,17.7735,1.39,0.0,0.0,250,0.0,0
1771964623.2687,28.8,30.0,-26.97,PILOTING,SYS_GO,17.7893,1.39,0.0,0.0,250,0.0,0
1771964623.3172,31.3,30.0,-26.82,PILOTING,SYS_GO,17.798,1.39,0.0,0.0,250,0.0,0
1771964623.436,27.0,30.0,-26.46,PILOTING,SYS_GO,17.8354,1.39,0.0,0.0,250,0.0,0
1771964623.4824,28.0,30.0,-26.97,PILOTING,SYS_GO,17.7333,1.39,0.0,0.0,250,0.0,0
1771964623.5273,32.1,30.0,-27.23,PILOTING,SYS_GO,17.7407,1.39,0.0,0.0,250,0.0,0
1771964623.6192,28.1,30.0,-27.17,PILOTING,SYS_GO,17.7703,1.39,0.0,0.0,250,0.0,0
1771964623.6755,30.2,30.0,-27.07,PILOTING,SYS_GO,17.7796,1.39,0.0,0.0,250,0.0,0
1771964623.7717,26.4,30.0,-26.78,PILOTING,SYS_GO,17.8117,1.39,0.0,0.0,250,0.0,0
1771964623.817,37.1,30.0,-26.57,PILOTING,SYS_GO,17.8162,1.39,0.0,0.0,250,0.0,0
1771964623.9383,31.4,30.0,-26.95,PILOTING,SYS_GO,17.7466,1.39,0.0,0.0,250,0.0,0
1771964623.9845,36.5,30.0,-27.13,PILOTING,SYS_GO,17.7529,1.39,0.0,0.0,250,0.0,0
1771964624.0341,36.5,30.0,-27.16,PILOTING,SYS_GO,17.7628,1.39,0.0,0.0,250,0.0,0
1771964624.1351,31.2,30.0,-26.93,PILOTING,SYS_GO,17.7986,1.39,0.0,0.0,250,0.0,0
1771964624.182,42.4,30.0,-26.76,PILOTING,SYS_GO,17.8027,1.39,0.0,0.0,250,0.0,0
1771964624.3023,35.8,30.0,-26.38,PILOTING,SYS_GO,17.841,1.39,0.0,0.0,250,0.0,0
1771964624.3483,42.5,30.0,-26.94,PILOTING,SYS_GO,17.732,1.39,0.0,0.0,250,0.0,0
1771964624.4547,36.0,30.0,-27.01,PILOTING,SYS_GO,17.7686,1.39,0.0,0.0,250,0.0,0
1771964624.506,46.5,30.0,-27.02,PILOTING,SYS_GO,17.7727,1.39,0.0,0.0,250,0.0,0
1771964624.6071,39.5,30.0,-26.8,PILOTING,SYS_GO,17.8046,1.39,0.0,0.0,250,0.0,0
1771964624.6538,51.0,30.0,-26.64,PILOTING,SYS_GO,17.8083,1.39,0.0,0.0,250,0.0,0
1771964624.7607,43.0,30.0,-26.31,PILOTING,SYS_GO,17.8417,1.39,0.0,0.0,250,0.0,0
1771964624.8157,40.0,30.0,-26.84,PILOTING,SYS_GO,17.7402,1.39,0.0,0.0,250,0.0,0
1771964624.9472,33.7,30.0,-26.84,PILOTING,SYS_GO,17.783,1.39,0.0,0.0,250,0.0,0
1771964624.9959,35.5,30.0,-26.79,PILOTING,SYS_GO,17.7914,1.39,0.0,0.0,250,0.0,0
1771964625.0404,35.0,30.0,-26.68,PILOTING,SYS_GO,17.8024,1.39,0.0,0.0,250,0.0,0
1771964625.1296,30.3,30.0,-26.39,PILOTING,SYS_GO,17.833,1.39,0.0,0.0,250,0.0,0
1771964625.1753,42.6,30.0,-26.19,PILOTING,SYS_GO,17.8369,1.39,0.0,0.0,250,0.0,0
1771964625.2818,36.0,30.0,-26.61,PILOTING,SYS_GO,17.7612,1.39,0.0,0.0,250,0.0,0
1771964625.3297,44.5,30.0,-26.84,PILOTING,SYS_GO,17.7658,1.39,0.0,0.0,250,0.0,0
1771964625.4638,37.1,30.0,-26.63,PILOTING,SYS_GO,17.8133,1.39,0.0,0.0,250,0.0,0
1771964625.5099,49.1,30.0,-26.47,PILOTING,SYS_GO,17.817,1.39,0.0,0.0,250,0.0,0
1771964625.6162,41.4,30.0,-26.15,PILOTING,SYS_GO,17.85,1.39,0.0,0.0,250,0.0,0
1771964625.6662,45.4,30.0,-25.91,PILOTING,SYS_GO,17.8559,1.39,0.0,0.0,250,0.0,0
1771964625.7521,38.9,30.0,-26.4,PILOTING,SYS_GO,17.7677,1.39,0.0,0.0,250,0.0,0
1771964625.7976,48.2,30.0,-26.66,PILOTING,SYS_GO,17.772,1.39,0.0,0.0,250,0.0,0
1771964625.8613,42.7,30.0,-26.69,PILOTING,SYS_GO,17.7892,1.39,0.0,0.0,250,0.0,0
1771964625.981,36.0,30.0,-26.43,PILOTING,SYS_GO,17.8288,1.39,0.0,0.0,250,0.0,0
1771964626.0315,42.2,30.0,-26.24,PILOTING,SYS_GO,17.8341,1.39,0.0,0.0,250,0.0,0
1771964626.1185,36.4,30.0,-25.92,PILOTING,SYS_GO,17.8615,1.39,0.0,0.0,250,0.0,0
1771964626.1667,48.5,30.0,-26.55,PILOTING,SYS_GO,17.748,1.39,0.0,0.0,250,0.0,0
1771964626.2718,41.0,30.0,-26.68,PILOTING,SYS_GO,17.7818,1.39,0.0,0.0,250,0.0,0
1771964626.3195,41.4,30.0,-26.7,PILOTING,SYS_GO,17.7901,1.39,0.0,0.0,250,0.0,0
1771964626.3748,39.2,30.0,-26.63,PILOTING,SYS_GO,17.802,1.39,0.0,0.0,250,0.0,0
1771964626.4561,33.9,30.0,-26.38,PILOTING,SYS_GO,17.8297,1.39,0.0,0.0,250,0.0,0
1771964626.5064,34.8,30.0,-26.17,PILOTING,SYS_GO,17.8391,1.39,0.0,0.0,250,0.0,0
1771964626.6074,30.2,30.0,-26.64,PILOTING,SYS_GO,17.7562,1.39,0.0,0.0,250,0.0,0
1771964626.6542,33.3,30.0,-26.86,PILOTING,SYS_GO,17.764,1.39,0.0,0.0,250,0.0,0
1771964626.7598,28.9,30.0,-26.76,PILOTING,SYS_GO,17.7967,1.39,0.0,0.0,250,0.0,0
1771964626.8059,29.1,30.0,-26.62,PILOTING,SYS_GO,17.8086,1.39,0.0,0.0,250,0.0,0
1771964626.8973,25.8,30.0,-26.32,PILOTING,SYS_GO,17.8374,1.39,0.0,0.0,250,0.0,0
1771964626.9438,30.6,30.0,-26.1,PILOTING,SYS_GO,17.8446,1.39,0.0,0.0,250,0.0,0
1771964627.034,27.1,30.0,-26.58,PILOTING,SYS_GO,17.7576,1.39,0.0,0.0,250,0.0,0
1771964627.0791,35.2,30.0,-26.84,PILOTING,SYS_GO,17.7629,1.39,0.0,0.0,250,0.0,0
1771964627.1849,30.1,30.0,-26.72,PILOTING,SYS_GO,17.7998,1.39,0.0,0.0,250,0.0,0
1771964627.2302,30.3,30.0,-26.57,PILOTING,SYS_GO,17.8114,1.39,0.0,0.0,250,0.0,0
1771964627.2774,33.7,30.0,-26.43,PILOTING,SYS_GO,17.819,1.39,0.0,0.0,250,0.0,0
1771964627.3974,28.8,30.0,-26.06,PILOTING,SYS_GO,17.8589,1.39,0.0,0.0,250,0.0,0
1771964627.4431,31.9,30.0,-26.61,PILOTING,SYS_GO,17.7502,1.39,0.0,0.0,250,0.0,0
1771964627.4887,35.8,30.0,-26.9,PILOTING,SYS_GO,17.7572,1.39,0.0,0.0,250,0.0,0
1771964627.5516,32.2,30.0,-26.92,PILOTING,SYS_GO,17.7774,1.39,0.0,0.0,250,0.0,0
1771964627.5963,38.7,30.0,-26.9,PILOTING,SYS_GO,17.783,1.39,0.0,0.0,250,0.0,0
1771964627.673,33.7,30.0,-26.69,PILOTING,SYS_GO,17.8088,1.39,0.0,0.0,250,0.0,0
1771964627.7188,33.5,30.0,-26.5,PILOTING,SYS_GO,17.8198,1.39,0.0,0.0,250,0.0,0
1771964627.7659,32.9,30.0,-27.09,PILOTING,SYS_GO,17.7206,1.39,0.0,0.0,250,0.0,0
1771964627.856,29.0,30.0,-27.25,PILOTING,SYS_GO,17.7483,1.39,0.0,0.0,250,0.0,0
1771964627.9015,38.1,30.0,-27.31,PILOTING,SYS_GO,17.7531,1.39,0.0,0.0,250,0.0,0
1771964628.0068,32.7,30.0,-27.11,PILOTING,SYS_GO,17.7856,1.39,0.0,0.0,250,0.0,0
1771964628.0523,42.7,30.0,-26.96,PILOTING,SYS_GO,17.79,1.39,0.0,0.0,250,0.0,0
1771964628.1433,36.6,30.0,-26.65,PILOTING,SYS_GO,17.8199,1.39,0.0,0.0,250,0.0,0
1771964628.1946,46.6,30.0,-27.23,PILOTING,SYS_GO,17.7131,1.39,0.0,0.0,250,0.0,0
1771964628.2967,39.4,30.0,-27.34,PILOTING,SYS_GO,17.7476,1.39,0.0,0.0,250,0.0,0
1771964628.3463,50.1,30.0,-27.37,PILOTING,SYS_GO,17.7515,1.39,0.0,0.0,250,0.0,0
1771964628.4628,41.9,30.0,-27.11,PILOTING,SYS_GO,17.7914,1.39,0.0,0.0,250,0.0,0
1771964628.5114,52.4,30.0,-26.92,PILOTING,SYS_GO,17.7952,1.39,0.0,0.0,250,0.0,0
1771964628.6142,44.2,30.0,-26.57,PILOTING,SYS_GO,17.8276,1.39,0.0,0.0,250,0.0,0
1771964628.6597,56.6,30.0,-27.15,PILOTING,SYS_GO,17.7188,1.39,0.0,0.0,250,0.0,0
1771964628.751,47.9,30.0,-27.3,PILOTING,SYS_GO,17.7462,1.39,0.0,0.0,250,0.0,0
1771964628.8001,48.6,30.0,-27.33,PILOTING,SYS_GO,17.7532,1.39,0.0,0.0,250,0.0,0
1771964628.8903,41.3,30.0,-27.14,PILOTING,SYS_GO,17.7831,1.39,0.0,0.0,250,0.0,0
1771964628.9408,44.9,30.0,-26.98,PILOTING,SYS_GO,17.7892,1.39,0.0,0.0,250,0.0,0
1771964629.0739,37.7,30.0,-26.59,PILOTING,SYS_GO,17.8313,1.39,0.0,0.0,250,0.0,0
1771964629.1207,47.2,30.0,-27.13,PILOTING,SYS_GO,17.7228,1.39,0.0,0.0,250,0.0,0
1771964629.2579,39.4,30.0,-27.13,PILOTING,SYS_GO,17.767,1.39,0.0,0.0,250,0.0,0
1771964629.3039,49.5,30.0,-27.11,PILOTING,SYS_GO,17.771,1.39,0.0,0.0,250,0.0,0
1771964629.3953,42.1,30.0,-26.89,PILOTING,SYS_GO,17.7995,1.39,0.0,0.0,250,0.0,0
1771964629.443,47.5,30.0,-26.72,PILOTING,SYS_GO,17.8048,1.39,0.0,0.0,250,0.0,0
1771964629.5325,40.7,30.0,-26.43,PILOTING,SYS_GO,17.8316,1.39,0.0,0.0,250,0.0,0
1771964629.5836,40.1,30.0,-26.99,PILOTING,SYS_GO,17.7283,1.39,0.0,0.0,250,0.0,0
1771964629.6549,35.5,30.0,-27.18,PILOTING,SYS_GO,17.7497,1.39,0.0,0.0,250,0.0,0
1771964629.7002,37.3,30.0,-27.23,PILOTING,SYS_GO,17.7577,1.39,0.0,0.0,250,0.0,0
1771964629.7763,32.8,30.0,-27.09,PILOTING,SYS_GO,17.7819,1.39,0.0,0.0,250,0.0,0
1771964629.8354,40.2,30.0,-26.97,PILOTING,SYS_GO,17.7871,1.39,0.0,0.0,250,0.0,0
1771964629.8988,35.8,30.0,-26.75,PILOTING,SYS_GO,17.8069,1.39,0.0,0.0,250,0.0,0
1771964629.9463,42.5,30.0,-27.37,PILOTING,SYS_GO,17.703,1.39,0.0,0.0,250,0.0,0
1771964630.0214,36.8,30.0,-27.55,PILOTING,SYS_GO,17.7291,1.39,0.0,0.0,250,0.0,0
1771964630.0737,49.4,30.0,-27.63,PILOTING,SYS_GO,17.7327,1.39,0.0,0.0,250,0.0,0
1771964630.1722,41.6,30.0,-27.43,PILOTING,SYS_GO,17.7674,1.39,0.0,0.0,250,0.0,0
1771964630.2189,44.9,30.0,-27.27,PILOTING,SYS_GO,17.7736,1.39,0.0,0.0,250,0.0,0
1771964630.299,39.3,30.0,-27.02,PILOTING,SYS_GO,17.7948,1.39,0.0,0.0,250,0.0,0
1771964630.3456,42.2,30.0,-27.59,PILOTING,SYS_GO,17.6943,1.39,0.0,0.0,250,0.0,0
1771964630.4434,36.7,30.0,-27.76,PILOTING,SYS_GO,17.7187,1.39,0.0,0.0,250,0.0,0
1771964630.481,47.3,30.0,-27.83,PILOTING,SYS_GO,17.7227,1.39,0.0,0.0,250,0.0,0
1771964630.5263,45.9,30.0,-27.81,PILOTING,SYS_GO,17.7317,1.39,0.0,0.0,250,0.0,0
1771964630.601,39.9,30.0,-27.64,PILOTING,SYS_GO,17.7541,1.39,0.0,0.0,250,0.0,0
1771964630.6471,42.9,30.0,-27.49,PILOTING,SYS_GO,17.7607,1.39,0.0,0.0,250,0.0,0
1771964630.7373,36.7,30.0,-27.91,PILOTING,SYS_GO,17.6885,1.39,0.0,0.0,250,0.0,0
1771964630.7825,48.4,30.0,-28.13,PILOTING,SYS_GO,17.6923,1.39,0.0,0.0,250,0.0,0
1771964630.8893,40.9,30.0,-28.04,PILOTING,SYS_GO,17.7249,1.39,0.0,0.0,250,0.0,0
1771964630.9343,47.4,30.0,-27.95,PILOTING,SYS_GO,17.7298,1.39,0.0,0.0,250,0.0,0
1771964631.0267,40.4,30.0,-27.68,PILOTING,SYS_GO,17.7592,1.39,0.0,0.0,250,0.0,0
1771964631.0801,50.2,30.0,-27.49,PILOTING,SYS_GO,17.7632,1.39,0.0,0.0,250,0.0,0
1771964631.1636,42.7,30.0,-27.91,PILOTING,SYS_GO,17.689,1.39,0.0,0.0,250,0.0,0
1771964631.2095,53.1,30.0,-28.13,PILOTING,SYS_GO,17.6928,1.39,0.0,0.0,250,0.0,0
1771964631.2856,45.5,30.0,-28.1,PILOTING,SYS_GO,17.7168,1.39,0.0,0.0,250,0.0,0
1771964631.3322,45.2,30.0,-28.02,PILOTING,SYS_GO,17.7249,1.39,0.0,0.0,250,0.0,0
1771964631.4081,39.6,30.0,-27.82,PILOTING,SYS_GO,17.7464,1.39,0.0,0.0,250,0.0,0
1771964631.4687,35.1,30.0,-27.54,PILOTING,SYS_GO,17.7674,1.39,0.0,0.0,250,0.0,0
1771964631.5152,44.2,30.0,-28.08,PILOTING,SYS_GO,17.6688,1.39,0.0,0.0,250,0.0,0
1771964631.622,37.5,30.0,-28.17,PILOTING,SYS_GO,17.7021,1.39,0.0,0.0,250,0.0,0
1771964631.6674,42.0,30.0,-28.18,PILOTING,SYS_GO,17.7081,1.39,0.0,0.0,250,0.0,0
1771964631.7661,36.4,30.0,-28.0,PILOTING,SYS_GO,17.7337,1.39,0.0,0.0,250,0.0,0
1771964631.8079,43.8,30.0,-27.86,PILOTING,SYS_GO,17.7386,1.39,0.0,0.0,250,0.0,0
1771964631.8511,42.2,30.0,-27.71,PILOTING,SYS_GO,17.7487,1.39,0.0,0.0,250,0.0,0
1771964631.9281,36.9,30.0,-28.16,PILOTING,SYS_GO,17.6711,1.39,0.0,0.0,250,0.0,0
1771964631.9919,37.3,30.0,-28.37,PILOTING,SYS_GO,17.6803,1.39,0.0,0.0,250,0.0,0
1771964632.0662,33.2,30.0,-28.34,PILOTING,SYS_GO,17.702,1.39,0.0,0.0,250,0.0,0
1771964632.1118,35.8,30.0,-28.27,PILOTING,SYS_GO,17.7098,1.39,0.0,0.0,250,0.0,0
1771964632.2033,31.1,30.0,-28.02,PILOTING,SYS_GO,17.739,1.39,0.0,0.0,250,0.0,0
1771964632.2509,37.6,30.0,-27.83,PILOTING,SYS_GO,17.7447,1.39,0.0,0.0,250,0.0,0
1771964632.3728,31.7,30.0,-28.12,PILOTING,SYS_GO,17.6881,1.39,0.0,0.0,250,0.0,0
1771964632.4192,36.2,30.0,-28.24,PILOTING,SYS_GO,17.6948,1.39,0.0,0.0,250,0.0,0
1771964632.4807,32.8,30.0,-28.19,PILOTING,SYS_GO,17.7133,1.39,0.0,0.0,250,0.0,0
1771964632.5724,28.7,30.0,-27.94,PILOTING,SYS_GO,17.7432,1.39,0.0,0.0,250,0.0,0
1771964632.6206,32.0,30.0,-27.74,PILOTING,SYS_GO,17.7512,1.39,0.0,0.0,250,0.0,0
1771964632.7096,28.0,30.0,-27.4,PILOTING,SYS_GO,17.7814,1.39,0.0,0.0,250,0.0,0
1771964632.7548,41.5,30.0,-27.91,PILOTING,SYS_GO,17.68,1.39,0.0,0.0,250,0.0,0
1771964632.8918,34.8,30.0,-27.9,PILOTING,SYS_GO,17.7254,1.39,0.0,0.0,250,0.0,0
1771964632.9384,39.0,30.0,-27.85,PILOTING,SYS_GO,17.7318,1.39,0.0,0.0,250,0.0,0
1771964632.9823,37.3,30.0,-27.74,PILOTING,SYS_GO,17.7435,1.39,0.0,0.0,250,0.0,0
1771964633.0573,33.0,30.0,-27.51,PILOTING,SYS_GO,17.7663,1.39,0.0,0.0,250,0.0,0
1771964633.1073,45.1,30.0,-27.34,PILOTING,SYS_GO,17.7701,1.39,0.0,0.0,250,0.0,0
1771964633.2104,38.2,30.0,-27.74,PILOTING,SYS_GO,17.7004,1.39,0.0,0.0,250,0.0,0
1771964633.2581,47.0,30.0,-27.94,PILOTING,SYS_GO,17.7048,1.39,0.0,0.0,250,0.0,0
1771964633.3779,39.5,30.0,-27.8,PILOTING,SYS_GO,17.7423,1.39,0.0,0.0,250,0.0,0
1771964633.4248,47.0,30.0,-27.68,PILOTING,SYS_GO,17.747,1.39,0.0,0.0,250,0.0,0
1771964633.5302,39.7,30.0,-27.36,PILOTING,SYS_GO,17.782,1.39,0.0,0.0,250,0.0,0
1771964633.5761,48.3,30.0,-27.13,PILOTING,SYS_GO,17.7863,1.39,0.0,0.0,250,0.0,0
1771964633.6832,40.8,30.0,-27.52,PILOTING,SYS_GO,17.7136,1.39,0.0,0.0,250,0.0,0
1771964633.7315,41.5,30.0,-27.69,PILOTING,SYS_GO,17.7218,1.39,0.0,0.0,250,0.0,0
1771964633.8526,35.0,30.0,-27.51,PILOTING,SYS_GO,17.7616,1.39,0.0,0.0,250,0.0,0
1771964633.9044,40.0,30.0,-27.36,PILOTING,SYS_GO,17.7676,1.39,0.0,0.0,250,0.0,0
1771964633.9852,35.0,30.0,-27.1,PILOTING,SYS_GO,17.7917,1.39,0.0,0.0,250,0.0,0
1771964634.0206,34.6,30.0,-26.86,PILOTING,SYS_GO,17.8026,1.39,0.0,0.0,250,0.0,0
1771964634.067,43.1,30.0,-27.46,PILOTING,SYS_GO,17.6989,1.39,0.0,0.0,250,0.0,0
1771964634.1559,37.6,30.0,-27.66,PILOTING,SYS_GO,17.7221,1.39,0.0,0.0,250,0.0,0
1771964634.2041,44.8,30.0,-27.74,PILOTING,SYS_GO,17.727,1.39,0.0,0.0,250,0.0,0
1771964634.2505,41.4,30.0,-27.7,PILOTING,SYS_GO,17.7399,1.39,0.0,0.0,250,0.0,0
1771964634.3554,35.4,30.0,-27.44,PILOTING,SYS_GO,17.7719,1.39,0.0,0.0,250,0.0,0
1771964634.4016,37.1,30.0,-27.23,PILOTING,SYS_GO,17.78,1.39,0.0,0.0,250,0.0,0
1771964634.4919,32.3,30.0,-27.65,PILOTING,SYS_GO,17.7029,1.39,0.0,0.0,250,0.0,0
1771964634.5511,32.3,30.0,-27.83,PILOTING,SYS_GO,17.714,1.39,0.0,0.0,250,0.0,0
1771964634.6123,32.0,30.0,-27.85,PILOTING,SYS_GO,17.7258,1.39,0.0,0.0,250,0.0,0
1771964634.6898,28.5,30.0,-27.69,PILOTING,SYS_GO,17.7501,1.39,0.0,0.0,250,0.0,0
1771964634.748,31.9,30.0,-27.54,PILOTING,SYS_GO,17.758,1.39,0.0,0.0,250,0.0,0
1771964634.8576,27.5,30.0,-27.18,PILOTING,SYS_GO,17.7947,1.39,0.0,0.0,250,0.0,0
1771964634.9072,35.3,30.0,-27.69,PILOTING,SYS_GO,17.6929,1.39,0.0,0.0,250,0.0,0
1771964634.9832,31.7,30.0,-27.86,PILOTING,SYS_GO,17.7137,1.39,0.0,0.0,250,0.0,0
1771964635.0425,29.9,30.0,-27.84,PILOTING,SYS_GO,17.7296,1.39,0.0,0.0,250,0.0,0
1771964635.0899,31.0,30.0,-27.76,PILOTING,SYS_GO,17.7397,1.39,0.0,0.0,250,0.0,0
1771964635.195,27.0,30.0,-27.47,PILOTING,SYS_GO,17.7727,1.39,0.0,0.0,250,0.0,0
1771964635.2465,33.7,30.0,-27.26,PILOTING,SYS_GO,17.7787,1.39,0.0,0.0,250,0.0,0
1771964635.3644,28.7,30.0,-27.59,PILOTING,SYS_GO,17.7146,1.39,0.0,0.0,250,0.0,0
1771964635.4106,39.2,30.0,-27.75,PILOTING,SYS_GO,17.7191,1.39,0.0,0.0,250,0.0,0
1771964635.4974,34.7,30.0,-27.7,PILOTING,SYS_GO,17.741,1.39,0.0,0.0,250,0.0,0
1771964635.5329,35.3,30.0,-27.59,PILOTING,SYS_GO,17.7506,1.39,0.0,0.0,250,0.0,0
1771964635.5937,35.1,30.0,-27.46,PILOTING,SYS_GO,17.761,1.39,0.0,0.0,250,0.0,0
1771964635.6698,31.4,30.0,-27.22,PILOTING,SYS_GO,17.7826,1.39,0.0,0.0,250,0.0,0
1771964635.7165,31.9,30.0,-27.75,PILOTING,SYS_GO,17.6878,1.39,0.0,0.0,250,0.0,0
1771964635.8073,27.9,30.0,-27.86,PILOTING,SYS_GO,17.7182,1.39,0.0,0.0,250,0.0,0
1771964635.8539,41.0,30.0,-27.9,PILOTING,SYS_GO,17.722,1.39,0.0,0.0,250,0.0,0
1771964635.9456,35.4,30.0,-27.71,PILOTING,SYS_GO,17.7504,1.39,0.0,0.0,250,0.0,0
1771964635.9924,42.4,30.0,-27.57,PILOTING,SYS_GO,17.7555,1.39,0.0,0.0,250,0.0,0
1771964636.0992,36.1,30.0,-27.25,PILOTING,SYS_GO,17.7882,1.39,0.0,0.0,250,0.0,0
1771964636.1523,36.0,30.0,-27.74,PILOTING,SYS_GO,17.6921,1.39,0.0,0.0,250,0.0,0
1771964636.2373,31.3,30.0,-27.83,PILOTING,SYS_GO,17.7212,1.39,0.0,0.0,250,0.0,0
1771964636.2834,42.8,30.0,-27.85,PILOTING,SYS_GO,17.7253,1.39,0.0,0.0,250,0.0,0
1771964636.3662,37.0,30.0,-27.68,PILOTING,SYS_GO,17.7517,1.39,0.0,0.0,250,0.0,0
1771964636.4057,42.1,30.0,-27.54,PILOTING,SYS_GO,17.7574,1.39,0.0,0.0,250,0.0,0
1771964636.4701,39.8,30.0,-27.36,PILOTING,SYS_GO,17.7692,1.39,0.0,0.0,250,0.0,0
1771964636.5269,35.9,30.0,-27.87,PILOTING,SYS_GO,17.6836,1.39,0.0,0.0,250,0.0,0
1771964636.5878,43.0,30.0,-28.14,PILOTING,SYS_GO,17.6887,1.39,0.0,0.0,250,0.0,0
1771964636.649,37.9,30.0,-28.15,PILOTING,SYS_GO,17.709,1.39,0.0,0.0,250,0.0,0
1771964636.7064,39.7,30.0,-28.11,PILOTING,SYS_GO,17.7167,1.39,0.0,0.0,250,0.0,0
1771964636.7727,35.0,30.0,-27.93,PILOTING,SYS_GO,17.7388,1.39,0.0,0.0,250,0.0,0
1771964636.8191,41.6,30.0,-27.78,PILOTING,SYS_GO,17.7441,1.39,0.0,0.0,250,0.0,0
1771964636.9109,35.6,30.0,-28.18,PILOTING,SYS_GO,17.675,1.39,0.0,0.0,250,0.0,0
1771964636.957,41.0,30.0,-28.38,PILOTING,SYS_GO,17.6807,1.39,0.0,0.0,250,0.0,0
1771964637.0023,38.1,30.0,-28.4,PILOTING,SYS_GO,17.6943,1.39,0.0,0.0,250,0.0,0
1771964637.0949,32.8,30.0,-28.2,PILOTING,SYS_GO,17.7249,1.39,0.0,0.0,250,0.0,0
1771964637.1402,35.4,30.0,-28.02,PILOTING,SYS_GO,17.7328,1.39,0.0,0.0,250,0.0,0
1771964637.2174,31.1,30.0,-27.73,PILOTING,SYS_GO,17.7592,1.39,0.0,0.0,250,0.0,0
1771964637.2626,37.9,30.0,-28.23,PILOTING,SYS_GO,17.6629,1.39,0.0,0.0,250,0.0,0
1771964637.3535,32.6,30.0,-28.31,PILOTING,SYS_GO,17.6942,1.39,0.0,0.0,250,0.0,0
1771964637.4009,44.0,30.0,-28.34,PILOTING,SYS_GO,17.6982,1.39,0.0,0.0,250,0.0,0
1771964637.503,37.4,30.0,-28.11,PILOTING,SYS_GO,17.732,1.39,0.0,0.0,250,0.0,0
1771964637.5492,40.4,30.0,-27.93,PILOTING,SYS_GO,17.7389,1.39,0.0,0.0,250,0.0,0
1771964637.6573,34.5,30.0,-27.58,PILOTING,SYS_GO,17.7717,1.39,0.0,0.0,250,0.0,0
1771964637.7032,33.3,30.0,-28.02,PILOTING,SYS_GO,17.6806,1.39,0.0,0.0,250,0.0,0
1771964637.7805,29.3,30.0,-28.09,PILOTING,SYS_GO,17.7075,1.39,0.0,0.0,250,0.0,0
1771964637.8261,39.8,30.0,-28.11,PILOTING,SYS_GO,17.7119,1.39,0.0,0.0,250,0.0,0
1771964637.8904,36.1,30.0,-28.0,PILOTING,SYS_GO,17.7285,1.39,0.0,0.0,250,0.0,0
1771964637.9322,37.0,30.0,-27.87,PILOTING,SYS_GO,17.7375,1.39,0.0,0.0,250,0.0,0
1771964637.9773,36.4,30.0,-27.72,PILOTING,SYS_GO,17.748,1.39,0.0,0.0,250,0.0,0
1771964638.0532,32.0,30.0,-28.16,PILOTING,SYS_GO,17.6725,1.39,0.0,0.0,250,0.0,0
1771964638.1021,37.6,30.0,-28.38,PILOTING,SYS_GO,17.6785,1.39,0.0,0.0,250,0.0,0
1771964638.1769,32.9,30.0,-28.34,PILOTING,SYS_GO,17.7036,1.39,0.0,0.0,250,0.0,0
1771964638.2227,39.7,30.0,-28.28,PILOTING,SYS_GO,17.7089,1.39,0.0,0.0,250,0.0,0
1771964638.3304,33.9,30.0,-27.99,PILOTING,SYS_GO,17.7433,1.39,0.0,0.0,250,0.0,0
1771964638.3783,33.9,30.0,-27.75,PILOTING,SYS_GO,17.7538,1.39,0.0,0.0,250,0.0,0
1771964638.4532,30.2,30.0,-28.15,PILOTING,SYS_GO,17.6762,1.39,0.0,0.0,250,0.0,0
1771964638.5079,31.9,30.0,-28.33,PILOTING,SYS_GO,17.6855,1.39,0.0,0.0,250,0.0,0
1771964638.6071,27.8,30.0,-28.21,PILOTING,SYS_GO,17.7174,1.39,0.0,0.0,250,0.0,0
1771964638.6578,29.4,30.0,-28.07,PILOTING,SYS_GO,17.7275,1.39,0.0,0.0,250,0.0,0
1771964638.7312,26.3,30.0,-27.8,PILOTING,SYS_GO,17.7528,1.39,0.0,0.0,250,0.0,0
1771964638.7812,34.0,30.0,-27.6,PILOTING,SYS_GO,17.7583,1.39,0.0,0.0,250,0.0,0
1771964638.9142,28.9,30.0,-27.91,PILOTING,SYS_GO,17.6985,1.39,0.0,0.0,250,0.0,0
1771964638.9593,29.3,30.0,-28.01,PILOTING,SYS_GO,17.7102,1.39,0.0,0.0,250,0.0,0
1771964639.0058,28.7,30.0,-27.97,PILOTING,SYS_GO,17.7239,1.39,0.0,0.0,250,0.0,0
1771964639.0661,26.4,30.0,-27.8,PILOTING,SYS_GO,17.745,1.39,0.0,0.0,250,0.0,0
1771964639.1136,38.4,30.0,-27.67,PILOTING,SYS_GO,17.7492,1.39,0.0,0.0,250,0.0,0
1771964639.2334,32.7,30.0,-27.31,PILOTING,SYS_GO,17.7869,1.39,0.0,0.0,250,0.0,0
1771964639.2832,35.3,30.0,-27.8,PILOTING,SYS_GO,17.6887,1.39,0.0,0.0,250,0.0,0
1771964639.3685,30.7,30.0,-27.89,PILOTING,SYS_GO,17.7184,1.39,0.0,0.0,250,0.0,0
1771964639.4167,36.7,30.0,-27.9,PILOTING,SYS_GO,17.7243,1.39,0.0,0.0,250,0.0,0
1771964639.5068,31.8,30.0,-27.69,PILOTING,SYS_GO,17.7539,1.39,0.0,0.0,250,0.0,0
1771964639.5521,45.1,30.0,-27.54,PILOTING,SYS_GO,17.7576,1.39,0.0,0.0,250,0.0,0
1771964639.6426,38.7,30.0,-27.25,PILOTING,SYS_GO,17.785,1.39,0.0,0.0,250,0.0,0
1771964639.691,39.9,30.0,-27.77,PILOTING,SYS_GO,17.6874,1.39,0.0,0.0,250,0.0,0
1771964639.8118,33.6,30.0,-27.79,PILOTING,SYS_GO,17.73,1.39,0.0,0.0,250,0.0,0
1771964639.8609,38.4,30.0,-27.75,PILOTING,SYS_GO,17.7362,1.39,0.0,0.0,250,0.0,0
1771964639.9186,39.7,30.0,-27.67,PILOTING,SYS_GO,17.7443,1.39,0.0,0.0,250,0.0,0
1771964639.9786,36.3,30.0,-27.51,PILOTING,SYS_GO,17.7601,1.39,0.0,0.0,250,0.0,0
1771964640.0254,35.4,30.0,-27.33,PILOTING,SYS_GO,17.7715,1.39,0.0,0.0,250,0.0,0
1771964640.1488,30.2,30.0,-27.69,PILOTING,SYS_GO,17.7065,1.39,0.0,0.0,250,0.0,0
1771964640.2081,28.4,30.0,-27.78,PILOTING,SYS_GO,17.7233,1.39,0.0,0.0,250,0.0,0
1771964640.2992,25.4,30.0,-27.65,PILOTING,SYS_GO,17.7505,1.39,0.0,0.0,250,0.0,0
1771964640.3474,27.7,30.0,-27.5,PILOTING,SYS_GO,17.7602,1.39,0.0,0.0,250,0.0,0
1771964640.4229,25.1,30.0,-27.23,PILOTING,SYS_GO,17.785,1.39,0.0,0.0,250,0.0,0
1771964640.4683,30.7,30.0,-27.02,PILOTING,SYS_GO,17.7917,1.39,0.0,0.0,250,0.0,0
1771964640.5597,27.1,30.0,-27.45,PILOTING,SYS_GO,17.7134,1.39,0.0,0.0,250,0.0,0
1771964640.6078,29.2,30.0,-27.64,PILOTING,SYS_GO,17.723,1.39,0.0,0.0,250,0.0,0
1771964640.7269,25.2,30.0,-27.47,PILOTING,SYS_GO,17.7628,1.39,0.0,0.0,250,0.0,0
1771964640.7753,30.4,30.0,-27.32,PILOTING,SYS_GO,17.7699,1.39,0.0,0.0,250,0.0,0
1771964640.8476,27.8,30.0,-27.08,PILOTING,SYS_GO,17.7905,1.39,0.0,0.0,250,0.0,0
1771964640.9248,25.2,30.0,-26.76,PILOTING,SYS_GO,17.8146,1.39,0.0,0.0,250,0.0,0
1771964640.9703,31.9,30.0,-27.32,PILOTING,SYS_GO,17.7106,1.39,0.0,0.0,250,0.0,0
1771964641.0306,29.0,30.0,-27.51,PILOTING,SYS_GO,17.7314,1.39,0.0,0.0,250,0.0,0
1771964641.0763,28.2,30.0,-27.51,PILOTING,SYS_GO,17.7457,1.39,0.0,0.0,250,0.0,0
1771964641.1234,32.8,30.0,-27.47,PILOTING,SYS_GO,17.7527,1.39,0.0,0.0,250,0.0,0
1771964641.2165,28.7,30.0,-27.23,PILOTING,SYS_GO,17.7828,1.39,0.0,0.0,250,0.0,0
1771964641.2618,32.5,30.0,-27.03,PILOTING,SYS_GO,17.7903,1.39,0.0,0.0,250,0.0,0
1771964641.338,28.9,30.0,-27.49,PILOTING,SYS_GO,17.7092,1.39,0.0,0.0,250,0.0,0
1771964641.3838,36.0,30.0,-27.72,PILOTING,SYS_GO,17.7148,1.39,0.0,0.0,250,0.0,0
1771964641.4609,31.7,30.0,-27.69,PILOTING,SYS_GO,17.7397,1.39,0.0,0.0,250,0.0,0
1771964641.512,39.2,30.0,-27.63,PILOTING,SYS_GO,17.745,1.39,0.0,0.0,250,0.0,0
1771964641.6172,33.6,30.0,-27.37,PILOTING,SYS_GO,17.7766,1.39,0.0,0.0,250,0.0,0
1771964641.6641,34.5,30.0,-27.14,PILOTING,SYS_GO,17.7861,1.39,0.0,0.0,250,0.0,0
1771964641.7401,30.7,30.0,-27.59,PILOTING,SYS_GO,17.7036,1.39,0.0,0.0,250,0.0,0
1771964641.799,28.2,30.0,-27.73,PILOTING,SYS_GO,17.7232,1.39,0.0,0.0,250,0.0,0
1771964641.8468,33.3,30.0,-27.76,PILOTING,SYS_GO,17.7299,1.39,0.0,0.0,250,0.0,0
1771964641.9371,29.3,30.0,-27.58,PILOTING,SYS_GO,17.7574,1.39,0.0,0.0,250,0.0,0
1771964641.9876,37.1,30.0,-27.44,PILOTING,SYS_GO,17.7627,1.39,0.0,0.0,250,0.0,0
1771964642.0762,32.2,30.0,-27.14,PILOTING,SYS_GO,17.792,1.39,0.0,0.0,250,0.0,0
1771964642.1239,35.3,30.0,-27.67,PILOTING,SYS_GO,17.6927,1.39,0.0,0.0,250,0.0,0
1771964642.23,30.5,30.0,-27.76,PILOTING,SYS_GO,17.7246,1.39,0.0,0.0,250,0.0,0
1771964642.2793,35.1,30.0,-27.77,PILOTING,SYS_GO,17.7314,1.39,0.0,0.0,250,0.0,0
1771964642.3579,31.5,30.0,-27.63,PILOTING,SYS_GO,17.7524,1.39,0.0,0.0,250,0.0,0
1771964642.4302,28.8,30.0,-27.39,PILOTING,SYS_GO,17.7726,1.39,0.0,0.0,250,0.0,0
1771964642.4806,31.1,30.0,-27.19,PILOTING,SYS_GO,17.7814,1.39,0.0,0.0,250,0.0,0
1771964642.5674,27.3,30.0,-27.61,PILOTING,SYS_GO,17.7061,1.39,0.0,0.0,250,0.0,0
1771964642.6123,36.1,30.0,-27.82,PILOTING,SYS_GO,17.7112,1.39,0.0,0.0,250,0.0,0
1771964642.7203,31.1,30.0,-27.72,PILOTING,SYS_GO,17.7441,1.39,0.0,0.0,250,0.0,0
1771964642.7857,31.4,30.0,-27.57,PILOTING,SYS_GO,17.7551,1.39,0.0,0.0,250,0.0,0
1771964642.8419,29.2,30.0,-27.36,PILOTING,SYS_GO,17.773,1.39,0.0,0.0,250,0.0,0
1771964642.8909,43.4,30.0,-27.2,PILOTING,SYS_GO,17.7766,1.39,0.0,0.0,250,0.0,0
1771964642.965,37.5,30.0,-27.67,PILOTING,SYS_GO,17.6982,1.39,0.0,0.0,250,0.0,0
1771964643.0129,48.8,30.0,-27.92,PILOTING,SYS_GO,17.702,1.39,0.0,0.0,250,0.0,0
1771964643.0895,41.8,30.0,-27.89,PILOTING,SYS_GO,17.7281,1.39,0.0,0.0,250,0.0,0
1771964643.1354,50.6,30.0,-27.84,PILOTING,SYS_GO,17.7323,1.39,0.0,0.0,250,0.0,0
1771964643.2722,42.0,30.0,-27.47,PILOTING,SYS_GO,17.7801,1.39,0.0,0.0,250,0.0,0
1771964643.3239,44.8,30.0,-27.2,PILOTING,SYS_GO,17.7865,1.39,0.0,0.0,250,0.0,0
1771964643.4267,38.1,30.0,-27.57,PILOTING,SYS_GO,17.7124,1.39,0.0,0.0,250,0.0,0
1771964643.4717,48.9,30.0,-27.76,PILOTING,SYS_GO,17.7163,1.39,0.0,0.0,250,0.0,0
1771964643.5947,41.0,30.0,-27.6,PILOTING,SYS_GO,17.7548,1.39,0.0,0.0,250,0.0,0
1771964643.6401,38.8,30.0,-27.42,PILOTING,SYS_GO,17.7668,1.39,0.0,0.0,250,0.0,0
1771964643.6852,37.4,30.0,-27.23,PILOTING,SYS_GO,17.7783,1.39,0.0,0.0,250,0.0,0
1771964643.7769,32.1,30.0,-26.88,PILOTING,SYS_GO,17.8105,1.39,0.0,0.0,250,0.0,0
1771964643.8239,43.9,30.0,-27.43,PILOTING,SYS_GO,17.7049,1.39,0.0,0.0,250,0.0,0
1771964643.9407,37.2,30.0,-27.51,PILOTING,SYS_GO,17.7395,1.39,0.0,0.0,250,0.0,0
1771964643.9944,37.0,30.0,-27.49,PILOTING,SYS_GO,17.7495,1.39,0.0,0.0,250,0.0,0
1771964644.0522,33.6,30.0,-27.35,PILOTING,SYS_GO,17.7675,1.39,0.0,0.0,250,0.0,0
1771964644.1428,29.4,30.0,-27.06,PILOTING,SYS_GO,17.7963,1.39,0.0,0.0,250,0.0,0
1771964644.1919,30.2,30.0,-26.8,PILOTING,SYS_GO,17.807,1.39,0.0,0.0,250,0.0,0
1771964644.2947,26.5,30.0,-27.21,PILOTING,SYS_GO,17.7293,1.39,0.0,0.0,250,0.0,0
1771964644.3403,29.2,30.0,-27.39,PILOTING,SYS_GO,17.7383,1.39,0.0,0.0,250,0.0,0
1771964644.4317,25.9,30.0,-27.3,PILOTING,SYS_GO,17.7661,1.39,0.0,0.0,250,0.0,0
1771964644.4762,25.9,30.0,-27.14,PILOTING,SYS_GO,17.7801,1.39,0.0,0.0,250,0.0,0
1771964644.5682,23.2,30.0,-26.85,PILOTING,SYS_GO,17.8084,1.39,0.0,0.0,250,0.0,0
1771964644.6211,24.5,30.0,-26.58,PILOTING,SYS_GO,17.8206,1.39,0.0,0.0,250,0.0,0
1771964644.7183,22.2,30.0,-27.02,PILOTING,SYS_GO,17.7376,1.39,0.0,0.0,250,0.0,0
1771964644.7693,25.0,30.0,-27.21,PILOTING,SYS_GO,17.7474,1.39,0.0,0.0,250,0.0,0
1771964644.8126,26.3,30.0,-27.24,PILOTING,SYS_GO,17.759,1.39,0.0,0.0,250,0.0,0
1771964644.9011,23.7,30.0,-27.07,PILOTING,SYS_GO,17.7855,1.39,0.0,0.0,250,0.0,0
1771964644.9483,29.0,30.0,-26.91,PILOTING,SYS_GO,17.7928,1.39,0.0,0.0,250,0.0,0
1771964645.0249,25.8,30.0,-26.63,PILOTING,SYS_GO,17.8196,1.39,0.0,0.0,250,0.0,0
1771964645.0723,39.0,30.0,-27.22,PILOTING,SYS_GO,17.7126,1.39,0.0,0.0,250,0.0,0
1771964645.179,33.4,30.0,-27.34,PILOTING,SYS_GO,17.7458,1.39,0.0,0.0,250,0.0,0
1771964645.2254,31.8,30.0,-27.32,PILOTING,SYS_GO,17.7599,1.39,0.0,0.0,250,0.0,0
1771964645.3172,28.1,30.0,-27.1,PILOTING,SYS_GO,17.7871,1.39,0.0,0.0,250,0.0,0
1771964645.3704,31.5,30.0,-26.92,PILOTING,SYS_GO,17.795,1.39,0.0,0.0,250,0.0,0
1771964645.4558,27.6,30.0,-26.59,PILOTING,SYS_GO,17.825,1.39,0.0,0.0,250,0.0,0
1771964645.5058,40.2,30.0,-27.17,PILOTING,SYS_GO,17.7173,1.39,0.0,0.0,250,0.0,0
1771964645.6233,33.9,30.0,-27.23,PILOTING,SYS_GO,17.7571,1.39,0.0,0.0,250,0.0,0
1771964645.6713,39.7,30.0,-27.23,PILOTING,SYS_GO,17.7628,1.39,0.0,0.0,250,0.0,0
1771964645.7599,34.3,30.0,-27.02,PILOTING,SYS_GO,17.7911,1.39,0.0,0.0,250,0.0,0
1771964645.8058,45.6,30.0,-26.87,PILOTING,SYS_GO,17.7951,1.39,0.0,0.0,250,0.0,0
1771964645.8979,38.8,30.0,-26.55,PILOTING,SYS_GO,17.8265,1.39,0.0,0.0,250,0.0,0
1771964645.9512,47.2,30.0,-27.13,PILOTING,SYS_GO,17.7189,1.39,0.0,0.0,250,0.0,0
1771964646.0509,39.9,30.0,-27.24,PILOTING,SYS_GO,17.7529,1.39,0.0,0.0,250,0.0,0
1771964646.098,46.8,30.0,-27.27,PILOTING,SYS_GO,17.7577,1.39,0.0,0.0,250,0.0,0
1771964646.201,41.2,30.0,-27.15,PILOTING,SYS_GO,17.777,1.39,0.0,0.0,250,0.0,0
1771964646.2491,50.3,30.0,-27.04,PILOTING,SYS_GO,17.7811,1.39,0.0,0.0,250,0.0,0
1771964646.2957,49.2,30.0,-26.93,PILOTING,SYS_GO,17.7892,1.39,0.0,0.0,250,0.0,0
1771964646.3557,43.9,30.0,-27.5,PILOTING,SYS_GO,17.6988,1.39,0.0,0.0,250,0.0,0
1771964646.4063,42.5,30.0,-27.78,PILOTING,SYS_GO,17.7085,1.39,0.0,0.0,250,0.0,0
1771964646.5402,35.6,30.0,-27.63,PILOTING,SYS_GO,17.7527,1.39,0.0,0.0,250,0.0,0
1771964646.5884,38.9,30.0,-27.49,PILOTING,SYS_GO,17.7596,1.39,0.0,0.0,250,0.0,0
1771964646.692,33.4,30.0,-27.17,PILOTING,SYS_GO,17.7918,1.39,0.0,0.0,250,0.0,0
1771964646.7374,35.5,30.0,-26.92,PILOTING,SYS_GO,17.8,1.39,0.0,0.0,250,0.0,0
1771964646.8282,30.9,30.0,-27.35,PILOTING,SYS_GO,17.7205,1.39,0.0,0.0,250,0.0,0
1771964646.8777,33.8,30.0,-27.54,PILOTING,SYS_GO,17.7284,1.39,0.0,0.0,250,0.0,0
1771964647.0115,28.7,30.0,-27.35,PILOTING,SYS_GO,17.7715,1.39,0.0,0.0,250,0.0,0
1771964647.0654,37.3,30.0,-27.2,PILOTING,SYS_GO,17.7766,1.39,0.0,0.0,250,0.0,0
1771964647.1728,32.1,30.0,-26.87,PILOTING,SYS_GO,17.8091,1.39,0.0,0.0,250,0.0,0
1771964647.2171,41.4,30.0,-26.65,PILOTING,SYS_GO,17.8137,1.39,0.0,0.0,250,0.0,0
1771964647.2706,38.3,30.0,-27.2,PILOTING,SYS_GO,17.7175,1.39,0.0,0.0,250,0.0,0
1771964647.3314,34.3,30.0,-27.39,PILOTING,SYS_GO,17.7368,1.39,0.0,0.0,250,0.0,0
1771964647.3788,36.8,30.0,-27.46,PILOTING,SYS_GO,17.7446,1.39,0.0,0.0,250,0.0,0
1771964647.4682,31.7,30.0,-27.27,PILOTING,SYS_GO,17.7756,1.39,0.0,0.0,250,0.0,0
1771964647.5166,43.9,30.0,-27.13,PILOTING,SYS_GO,17.7795,1.39,0.0,0.0,250,0.0,0
1771964647.5808,39.2,30.0,-26.92,PILOTING,SYS_GO,17.7973,1.39,0.0,0.0,250,0.0,0
1771964647.651,34.7,30.0,-27.41,PILOTING,SYS_GO,17.7112,1.39,0.0,0.0,250,0.0,0
1771964647.6993,34.2,30.0,-27.62,PILOTING,SYS_GO,17.7225,1.39,0.0,0.0,250,0.0,0
1771964647.7884,29.8,30.0,-27.55,PILOTING,SYS_GO,17.751,1.39,0.0,0.0,250,0.0,0
1771964647.8354,34.0,30.0,-27.45,PILOTING,SYS_GO,17.7581,1.39,0.0,0.0,250,0.0,0
1771964647.927,29.6,30.0,-27.18,PILOTING,SYS_GO,17.7877,1.39,0.0,0.0,250,0.0,0
1771964647.9752,32.4,30.0,-26.96,PILOTING,SYS_GO,17.796,1.39,0.0,0.0,250,0.0,0
1771964648.0639,28.5,30.0,-27.4,PILOTING,SYS_GO,17.7163,1.39,0.0,0.0,250,0.0,0
1771964648.1091,30.1,30.0,-27.59,PILOTING,SYS_GO,17.7262,1.39,0.0,0.0,250,0.0,0
1771964648.1845,26.8,30.0,-27.51,PILOTING,SYS_GO,17.7526,1.39,0.0,0.0,250,0.0,0
1771964648.2306,39.5,30.0,-27.44,PILOTING,SYS_GO,17.7566,1.39,0.0,0.0,250,0.0,0
1771964648.3213,33.9,30.0,-27.17,PILOTING,SYS_GO,17.7886,1.39,0.0,0.0,250,0.0,0
1771964648.37,45.1,30.0,-26.97,PILOTING,SYS_GO,17.7926,1.39,0.0,0.0,250,0.0,0
1771964648.4734,38.1,30.0,-27.38,PILOTING,SYS_GO,17.7204,1.39,0.0,0.0,250,0.0,0
1771964648.5187,40.4,30.0,-27.57,PILOTING,SYS_GO,17.7277,1.39,0.0,0.0,250,0.0,0
1771964648.5959,35.1,30.0,-27.5,PILOTING,SYS_GO,17.7531,1.39,0.0,0.0,250,0.0,0
1771964648.6465,42.3,30.0,-27.42,PILOTING,SYS_GO,17.7582,1.39,0.0,0.0,250,0.0,0
1771964648.7474,36.0,30.0,-27.13,PILOTING,SYS_GO,17.7919,1.39,0.0,0.0,250,0.0,0
1771964648.8018,43.6,30.0,-26.92,PILOTING,SYS_GO,17.7968,1.39,0.0,0.0,250,0.0,0
1771964648.884,37.5,30.0,-27.37,PILOTING,SYS_GO,17.7175,1.39,0.0,0.0,250,0.0,0
1771964648.9292,42.0,30.0,-27.59,PILOTING,SYS_GO,17.7234,1.39,0.0,0.0,250,0.0,0
1771964649.0214,35.9,30.0,-27.5,PILOTING,SYS_GO,17.7552,1.39,0.0,0.0,250,0.0,0
1771964649.0703,45.6,30.0,-27.41,PILOTING,SYS_GO,17.7595,1.39,0.0,0.0,250,0.0,0
1771964649.1595,38.9,30.0,-27.15,PILOTING,SYS_GO,17.7884,1.39,0.0,0.0,250,0.0,0
1771964649.2081,50.1,30.0,-26.97,PILOTING,SYS_GO,17.7922,1.39,0.0,0.0,250,0.0,0
1771964649.3115,42.2,30.0,-27.37,PILOTING,SYS_GO,17.72,1.39,0.0,0.0,250,0.0,0
1771964649.3576,45.8,30.0,-27.58,PILOTING,SYS_GO,17.726,1.39,0.0,0.0,250,0.0,0
1771964649.4489,39.0,30.0,-27.48,PILOTING,SYS_GO,17.7567,1.39,0.0,0.0,250,0.0,0
1771964649.4965,49.8,30.0,-27.39,PILOTING,SYS_GO,17.7605,1.39,0.0,0.0,250,0.0,0
1771964649.5923,42.6,30.0,-27.15,PILOTING,SYS_GO,17.7873,1.39,0.0,0.0,250,0.0,0
1771964649.633,49.3,30.0,-26.97,PILOTING,SYS_GO,17.7921,1.39,0.0,0.0,250,0.0,0
1771964649.7385,41.7,30.0,-27.39,PILOTING,SYS_GO,17.7174,1.39,0.0,0.0,250,0.0,0
1771964649.7835,42.4,30.0,-27.59,PILOTING,SYS_GO,17.7254,1.39,0.0,0.0,250,0.0,0
1771964649.8897,35.9,30.0,-27.45,PILOTING,SYS_GO,17.762,1.39,0.0,0.0,250,0.0,0
1771964649.9358,47.0,30.0,-27.33,PILOTING,SYS_GO,17.766,1.39,0.0,0.0,250,0.0,0
1771964650.0162,40.3,30.0,-27.08,PILOTING,SYS_GO,17.7922,1.39,0.0,0.0,250,0.0,0
1771964650.0573,39.1,30.0,-26.85,PILOTING,SYS_GO,17.8027,1.39,0.0,0.0,250,0.0,0
1771964650.1046,37.3,30.0,-27.4,PILOTING,SYS_GO,17.7062,1.39,0.0,0.0,250,0.0,0
1771964650.1817,32.6,30.0,-27.54,PILOTING,SYS_GO,17.733,1.39,0.0,0.0,250,0.0,0
1771964650.2315,44.7,30.0,-27.6,PILOTING,SYS_GO,17.7368,1.39,0.0,0.0,250,0.0,0
1771964650.3183,38.3,30.0,-27.43,PILOTING,SYS_GO,17.7651,1.39,0.0,0.0,250,0.0,0
1771964650.3661,49.4,30.0,-27.3,PILOTING,SYS_GO,17.7689,1.39,0.0,0.0,250,0.0,0
1771964650.4696,41.8,30.0,-26.99,PILOTING,SYS_GO,17.8012,1.39,0.0,0.0,250,0.0,0
1771964650.515,43.5,30.0,-27.53,PILOTING,SYS_GO,17.7001,1.39,0.0,0.0,250,0.0,0
1771964650.6059,37.5,30.0,-27.66,PILOTING,SYS_GO,17.7269,1.39,0.0,0.0,250,0.0,0
1771964650.6528,35.7,30.0,-27.65,PILOTING,SYS_GO,17.7395,1.39,0.0,0.0,250,0.0,0
1771964650.759,30.7,30.0,-27.41,PILOTING,SYS_GO,17.7724,1.39,0.0,0.0,250,0.0,0
1771964650.8047,31.4,30.0,-27.19,PILOTING,SYS_GO,17.7829,1.39,0.0,0.0,250,0.0,0
1771964650.8953,27.8,30.0,-26.86,PILOTING,SYS_GO,17.8102,1.39,0.0,0.0,250,0.0,0
1771964650.942,37.0,30.0,-27.41,PILOTING,SYS_GO,17.7056,1.39,0.0,0.0,250,0.0,0
1771964651.0394,32.1,30.0,-27.54,PILOTING,SYS_GO,17.7337,1.39,0.0,0.0,250,0.0,0
1771964651.0825,32.2,30.0,-27.54,PILOTING,SYS_GO,17.7449,1.39,0.0,0.0,250,0.0,0
1771964651.1893,28.0,30.0,-27.31,PILOTING,SYS_GO,17.7769,1.39,0.0,0.0,250,0.0,0
1771964651.2457,29.2,30.0,-27.1,PILOTING,SYS_GO,17.7875,1.39,0.0,0.0,250,0.0,0
1771964651.3098,26.5,30.0,-26.81,PILOTING,SYS_GO,17.81,1.39,0.0,0.0,250,0.0,0
1771964651.3589,34.5,30.0,-27.38,PILOTING,SYS_GO,17.7059,1.39,0.0,0.0,250,0.0,0
1771964651.446,30.3,30.0,-27.53,PILOTING,SYS_GO,17.7323,1.39,0.0,0.0,250,0.0,0
1771964651.4922,32.7,30.0,-27.57,PILOTING,SYS_GO,17.7408,1.39,0.0,0.0,250,0.0,0
1771964651.5823,28.8,30.0,-27.39,PILOTING,SYS_GO,17.7686,1.39,0.0,0.0,250,0.0,0
1771964651.629,30.1,30.0,-27.21,PILOTING,SYS_GO,17.7787,1.39,0.0,0.0,250,0.0,0
1771964651.7206,26.7,30.0,-26.9,PILOTING,SYS_GO,17.806,1.39,0.0,0.0,250,0.0,0
1771964651.767,28.0,30.0,-27.42,PILOTING,SYS_GO,17.7081,1.39,0.0,0.0,250,0.0,0
1771964651.8575,25.1,30.0,-27.54,PILOTING,SYS_GO,17.735,1.39,0.0,0.0,250,0.0,0
1771964651.9116,28.8,30.0,-27.55,PILOTING,SYS_GO,17.7432,1.39,0.0,0.0,250,0.0,0
1771964651.9801,26.1,30.0,-27.39,PILOTING,SYS_GO,17.7669,1.39,0.0,0.0,250,0.0,0
1771964652.0314,36.3,30.0,-27.26,PILOTING,SYS_GO,17.7715,1.39,0.0,0.0,250,0.0,0
1771964652.1333,31.2,30.0,-26.95,PILOTING,SYS_GO,17.8043,1.39,0.0,0.0,250,0.0,0
1771964652.1836,33.4,30.0,-27.47,PILOTING,SYS_GO,17.7042,1.39,0.0,0.0,250,0.0,0
1771964652.2569,29.6,30.0,-27.61,PILOTING,SYS_GO,17.7293,1.39,0.0,0.0,250,0.0,0
1771964652.3049,42.6,30.0,-27.67,PILOTING,SYS_GO,17.7331,1.39,0.0,0.0,250,0.0,0
1771964652.3839,37.1,30.0,-27.53,PILOTING,SYS_GO,17.757,1.39,0.0,0.0,250,0.0,0
1771964652.4484,34.1,30.0,-27.33,PILOTING,SYS_GO,17.7732,1.39,0.0,0.0,250,0.0,0
1771964652.4943,32.3,30.0,-27.11,PILOTING,SYS_GO,17.7876,1.39,0.0,0.0,250,0.0,0
1771964652.5963,28.0,30.0,-27.5,PILOTING,SYS_GO,17.7144,1.39,0.0,0.0,250,0.0,0
1771964652.6457,33.8,30.0,-27.69,PILOTING,SYS_GO,17.7207,1.39,0.0,0.0,250,0.0,0
1771964652.7785,28.8,30.0,-27.5,PILOTING,SYS_GO,17.7633,1.39,0.0,0.0,250,0.0,0
1771964652.8303,28.1,30.0,-27.28,PILOTING,SYS_GO,17.7773,1.39,0.0,0.0,250,0.0,0
1771964652.9472,24.4,30.0,-26.88,PILOTING,SYS_GO,17.8152,1.39,0.0,0.0,250,0.0,0
1771964652.9928,30.0,30.0,-26.59,PILOTING,SYS_GO,17.822,1.39,0.0,0.0,250,0.0,0
1771964653.1001,26.1,30.0,-26.98,PILOTING,SYS_GO,17.7444,1.39,0.0,0.0,250,0.0,0
1771964653.1461,26.2,30.0,-27.11,PILOTING,SYS_GO,17.758,1.39,0.0,0.0,250,0.0,0
1771964653.1954,29.1,30.0,-27.12,PILOTING,SYS_GO,17.7669,1.39,0.0,0.0,250,0.0,0
1771964653.2389,29.8,30.0,-27.05,PILOTING,SYS_GO,17.7778,1.39,0.0,0.0,250,0.0,0
1771964653.3303,26.3,30.0,-26.8,PILOTING,SYS_GO,17.8069,1.39,0.0,0.0,250,0.0,0
1771964653.3775,29.8,30.0,-26.59,PILOTING,SYS_GO,17.8152,1.39,0.0,0.0,250,0.0,0
1771964653.4838,26.0,30.0,-27.03,PILOTING,SYS_GO,17.7373,1.39,0.0,0.0,250,0.0,0
1771964653.5326,27.9,30.0,-27.21,PILOTING,SYS_GO,17.7475,1.39,0.0,0.0,250,0.0,0
1771964653.608,25.3,30.0,-27.15,PILOTING,SYS_GO,17.7717,1.39,0.0,0.0,250,0.0,0
1771964653.6972,22.9,30.0,-26.92,PILOTING,SYS_GO,17.7984,1.39,0.0,0.0,250,0.0,0
1771964653.7599,22.6,30.0,-26.67,PILOTING,SYS_GO,17.8151,1.39,0.0,0.0,250,0.0,0
1771964653.8492,20.4,30.0,-26.29,PILOTING,SYS_GO,17.8467,1.39,0.0,0.0,250,0.0,0
1771964653.9,34.4,30.0,-26.85,PILOTING,SYS_GO,17.7357,1.39,0.0,0.0,250,0.0,0
1771964653.9979,30.1,30.0,-26.99,PILOTING,SYS_GO,17.7637,1.39,0.0,0.0,250,0.0,0
1771964654.0421,38.4,30.0,-27.04,PILOTING,SYS_GO,17.7687,1.39,0.0,0.0,250,0.0,0
1771964654.0957,36.1,30.0,-26.97,PILOTING,SYS_GO,17.7821,1.39,0.0,0.0,250,0.0,0
1771964654.1721,31.6,30.0,-26.74,PILOTING,SYS_GO,17.8086,1.39,0.0,0.0,250,0.0,0
1771964654.2189,42.1,30.0,-26.57,PILOTING,SYS_GO,17.8128,1.39,0.0,0.0,250,0.0,0
1771964654.308,36.4,30.0,-27.07,PILOTING,SYS_GO,17.7295,1.39,0.0,0.0,250,0.0,0
1771964654.3537,40.1,30.0,-27.32,PILOTING,SYS_GO,17.7361,1.39,0.0,0.0,250,0.0,0
1771964654.4205,36.1,30.0,-27.35,PILOTING,SYS_GO,17.7538,1.39,0.0,0.0,250,0.0,0
1771964654.5072,31.4,30.0,-27.15,PILOTING,SYS_GO,17.7824,1.39,0.0,0.0,250,0.0,0
1771964654.5559,32.8,30.0,-26.97,PILOTING,SYS_GO,17.7918,1.39,0.0,0.0,250,0.0,0
1771964654.6581,28.4,30.0,-26.62,PILOTING,SYS_GO,17.8261,1.39,0.0,0.0,250,0.0,0
1771964654.7047,36.5,30.0,-27.17,PILOTING,SYS_GO,17.7194,1.39,0.0,0.0,250,0.0,0
1771964654.7997,31.6,30.0,-27.29,PILOTING,SYS_GO,17.7493,1.39,0.0,0.0,250,0.0,0
1771964654.8419,40.4,30.0,-27.32,PILOTING,SYS_GO,17.754,1.39,0.0,0.0,250,0.0,0
1771964654.9301,35.2,30.0,-27.17,PILOTING,SYS_GO,17.7789,1.39,0.0,0.0,250,0.0,0
1771964654.9802,32.7,30.0,-26.96,PILOTING,SYS_GO,17.7947,1.39,0.0,0.0,250,0.0,0
1771964655.0269,39.1,30.0,-26.79,PILOTING,SYS_GO,17.8003,1.39,0.0,0.0,250,0.0,0
1771964655.1175,33.8,30.0,-27.26,PILOTING,SYS_GO,17.7214,1.39,0.0,0.0,250,0.0,0
1771964655.1638,36.8,30.0,-27.49,PILOTING,SYS_GO,17.7288,1.39,0.0,0.0,250,0.0,0
1771964655.2553,31.7,30.0,-27.4,PILOTING,SYS_GO,17.7606,1.39,0.0,0.0,250,0.0,0
1771964655.3023,44.3,30.0,-27.31,PILOTING,SYS_GO,17.7644,1.39,0.0,0.0,250,0.0,0
1771964655.4271,37.1,30.0,-26.96,PILOTING,SYS_GO,17.8063,1.39,0.0,0.0,250,0.0,0
1771964655.4689,44.4,30.0,-26.72,PILOTING,SYS_GO,17.8112,1.39,0.0,0.0,250,0.0,0
1771964655.5149,45.4,30.0,-27.31,PILOTING,SYS_GO,17.7088,1.39,0.0,0.0,250,0.0,0
1771964655.6211,38.5,30.0,-27.42,PILOTING,SYS_GO,17.7422,1.39,0.0,0.0,250,0.0,0
1771964655.6667,43.9,30.0,-27.45,PILOTING,SYS_GO,17.7477,1.39,0.0,0.0,250,0.0,0
1771964655.7582,37.7,30.0,-27.27,PILOTING,SYS_GO,17.7755,1.39,0.0,0.0,250,0.0,0
1771964655.8073,38.3,30.0,-27.09,PILOTING,SYS_GO,17.7844,1.39,0.0,0.0,250,0.0,0
1771964655.8803,33.7,30.0,-26.82,PILOTING,SYS_GO,17.808,1.39,0.0,0.0,250,0.0,0
1771964655.9392,38.5,30.0,-27.39,PILOTING,SYS_GO,17.7051,1.39,0.0,0.0,250,0.0,0
1771964656.0177,33.8,30.0,-27.56,PILOTING,SYS_GO,17.7293,1.39,0.0,0.0,250,0.0,0
1771964656.0633,33.3,30.0,-27.59,PILOTING,SYS_GO,17.7406,1.39,0.0,0.0,250,0.0,0
1771964656.1402,29.5,30.0,-27.41,PILOTING,SYS_GO,17.7665,1.39,0.0,0.0,250,0.0,0
1771964656.1908,39.0,30.0,-27.28,PILOTING,SYS_GO,17.7712,1.39,0.0,0.0,250,0.0,0
1771964656.2801,33.8,30.0,-27.0,PILOTING,SYS_GO,17.7983,1.39,0.0,0.0,250,0.0,0
1771964656.327,32.5,30.0,-27.51,PILOTING,SYS_GO,17.7038,1.39,0.0,0.0,250,0.0,0
1771964656.4161,28.6,30.0,-27.62,PILOTING,SYS_GO,17.7317,1.39,0.0,0.0,250,0.0,0
1771964656.4627,31.6,30.0,-27.62,PILOTING,SYS_GO,17.74,1.39,0.0,0.0,250,0.0,0
1771964656.5386,28.2,30.0,-27.45,PILOTING,SYS_GO,17.7643,1.39,0.0,0.0,250,0.0,0
1771964656.5842,33.3,30.0,-27.3,PILOTING,SYS_GO,17.771,1.39,0.0,0.0,250,0.0,0
1771964656.6599,30.5,30.0,-27.07,PILOTING,SYS_GO,17.7896,1.39,0.0,0.0,250,0.0,0
1771964656.7121,39.7,30.0,-27.67,PILOTING,SYS_GO,17.6879,1.39,0.0,0.0,250,0.0,0
1771964656.7663,36.8,30.0,-27.92,PILOTING,SYS_GO,17.702,1.39,0.0,0.0,250,0.0,0
1771964656.8273,33.5,30.0,-27.95,PILOTING,SYS_GO,17.72,1.39,0.0,0.0,250,0.0,0
1771964656.8732,34.4,30.0,-27.9,PILOTING,SYS_GO,17.7294,1.39,0.0,0.0,250,0.0,0
1771964656.9481,30.4,30.0,-27.69,PILOTING,SYS_GO,17.7541,1.39,0.0,0.0,250,0.0,0
1771964657.0064,37.2,30.0,-27.52,PILOTING,SYS_GO,17.7598,1.39,0.0,0.0,250,0.0,0
1771964657.0851,32.8,30.0,-27.98,PILOTING,SYS_GO,17.6814,1.39,0.0,0.0,250,0.0,0
1771964657.1319,36.0,30.0,-28.2,PILOTING,SYS_GO,17.6888,1.39,0.0,0.0,250,0.0,0
1771964657.2248,31.4,30.0,-28.14,PILOTING,SYS_GO,17.7161,1.39,0.0,0.0,250,0.0,0
1771964657.2723,35.7,30.0,-28.06,PILOTING,SYS_GO,17.7229,1.39,0.0,0.0,250,0.0,0
1771964657.347,31.3,30.0,-27.82,PILOTING,SYS_GO,17.749,1.39,0.0,0.0,250,0.0,0
1771964657.3932,39.0,30.0,-27.64,PILOTING,SYS_GO,17.7542,1.39,0.0,0.0,250,0.0,0
1771964657.5127,33.0,30.0,-27.96,PILOTING,SYS_GO,17.6941,1.39,0.0,0.0,250,0.0,0
1771964657.5591,43.9,30.0,-28.13,PILOTING,SYS_GO,17.6982,1.39,0.0,0.0,250,0.0,0
1771964657.6491,37.5,30.0,-28.01,PILOTING,SYS_GO,17.7289,1.39,0.0,0.0,250,0.0,0
1771964657.6979,49.2,30.0,-27.91,PILOTING,SYS_GO,17.7326,1.39,0.0,0.0,250,0.0,0
1771964657.7863,42.1,30.0,-27.66,PILOTING,SYS_GO,17.7593,1.39,0.0,0.0,250,0.0,0
1771964657.8317,40.5,30.0,-27.43,PILOTING,SYS_GO,17.7698,1.39,0.0,0.0,250,0.0,0
1771964657.9372,34.7,30.0,-27.81,PILOTING,SYS_GO,17.6984,1.39,0.0,0.0,250,0.0,0
1771964657.9919,35.7,30.0,-27.97,PILOTING,SYS_GO,17.7074,1.39,0.0,0.0,250,0.0,0
1771964658.0878,30.9,30.0,-27.84,PILOTING,SYS_GO,17.739,1.39,0.0,0.0,250,0.0,0
1771964658.1398,34.3,30.0,-27.71,PILOTING,SYS_GO,17.7465,1.39,0.0,0.0,250,0.0,0
1771964658.2042,31.8,30.0,-27.51,PILOTING,SYS_GO,17.763,1.39,0.0,0.0,250,0.0,0
1771964658.3041,27.6,30.0,-27.15,PILOTING,SYS_GO,17.7963,1.39,0.0,0.0,250,0.0,0
1771964658.3568,32.6,30.0,-27.66,PILOTING,SYS_GO,17.6957,1.39,0.0,0.0,250,0.0,0
1771964658.4369,30.1,30.0,-27.83,PILOTING,SYS_GO,17.7139,1.39,0.0,0.0,250,0.0,0
1771964658.5047,28.0,30.0,-27.81,PILOTING,SYS_GO,17.732,1.39,0.0,0.0,250,0.0,0
1771964658.548,30.3,30.0,-27.73,PILOTING,SYS_GO,17.7412,1.39,0.0,0.0,250,0.0,0
1771964658.6684,26.0,30.0,-27.38,PILOTING,SYS_GO,17.7823,1.39,0.0,0.0,250,0.0,0
1771964658.7144,32.9,30.0,-27.14,PILOTING,SYS_GO,17.7882,1.39,0.0,0.0,250,0.0,0
1771964658.7637,30.9,30.0,-27.64,PILOTING,SYS_GO,17.6974,1.39,0.0,0.0,250,0.0,0
1771964658.8382,28.1,30.0,-27.78,PILOTING,SYS_GO,17.7191,1.39,0.0,0.0,250,0.0,0
1771964658.8967,29.9,30.0,-27.8,PILOTING,SYS_GO,17.7288,1.39,0.0,0.0,250,0.0,0
1771964658.9599,27.9,30.0,-27.68,PILOTING,SYS_GO,17.747,1.39,0.0,0.0,250,0.0,0
1771964659.0078,30.2,30.0,-27.55,PILOTING,SYS_GO,17.7561,1.39,0.0,0.0,250,0.0,0
1771964659.0827,27.4,30.0,-27.31,PILOTING,SYS_GO,17.7781,1.39,0.0,0.0,250,0.0,0
1771964659.1307,27.8,30.0,-27.82,PILOTING,SYS_GO,17.6856,1.39,0.0,0.0,250,0.0,0
1771964659.2056,25.2,30.0,-27.96,PILOTING,SYS_GO,17.7099,1.39,0.0,0.0,250,0.0,0
1771964659.2511,41.5,30.0,-28.02,PILOTING,SYS_GO,17.7133,1.39,0.0,0.0,250,0.0,0
1771964659.3572,35.1,30.0,-27.79,PILOTING,SYS_GO,17.7503,1.39,0.0,0.0,250,0.0,0
1771964659.4072,46.9,30.0,-27.62,PILOTING,SYS_GO,17.7541,1.39,0.0,0.0,250,0.0,0
1771964659.5101,39.8,30.0,-27.3,PILOTING,SYS_GO,17.7856,1.39,0.0,0.0,250,0.0,0
1771964659.5558,36.4,30.0,-27.75,PILOTING,SYS_GO,17.6955,1.39,0.0,0.0,250,0.0,0
1771964659.6057,40.7,30.0,-27.97,PILOTING,SYS_GO,17.7017,1.39,0.0,0.0,250,0.0,0
1771964659.695,35.1,30.0,-27.91,PILOTING,SYS_GO,17.7299,1.39,0.0,0.0,250,0.0,0
1771964659.7574,42.8,30.0,-27.83,PILOTING,SYS_GO,17.7348,1.39,0.0,0.0,250,0.0,0
1771964659.8319,37.5,30.0,-27.63,PILOTING,SYS_GO,17.7565,1.39,0.0,0.0,250,0.0,0
1771964659.8777,36.6,30.0,-27.43,PILOTING,SYS_GO,17.7675,1.39,0.0,0.0,250,0.0,0
1771964659.9533,32.0,30.0,-27.86,PILOTING,SYS_GO,17.6908,1.39,0.0,0.0,250,0.0,0
1771964660.0017,44.7,30.0,-28.09,PILOTING,SYS_GO,17.6946,1.39,0.0,0.0,250,0.0,0
1771964660.1018,38.2,30.0,-28.02,PILOTING,SYS_GO,17.7237,1.39,0.0,0.0,250,0.0,0
1771964660.142,49.9,30.0,-27.96,PILOTING,SYS_GO,17.7274,1.39,0.0,0.0,250,0.0,0
1771964660.1856,47.9,30.0,-27.85,PILOTING,SYS_GO,17.7364,1.39,0.0,0.0,250,0.0,0
1771964660.2597,41.6,30.0,-27.63,PILOTING,SYS_GO,17.7585,1.39,0.0,0.0,250,0.0,0
1771964660.3051,39.5,30.0,-28.13,PILOTING,SYS_GO,17.6683,1.39,0.0,0.0,250,0.0,0
1771964660.3956,33.9,30.0,-28.22,PILOTING,SYS_GO,17.6992,1.39,0.0,0.0,250,0.0,0
1771964660.442,45.5,30.0,-28.25,PILOTING,SYS_GO,17.7031,1.39,0.0,0.0,250,0.0,0
1771964660.5484,38.4,30.0,-28.01,PILOTING,SYS_GO,17.739,1.39,0.0,0.0,250,0.0,0
1771964660.5947,48.2,30.0,-27.83,PILOTING,SYS_GO,17.7431,1.39,0.0,0.0,250,0.0,0
1771964660.6858,41.1,30.0,-27.53,PILOTING,SYS_GO,17.7716,1.39,0.0,0.0,250,0.0,0
1771964660.734,42.8,30.0,-28.02,PILOTING,SYS_GO,17.6751,1.39,0.0,0.0,250,0.0,0
1771964660.8225,36.6,30.0,-28.11,PILOTING,SYS_GO,17.7052,1.39,0.0,0.0,250,0.0,0
1771964660.872,42.3,30.0,-28.13,PILOTING,SYS_GO,17.7107,1.39,0.0,0.0,250,0.0,0
1771964660.9468,36.9,30.0,-27.97,PILOTING,SYS_GO,17.7347,1.39,0.0,0.0,250,0.0,0
1771964661.0072,33.8,30.0,-27.75,PILOTING,SYS_GO,17.7513,1.39,0.0,0.0,250,0.0,0
1771964661.0546,32.1,30.0,-27.52,PILOTING,SYS_GO,17.7656,1.39,0.0,0.0,250,0.0,0
1771964661.1746,27.6,30.0,-27.85,PILOTING,SYS_GO,17.7003,1.39,0.0,0.0,250,0.0,0
1771964661.2208,28.9,30.0,-27.97,PILOTING,SYS_GO,17.7109,1.39,0.0,0.0,250,0.0,0
1771964661.314,25.5,30.0,-27.82,PILOTING,SYS_GO,17.7411,1.39,0.0,0.0,250,0.0,0
1771964661.3612,28.6,30.0,-27.68,PILOTING,SYS_GO,17.7498,1.39,0.0,0.0,250,0.0,0
1771964661.4353,26.7,30.0,-27.45,PILOTING,SYS_GO,17.7686,1.39,0.0,0.0,250,0.0,0
1771964661.4994,25.6,30.0,-27.19,PILOTING,SYS_GO,17.7858,1.39,0.0,0.0,250,0.0,0
1771964661.5502,28.1,30.0,-27.73,PILOTING,SYS_GO,17.6893,1.39,0.0,0.0,250,0.0,0
1771964661.6364,25.2,30.0,-27.86,PILOTING,SYS_GO,17.7156,1.39,0.0,0.0,250,0.0,0
1771964661.6822,27.1,30.0,-27.87,PILOTING,SYS_GO,17.726,1.39,0.0,0.0,250,0.0,0
1771964661.7573,24.5,30.0,-27.69,PILOTING,SYS_GO,17.7519,1.39,0.0,0.0,250,0.0,0
1771964661.8028,35.0,30.0,-27.55,PILOTING,SYS_GO,17.7566,1.39,0.0,0.0,250,0.0,0
1771964661.8786,30.9,30.0,-27.28,PILOTING,SYS_GO,17.7821,1.39,0.0,0.0,250,0.0,0
1771964661.9276,39.4,30.0,-27.83,PILOTING,SYS_GO,17.6816,1.39,0.0,0.0,250,0.0,0
1771964662.0177,34.2,30.0,-27.97,PILOTING,SYS_GO,17.7091,1.39,0.0,0.0,250,0.0,0
1771964662.0662,34.5,30.0,-27.98,PILOTING,SYS_GO,17.7192,1.39,0.0,0.0,250,0.0,0
1771964662.1394,30.6,30.0,-27.82,PILOTING,SYS_GO,17.7431,1.39,0.0,0.0,250,0.0,0
1771964662.1894,31.9,30.0,-27.65,PILOTING,SYS_GO,17.7528,1.39,0.0,0.0,250,0.0,0
1771964662.262,28.7,30.0,-27.39,PILOTING,SYS_GO,17.7751,1.39,0.0,0.0,250,0.0,0
1771964662.3137,31.6,30.0,-27.91,PILOTING,SYS_GO,17.6793,1.39,0.0,0.0,250,0.0,0
1771964662.3688,29.0,30.0,-28.1,PILOTING,SYS_GO,17.6983,1.39,0.0,0.0,250,0.0,0
1771964662.4189,42.8,30.0,-28.18,PILOTING,SYS_GO,17.702,1.39,0.0,0.0,250,0.0,0
1771964662.5076,36.7,30.0,-28.02,PILOTING,SYS_GO,17.7311,1.39,0.0,0.0,250,0.0,0
1771964662.5541,48.2,30.0,-27.9,PILOTING,SYS_GO,17.7349,1.39,0.0,0.0,250,0.0,0
1771964662.6143,42.6,30.0,-27.7,PILOTING,SYS_GO,17.7527,1.39,0.0,0.0,250,0.0,0
1771964662.6903,36.8,30.0,-28.11,PILOTING,SYS_GO,17.678,1.39,0.0,0.0,250,0.0,0
1771964662.7355,48.1,30.0,-28.33,PILOTING,SYS_GO,17.6819,1.39,0.0,0.0,250,0.0,0
1771964662.8456,40.3,30.0,-28.19,PILOTING,SYS_GO,17.7203,1.39,0.0,0.0,250,0.0,0
1771964662.8933,43.3,30.0,-28.06,PILOTING,SYS_GO,17.7268,1.39,0.0,0.0,250,0.0,0
1771964662.9412,40.4,30.0,-27.89,PILOTING,SYS_GO,17.7392,1.39,0.0,0.0,250,0.0,0
1771964663.0148,35.7,30.0,-27.64,PILOTING,SYS_GO,17.7606,1.39,0.0,0.0,250,0.0,0
1771964663.0645,36.5,30.0,-28.14,PILOTING,SYS_GO,17.6676,1.39,0.0,0.0,250,0.0,0
1771964663.1561,31.9,30.0,-28.26,PILOTING,SYS_GO,17.6943,1.39,0.0,0.0,250,0.0,0
1771964663.2015,35.6,30.0,-28.28,PILOTING,SYS_GO,17.7014,1.39,0.0,0.0,250,0.0,0
1771964663.2772,31.5,30.0,-28.13,PILOTING,SYS_GO,17.7254,1.39,0.0,0.0,250,0.0,0
1771964663.3235,34.0,30.0,-27.97,PILOTING,SYS_GO,17.7336,1.39,0.0,0.0,250,0.0,0
1771964663.3989,30.0,30.0,-27.69,PILOTING,SYS_GO,17.7597,1.39,0.0,0.0,250,0.0,0
1771964663.4478,41.3,30.0,-28.21,PILOTING,SYS_GO,17.6619,1.39,0.0,0.0,250,0.0,0
1771964663.5359,35.4,30.0,-28.32,PILOTING,SYS_GO,17.6926,1.39,0.0,0.0,250,0.0,0
1771964663.5844,45.6,30.0,-28.35,PILOTING,SYS_GO,17.6968,1.39,0.0,0.0,250,0.0,0
1771964663.6895,38.5,30.0,-28.11,PILOTING,SYS_GO,17.7326,1.39,0.0,0.0,250,0.0,0
1771964663.7357,48.1,30.0,-27.94,PILOTING,SYS_GO,17.7368,1.39,0.0,0.0,250,0.0,0
1771964663.8272,41.1,30.0,-27.64,PILOTING,SYS_GO,17.7647,1.39,0.0,0.0,250,0.0,0
1771964663.8729,47.3,30.0,-28.15,PILOTING,SYS_GO,17.667,1.39,0.0,0.0,250,0.0,0
1771964663.9209,43.1,30.0,-28.36,PILOTING,SYS_GO,17.6807,1.39,0.0,0.0,250,0.0,0
1771964663.9977,37.8,30.0,-28.33,PILOTING,SYS_GO,17.7026,1.39,0.0,0.0,250,0.0,0
1771964664.0497,35.8,30.0,-28.23,PILOTING,SYS_GO,17.7155,1.39,0.0,0.0,250,0.0,0
1771964664.1187,32.0,30.0,-28.01,PILOTING,SYS_GO,17.7367,1.39,0.0,0.0,250,0.0,0
1771964664.165,34.2,30.0,-27.82,PILOTING,SYS_GO,17.745,1.39,0.0,0.0,250,0.0,0
1771964664.2418,30.2,30.0,-28.23,PILOTING,SYS_GO,17.6707,1.39,0.0,0.0,250,0.0,0
1771964664.2898,37.0,30.0,-28.44,PILOTING,SYS_GO,17.6763,1.39,0.0,0.0,250,0.0,0
1771964664.3801,32.0,30.0,-28.35,PILOTING,SYS_GO,17.707,1.39,0.0,0.0,250,0.0,0
1771964664.4292,38.5,30.0,-28.26,PILOTING,SYS_GO,17.7125,1.39,0.0,0.0,250,0.0,0
1771964664.5336,32.9,30.0,-27.96,PILOTING,SYS_GO,17.7468,1.39,0.0,0.0,250,0.0,0
1771964664.5822,35.7,30.0,-27.72,PILOTING,SYS_GO,17.7544,1.39,0.0,0.0,250,0.0,0
1771964664.7024,30.3,30.0,-28.01,PILOTING,SYS_GO,17.6945,1.39,0.0,0.0,250,0.0,0
1771964664.7496,31.7,30.0,-28.11,PILOTING,SYS_GO,17.7042,1.39,0.0,0.0,250,0.0,0
1771964664.8372,29.5,30.0,-28.05,PILOTING,SYS_GO,17.7216,1.39,0.0,0.0,250,0.0,0
1771964664.9024,27.5,30.0,-27.88,PILOTING,SYS_GO,17.7398,1.39,0.0,0.0,250,0.0,0
1771964664.9636,26.0,30.0,-27.65,PILOTING,SYS_GO,17.7581,1.39,0.0,0.0,250,0.0,0
1771964665.0402,23.5,30.0,-27.32,PILOTING,SYS_GO,17.7849,1.39,0.0,0.0,250,0.0,0
1771964665.0874,35.7,30.0,-27.84,PILOTING,SYS_GO,17.6834,1.39,0.0,0.0,250,0.0,0
1771964665.2106,30.4,30.0,-27.88,PILOTING,SYS_GO,17.7223,1.39,0.0,0.0,250,0.0,0
1771964665.262,40.8,30.0,-27.88,PILOTING,SYS_GO,17.7267,1.39,0.0,0.0,250,0.0,0
1771964665.4098,34.1,30.0,-27.51,PILOTING,SYS_GO,17.7767,1.39,0.0,0.0,250,0.0,0
1771964665.4603,39.4,30.0,-27.25,PILOTING,SYS_GO,17.7827,1.39,0.0,0.0,250,0.0,0
1771964665.502,38.4,30.0,-27.02,PILOTING,SYS_GO,17.7931,1.39,0.0,0.0,250,0.0,0
1771964665.6095,32.7,30.0,-27.39,PILOTING,SYS_GO,17.7223,1.39,0.0,0.0,250,0.0,0
1771964665.6562,40.6,30.0,-27.58,PILOTING,SYS_GO,17.7273,1.39,0.0,0.0,250,0.0,0
1771964665.7623,34.4,30.0,-27.42,PILOTING,SYS_GO,17.7645,1.39,0.0,0.0,250,0.0,0
1771964665.8137,44.4,30.0,-27.3,PILOTING,SYS_GO,17.7688,1.39,0.0,0.0,250,0.0,0
1771964665.8607,41.3,30.0,-27.13,PILOTING,SYS_GO,17.7812,1.39,0.0,0.0,250,0.0,0
1771964665.9479,35.9,30.0,-26.85,PILOTING,SYS_GO,17.8066,1.39,0.0,0.0,250,0.0,0
1771964665.9943,37.9,30.0,-27.41,PILOTING,SYS_GO,17.7054,1.39,0.0,0.0,250,0.0,0
1771964666.0703,33.1,30.0,-27.56,PILOTING,SYS_GO,17.7319,1.39,0.0,0.0,250,0.0,0
1771964666.1187,44.3,30.0,-27.61,PILOTING,SYS_GO,17.7359,1.39,0.0,0.0,250,0.0,0
1771964666.2215,37.7,30.0,-27.42,PILOTING,SYS_GO,17.7675,1.39,0.0,0.0,250,0.0,0
1771964666.2727,38.5,30.0,-27.25,PILOTING,SYS_GO,17.7762,1.39,0.0,0.0,250,0.0,0
1771964666.3877,32.6,30.0,-26.85,PILOTING,SYS_GO,17.8165,1.39,0.0,0.0,250,0.0,0
1771964666.4341,44.2,30.0,-27.37,PILOTING,SYS_GO,17.71,1.39,0.0,0.0,250,0.0,0
1771964666.4944,39.9,30.0,-27.58,PILOTING,SYS_GO,17.726,1.39,0.0,0.0,250,0.0,0
1771964666.5392,37.8,30.0,-27.61,PILOTING,SYS_GO,17.7382,1.39,0.0,0.0,250,0.0,0
1771964666.5863,35.8,30.0,-27.54,PILOTING,SYS_GO,17.7513,1.39,0.0,0.0,250,0.0,0
1771964666.6815,31.0,30.0,-27.28,PILOTING,SYS_GO,17.7811,1.39,0.0,0.0,250,0.0,0
1771964666.7226,42.2,30.0,-27.09,PILOTING,SYS_GO,17.7853,1.39,0.0,0.0,250,0.0,0
1771964666.7791,43.4,30.0,-27.68,PILOTING,SYS_GO,17.6869,1.39,0.0,0.0,250,0.0,0
1771964666.8457,38.3,30.0,-27.89,PILOTING,SYS_GO,17.7074,1.39,0.0,0.0,250,0.0,0
1771964666.8914,37.8,30.0,-27.95,PILOTING,SYS_GO,17.7175,1.39,0.0,0.0,250,0.0,0
1771964666.9389,35.2,30.0,-27.88,PILOTING,SYS_GO,17.7318,1.39,0.0,0.0,250,0.0,0
1771964666.9973,32.2,30.0,-27.71,PILOTING,SYS_GO,17.7499,1.39,0.0,0.0,250,0.0,0
1771964667.0494,33.9,30.0,-27.54,PILOTING,SYS_GO,17.7587,1.39,0.0,0.0,250,0.0,0
1771964667.1212,30.0,30.0,-27.99,PILOTING,SYS_GO,17.6817,1.39,0.0,0.0,250,0.0,0
1771964667.1674,36.4,30.0,-28.22,PILOTING,SYS_GO,17.6875,1.39,0.0,0.0,250,0.0,0
1771964667.2605,31.5,30.0,-28.14,PILOTING,SYS_GO,17.7184,1.39,0.0,0.0,250,0.0,0
1771964667.3119,36.0,30.0,-28.04,PILOTING,SYS_GO,17.7251,1.39,0.0,0.0,250,0.0,0
1771964667.3971,31.7,30.0,-27.8,PILOTING,SYS_GO,17.7501,1.39,0.0,0.0,250,0.0,0
1771964667.4417,30.6,30.0,-27.56,PILOTING,SYS_GO,17.7639,1.39,0.0,0.0,250,0.0,0
1771964667.4878,32.4,30.0,-28.08,PILOTING,SYS_GO,17.6703,1.39,0.0,0.0,250,0.0,0
1771964667.5795,28.3,30.0,-28.18,PILOTING,SYS_GO,17.701,1.39,0.0,0.0,250,0.0,0
1771964667.6257,41.1,30.0,-28.21,PILOTING,SYS_GO,17.7049,1.39,0.0,0.0,250,0.0,0
1771964667.7446,34.8,30.0,-27.96,PILOTING,SYS_GO,17.7427,1.39,0.0,0.0,250,0.0,0
1771964667.7896,40.1,30.0,-27.76,PILOTING,SYS_GO,17.7486,1.39,0.0,0.0,250,0.0,0
1771964667.8968,34.0,30.0,-27.38,PILOTING,SYS_GO,17.7862,1.39,0.0,0.0,250,0.0,0
1771964667.9418,45.8,30.0,-27.87,PILOTING,SYS_GO,17.6841,1.39,0.0,0.0,250,0.0,0
1771964668.0331,39.1,30.0,-27.96,PILOTING,SYS_GO,17.7138,1.39,0.0,0.0,250,0.0,0
1771964668.0822,49.3,30.0,-27.99,PILOTING,SYS_GO,17.7178,1.39,0.0,0.0,250,0.0,0
1771964668.17,41.9,30.0,-27.79,PILOTING,SYS_GO,17.747,1.39,0.0,0.0,250,0.0,0
1771964668.2178,43.1,30.0,-27.62,PILOTING,SYS_GO,17.7546,1.39,0.0,0.0,250,0.0,0
1771964668.2943,37.3,30.0,-27.34,PILOTING,SYS_GO,17.7798,1.39,0.0,0.0,250,0.0,0
1771964668.3407,42.7,30.0,-27.88,PILOTING,SYS_GO,17.6805,1.39,0.0,0.0,250,0.0,0
1771964668.4317,36.5,30.0,-27.98,PILOTING,SYS_GO,17.7121,1.39,0.0,0.0,250,0.0,0
1771964668.4783,46.1,30.0,-28.01,PILOTING,SYS_GO,17.7164,1.39,0.0,0.0,250,0.0,0
1771964668.5838,38.9,30.0,-27.77,PILOTING,SYS_GO,17.7522,1.39,0.0,0.0,250,0.0,0
1771964668.6322,49.6,30.0,-27.6,PILOTING,SYS_GO,17.7561,1.39,0.0,0.0,250,0.0,0
1771964668.7359,41.7,30.0,-27.25,PILOTING,SYS_GO,17.7908,1.39,0.0,0.0,250,0.0,0
1771964668.7819,40.6,30.0,-27.72,PILOTING,SYS_GO,17.6941,1.39,0.0,0.0,250,0.0,0
1771964668.8732,35.1,30.0,-27.82,PILOTING,SYS_GO,17.7216,1.39,0.0,0.0,250,0.0,0
1771964668.9189,43.6,30.0,-27.84,PILOTING,SYS_GO,17.7262,1.39,0.0,0.0,250,0.0,0
1771964669.0105,37.4,30.0,-27.65,PILOTING,SYS_GO,17.7545,1.39,0.0,0.0,250,0.0,0
1771964669.057,36.9,30.0,-27.47,PILOTING,SYS_GO,17.7648,1.39,0.0,0.0,250,0.0,0
1771964669.1334,32.3,30.0,-27.16,PILOTING,SYS_GO,17.7914,1.39,0.0,0.0,250,0.0,0
1771964669.1818,44.4,30.0,-27.71,PILOTING,SYS_GO,17.6885,1.39,0.0,0.0,250,0.0,0
1771964669.2717,38.1,30.0,-27.84,PILOTING,SYS_GO,17.7169,1.39,0.0,0.0,250,0.0,0
1771964669.3181,37.2,30.0,-27.85,PILOTING,SYS_GO,17.7276,1.39,0.0,0.0,250,0.0,0
1771964669.3646,34.8,30.0,-27.75,PILOTING,SYS_GO,17.742,1.39,0.0,0.0,250,0.0,0
1771964669.4711,29.8,30.0,-27.42,PILOTING,SYS_GO,17.7788,1.39,0.0,0.0,250,0.0,0
1771964669.5199,40.1,30.0,-27.19,PILOTING,SYS_GO,17.7833,1.39,0.0,0.0,250,0.0,0
1771964669.6005,35.2,30.0,-27.65,PILOTING,SYS_GO,17.7006,1.39,0.0,0.0,250,0.0,0
1771964669.6535,32.0,30.0,-27.79,PILOTING,SYS_GO,17.7192,1.39,0.0,0.0,250,0.0,0
1771964669.6997,43.4,30.0,-27.84,PILOTING,SYS_GO,17.7233,1.39,0.0,0.0,250,0.0,0
1771964669.7903,37.4,30.0,-27.68,PILOTING,SYS_GO,17.7506,1.39,0.0,0.0,250,0.0,0
1771964669.8354,35.2,30.0,-27.49,PILOTING,SYS_GO,17.7642,1.39,0.0,0.0,250,0.0,0
1771964669.9273,30.6,30.0,-27.16,PILOTING,SYS_GO,17.7932,1.39,0.0,0.0,250,0.0,0
1771964669.9741,32.2,30.0,-27.66,PILOTING,SYS_GO,17.6956,1.39,0.0,0.0,250,0.0,0
1771964670.0512,29.0,30.0,-27.8,PILOTING,SYS_GO,17.7183,1.39,0.0,0.0,250,0.0,0
1771964670.0982,31.5,30.0,-27.83,PILOTING,SYS_GO,17.7269,1.39,0.0,0.0,250,0.0,0
1771964670.173,28.2,30.0,-27.67,PILOTING,SYS_GO,17.7505,1.39,0.0,0.0,250,0.0,0
1771964670.2201,28.3,30.0,-27.49,PILOTING,SYS_GO,17.7632,1.39,0.0,0.0,250,0.0,0
1771964670.3125,24.9,30.0,-27.15,PILOTING,SYS_GO,17.7951,1.39,0.0,0.0,250,0.0,0
1771964670.3586,37.9,30.0,-27.68,PILOTING,SYS_GO,17.6918,1.39,0.0,0.0,250,0.0,0
1771964670.451,32.6,30.0,-27.78,PILOTING,SYS_GO,17.7237,1.39,0.0,0.0,250,0.0,0
1771964670.4973,43.5,30.0,-27.81,PILOTING,SYS_GO,17.7279,1.39,0.0,0.0,250,0.0,0
1771964670.6033,36.8,30.0,-27.56,PILOTING,SYS_GO,17.7641,1.39,0.0,0.0,250,0.0,0
1771964670.6494,48.3,30.0,-27.39,PILOTING,SYS_GO,17.7679,1.39,0.0,0.0,250,0.0,0
1771964670.7404,41.0,30.0,-27.06,PILOTING,SYS_GO,17.7987,1.39,0.0,0.0,250,0.0,0
1771964670.7919,50.6,30.0,-27.61,PILOTING,SYS_GO,17.695,1.39,0.0,0.0,250,0.0,0
1771964670.8801,43.1,30.0,-27.74,PILOTING,SYS_GO,17.7223,1.39,0.0,0.0,250,0.0,0
1771964670.9316,41.0,30.0,-27.75,PILOTING,SYS_GO,17.7333,1.39,0.0,0.0,250,0.0,0
1771964671.0034,35.9,30.0,-27.58,PILOTING,SYS_GO,17.7568,1.39,0.0,0.0,250,0.0,0
1771964671.05,38.6,30.0,-27.43,PILOTING,SYS_GO,17.764,1.39,0.0,0.0,250,0.0,0
1771964671.1409,33.3,30.0,-27.11,PILOTING,SYS_GO,17.7948,1.39,0.0,0.0,250,0.0,0
1771964671.2162,37.0,30.0,-27.64,PILOTING,SYS_GO,17.6945,1.39,0.0,0.0,250,0.0,0
1771964671.2628,34.4,30.0,-27.86,PILOTING,SYS_GO,17.7095,1.39,0.0,0.0,250,0.0,0
1771964671.3335,37.2,30.0,-27.93,PILOTING,SYS_GO,17.7169,1.39,0.0,0.0,250,0.0,0
1771964671.4001,33.0,30.0,-27.82,PILOTING,SYS_GO,17.7388,1.39,0.0,0.0,250,0.0,0
1771964671.4584,41.2,30.0,-27.72,PILOTING,SYS_GO,17.7437,1.39,0.0,0.0,250,0.0,0
1771964671.5374,35.9,30.0,-27.48,PILOTING,SYS_GO,17.7681,1.39,0.0,0.0,250,0.0,0
1771964671.5842,35.9,30.0,-28.0,PILOTING,SYS_GO,17.6749,1.39,0.0,0.0,250,0.0,0
1771964671.6582,31.5,30.0,-28.13,PILOTING,SYS_GO,17.7009,1.39,0.0,0.0,250,0.0,0
1771964671.7068,43.1,30.0,-28.18,PILOTING,SYS_GO,17.7049,1.39,0.0,0.0,250,0.0,0
1771964671.8107,36.5,30.0,-27.96,PILOTING,SYS_GO,17.7406,1.39,0.0,0.0,250,0.0,0
1771964671.8596,46.2,30.0,-27.79,PILOTING,SYS_GO,17.7448,1.39,0.0,0.0,250,0.0,0
1771964671.9482,39.7,30.0,-27.5,PILOTING,SYS_GO,17.771,1.39,0.0,0.0,250,0.0,0
1771964671.9934,37.6,30.0,-27.98,PILOTING,SYS_GO,17.6797,1.39,0.0,0.0,250,0.0,0
1771964672.1147,31.8,30.0,-27.97,PILOTING,SYS_GO,17.7212,1.39,0.0,0.0,250,0.0,0
1771964672.1608,43.6,30.0,-27.94,PILOTING,SYS_GO,17.7252,1.39,0.0,0.0,250,0.0,0
1771964672.2662,37.1,30.0,-27.69,PILOTING,SYS_GO,17.7578,1.39,0.0,0.0,250,0.0,0
1771964672.3122,35.5,30.0,-27.45,PILOTING,SYS_GO,17.7701,1.39,0.0,0.0,250,0.0,0
1771964672.3874,31.2,30.0,-27.12,PILOTING,SYS_GO,17.7963,1.39,0.0,0.0,250,0.0,0
1771964672.4323,43.2,30.0,-27.66,PILOTING,SYS_GO,17.6928,1.39,0.0,0.0,250,0.0,0
1771964672.525,37.1,30.0,-27.78,PILOTING,SYS_GO,17.7212,1.39,0.0,0.0,250,0.0,0
1771964672.5725,36.5,30.0,-27.78,PILOTING,SYS_GO,17.7319,1.39,0.0,0.0,250,0.0,0
1771964672.6466,32.5,30.0,-27.62,PILOTING,SYS_GO,17.7535,1.39,0.0,0.0,250,0.0,0
1771964672.7021,33.1,30.0,-27.45,PILOTING,SYS_GO,17.7637,1.39,0.0,0.0,250,0.0,0
1771964672.7831,29.1,30.0,-27.16,PILOTING,SYS_GO,17.7906,1.39,0.0,0.0,250,0.0,0
1771964672.8318,35.8,30.0,-27.7,PILOTING,SYS_GO,17.6898,1.39,0.0,0.0,250,0.0,0
1771964672.9369,30.8,30.0,-27.8,PILOTING,SYS_GO,17.723,1.39,0.0,0.0,250,0.0,0
1771964672.9887,32.1,30.0,-27.78,PILOTING,SYS_GO,17.7326,1.39,0.0,0.0,250,0.0,0
1771964673.0446,30.3,30.0,-27.66,PILOTING,SYS_GO,17.7484,1.39,0.0,0.0,250,0.0,0
1771964673.1363,26.6,30.0,-27.37,PILOTING,SYS_GO,17.7793,1.39,0.0,0.0,250,0.0,0
1771964673.1871,34.4,30.0,-27.15,PILOTING,SYS_GO,17.7847,1.39,0.0,0.0,250,0.0,0
1771964673.304,30.0,30.0,-27.57,PILOTING,SYS_GO,17.7086,1.39,0.0,0.0,250,0.0,0
1771964673.3499,31.3,30.0,-27.74,PILOTING,SYS_GO,17.7185,1.39,0.0,0.0,250,0.0,0
1771964673.4103,30.7,30.0,-27.76,PILOTING,SYS_GO,17.7311,1.39,0.0,0.0,250,0.0,0
1771964673.4756,28.6,30.0,-27.64,PILOTING,SYS_GO,17.749,1.39,0.0,0.0,250,0.0,0
1771964673.5208,30.4,30.0,-27.5,PILOTING,SYS_GO,17.7586,1.39,0.0,0.0,250,0.0,0
1771964673.6085,27.0,30.0,-27.23,PILOTING,SYS_GO,17.7858,1.39,0.0,0.0,250,0.0,0
1771964673.6537,29.6,30.0,-27.75,PILOTING,SYS_GO,17.6889,1.39,0.0,0.0,250,0.0,0
1771964673.7457,26.0,30.0,-27.84,PILOTING,SYS_GO,17.7198,1.39,0.0,0.0,250,0.0,0
1771964673.7977,40.1,30.0,-27.88,PILOTING,SYS_GO,17.7236,1.39,0.0,0.0,250,0.0,0
1771964673.8834,34.5,30.0,-27.68,PILOTING,SYS_GO,17.7537,1.39,0.0,0.0,250,0.0,0
1771964673.9314,45.3,30.0,-27.53,PILOTING,SYS_GO,17.7577,1.39,0.0,0.0,250,0.0,0
1771964674.0362,38.3,30.0,-27.19,PILOTING,SYS_GO,17.7932,1.39,0.0,0.0,250,0.0,0
1771964674.0857,48.6,30.0,-27.72,PILOTING,SYS_GO,17.6902,1.39,0.0,0.0,250,0.0,0
1771964674.1599,42.3,30.0,-27.89,PILOTING,SYS_GO,17.7113,1.39,0.0,0.0,250,0.0,0
1771964674.2215,37.8,30.0,-27.86,PILOTING,SYS_GO,17.7296,1.39,0.0,0.0,250,0.0,0
1771964674.2673,37.4,30.0,-27.77,PILOTING,SYS_GO,17.7397,1.39,0.0,0.0,250,0.0,0
1771964674.3581,32.3,30.0,-27.5,PILOTING,SYS_GO,17.7692,1.39,0.0,0.0,250,0.0,0
1771964674.4048,36.1,30.0,-27.29,PILOTING,SYS_GO,17.7762,1.39,0.0,0.0,250,0.0,0
1771964674.5269,30.7,30.0,-27.63,PILOTING,SYS_GO,17.7114,1.39,0.0,0.0,250,0.0,0
1771964674.5731,38.7,30.0,-27.8,PILOTING,SYS_GO,17.7165,1.39,0.0,0.0,250,0.0,0
1771964674.6654,33.2,30.0,-27.67,PILOTING,SYS_GO,17.7486,1.39,0.0,0.0,250,0.0,0
1771964674.7111,40.9,30.0,-27.56,PILOTING,SYS_GO,17.7536,1.39,0.0,0.0,250,0.0,0
1771964674.8165,34.7,30.0,-27.23,PILOTING,SYS_GO,17.79,1.39,0.0,0.0,250,0.0,0
1771964674.8627,38.4,30.0,-26.98,PILOTING,SYS_GO,17.7967,1.39,0.0,0.0,250,0.0,0
1771964674.9218,34.4,30.0,-27.46,PILOTING,SYS_GO,17.7089,1.39,0.0,0.0,250,0.0,0
1771964674.9981,30.4,30.0,-27.57,PILOTING,SYS_GO,17.7336,1.39,0.0,0.0,250,0.0,0
1771964675.0558,34.3,30.0,-27.59,PILOTING,SYS_GO,17.7408,1.39,0.0,0.0,250,0.0,0
1771964675.1372,30.2,30.0,-27.41,PILOTING,SYS_GO,17.767,1.39,0.0,0.0,250,0.0,0
1771964675.1839,35.0,30.0,-27.26,PILOTING,SYS_GO,17.7736,1.39,0.0,0.0,250,0.0,0
1771964675.2755,30.5,30.0,-26.96,PILOTING,SYS_GO,17.8021,1.39,0.0,0.0,250,0.0,0
1771964675.3207,31.9,30.0,-27.49,PILOTING,SYS_GO,17.7034,1.39,0.0,0.0,250,0.0,0
1771964675.4113,28.0,30.0,-27.59,PILOTING,SYS_GO,17.7331,1.39,0.0,0.0,250,0.0,0
1771964675.4596,34.1,30.0,-27.61,PILOTING,SYS_GO,17.7393,1.39,0.0,0.0,250,0.0,0
1771964675.5618,29.8,30.0,-27.42,PILOTING,SYS_GO,17.7675,1.39,0.0,0.0,250,0.0,0
1771964675.6093,32.8,30.0,-27.25,PILOTING,SYS_GO,17.7756,1.39,0.0,0.0,250,0.0,0
1771964675.6561,31.6,30.0,-27.05,PILOTING,SYS_GO,17.7891,1.39,0.0,0.0,250,0.0,0
1771964675.7315,28.6,30.0,-27.54,PILOTING,SYS_GO,17.7041,1.39,0.0,0.0,250,0.0,0
1771964675.7767,29.7,30.0,-27.75,PILOTING,SYS_GO,17.7147,1.39,0.0,0.0,250,0.0,0
1771964675.8533,26.8,30.0,-27.71,PILOTING,SYS_GO,17.7386,1.39,0.0,0.0,250,0.0,0
1771964675.8999,32.9,30.0,-27.65,PILOTING,SYS_GO,17.7449,1.39,0.0,0.0,250,0.0,0
1771964676.0058,28.5,30.0,-27.37,PILOTING,SYS_GO,17.778,1.39,0.0,0.0,250,0.0,0
1771964676.0561,29.3,30.0,-27.12,PILOTING,SYS_GO,17.789,1.39,0.0,0.0,250,0.0,0
1771964676.1581,26.2,30.0,-27.54,PILOTING,SYS_GO,17.7095,1.39,0.0,0.0,250,0.0,0
1771964676.2048,25.7,30.0,-27.69,PILOTING,SYS_GO,17.7246,1.39,0.0,0.0,250,0.0,0
1771964676.2514,34.3,30.0,-27.74,PILOTING,SYS_GO,17.7299,1.39,0.0,0.0,250,0.0,0
1771964676.3568,29.6,30.0,-27.52,PILOTING,SYS_GO,17.7638,1.39,0.0,0.0,250,0.0,0
1771964676.4025,33.2,30.0,-27.34,PILOTING,SYS_GO,17.7713,1.39,0.0,0.0,250,0.0,0
1771964676.4934,28.8,30.0,-27.0,PILOTING,SYS_GO,17.8034,1.39,0.0,0.0,250,0.0,0
1771964676.5397,40.5,30.0,-27.54,PILOTING,SYS_GO,17.6991,1.39,0.0,0.0,250,0.0,0
1771964676.6458,34.6,30.0,-27.64,PILOTING,SYS_GO,17.7317,1.39,0.0,0.0,250,0.0,0
1771964676.6931,35.0,30.0,-27.62,PILOTING,SYS_GO,17.7416,1.39,0.0,0.0,250,0.0,0
1771964676.7683,30.7,30.0,-27.43,PILOTING,SYS_GO,17.7679,1.39,0.0,0.0,250,0.0,0
1771964676.8187,43.2,30.0,-27.28,PILOTING,SYS_GO,17.7718,1.39,0.0,0.0,250,0.0,0
1771964676.9059,37.0,30.0,-26.98,PILOTING,SYS_GO,17.8013,1.39,0.0,0.0,250,0.0,0
1771964676.954,39.2,30.0,-27.52,PILOTING,SYS_GO,17.7006,1.39,0.0,0.0,250,0.0,0
1771964677.0429,33.8,30.0,-27.63,PILOTING,SYS_GO,17.7306,1.39,0.0,0.0,250,0.0,0
1771964677.0931,42.6,30.0,-27.66,PILOTING,SYS_GO,17.7353,1.39,0.0,0.0,250,0.0,0
1771964677.1676,36.9,30.0,-27.5,PILOTING,SYS_GO,17.7611,1.39,0.0,0.0,250,0.0,0
1771964677.2136,48.1,30.0,-27.37,PILOTING,SYS_GO,17.7649,1.39,0.0,0.0,250,0.0,0
1771964677.3207,40.6,30.0,-27.05,PILOTING,SYS_GO,17.7985,1.39,0.0,0.0,250,0.0,0
1771964677.3678,46.3,30.0,-27.6,PILOTING,SYS_GO,17.6959,1.39,0.0,0.0,250,0.0,0
1771964677.4424,40.0,30.0,-27.75,PILOTING,SYS_GO,17.7204,1.39,0.0,0.0,250,0.0,0
1771964677.4885,51.3,30.0,-27.82,PILOTING,SYS_GO,17.7241,1.39,0.0,0.0,250,0.0,0
1771964677.5662,43.7,30.0,-27.66,PILOTING,SYS_GO,17.7515,1.39,0.0,0.0,250,0.0,0
1771964677.6111,53.0,30.0,-27.54,PILOTING,SYS_GO,17.7555,1.39,0.0,0.0,250,0.0,0
1771964677.7331,44.3,30.0,-27.19,PILOTING,SYS_GO,17.7935,1.39,0.0,0.0,250,0.0,0
1771964677.7811,44.7,30.0,-27.69,PILOTING,SYS_GO,17.6942,1.39,0.0,0.0,250,0.0,0
1771964677.8871,38.0,30.0,-27.76,PILOTING,SYS_GO,17.7266,1.39,0.0,0.0,250,0.0,0
1771964677.9327,36.8,30.0,-27.72,PILOTING,SYS_GO,17.7378,1.39,0.0,0.0,250,0.0,0
1771964678.0099,32.2,30.0,-27.52,PILOTING,SYS_GO,17.7638,1.39,0.0,0.0,250,0.0,0
1771964678.0618,44.4,30.0,-27.36,PILOTING,SYS_GO,17.7676,1.39,0.0,0.0,250,0.0,0
1771964678.1465,38.0,30.0,-27.06,PILOTING,SYS_GO,17.7965,1.39,0.0,0.0,250,0.0,0
1771964678.1933,49.5,30.0,-27.62,PILOTING,SYS_GO,17.6928,1.39,0.0,0.0,250,0.0,0
1771964678.2569,43.0,30.0,-27.82,PILOTING,SYS_GO,17.7135,1.39,0.0,0.0,250,0.0,0
1771964678.3301,37.5,30.0,-27.76,PILOTING,SYS_GO,17.7369,1.39,0.0,0.0,250,0.0,0
1771964678.3761,36.3,30.0,-27.65,PILOTING,SYS_GO,17.7483,1.39,0.0,0.0,250,0.0,0
1771964678.4674,31.7,30.0,-27.38,PILOTING,SYS_GO,17.7757,1.39,0.0,0.0,250,0.0,0
1771964678.5215,33.1,30.0,-27.16,PILOTING,SYS_GO,17.7851,1.39,0.0,0.0,250,0.0,0
1771964678.6072,29.0,30.0,-27.58,PILOTING,SYS_GO,17.7074,1.39,0.0,0.0,250,0.0,0
1771964678.6596,39.1,30.0,-27.8,PILOTING,SYS_GO,17.7119,1.39,0.0,0.0,250,0.0,0
1771964678.7305,34.3,30.0,-27.76,PILOTING,SYS_GO,17.7356,1.39,0.0,0.0,250,0.0,0
1771964678.7789,45.1,30.0,-27.71,PILOTING,SYS_GO,17.7397,1.39,0.0,0.0,250,0.0,0
1771964678.8698,38.4,30.0,-27.46,PILOTING,SYS_GO,17.7701,1.39,0.0,0.0,250,0.0,0
1771964678.9197,44.5,30.0,-27.28,PILOTING,SYS_GO,17.7754,1.39,0.0,0.0,250,0.0,0
1771964679.0227,37.9,30.0,-27.69,PILOTING,SYS_GO,17.7021,1.39,0.0,0.0,250,0.0,0
1771964679.0684,46.1,30.0,-27.9,PILOTING,SYS_GO,17.7066,1.39,0.0,0.0,250,0.0,0
1771964679.1618,40.1,30.0,-27.87,PILOTING,SYS_GO,17.7293,1.39,0.0,0.0,250,0.0,0
1771964679.2036,39.0,30.0,-27.78,PILOTING,SYS_GO,17.7397,1.39,0.0,0.0,250,0.0,0
1771964679.2521,39.6,30.0,-27.66,PILOTING,SYS_GO,17.7483,1.39,0.0,0.0,250,0.0,0
1771964679.327,34.5,30.0,-27.4,PILOTING,SYS_GO,17.7741,1.39,0.0,0.0,250,0.0,0
1771964679.373,42.5,30.0,-27.95,PILOTING,SYS_GO,17.6748,1.39,0.0,0.0,250,0.0,0
1771964679.4636,36.5,30.0,-28.08,PILOTING,SYS_GO,17.7032,1.39,0.0,0.0,250,0.0,0
1771964679.5096,36.0,30.0,-28.09,PILOTING,SYS_GO,17.7138,1.39,0.0,0.0,250,0.0,0
1771964679.5556,34.2,30.0,-28.0,PILOTING,SYS_GO,17.7271,1.39,0.0,0.0,250,0.0,0
1771964679.6471,30.0,30.0,-27.74,PILOTING,SYS_GO,17.7547,1.39,0.0,0.0,250,0.0,0
1771964679.6944,31.9,30.0,-27.53,PILOTING,SYS_GO,17.7638,1.39,0.0,0.0,250,0.0,0
1771964679.8014,27.6,30.0,-27.88,PILOTING,SYS_GO,17.6955,1.39,0.0,0.0,250,0.0,0
1771964679.8469,32.5,30.0,-28.05,PILOTING,SYS_GO,17.7024,1.39,0.0,0.0,250,0.0,0
1771964679.938,28.4,30.0,-27.94,PILOTING,SYS_GO,17.7317,1.39,0.0,0.0,250,0.0,0
1771964679.9868,38.0,30.0,-27.84,PILOTING,SYS_GO,17.7364,1.39,0.0,0.0,250,0.0,0
1771964680.0899,32.7,30.0,-27.56,PILOTING,SYS_GO,17.7679,1.39,0.0,0.0,250,0.0,0
1771964680.1442,34.8,30.0,-27.32,PILOTING,SYS_GO,17.7763,1.39,0.0,0.0,250,0.0,0
1771964680.2273,30.7,30.0,-27.75,PILOTING,SYS_GO,17.6969,1.39,0.0,0.0,250,0.0,0
1771964680.275,29.9,30.0,-27.91,PILOTING,SYS_GO,17.7104,1.39,0.0,0.0,250,0.0,0
1771964680.3645,26.5,30.0,-27.81,PILOTING,SYS_GO,17.7382,1.39,0.0,0.0,250,0.0,0
1771964680.4101,29.8,30.0,-27.69,PILOTING,SYS_GO,17.7465,1.39,0.0,0.0,250,0.0,0
1771964680.5172,26.0,30.0,-27.38,PILOTING,SYS_GO,17.7802,1.39,0.0,0.0,250,0.0,0
1771964680.5637,29.9,30.0,-27.13,PILOTING,SYS_GO,17.7881,1.39,0.0,0.0,250,0.0,0
1771964680.6387,26.8,30.0,-27.56,PILOTING,SYS_GO,17.7072,1.39,0.0,0.0,250,0.0,0
1771964680.6843,38.3,30.0,-27.79,PILOTING,SYS_GO,17.7115,1.39,0.0,0.0,250,0.0,0
1771964680.7761,32.9,30.0,-27.71,PILOTING,SYS_GO,17.7428,1.39,0.0,0.0,250,0.0,0
1771964680.8222,42.7,30.0,-27.62,PILOTING,SYS_GO,17.7472,1.39,0.0,0.0,250,0.0,0
1771964680.88,40.4,30.0,-27.49,PILOTING,SYS_GO,17.7588,1.39,0.0,0.0,250,0.0,0
1771964680.9432,36.1,30.0,-27.28,PILOTING,SYS_GO,17.7777,1.39,0.0,0.0,250,0.0,0
1771964680.9883,40.0,30.0,-27.84,PILOTING,SYS_GO,17.6796,1.39,0.0,0.0,250,0.0,0
1771964681.1119,33.7,30.0,-27.88,PILOTING,SYS_GO,17.7223,1.39,0.0,0.0,250,0.0,0
1771964681.1574,37.8,30.0,-27.86,PILOTING,SYS_GO,17.729,1.39,0.0,0.0,250,0.0,0
1771964681.2785,32.1,30.0,-27.57,PILOTING,SYS_GO,17.7674,1.39,0.0,0.0,250,0.0,0
1771964681.325,36.7,30.0,-27.35,PILOTING,SYS_GO,17.7739,1.39,0.0,0.0,250,0.0,0
1771964681.4467,31.2,30.0,-26.93,PILOTING,SYS_GO,17.8139,1.39,0.0,0.0,250,0.0,0
1771964681.4922,35.8,30.0,-27.42,PILOTING,SYS_GO,17.7105,1.39,0.0,0.0,250,0.0,0
1771964681.5994,30.9,30.0,-27.49,PILOTING,SYS_GO,17.7421,1.39,0.0,0.0,250,0.0,0
1771964681.6443,38.2,30.0,-27.49,PILOTING,SYS_GO,17.7475,1.39,0.0,0.0,250,0.0,0
1771964681.6932,37.5,30.0,-27.42,PILOTING,SYS_GO,17.758,1.39,0.0,0.0,250,0.0,0
1771964681.7662,33.3,30.0,-27.22,PILOTING,SYS_GO,17.7796,1.39,0.0,0.0,250,0.0,0
1771964681.8125,33.1,30.0,-27.02,PILOTING,SYS_GO,17.7908,1.39,0.0,0.0,250,0.0,0
1771964681.9032,29.0,30.0,-27.46,PILOTING,SYS_GO,17.7125,1.39,0.0,0.0,250,0.0,0
1771964681.9489,31.1,30.0,-27.66,PILOTING,SYS_GO,17.7216,1.39,0.0,0.0,250,0.0,0
1771964682.0404,27.5,30.0,-27.58,PILOTING,SYS_GO,17.7497,1.39,0.0,0.0,250,0.0,0
1771964682.0931,32.9,30.0,-27.48,PILOTING,SYS_GO,17.7563,1.39,0.0,0.0,250,0.0,0
1771964682.2089,28.1,30.0,-27.13,PILOTING,SYS_GO,17.7965,1.39,0.0,0.0,250,0.0,0
1771964682.2549,42.3,30.0,-26.9,PILOTING,SYS_GO,17.8001,1.39,0.0,0.0,250,0.0,0
1771964682.3533,36.3,30.0,-27.32,PILOTING,SYS_GO,17.7216,1.39,0.0,0.0,250,0.0,0
1771964682.3932,40.4,30.0,-27.53,PILOTING,SYS_GO,17.7279,1.39,0.0,0.0,250,0.0,0
1771964682.4531,36.7,30.0,-27.54,PILOTING,SYS_GO,17.7444,1.39,0.0,0.0,250,0.0,0
1771964682.5285,32.5,30.0,-27.38,PILOTING,SYS_GO,17.7676,1.39,0.0,0.0,250,0.0,0
1771964682.5817,33.7,30.0,-27.21,PILOTING,SYS_GO,17.7769,1.39,0.0,0.0,250,0.0,0
1771964682.6669,29.7,30.0,-26.93,PILOTING,SYS_GO,17.8025,1.39,0.0,0.0,250,0.0,0
1771964682.721,31.5,30.0,-27.47,PILOTING,SYS_GO,17.7035,1.39,0.0,0.0,250,0.0,0
1771964682.7905,28.2,30.0,-27.62,PILOTING,SYS_GO,17.7274,1.39,0.0,0.0,250,0.0,0
1771964682.8394,41.5,30.0,-27.69,PILOTING,SYS_GO,17.7312,1.39,0.0,0.0,250,0.0,0
1771964682.9446,35.1,30.0,-27.46,PILOTING,SYS_GO,17.7683,1.39,0.0,0.0,250,0.0,0
1771964682.9932,37.2,30.0,-27.27,PILOTING,SYS_GO,17.7763,1.39,0.0,0.0,250,0.0,0
1771964683.0421,37.1,30.0,-27.08,PILOTING,SYS_GO,17.7861,1.39,0.0,0.0,250,0.0,0
1771964683.0967,34.0,30.0,-27.61,PILOTING,SYS_GO,17.6968,1.39,0.0,0.0,250,0.0,0
1771964683.1436,39.1,30.0,-27.88,PILOTING,SYS_GO,17.7029,1.39,0.0,0.0,250,0.0,0
1771964683.2488,33.4,30.0,-27.8,PILOTING,SYS_GO,17.7369,1.39,0.0,0.0,250,0.0,0
1771964683.2951,43.0,30.0,-27.72,PILOTING,SYS_GO,17.7413,1.39,0.0,0.0,250,0.0,0
1771964683.3999,36.4,30.0,-27.42,PILOTING,SYS_GO,17.7766,1.39,0.0,0.0,250,0.0,0
1771964683.45,47.9,30.0,-27.22,PILOTING,SYS_GO,17.7804,1.39,0.0,0.0,250,0.0,0
1771964683.5524,40.4,30.0,-27.59,PILOTING,SYS_GO,17.7105,1.39,0.0,0.0,250,0.0,0
1771964683.5989,50.4,30.0,-27.79,PILOTING,SYS_GO,17.7145,1.39,0.0,0.0,250,0.0,0
1771964683.6902,42.6,30.0,-27.68,PILOTING,SYS_GO,17.7459,1.39,0.0,0.0,250,0.0,0
1771964683.7356,50.7,30.0,-27.59,PILOTING,SYS_GO,17.7502,1.39,0.0,0.0,250,0.0,0
1771964683.8261,43.1,30.0,-27.33,PILOTING,SYS_GO,17.778,1.39,0.0,0.0,250,0.0,0
1771964683.88,47.1,30.0,-27.14,PILOTING,SYS_GO,17.7837,1.39,0.0,0.0,250,0.0,0
1771964683.9652,40.5,30.0,-27.59,PILOTING,SYS_GO,17.704,1.39,0.0,0.0,250,0.0,0
1771964684.0108,47.1,30.0,-27.83,PILOTING,SYS_GO,17.7089,1.39,0.0,0.0,250,0.0,0
1771964684.1018,40.3,30.0,-27.78,PILOTING,SYS_GO,17.7362,1.39,0.0,0.0,250,0.0,0
1771964684.1476,41.6,30.0,-27.69,PILOTING,SYS_GO,17.7439,1.39,0.0,0.0,250,0.0,0
1771964684.225,36.0,30.0,-27.45,PILOTING,SYS_GO,17.7705,1.39,0.0,0.0,250,0.0,0
1771964684.2713,46.6,30.0,-27.27,PILOTING,SYS_GO,17.7745,1.39,0.0,0.0,250,0.0,0
1771964684.3793,39.3,30.0,-27.65,PILOTING,SYS_GO,17.707,1.39,0.0,0.0,250,0.0,0
1771964684.4238,43.5,30.0,-27.83,PILOTING,SYS_GO,17.713,1.39,0.0,0.0,250,0.0,0
1771964684.5371,37.0,30.0,-27.72,PILOTING,SYS_GO,17.7449,1.39,0.0,0.0,250,0.0,0
1771964684.5775,35.0,30.0,-27.55,PILOTING,SYS_GO,17.7584,1.39,0.0,0.0,250,0.0,0
1771964684.6227,37.1,30.0,-27.39,PILOTING,SYS_GO,17.7663,1.39,0.0,0.0,250,0.0,0
1771964684.7469,31.6,30.0,-27.02,PILOTING,SYS_GO,17.8045,1.39,0.0,0.0,250,0.0,0
1771964684.7883,32.0,30.0,-27.5,PILOTING,SYS_GO,17.7066,1.39,0.0,0.0,250,0.0,0
1771964684.8336,33.7,30.0,-27.73,PILOTING,SYS_GO,17.7154,1.39,0.0,0.0,250,0.0,0
1771964684.9424,28.9,30.0,-27.6,PILOTING,SYS_GO,17.7523,1.39,0.0,0.0,250,0.0,0
1771964684.9946,36.1,30.0,-27.48,PILOTING,SYS_GO,17.7578,1.39,0.0,0.0,250,0.0,0
1771964685.0512,33.3,30.0,-27.3,PILOTING,SYS_GO,17.7743,1.39,0.0,0.0,250,0.0,0
1771964685.1707,28.5,30.0,-26.92,PILOTING,SYS_GO,17.8115,1.39,0.0,0.0,250,0.0,0
1771964685.2193,30.4,30.0,-27.41,PILOTING,SYS_GO,17.7113,1.39,0.0,0.0,250,0.0,0
1771964685.2919,27.5,30.0,-27.54,PILOTING,SYS_GO,17.7339,1.39,0.0,0.0,250,0.0,0
1771964685.3499,30.1,30.0,-27.56,PILOTING,SYS_GO,17.7427,1.39,0.0,0.0,250,0.0,0
1771964685.4451,26.5,30.0,-27.35,PILOTING,SYS_GO,17.7729,1.39,0.0,0.0,250,0.0,0
1771964685.492,31.8,30.0,-27.18,PILOTING,SYS_GO,17.7797,1.39,0.0,0.0,250,0.0,0
1771964685.6237,27.3,30.0,-26.8,PILOTING,SYS_GO,17.8177,1.39,0.0,0.0,250,0.0,0
1771964685.658,34.3,30.0,-27.33,PILOTING,SYS_GO,17.7128,1.39,0.0,0.0,250,0.0,0
1771964685.7184,32.0,30.0,-27.53,PILOTING,SYS_GO,17.7286,1.39,0.0,0.0,250,0.0,0
1771964685.7947,28.6,30.0,-27.48,PILOTING,SYS_GO,17.7524,1.39,0.0,0.0,250,0.0,0
1771964685.8406,30.4,30.0,-27.38,PILOTING,SYS_GO,17.762,1.39,0.0,0.0,250,0.0,0
1771964685.9153,27.5,30.0,-27.16,PILOTING,SYS_GO,17.7847,1.39,0.0,0.0,250,0.0,0
1771964685.9636,29.0,30.0,-26.95,PILOTING,SYS_GO,17.795,1.39,0.0,0.0,250,0.0,0
1771964686.0687,25.3,30.0,-27.36,PILOTING,SYS_GO,17.7214,1.39,0.0,0.0,250,0.0,0
1771964686.1149,33.7,30.0,-27.56,PILOTING,SYS_GO,17.7268,1.39,0.0,0.0,250,0.0,0
1771964686.1929,29.9,30.0,-27.51,PILOTING,SYS_GO,17.7511,1.39,0.0,0.0,250,0.0,0
1771964686.2374,30.0,30.0,-27.39,PILOTING,SYS_GO,17.7629,1.39,0.0,0.0,250,0.0,0
1771964686.2834,31.2,30.0,-27.25,PILOTING,SYS_GO,17.773,1.39,0.0,0.0,250,0.0,0
1771964686.3588,27.7,30.0,-26.98,PILOTING,SYS_GO,17.7988,1.39,0.0,0.0,250,0.0,0
1771964686.4072,39.8,30.0,-27.56,PILOTING,SYS_GO,17.6951,1.39,0.0,0.0,250,0.0,0
1771964686.5097,33.8,30.0,-27.65,PILOTING,SYS_GO,17.7305,1.39,0.0,0.0,250,0.0,0
1771964686.5572,37.6,30.0,-27.66,PILOTING,SYS_GO,17.7374,1.39,0.0,0.0,250,0.0,0
1771964686.6016,35.2,30.0,-27.57,PILOTING,SYS_GO,17.7514,1.39,0.0,0.0,250,0.0,0
1771964686.6934,30.4,30.0,-27.28,PILOTING,SYS_GO,17.7831,1.39,0.0,0.0,250,0.0,0
1771964686.7426,37.5,30.0,-27.07,PILOTING,SYS_GO,17.7886,1.39,0.0,0.0,250,0.0,0
1771964686.8465,32.2,30.0,-27.48,PILOTING,SYS_GO,17.7143,1.39,0.0,0.0,250,0.0,0
1771964686.8929,43.1,30.0,-27.69,PILOTING,SYS_GO,17.7184,1.39,0.0,0.0,250,0.0,0
1771964687.0022,36.4,30.0,-27.56,PILOTING,SYS_GO,17.7553,1.39,0.0,0.0,250,0.0,0
1771964687.0451,39.3,30.0,-27.43,PILOTING,SYS_GO,17.7624,1.39,0.0,0.0,250,0.0,0
1771964687.1201,35.6,30.0,-27.22,PILOTING,SYS_GO,17.7798,1.39,0.0,0.0,250,0.0,0
1771964687.1964,31.5,30.0,-26.93,PILOTING,SYS_GO,17.8036,1.39,0.0,0.0,250,0.0,0
1771964687.242,31.1,30.0,-27.44,PILOTING,SYS_GO,17.7073,1.39,0.0,0.0,250,0.0,0
1771964687.344,27.1,30.0,-27.52,PILOTING,SYS_GO,17.7395,1.39,0.0,0.0,250,0.0,0
1771964687.3804,28.5,30.0,-27.49,PILOTING,SYS_GO,17.75,1.39,0.0,0.0,250,0.0,0
1771964687.4248,35.4,30.0,-27.43,PILOTING,SYS_GO,17.7557,1.39,0.0,0.0,250,0.0,0
1771964687.5186,30.7,30.0,-27.17,PILOTING,SYS_GO,17.7871,1.39,0.0,0.0,250,0.0,0
1771964687.5657,37.5,30.0,-26.98,PILOTING,SYS_GO,17.7926,1.39,0.0,0.0,250,0.0,0
1771964687.6307,35.5,30.0,-27.53,PILOTING,SYS_GO,17.6988,1.39,0.0,0.0,250,0.0,0
1771964687.7186,31.1,30.0,-27.67,PILOTING,SYS_GO,17.7259,1.39,0.0,0.0,250,0.0,0
1771964687.7682,29.9,30.0,-27.65,PILOTING,SYS_GO,17.7402,1.39,0.0,0.0,250,0.0,0
1771964687.9021,25.6,30.0,-27.33,PILOTING,SYS_GO,17.7835,1.39,0.0,0.0,250,0.0,0
1771964687.948,38.1,30.0,-27.11,PILOTING,SYS_GO,17.7876,1.39,0.0,0.0,250,0.0,0
1771964688.041,32.8,30.0,-26.75,PILOTING,SYS_GO,17.8191,1.39,0.0,0.0,250,0.0,0
1771964688.0876,42.4,30.0,-27.3,PILOTING,SYS_GO,17.7127,1.39,0.0,0.0,250,0.0,0
1771964688.1651,37.1,30.0,-27.46,PILOTING,SYS_GO,17.7353,1.39,0.0,0.0,250,0.0,0
1771964688.2124,38.3,30.0,-27.5,PILOTING,SYS_GO,17.7436,1.39,0.0,0.0,250,0.0,0
1771964688.2648,36.4,30.0,-27.44,PILOTING,SYS_GO,17.7562,1.39,0.0,0.0,250,0.0,0
1771964688.3458,32.1,30.0,-27.23,PILOTING,SYS_GO,17.7798,1.39,0.0,0.0,250,0.0,0
1771964688.3923,31.3,30.0,-27.01,PILOTING,SYS_GO,17.7927,1.39,0.0,0.0,250,0.0,0
1771964688.4834,27.3,30.0,-27.42,PILOTING,SYS_GO,17.7179,1.39,0.0,0.0,250,0.0,0
1771964688.5351,39.7,30.0,-27.63,PILOTING,SYS_GO,17.7219,1.39,0.0,0.0,250,0.0,0
1771964688.6362,33.9,30.0,-27.52,PILOTING,SYS_GO,17.7552,1.39,0.0,0.0,250,0.0,0
1771964688.6855,41.9,30.0,-27.42,PILOTING,SYS_GO,17.7601,1.39,0.0,0.0,250,0.0,0
1771964688.7754,35.9,30.0,-27.14,PILOTING,SYS_GO,17.7901,1.39,0.0,0.0,250,0.0,0
1771964688.8253,48.3,30.0,-26.95,PILOTING,SYS_GO,17.7937,1.39,0.0,0.0,250,0.0,0
1771964688.9428,40.4,30.0,-27.31,PILOTING,SYS_GO,17.7273,1.39,0.0,0.0,250,0.0,0
1771964688.9946,44.1,30.0,-27.49,PILOTING,SYS_GO,17.7334,1.39,0.0,0.0,250,0.0,0
1771964689.0479,40.6,30.0,-27.5,PILOTING,SYS_GO,17.7469,1.39,0.0,0.0,250,0.0,0
1771964689.1403,34.9,30.0,-27.28,PILOTING,SYS_GO,17.7773,1.39,0.0,0.0,250,0.0,0
1771964689.1892,42.3,30.0,-27.12,PILOTING,SYS_GO,17.7823,1.39,0.0,0.0,250,0.0,0
1771964689.2759,36.6,30.0,-26.83,PILOTING,SYS_GO,17.8085,1.39,0.0,0.0,250,0.0,0
1771964689.3239,37.1,30.0,-27.37,PILOTING,SYS_GO,17.7084,1.39,0.0,0.0,250,0.0,0
1771964689.4135,32.2,30.0,-27.5,PILOTING,SYS_GO,17.7368,1.39,0.0,0.0,250,0.0,0
1771964689.46,31.7,30.0,-27.49,PILOTING,SYS_GO,17.7491,1.39,0.0,0.0,250,0.0,0
1771964689.552,27.8,30.0,-27.27,PILOTING,SYS_GO,17.7787,1.39,0.0,0.0,250,0.0,0
1771964689.5999,36.8,30.0,-27.1,PILOTING,SYS_GO,17.7836,1.39,0.0,0.0,250,0.0,0
1771964689.7055,31.7,30.0,-26.76,PILOTING,SYS_GO,17.8162,1.39,0.0,0.0,250,0.0,0
1771964689.7514,32.8,30.0,-27.28,PILOTING,SYS_GO,17.7155,1.39,0.0,0.0,250,0.0,0
1771964689.8264,29.0,30.0,-27.41,PILOTING,SYS_GO,17.7413,1.39,0.0,0.0,250,0.0,0
1771964689.8728,40.1,30.0,-27.46,PILOTING,SYS_GO,17.7455,1.39,0.0,0.0,250,0.0,0
1771964689.9633,34.5,30.0,-27.27,PILOTING,SYS_GO,17.7762,1.39,0.0,0.0,250,0.0,0
1771964690.0113,46.7,30.0,-27.12,PILOTING,SYS_GO,17.78,1.39,0.0,0.0,250,0.0,0
1771964690.0943,40.2,30.0,-26.86,PILOTING,SYS_GO,17.8053,1.39,0.0,0.0,250,0.0,0
1771964690.133,46.8,30.0,-27.44,PILOTING,SYS_GO,17.7015,1.39,0.0,0.0,250,0.0,0
1771964690.1924,41.0,30.0,-27.65,PILOTING,SYS_GO,17.7219,1.39,0.0,0.0,250,0.0,0
1771964690.2829,35.0,30.0,-27.54,PILOTING,SYS_GO,17.7535,1.39,0.0,0.0,250,0.0,0
1771964690.3288,46.6,30.0,-27.45,PILOTING,SYS_GO,17.7574,1.39,0.0,0.0,250,0.0,0
1771964690.4211,39.6,30.0,-27.18,PILOTING,SYS_GO,17.7884,1.39,0.0,0.0,250,0.0,0
1771964690.4772,45.6,30.0,-26.97,PILOTING,SYS_GO,17.7936,1.39,0.0,0.0,250,0.0,0
1771964690.5434,39.6,30.0,-27.45,PILOTING,SYS_GO,17.7091,1.39,0.0,0.0,250,0.0,0
1771964690.5902,50.8,30.0,-27.72,PILOTING,SYS_GO,17.7128,1.39,0.0,0.0,250,0.0,0
1771964690.68,42.9,30.0,-27.65,PILOTING,SYS_GO,17.744,1.39,0.0,0.0,250,0.0,0
1771964690.7254,53.6,30.0,-27.59,PILOTING,SYS_GO,17.7477,1.39,0.0,0.0,250,0.0,0
1771964690.8176,45.3,30.0,-27.33,PILOTING,SYS_GO,17.778,1.39,0.0,0.0,250,0.0,0
1771964690.8799,49.2,30.0,-27.14,PILOTING,SYS_GO,17.7835,1.39,0.0,0.0,250,0.0,0
1771964690.9405,42.9,30.0,-27.63,PILOTING,SYS_GO,17.6985,1.39,0.0,0.0,250,0.0,0
1771964690.9873,53.9,30.0,-27.9,PILOTING,SYS_GO,17.7022,1.39,0.0,0.0,250,0.0,0
1771964691.0616,45.9,30.0,-27.88,PILOTING,SYS_GO,17.7282,1.39,0.0,0.0,250,0.0,0
1771964691.1123,51.2,30.0,-27.83,PILOTING,SYS_GO,17.7332,1.39,0.0,0.0,250,0.0,0
1771964691.1849,44.4,30.0,-27.65,PILOTING,SYS_GO,17.7543,1.39,0.0,0.0,250,0.0,0
1771964691.2324,52.8,30.0,-27.51,PILOTING,SYS_GO,17.7584,1.39,0.0,0.0,250,0.0,0
1771964691.2788,47.4,30.0,-28.04,PILOTING,SYS_GO,17.6704,1.39,0.0,0.0,250,0.0,0
1771964691.3662,40.6,30.0,-28.18,PILOTING,SYS_GO,17.6978,1.39,0.0,0.0,250,0.0,0
1771964691.4146,42.2,30.0,-28.21,PILOTING,SYS_GO,17.7052,1.39,0.0,0.0,250,0.0,0
1771964691.4726,37.3,30.0,-28.08,PILOTING,SYS_GO,17.7254,1.39,0.0,0.0,250,0.0,0
1771964691.5182,48.2,30.0,-27.98,PILOTING,SYS_GO,17.7293,1.39,0.0,0.0,250,0.0,0
1771964691.6007,41.3,30.0,-27.72,PILOTING,SYS_GO,17.7558,1.39,0.0,0.0,250,0.0,0
1771964691.643,49.7,30.0,-28.25,PILOTING,SYS_GO,17.6588,1.39,0.0,0.0,250,0.0,0
1771964691.7333,42.2,30.0,-28.36,PILOTING,SYS_GO,17.6892,1.39,0.0,0.0,250,0.0,0
1771964691.7813,52.3,30.0,-28.4,PILOTING,SYS_GO,17.6931,1.39,0.0,0.0,250,0.0,0
1771964691.9031,43.6,30.0,-28.13,PILOTING,SYS_GO,17.7346,1.39,0.0,0.0,250,0.0,0
1771964691.9519,53.9,30.0,-27.94,PILOTING,SYS_GO,17.7384,1.39,0.0,0.0,250,0.0,0
1771964692.0255,45.9,30.0,-27.65,PILOTING,SYS_GO,17.764,1.39,0.0,0.0,250,0.0,0
1771964692.0735,56.4,30.0,-28.16,PILOTING,SYS_GO,17.6651,1.39,0.0,0.0,250,0.0,0
1771964692.1652,47.4,30.0,-28.26,PILOTING,SYS_GO,17.6962,1.39,0.0,0.0,250,0.0,0
1771964692.216,56.4,30.0,-28.29,PILOTING,SYS_GO,17.7001,1.39,0.0,0.0,250,0.0,0
1771964692.3513,46.7,30.0,-27.98,PILOTING,SYS_GO,17.7463,1.39,0.0,0.0,250,0.0,0
1771964692.3956,51.0,30.0,-27.76,PILOTING,SYS_GO,17.7516,1.39,0.0,0.0,250,0.0,0
1771964692.4881,43.1,30.0,-27.4,PILOTING,SYS_GO,17.782,1.39,0.0,0.0,250,0.0,0
1771964692.5358,48.9,30.0,-27.91,PILOTING,SYS_GO,17.6817,1.39,0.0,0.0,250,0.0,0
1771964692.6398,41.2,30.0,-27.97,PILOTING,SYS_GO,17.7161,1.39,0.0,0.0,250,0.0,0
1771964692.686,52.2,30.0,-27.97,PILOTING,SYS_GO,17.7199,1.39,0.0,0.0,250,0.0,0
1771964692.7943,43.7,30.0,-27.72,PILOTING,SYS_GO,17.7557,1.39,0.0,0.0,250,0.0,0
1771964692.8403,43.3,30.0,-27.51,PILOTING,SYS_GO,17.7644,1.39,0.0,0.0,250,0.0,0
1771964692.9187,37.3,30.0,-27.19,PILOTING,SYS_GO,17.7919,1.39,0.0,0.0,250,0.0,0
1771964692.9651,48.9,30.0,-27.72,PILOTING,SYS_GO,17.6889,1.39,0.0,0.0,250,0.0,0
1771964693.0869,40.9,30.0,-27.77,PILOTING,SYS_GO,17.7286,1.39,0.0,0.0,250,0.0,0
1771964693.1356,45.0,30.0,-27.75,PILOTING,SYS_GO,17.7344,1.39,0.0,0.0,250,0.0,0
1771964693.2082,38.9,30.0,-27.56,PILOTING,SYS_GO,17.7598,1.39,0.0,0.0,250,0.0,0
1771964693.2537,45.8,30.0,-27.41,PILOTING,SYS_GO,17.7647,1.39,0.0,0.0,250,0.0,0
1771964693.3175,41.0,30.0,-27.2,PILOTING,SYS_GO,17.7812,1.39,0.0,0.0,250,0.0,0
1771964693.3607,40.0,30.0,-27.75,PILOTING,SYS_GO,17.6861,1.39,0.0,0.0,250,0.0,0
1771964693.4416,38.8,30.0,-28.01,PILOTING,SYS_GO,17.6966,1.39,0.0,0.0,250,0.0,0
1771964693.4839,36.0,30.0,-28.07,PILOTING,SYS_GO,17.7111,1.39,0.0,0.0,250,0.0,0
1771964693.5326,39.5,30.0,-28.05,PILOTING,SYS_GO,17.7178,1.39,0.0,0.0,250,0.0,0
1771964693.5876,39.2,30.0,-27.97,PILOTING,SYS_GO,17.7273,1.39,0.0,0.0,250,0.0,0
1771964693.6673,33.9,30.0,-27.73,PILOTING,SYS_GO,17.7551,1.39,0.0,0.0,250,0.0,0
1771964693.7125,46.7,30.0,-28.26,PILOTING,SYS_GO,17.6575,1.39,0.0,0.0,250,0.0,0
1771964693.8364,39.1,30.0,-28.3,PILOTING,SYS_GO,17.699,1.39,0.0,0.0,250,0.0,0
1771964693.8806,42.6,30.0,-28.28,PILOTING,SYS_GO,17.7054,1.39,0.0,0.0,250,0.0,0
1771964693.9422,38.5,30.0,-28.15,PILOTING,SYS_GO,17.7216,1.39,0.0,0.0,250,0.0,0
1771964694.0476,32.9,30.0,-27.82,PILOTING,SYS_GO,17.7563,1.39,0.0,0.0,250,0.0,0
1771964694.0949,41.2,30.0,-27.59,PILOTING,SYS_GO,17.7612,1.39,0.0,0.0,250,0.0,0
1771964694.2002,35.1,30.0,-27.94,PILOTING,SYS_GO,17.6927,1.39,0.0,0.0,250,0.0,0
1771964694.2468,35.6,30.0,-28.09,PILOTING,SYS_GO,17.7023,1.39,0.0,0.0,250,0.0,0
1771964694.3838,30.0,30.0,-27.84,PILOTING,SYS_GO,17.7485,1.39,0.0,0.0,250,0.0,0
1771964694.431,35.1,30.0,-27.65,PILOTING,SYS_GO,17.755,1.39,0.0,0.0,250,0.0,0
1771964694.5059,31.4,30.0,-27.38,PILOTING,SYS_GO,17.7765,1.39,0.0,0.0,250,0.0,0
1771964694.5815,27.9,30.0,-27.03,PILOTING,SYS_GO,17.8024,1.39,0.0,0.0,250,0.0,0
1771964694.6292,32.5,30.0,-27.55,PILOTING,SYS_GO,17.7011,1.39,0.0,0.0,250,0.0,0
1771964694.752,27.7,30.0,-27.55,PILOTING,SYS_GO,17.7436,1.39,0.0,0.0,250,0.0,0
1771964694.7968,33.4,30.0,-27.51,PILOTING,SYS_GO,17.75,1.39,0.0,0.0,250,0.0,0
1771964694.8496,36.9,30.0,-27.44,PILOTING,SYS_GO,17.7571,1.39,0.0,0.0,250,0.0,0
1771964694.9184,32.5,30.0,-27.22,PILOTING,SYS_GO,17.7812,1.39,0.0,0.0,250,0.0,0
1771964694.9659,39.5,30.0,-27.05,PILOTING,SYS_GO,17.7865,1.39,0.0,0.0,250,0.0,0
1771964695.0697,33.5,30.0,-27.44,PILOTING,SYS_GO,17.7172,1.39,0.0,0.0,250,0.0,0
1771964695.1323,37.3,30.0,-27.63,PILOTING,SYS_GO,17.7241,1.39,0.0,0.0,250,0.0,0
1771964695.1812,35.9,30.0,-27.66,PILOTING,SYS_GO,17.736,1.39,0.0,0.0,250,0.0,0
1771964695.2534,31.7,30.0,-27.5,PILOTING,SYS_GO,17.7604,1.39,0.0,0.0,250,0.0,0
1771964695.3024,42.5,30.0,-27.38,PILOTING,SYS_GO,17.7646,1.39,0.0,0.0,250,0.0,0
1771964695.3784,37.6,30.0,-27.16,PILOTING,SYS_GO,17.7847,1.39,0.0,0.0,250,0.0,0
1771964695.4234,36.1,30.0,-27.69,PILOTING,SYS_GO,17.691,1.39,0.0,0.0,250,0.0,0
1771964695.47,36.5,30.0,-27.95,PILOTING,SYS_GO,17.7004,1.39,0.0,0.0,250,0.0,0
1771964695.5609,31.8,30.0,-27.91,PILOTING,SYS_GO,17.7278,1.39,0.0,0.0,250,0.0,0
1771964695.608,33.5,30.0,-27.82,PILOTING,SYS_GO,17.7367,1.39,0.0,0.0,250,0.0,0
1771964695.714,28.9,30.0,-27.52,PILOTING,SYS_GO,17.7707,1.39,0.0,0.0,250,0.0,0
1771964695.7613,34.6,30.0,-27.3,PILOTING,SYS_GO,17.7769,1.39,0.0,0.0,250,0.0,0
1771964695.8582,30.4,30.0,-27.72,PILOTING,SYS_GO,17.6996,1.39,0.0,0.0,250,0.0,0
1771964695.9303,27.7,30.0,-27.82,PILOTING,SYS_GO,17.7206,1.39,0.0,0.0,250,0.0,0
1771964695.9768,27.9,30.0,-27.79,PILOTING,SYS_GO,17.7332,1.39,0.0,0.0,250,0.0,0
1771964696.0687,24.8,30.0,-27.57,PILOTING,SYS_GO,17.7623,1.39,0.0,0.0,250,0.0,0
1771964696.1166,29.9,30.0,-27.38,PILOTING,SYS_GO,17.7695,1.39,0.0,0.0,250,0.0,0
1771964696.1618,32.7,30.0,-27.21,PILOTING,SYS_GO,17.7777,1.39,0.0,0.0,250,0.0,0
1771964696.2374,29.3,30.0,-27.69,PILOTING,SYS_GO,17.6959,1.39,0.0,0.0,250,0.0,0
1771964696.2838,32.8,30.0,-27.92,PILOTING,SYS_GO,17.7036,1.39,0.0,0.0,250,0.0,0
1771964696.376,28.6,30.0,-27.85,PILOTING,SYS_GO,17.7337,1.39,0.0,0.0,250,0.0,0
1771964696.4228,39.4,30.0,-27.78,PILOTING,SYS_GO,17.738,1.39,0.0,0.0,250,0.0,0
1771964696.4976,34.3,30.0,-27.55,PILOTING,SYS_GO,17.7638,1.39,0.0,0.0,250,0.0,0
1771964696.5442,45.3,30.0,-27.38,PILOTING,SYS_GO,17.7678,1.39,0.0,0.0,250,0.0,0
1771964696.6212,39.0,30.0,-27.83,PILOTING,SYS_GO,17.691,1.39,0.0,0.0,250,0.0,0
1771964696.6692,50.2,30.0,-28.07,PILOTING,SYS_GO,17.6948,1.39,0.0,0.0,250,0.0,0
1771964696.7751,42.2,30.0,-27.97,PILOTING,SYS_GO,17.7288,1.39,0.0,0.0,250,0.0,0
1771964696.8226,46.2,30.0,-27.87,PILOTING,SYS_GO,17.7346,1.39,0.0,0.0,250,0.0,0
1771964696.9448,38.9,30.0,-27.54,PILOTING,SYS_GO,17.7726,1.39,0.0,0.0,250,0.0,0
1771964696.9912,37.9,30.0,-27.27,PILOTING,SYS_GO,17.7831,1.39,0.0,0.0,250,0.0,0
1771964697.0382,40.3,30.0,-27.8,PILOTING,SYS_GO,17.6849,1.39,0.0,0.0,250,0.0,0
1771964697.1005,35.7,30.0,-27.98,PILOTING,SYS_GO,17.7056,1.39,0.0,0.0,250,0.0,0
1771964697.1482,44.0,30.0,-28.05,PILOTING,SYS_GO,17.7103,1.39,0.0,0.0,250,0.0,0
1771964697.2965,36.7,30.0,-27.77,PILOTING,SYS_GO,17.756,1.39,0.0,0.0,250,0.0,0
1771964697.3434,40.1,30.0,-27.55,PILOTING,SYS_GO,17.7627,1.39,0.0,0.0,250,0.0,0
1771964697.3905,37.2,30.0,-27.32,PILOTING,SYS_GO,17.7768,1.39,0.0,0.0,250,0.0,0
1771964697.4803,32.3,30.0,-27.73,PILOTING,SYS_GO,17.7,1.39,0.0,0.0,250,0.0,0
1771964697.5365,35.5,30.0,-27.92,PILOTING,SYS_GO,17.7075,1.39,0.0,0.0,250,0.0,0
1771964697.602,31.5,30.0,-27.87,PILOTING,SYS_GO,17.7303,1.39,0.0,0.0,250,0.0,0
1771964697.6495,44.4,30.0,-27.82,PILOTING,SYS_GO,17.7341,1.39,0.0,0.0,250,0.0,0
1771964697.7417,38.1,30.0,-27.58,PILOTING,SYS_GO,17.7621,1.39,0.0,0.0,250,0.0,0
1771964697.7897,43.4,30.0,-27.4,PILOTING,SYS_GO,17.7677,1.39,0.0,0.0,250,0.0,0
1771964697.8902,37.3,30.0,-27.83,PILOTING,SYS_GO,17.6924,1.39,0.0,0.0,250,0.0,0
1771964697.9313,42.3,30.0,-28.05,PILOTING,SYS_GO,17.6982,1.39,0.0,0.0,250,0.0,0
1771964698.005,37.9,30.0,-28.05,PILOTING,SYS_GO,17.7159,1.39,0.0,0.0,250,0.0,0
1771964698.0801,33.2,30.0,-27.87,PILOTING,SYS_GO,17.7411,1.39,0.0,0.0,250,0.0,0
1771964698.1277,36.6,30.0,-27.72,PILOTING,SYS_GO,17.7483,1.39,0.0,0.0,250,0.0,0
1771964698.2164,32.0,30.0,-27.43,PILOTING,SYS_GO,17.7746,1.39,0.0,0.0,250,0.0,0
1771964698.2686,39.6,30.0,-27.97,PILOTING,SYS_GO,17.6755,1.39,0.0,0.0,250,0.0,0
1771964698.3714,34.6,30.0,-28.11,PILOTING,SYS_GO,17.7006,1.39,0.0,0.0,250,0.0,0
1771964698.4198,44.3,30.0,-28.17,PILOTING,SYS_GO,17.7049,1.39,0.0,0.0,250,0.0,0
1771964698.4901,39.8,30.0,-28.08,PILOTING,SYS_GO,17.7216,1.39,0.0,0.0,250,0.0,0
1771964698.5355,36.8,30.0,-27.93,PILOTING,SYS_GO,17.7361,1.39,0.0,0.0,250,0.0,0
1771964698.5846,34.8,30.0,-27.74,PILOTING,SYS_GO,17.7494,1.39,0.0,0.0,250,0.0,0
1771964698.6727,30.4,30.0,-28.14,PILOTING,SYS_GO,17.6771,1.39,0.0,0.0,250,0.0,0
1771964698.7183,34.0,30.0,-28.33,PILOTING,SYS_GO,17.6845,1.39,0.0,0.0,250,0.0,0
1771964698.8253,29.2,30.0,-28.19,PILOTING,SYS_GO,17.7205,1.39,0.0,0.0,250,0.0,0
1771964698.8714,38.0,30.0,-28.07,PILOTING,SYS_GO,17.7254,1.39,0.0,0.0,250,0.0,0
1771964698.9402,34.0,30.0,-27.85,PILOTING,SYS_GO,17.7456,1.39,0.0,0.0,250,0.0,0
1771964698.9783,34.5,30.0,-27.65,PILOTING,SYS_GO,17.7555,1.39,0.0,0.0,250,0.0,0
1771964699.0386,35.7,30.0,-28.18,PILOTING,SYS_GO,17.663,1.39,0.0,0.0,250,0.0,0
1771964699.1008,32.6,30.0,-28.38,PILOTING,SYS_GO,17.6811,1.39,0.0,0.0,250,0.0,0
1771964699.1469,34.1,30.0,-28.43,PILOTING,SYS_GO,17.69,1.39,0.0,0.0,250,0.0,0
1771964699.2393,29.7,30.0,-28.25,PILOTING,SYS_GO,17.7205,1.39,0.0,0.0,250,0.0,0
1771964699.2857,35.1,30.0,-28.1,PILOTING,SYS_GO,17.7269,1.39,0.0,0.0,250,0.0,0
1771964699.3916,30.2,30.0,-27.76,PILOTING,SYS_GO,17.7603,1.39,0.0,0.0,250,0.0,0
1771964699.4402,38.4,30.0,-28.25,PILOTING,SYS_GO,17.6633,1.39,0.0,0.0,250,0.0,0
1771964699.5126,33.7,30.0,-28.37,PILOTING,SYS_GO,17.687,1.39,0.0,0.0,250,0.0,0
1771964699.5583,44.8,30.0,-28.42,PILOTING,SYS_GO,17.6911,1.39,0.0,0.0,250,0.0,0
1771964699.6816,37.7,30.0,-28.17,PILOTING,SYS_GO,17.7307,1.39,0.0,0.0,250,0.0,0
1771964699.735,38.1,30.0,-27.96,PILOTING,SYS_GO,17.7398,1.39,0.0,0.0,250,0.0,0
1771964699.8031,33.7,30.0,-27.67,PILOTING,SYS_GO,17.762,1.39,0.0,0.0,250,0.0,0
1771964699.8512,39.9,30.0,-28.18,PILOTING,SYS_GO,17.6652,1.39,0.0,0.0,250,0.0,0
1771964699.9558,34.2,30.0,-28.26,PILOTING,SYS_GO,17.697,1.39,0.0,0.0,250,0.0,0
1771964700.0031,36.2,30.0,-28.26,PILOTING,SYS_GO,17.7052,1.39,0.0,0.0,250,0.0,0
1771964700.0941,31.3,30.0,-28.04,PILOTING,SYS_GO,17.7355,1.39,0.0,0.0,250,0.0,0
1771964700.1411,43.5,30.0,-27.88,PILOTING,SYS_GO,17.7394,1.39,0.0,0.0,250,0.0,0
1771964700.2487,36.9,30.0,-27.54,PILOTING,SYS_GO,17.7739,1.39,0.0,0.0,250,0.0,0
1771964700.2942,47.5,30.0,-28.04,PILOTING,SYS_GO,17.6738,1.39,0.0,0.0,250,0.0,0
1771964700.3717,40.7,30.0,-28.15,PILOTING,SYS_GO,17.7009,1.39,0.0,0.0,250,0.0,0
1771964700.4246,51.3,30.0,-28.19,PILOTING,SYS_GO,17.7048,1.39,0.0,0.0,250,0.0,0
1771964700.5374,44.6,30.0,-28.07,PILOTING,SYS_GO,17.7254,1.39,0.0,0.0,250,0.0,0
1771964700.5876,43.7,30.0,-27.94,PILOTING,SYS_GO,17.7343,1.39,0.0,0.0,250,0.0,0
1771964700.6484,39.4,30.0,-27.74,PILOTING,SYS_GO,17.7505,1.39,0.0,0.0,250,0.0,0
1771964700.7249,34.7,30.0,-28.17,PILOTING,SYS_GO,17.6728,1.39,0.0,0.0,250,0.0,0
1771964700.7752,34.8,30.0,-28.35,PILOTING,SYS_GO,17.683,1.39,0.0,0.0,250,0.0,0
1771964700.8773,30.0,30.0,-28.23,PILOTING,SYS_GO,17.7167,1.39,0.0,0.0,250,0.0,0
1771964700.9319,36.1,30.0,-28.11,PILOTING,SYS_GO,17.7227,1.39,0.0,0.0,250,0.0,0
1771964701.0042,32.0,30.0,-27.88,PILOTING,SYS_GO,17.7452,1.39,0.0,0.0,250,0.0,0
1771964701.0599,30.1,30.0,-27.63,PILOTING,SYS_GO,17.7614,1.39,0.0,0.0,250,0.0,0
1771964701.1076,31.4,30.0,-28.13,PILOTING,SYS_GO,17.6691,1.39,0.0,0.0,250,0.0,0
1771964701.1837,28.0,30.0,-28.25,PILOTING,SYS_GO,17.694,1.39,0.0,0.0,250,0.0,0
1771964701.2299,36.9,30.0,-28.29,PILOTING,SYS_GO,17.699,1.39,0.0,0.0,250,0.0,0
1771964701.3067,32.4,30.0,-28.14,PILOTING,SYS_GO,17.724,1.39,0.0,0.0,250,0.0,0
1771964701.3529,38.8,30.0,-28.01,PILOTING,SYS_GO,17.7295,1.39,0.0,0.0,250,0.0,0
1771964701.4459,33.5,30.0,-27.72,PILOTING,SYS_GO,17.759,1.39,0.0,0.0,250,0.0,0
1771964701.4922,35.3,30.0,-28.21,PILOTING,SYS_GO,17.6656,1.39,0.0,0.0,250,0.0,0
1771964701.5604,32.2,30.0,-28.37,PILOTING,SYS_GO,17.6837,1.39,0.0,0.0,250,0.0,0
1771964701.5975,34.6,30.0,-28.42,PILOTING,SYS_GO,17.6919,1.39,0.0,0.0,250,0.0,0
1771964701.6444,34.4,30.0,-28.37,PILOTING,SYS_GO,17.7025,1.39,0.0,0.0,250,0.0,0
1771964701.7351,29.9,30.0,-28.12,PILOTING,SYS_GO,17.7329,1.39,0.0,0.0,250,0.0,0
1771964701.7816,33.5,30.0,-27.92,PILOTING,SYS_GO,17.7404,1.39,0.0,0.0,250,0.0,0
1771964701.8275,31.8,30.0,-28.39,PILOTING,SYS_GO,17.6558,1.39,0.0,0.0,250,0.0,0
1771964701.916,27.7,30.0,-28.46,PILOTING,SYS_GO,17.6871,1.39,0.0,0.0,250,0.0,0
1771964701.9618,37.7,30.0,-28.47,PILOTING,SYS_GO,17.6917,1.39,0.0,0.0,250,0.0,0
1771964702.083,32.1,30.0,-28.21,PILOTING,SYS_GO,17.73,1.39,0.0,0.0,250,0.0,0
1771964702.1317,37.8,30.0,-28.0,PILOTING,SYS_GO,17.7359,1.39,0.0,0.0,250,0.0,0
1771964702.2047,38.0,30.0,-27.82,PILOTING,SYS_GO,17.7452,1.39,0.0,0.0,250,0.0,0
1771964702.284,33.5,30.0,-28.24,PILOTING,SYS_GO,17.6686,1.39,0.0,0.0,250,0.0,0
1771964702.3301,33.9,30.0,-28.43,PILOTING,SYS_GO,17.6787,1.39,0.0,0.0,250,0.0,0
1771964702.4071,30.1,30.0,-28.37,PILOTING,SYS_GO,17.7028,1.39,0.0,0.0,250,0.0,0
1771964702.456,33.7,30.0,-28.29,PILOTING,SYS_GO,17.7103,1.39,0.0,0.0,250,0.0,0
1771964702.564,29.2,30.0,-28.01,PILOTING,SYS_GO,17.7424,1.39,0.0,0.0,250,0.0,0
1771964702.6354,30.0,30.0,-27.76,PILOTING,SYS_GO,17.7534,1.39,0.0,0.0,250,0.0,0
1771964702.729,26.5,30.0,-28.12,PILOTING,SYS_GO,17.681,1.39,0.0,0.0,250,0.0,0
1771964702.78,33.3,30.0,-28.3,PILOTING,SYS_GO,17.687,1.39,0.0,0.0,250,0.0,0
1771964702.8661,29.1,30.0,-28.2,PILOTING,SYS_GO,17.7159,1.39,0.0,0.0,250,0.0,0
1771964702.9157,41.4,30.0,-28.12,PILOTING,SYS_GO,17.7199,1.39,0.0,0.0,250,0.0,0
1771964703.0335,35.0,30.0,-27.78,PILOTING,SYS_GO,17.7594,1.39,0.0,0.0,250,0.0,0
1771964703.0837,41.0,30.0,-27.54,PILOTING,SYS_GO,17.7649,1.39,0.0,0.0,250,0.0,0
1771964703.2009,34.7,30.0,-27.87,PILOTING,SYS_GO,17.6993,1.39,0.0,0.0,250,0.0,0
1771964703.2466,33.1,30.0,-27.96,PILOTING,SYS_GO,17.7129,1.39,0.0,0.0,250,0.0,0
1771964703.3532,28.5,30.0,-27.77,PILOTING,SYS_GO,17.7491,1.39,0.0,0.0,250,0.0,0
1771964703.399,41.4,30.0,-27.62,PILOTING,SYS_GO,17.753,1.39,0.0,0.0,250,0.0,0
1771964703.5059,35.3,30.0,-27.29,PILOTING,SYS_GO,17.7861,1.39,0.0,0.0,250,0.0,0
1771964703.5542,42.9,30.0,-27.06,PILOTING,SYS_GO,17.7911,1.39,0.0,0.0,250,0.0,0
1771964703.6456,36.7,30.0,-27.47,PILOTING,SYS_GO,17.7147,1.39,0.0,0.0,250,0.0,0
1771964703.6977,38.6,30.0,-27.66,PILOTING,SYS_GO,17.7224,1.39,0.0,0.0,250,0.0,0
1771964703.7858,33.7,30.0,-27.59,PILOTING,SYS_GO,17.7482,1.39,0.0,0.0,250,0.0,0
1771964703.8304,35.9,30.0,-27.49,PILOTING,SYS_GO,17.7562,1.39,0.0,0.0,250,0.0,0
1771964703.9214,31.3,30.0,-27.22,PILOTING,SYS_GO,17.7848,1.39,0.0,0.0,250,0.0,0
1771964703.9681,33.2,30.0,-27.0,PILOTING,SYS_GO,17.7935,1.39,0.0,0.0,250,0.0,0
1771964704.0569,29.1,30.0,-27.43,PILOTING,SYS_GO,17.7151,1.39,0.0,0.0,250,0.0,0
1771964704.1151,34.2,30.0,-27.64,PILOTING,SYS_GO,17.7217,1.39,0.0,0.0,250,0.0,0
1771964704.197,30.4,30.0,-27.6,PILOTING,SYS_GO,17.7454,1.39,0.0,0.0,250,0.0,0
1771964704.2572,31.9,30.0,-27.5,PILOTING,SYS_GO,17.7548,1.39,0.0,0.0,250,0.0,0
1771964704.3175,29.2,30.0,-27.3,PILOTING,SYS_GO,17.7748,1.39,0.0,0.0,250,0.0,0
1771964704.3636,33.5,30.0,-27.13,PILOTING,SYS_GO,17.7819,1.39,0.0,0.0,250,0.0,0
1771964704.4419,29.5,30.0,-27.6,PILOTING,SYS_GO,17.7029,1.39,0.0,0.0,250,0.0,0
1771964704.4875,37.8,30.0,-27.84,PILOTING,SYS_GO,17.708,1.39,0.0,0.0,250,0.0,0
1771964704.5858,32.5,30.0,-27.76,PILOTING,SYS_GO,17.7396,1.39,0.0,0.0,250,0.0,0
1771964704.6396,30.7,30.0,-27.6,PILOTING,SYS_GO,17.7548,1.39,0.0,0.0,250,0.0,0
1771964704.7045,28.2,30.0,-27.36,PILOTING,SYS_GO,17.7748,1.39,0.0,0.0,250,0.0,0
1771964704.7919,25.0,30.0,-27.01,PILOTING,SYS_GO,17.8038,1.39,0.0,0.0,250,0.0,0
1771964704.8446,36.9,30.0,-27.55,PILOTING,SYS_GO,17.6995,1.39,0.0,0.0,250,0.0,0
1771964704.9302,32.8,30.0,-27.71,PILOTING,SYS_GO,17.7216,1.39,0.0,0.0,250,0.0,0
1771964704.9762,35.8,30.0,-27.76,PILOTING,SYS_GO,17.729,1.39,0.0,0.0,250,0.0,0
1771964705.0384,32.7,30.0,-27.66,PILOTING,SYS_GO,17.7469,1.39,0.0,0.0,250,0.0,0
1771964705.1579,28.0,30.0,-27.32,PILOTING,SYS_GO,17.7851,1.39,0.0,0.0,250,0.0,0
1771964705.2099,28.6,30.0,-27.04,PILOTING,SYS_GO,17.7968,1.39,0.0,0.0,250,0.0,0
1771964705.281,26.2,30.0,-27.48,PILOTING,SYS_GO,17.7111,1.39,0.0,0.0,250,0.0,0
1771964705.3288,29.8,30.0,-27.69,PILOTING,SYS_GO,17.7193,1.39,0.0,0.0,250,0.0,0
1771964705.4183,26.4,30.0,-27.61,PILOTING,SYS_GO,17.747,1.39,0.0,0.0,250,0.0,0
1771964705.4863,28.0,30.0,-27.49,PILOTING,SYS_GO,17.7575,1.39,0.0,0.0,250,0.0,0
1771964705.5409,26.2,30.0,-27.29,PILOTING,SYS_GO,17.7764,1.39,0.0,0.0,250,0.0,0
1771964705.5871,37.1,30.0,-27.13,PILOTING,SYS_GO,17.7809,1.39,0.0,0.0,250,0.0,0
1771964705.6871,32.4,30.0,-27.6,PILOTING,SYS_GO,17.7022,1.39,0.0,0.0,250,0.0,0
1771964705.7231,43.9,30.0,-27.85,PILOTING,SYS_GO,17.7062,1.39,0.0,0.0,250,0.0,0
1771964705.7851,41.1,30.0,-27.92,PILOTING,SYS_GO,17.7182,1.39,0.0,0.0,250,0.0,0
1771964705.846,36.7,30.0,-27.82,PILOTING,SYS_GO,17.7371,1.39,0.0,0.0,250,0.0,0
1771964705.9058,38.7,30.0,-27.71,PILOTING,SYS_GO,17.7448,1.39,0.0,0.0,250,0.0,0
1771964705.9685,34.5,30.0,-27.5,PILOTING,SYS_GO,17.765,1.39,0.0,0.0,250,0.0,0
1771964706.0152,38.5,30.0,-28.05,PILOTING,SYS_GO,17.6688,1.39,0.0,0.0,250,0.0,0
1771964706.1226,32.8,30.0,-28.14,PILOTING,SYS_GO,17.7043,1.39,0.0,0.0,250,0.0,0
1771964706.1694,33.2,30.0,-28.11,PILOTING,SYS_GO,17.7146,1.39,0.0,0.0,250,0.0,0
1771964706.258,29.1,30.0,-27.89,PILOTING,SYS_GO,17.7436,1.39,0.0,0.0,250,0.0,0
1771964706.3036,38.8,30.0,-27.73,PILOTING,SYS_GO,17.7482,1.39,0.0,0.0,250,0.0,0
1771964706.3963,33.4,30.0,-27.41,PILOTING,SYS_GO,17.779,1.39,0.0,0.0,250,0.0,0
1771964706.4419,45.9,30.0,-27.93,PILOTING,SYS_GO,17.6779,1.39,0.0,0.0,250,0.0,0
1771964706.5475,38.8,30.0,-28.01,PILOTING,SYS_GO,17.712,1.39,0.0,0.0,250,0.0,0
1771964706.5945,39.6,30.0,-28.0,PILOTING,SYS_GO,17.7204,1.39,0.0,0.0,250,0.0,0
1771964706.6697,34.7,30.0,-27.82,PILOTING,SYS_GO,17.7444,1.39,0.0,0.0,250,0.0,0
1771964706.7223,37.4,30.0,-27.66,PILOTING,SYS_GO,17.7518,1.39,0.0,0.0,250,0.0,0
1771964706.7945,32.9,30.0,-27.39,PILOTING,SYS_GO,17.7762,1.39,0.0,0.0,250,0.0,0
1771964706.8469,36.9,30.0,-27.92,PILOTING,SYS_GO,17.6786,1.39,0.0,0.0,250,0.0,0
1771964706.9769,31.3,30.0,-27.95,PILOTING,SYS_GO,17.7197,1.39,0.0,0.0,250,0.0,0
1771964707.0229,33.9,30.0,-27.91,PILOTING,SYS_GO,17.7278,1.39,0.0,0.0,250,0.0,0
1771964707.1122,29.8,30.0,-27.69,PILOTING,SYS_GO,17.7543,1.39,0.0,0.0,250,0.0,0
1771964707.1595,33.1,30.0,-27.51,PILOTING,SYS_GO,17.762,1.39,0.0,0.0,250,0.0,0
1771964707.2501,28.9,30.0,-27.18,PILOTING,SYS_GO,17.7923,1.39,0.0,0.0,250,0.0,0
1771964707.2957,36.5,30.0,-27.71,PILOTING,SYS_GO,17.6908,1.39,0.0,0.0,250,0.0,0
1771964707.4034,32.0,30.0,-27.84,PILOTING,SYS_GO,17.717,1.39,0.0,0.0,250,0.0,0
1771964707.4494,35.7,30.0,-27.87,PILOTING,SYS_GO,17.7241,1.39,0.0,0.0,250,0.0,0
1771964707.4998,33.9,30.0,-27.79,PILOTING,SYS_GO,17.7375,1.39,0.0,0.0,250,0.0,0
1771964707.6006,29.3,30.0,-27.5,PILOTING,SYS_GO,17.771,1.39,0.0,0.0,250,0.0,0
1771964707.648,40.7,30.0,-27.3,PILOTING,SYS_GO,17.7751,1.39,0.0,0.0,250,0.0,0
1771964707.7843,34.3,30.0,-27.62,PILOTING,SYS_GO,17.7132,1.39,0.0,0.0,250,0.0,0
1771964707.8331,34.0,30.0,-27.74,PILOTING,SYS_GO,17.7241,1.39,0.0,0.0,250,0.0,0
1771964707.9352,29.4,30.0,-27.58,PILOTING,SYS_GO,17.7563,1.39,0.0,0.0,250,0.0,0
1771964707.9859,32.6,30.0,-27.43,PILOTING,SYS_GO,17.7642,1.39,0.0,0.0,250,0.0,0
1771964708.0884,28.2,30.0,-27.08,PILOTING,SYS_GO,17.7991,1.39,0.0,0.0,250,0.0,0
1771964708.1352,38.3,30.0,-26.84,PILOTING,SYS_GO,17.8036,1.39,0.0,0.0,250,0.0,0
1771964708.1967,36.7,30.0,-27.39,PILOTING,SYS_GO,17.7069,1.39,0.0,0.0,250,0.0,0
1771964708.2715,32.2,30.0,-27.54,PILOTING,SYS_GO,17.732,1.39,0.0,0.0,250,0.0,0
1771964708.3189,38.6,30.0,-27.6,PILOTING,SYS_GO,17.7377,1.39,0.0,0.0,250,0.0,0
1771964708.4406,32.6,30.0,-27.33,PILOTING,SYS_GO,17.7785,1.39,0.0,0.0,250,0.0,0
1771964708.4943,41.3,30.0,-27.14,PILOTING,SYS_GO,17.7833,1.39,0.0,0.0,250,0.0,0
1771964708.608,35.0,30.0,-26.76,PILOTING,SYS_GO,17.8204,1.39,0.0,0.0,250,0.0,0
1771964708.6546,45.1,30.0,-27.3,PILOTING,SYS_GO,17.7136,1.39,0.0,0.0,250,0.0,0
1771964708.7153,40.5,30.0,-27.5,PILOTING,SYS_GO,17.7299,1.39,0.0,0.0,250,0.0,0
1771964708.7756,36.5,30.0,-27.5,PILOTING,SYS_GO,17.7476,1.39,0.0,0.0,250,0.0,0
1771964708.8237,36.0,30.0,-27.42,PILOTING,SYS_GO,17.7582,1.39,0.0,0.0,250,0.0,0
1771964708.9113,31.2,30.0,-27.15,PILOTING,SYS_GO,17.7889,1.39,0.0,0.0,250,0.0,0
1771964708.9605,43.2,30.0,-26.96,PILOTING,SYS_GO,17.7928,1.39,0.0,0.0,250,0.0,0
1771964709.0788,36.5,30.0,-27.35,PILOTING,SYS_GO,17.723,1.39,0.0,0.0,250,0.0,0
1771964709.1279,34.5,30.0,-27.49,PILOTING,SYS_GO,17.7366,1.39,0.0,0.0,250,0.0,0
1771964709.2313,29.7,30.0,-27.32,PILOTING,SYS_GO,17.7711,1.39,0.0,0.0,250,0.0,0
1771964709.2783,35.4,30.0,-27.18,PILOTING,SYS_GO,17.7772,1.39,0.0,0.0,250,0.0,0
1771964709.3704,31.1,30.0,-26.9,PILOTING,SYS_GO,17.8031,1.39,0.0,0.0,250,0.0,0
1771964709.4293,29.0,30.0,-26.61,PILOTING,SYS_GO,17.8208,1.39,0.0,0.0,250,0.0,0
1771964709.4761,29.5,30.0,-27.15,PILOTING,SYS_GO,17.7212,1.39,0.0,0.0,250,0.0,0
1771964709.5826,25.6,30.0,-27.23,PILOTING,SYS_GO,17.7562,1.39,0.0,0.0,250,0.0,0
1771964709.6329,35.5,30.0,-27.24,PILOTING,SYS_GO,17.761,1.39,0.0,0.0,250,0.0,0
1771964709.6903,32.1,30.0,-27.1,PILOTING,SYS_GO,17.7805,1.39,0.0,0.0,250,0.0,0
1771964709.7817,28.0,30.0,-26.8,PILOTING,SYS_GO,17.8113,1.39,0.0,0.0,250,0.0,0
1771964709.8283,37.8,30.0,-26.59,PILOTING,SYS_GO,17.8159,1.39,0.0,0.0,250,0.0,0
1771964709.9335,32.4,30.0,-27.02,PILOTING,SYS_GO,17.7383,1.39,0.0,0.0,250,0.0,0
1771964709.9852,34.4,30.0,-27.21,PILOTING,SYS_GO,17.7468,1.39,0.0,0.0,250,0.0,0
1771964710.0876,29.8,30.0,-27.1,PILOTING,SYS_GO,17.7783,1.39,0.0,0.0,250,0.0,0
1771964710.1329,31.2,30.0,-26.97,PILOTING,SYS_GO,17.7881,1.39,0.0,0.0,250,0.0,0
1771964710.2095,27.9,30.0,-26.71,PILOTING,SYS_GO,17.8123,1.39,0.0,0.0,250,0.0,0
1771964710.2585,30.8,30.0,-26.5,PILOTING,SYS_GO,17.8209,1.39,0.0,0.0,250,0.0,0
1771964710.3491,26.9,30.0,-26.94,PILOTING,SYS_GO,17.741,1.39,0.0,0.0,250,0.0,0
1771964710.3943,36.4,30.0,-27.18,PILOTING,SYS_GO,17.7459,1.39,0.0,0.0,250,0.0,0
1771964710.4862,31.6,30.0,-27.1,PILOTING,SYS_GO,17.7752,1.39,0.0,0.0,250,0.0,0
1771964710.5315,34.7,30.0,-27.01,PILOTING,SYS_GO,17.7828,1.39,0.0,0.0,250,0.0,0
1771964710.6073,30.5,30.0,-26.76,PILOTING,SYS_GO,17.8092,1.39,0.0,0.0,250,0.0,0
1771964710.653,41.9,30.0,-26.58,PILOTING,SYS_GO,17.8133,1.39,0.0,0.0,250,0.0,0
1771964710.744,36.0,30.0,-27.06,PILOTING,SYS_GO,17.7321,1.39,0.0,0.0,250,0.0,0
1771964710.7923,42.8,30.0,-27.31,PILOTING,SYS_GO,17.7373,1.39,0.0,0.0,250,0.0,0
1771964710.8674,37.1,30.0,-27.27,PILOTING,SYS_GO,17.7624,1.39,0.0,0.0,250,0.0,0
1771964710.9151,40.7,30.0,-27.21,PILOTING,SYS_GO,17.769,1.39,0.0,0.0,250,0.0,0
1771964711.0213,34.7,30.0,-26.93,PILOTING,SYS_GO,17.8017,1.39,0.0,0.0,250,0.0,0
1771964711.0673,35.8,30.0,-26.7,PILOTING,SYS_GO,17.8106,1.39,0.0,0.0,250,0.0,0
1771964711.1569,31.2,30.0,-27.15,PILOTING,SYS_GO,17.729,1.39,0.0,0.0,250,0.0,0
1771964711.2109,33.4,30.0,-27.36,PILOTING,SYS_GO,17.7376,1.39,0.0,0.0,250,0.0,0
1771964711.2821,30.3,30.0,-27.34,PILOTING,SYS_GO,17.7575,1.39,0.0,0.0,250,0.0,0
1771964711.3422,31.0,30.0,-27.25,PILOTING,SYS_GO,17.7683,1.39,0.0,0.0,250,0.0,0
1771964711.4031,28.9,30.0,-27.08,PILOTING,SYS_GO,17.7858,1.39,0.0,0.0,250,0.0,0
1771964711.4632,31.5,30.0,-26.91,PILOTING,SYS_GO,17.7944,1.39,0.0,0.0,250,0.0,0
1771964711.5249,28.7,30.0,-27.42,PILOTING,SYS_GO,17.7079,1.39,0.0,0.0,250,0.0,0
1771964711.5717,33.1,30.0,-27.68,PILOTING,SYS_GO,17.715,1.39,0.0,0.0,250,0.0,0
1771964711.6473,29.2,30.0,-27.65,PILOTING,SYS_GO,17.7415,1.39,0.0,0.0,250,0.0,0
1771964711.6955,42.3,30.0,-27.61,PILOTING,SYS_GO,17.7453,1.39,0.0,0.0,250,0.0,0
1771964711.7831,36.4,30.0,-27.37,PILOTING,SYS_GO,17.7735,1.39,0.0,0.0,250,0.0,0
1771964711.8289,37.4,30.0,-27.17,PILOTING,SYS_GO,17.7821,1.39,0.0,0.0,250,0.0,0
1771964711.9493,31.8,30.0,-27.53,PILOTING,SYS_GO,17.7153,1.39,0.0,0.0,250,0.0,0
1771964711.9976,33.5,30.0,-27.68,PILOTING,SYS_GO,17.7242,1.39,0.0,0.0,250,0.0,0
1771964712.0711,29.8,30.0,-27.6,PILOTING,SYS_GO,17.7486,1.39,0.0,0.0,250,0.0,0
1771964712.1177,37.7,30.0,-27.51,PILOTING,SYS_GO,17.7537,1.39,0.0,0.0,250,0.0,0
1771964712.193,33.1,30.0,-27.29,PILOTING,SYS_GO,17.7782,1.39,0.0,0.0,250,0.0,0
1771964712.2448,34.6,30.0,-27.08,PILOTING,SYS_GO,17.7871,1.39,0.0,0.0,250,0.0,0
1771964712.3448,29.9,30.0,-27.5,PILOTING,SYS_GO,17.7129,1.39,0.0,0.0,250,0.0,0
1771964712.4035,31.2,30.0,-27.67,PILOTING,SYS_GO,17.7228,1.39,0.0,0.0,250,0.0,0
1771964712.4671,28.4,30.0,-27.63,PILOTING,SYS_GO,17.7433,1.39,0.0,0.0,250,0.0,0
1771964712.5137,33.7,30.0,-27.56,PILOTING,SYS_GO,17.7499,1.39,0.0,0.0,250,0.0,0
1771964712.5907,30.2,30.0,-27.35,PILOTING,SYS_GO,17.7725,1.39,0.0,0.0,250,0.0,0
1771964712.6383,32.9,30.0,-27.17,PILOTING,SYS_GO,17.7807,1.39,0.0,0.0,250,0.0,0
1771964712.7151,29.1,30.0,-27.63,PILOTING,SYS_GO,17.7014,1.39,0.0,0.0,250,0.0,0
1771964712.7627,35.5,30.0,-27.86,PILOTING,SYS_GO,17.7073,1.39,0.0,0.0,250,0.0,0
1771964712.8685,30.5,30.0,-27.76,PILOTING,SYS_GO,17.7414,1.39,0.0,0.0,250,0.0,0
1771964712.9182,33.4,30.0,-27.64,PILOTING,SYS_GO,17.7495,1.39,0.0,0.0,250,0.0,0
1771964712.9916,29.6,30.0,-27.39,PILOTING,SYS_GO,17.7746,1.39,0.0,0.0,250,0.0,0
1771964713.0399,40.2,30.0,-27.2,PILOTING,SYS_GO,17.779,1.39,0.0,0.0,250,0.0,0
1771964713.1581,33.9,30.0,-27.56,PILOTING,SYS_GO,17.7141,1.39,0.0,0.0,250,0.0,0
1771964713.206,40.0,30.0,-27.73,PILOTING,SYS_GO,17.7197,1.39,0.0,0.0,250,0.0,0
1771964713.2815,34.7,30.0,-27.65,PILOTING,SYS_GO,17.7462,1.39,0.0,0.0,250,0.0,0
1771964713.3272,47.1,30.0,-27.57,PILOTING,SYS_GO,17.7499,1.39,0.0,0.0,250,0.0,0
1771964713.4182,40.0,30.0,-27.3,PILOTING,SYS_GO,17.7802,1.39,0.0,0.0,250,0.0,0
1771964713.4647,48.6,30.0,-27.11,PILOTING,SYS_GO,17.7846,1.39,0.0,0.0,250,0.0,0
1771964713.5858,40.7,30.0,-27.47,PILOTING,SYS_GO,17.7187,1.39,0.0,0.0,250,0.0,0
1771964713.6331,43.6,30.0,-27.64,PILOTING,SYS_GO,17.7253,1.39,0.0,0.0,250,0.0,0
1771964713.6814,45.4,30.0,-27.69,PILOTING,SYS_GO,17.7321,1.39,0.0,0.0,250,0.0,0
1771964713.737,40.7,30.0,-27.61,PILOTING,SYS_GO,17.7486,1.39,0.0,0.0,250,0.0,0
1771964713.7871,40.0,30.0,-27.48,PILOTING,SYS_GO,17.7582,1.39,0.0,0.0,250,0.0,0
1771964713.8582,35.4,30.0,-27.26,PILOTING,SYS_GO,17.7794,1.39,0.0,0.0,250,0.0,0
1771964713.9183,36.2,30.0,-27.81,PILOTING,SYS_GO,17.6837,1.39,0.0,0.0,250,0.0,0
1771964714.0104,31.5,30.0,-27.94,PILOTING,SYS_GO,17.7115,1.39,0.0,0.0,250,0.0,0
1771964714.057,31.5,30.0,-27.94,PILOTING,SYS_GO,17.7231,1.39,0.0,0.0,250,0.0,0
1771964714.1509,28.8,30.0,-27.79,PILOTING,SYS_GO,17.743,1.39,0.0,0.0,250,0.0,0
1771964714.2095,27.5,30.0,-27.59,PILOTING,SYS_GO,17.7591,1.39,0.0,0.0,250,0.0,0
1771964714.2564,28.5,30.0,-27.39,PILOTING,SYS_GO,17.7702,1.39,0.0,0.0,250,0.0,0
1771964714.349,25.0,30.0,-27.77,PILOTING,SYS_GO,17.6994,1.39,0.0,0.0,250,0.0,0
1771964714.3949,37.5,30.0,-27.98,PILOTING,SYS_GO,17.7035,1.39,0.0,0.0,250,0.0,0
1771964714.4718,33.2,30.0,-27.94,PILOTING,SYS_GO,17.726,1.39,0.0,0.0,250,0.0,0
1771964714.518,33.8,30.0,-27.84,PILOTING,SYS_GO,17.7359,1.39,0.0,0.0,250,0.0,0
1771964714.5646,32.3,30.0,-27.69,PILOTING,SYS_GO,17.7496,1.39,0.0,0.0,250,0.0,0
1771964714.6861,27.7,30.0,-27.33,PILOTING,SYS_GO,17.7873,1.39,0.0,0.0,250,0.0,0
1771964714.7324,30.7,30.0,-27.8,PILOTING,SYS_GO,17.6897,1.39,0.0,0.0,250,0.0,0
1771964714.8525,26.3,30.0,-27.81,PILOTING,SYS_GO,17.7299,1.39,0.0,0.0,250,0.0,0
1771964714.8976,36.2,30.0,-27.77,PILOTING,SYS_GO,17.7347,1.39,0.0,0.0,250,0.0,0
1771964714.9912,31.3,30.0,-27.53,PILOTING,SYS_GO,17.7654,1.39,0.0,0.0,250,0.0,0
1771964715.0372,31.7,30.0,-27.31,PILOTING,SYS_GO,17.7762,1.39,0.0,0.0,250,0.0,0
1771964715.0879,31.3,30.0,-27.09,PILOTING,SYS_GO,17.7883,1.39,0.0,0.0,250,0.0,0
1771964715.1586,28.2,30.0,-27.56,PILOTING,SYS_GO,17.7045,1.39,0.0,0.0,250,0.0,0
1771964715.2074,30.9,30.0,-27.78,PILOTING,SYS_GO,17.7131,1.39,0.0,0.0,250,0.0,0
1771964715.3109,27.0,30.0,-27.69,PILOTING,SYS_GO,17.7445,1.39,0.0,0.0,250,0.0,0
1771964715.359,26.8,30.0,-27.53,PILOTING,SYS_GO,17.7586,1.39,0.0,0.0,250,0.0,0
1771964715.4792,23.3,30.0,-27.17,PILOTING,SYS_GO,17.7963,1.39,0.0,0.0,250,0.0,0
1771964715.5251,25.9,30.0,-26.87,PILOTING,SYS_GO,17.8063,1.39,0.0,0.0,250,0.0,0
1771964715.6165,22.9,30.0,-27.25,PILOTING,SYS_GO,17.7296,1.39,0.0,0.0,250,0.0,0
1771964715.6623,37.3,30.0,-27.45,PILOTING,SYS_GO,17.7334,1.39,0.0,0.0,250,0.0,0
1771964715.7837,31.7,30.0,-27.28,PILOTING,SYS_GO,17.7731,1.39,0.0,0.0,250,0.0,0
1771964715.8418,35.0,30.0,-27.13,PILOTING,SYS_GO,17.7805,1.39,0.0,0.0,250,0.0,0
1771964715.9071,31.4,30.0,-26.88,PILOTING,SYS_GO,17.802,1.39,0.0,0.0,250,0.0,0
1771964715.9541,38.0,30.0,-26.7,PILOTING,SYS_GO,17.8076,1.39,0.0,0.0,250,0.0,0
1771964716.0442,32.9,30.0,-27.16,PILOTING,SYS_GO,17.727,1.39,0.0,0.0,250,0.0,0
1771964716.0929,35.8,30.0,-27.39,PILOTING,SYS_GO,17.7346,1.39,0.0,0.0,250,0.0,0
1771964716.1672,31.4,30.0,-27.34,PILOTING,SYS_GO,17.7605,1.39,0.0,0.0,250,0.0,0
1771964716.2187,42.7,30.0,-27.28,PILOTING,SYS_GO,17.7646,1.39,0.0,0.0,250,0.0,0
1771964716.277,38.0,30.0,-27.11,PILOTING,SYS_GO,17.7831,1.39,0.0,0.0,250,0.0,0
1771964716.3242,37.9,30.0,-26.94,PILOTING,SYS_GO,17.7927,1.39,0.0,0.0,250,0.0,0
1771964716.3688,36.2,30.0,-27.51,PILOTING,SYS_GO,17.698,1.39,0.0,0.0,250,0.0,0
1771964716.4582,31.3,30.0,-27.63,PILOTING,SYS_GO,17.7295,1.39,0.0,0.0,250,0.0,0
1771964716.5043,37.7,30.0,-27.67,PILOTING,SYS_GO,17.7351,1.39,0.0,0.0,250,0.0,0
1771964716.6327,32.1,30.0,-27.42,PILOTING,SYS_GO,17.7725,1.39,0.0,0.0,250,0.0,0
1771964716.6753,42.9,30.0,-27.24,PILOTING,SYS_GO,17.7767,1.39,0.0,0.0,250,0.0,0
1771964716.756,37.1,30.0,-26.95,PILOTING,SYS_GO,17.8021,1.39,0.0,0.0,250,0.0,0
1771964716.8262,33.3,30.0,-27.41,PILOTING,SYS_GO,17.7136,1.39,0.0,0.0,250,0.0,0
1771964716.8735,32.6,30.0,-27.6,PILOTING,SYS_GO,17.7256,1.39,0.0,0.0,250,0.0,0
1771964716.9962,28.0,30.0,-27.44,PILOTING,SYS_GO,17.7644,1.39,0.0,0.0,250,0.0,0
1771964717.0379,37.8,30.0,-27.31,PILOTING,SYS_GO,17.769,1.39,0.0,0.0,250,0.0,0
1771964717.1131,34.3,30.0,-27.1,PILOTING,SYS_GO,17.7868,1.39,0.0,0.0,250,0.0,0
1771964717.1754,31.2,30.0,-26.84,PILOTING,SYS_GO,17.8061,1.39,0.0,0.0,250,0.0,0
1771964717.2375,32.6,30.0,-27.39,PILOTING,SYS_GO,17.7066,1.39,0.0,0.0,250,0.0,0
1771964717.3273,28.6,30.0,-27.52,PILOTING,SYS_GO,17.7351,1.39,0.0,0.0,250,0.0,0
1771964717.3733,29.9,30.0,-27.53,PILOTING,SYS_GO,17.7454,1.39,0.0,0.0,250,0.0,0
1771964717.4492,26.8,30.0,-27.35,PILOTING,SYS_GO,17.7704,1.39,0.0,0.0,250,0.0,0
1771964717.4998,31.2,30.0,-27.19,PILOTING,SYS_GO,17.7778,1.39,0.0,0.0,250,0.0,0
1771964717.5712,27.9,30.0,-26.92,PILOTING,SYS_GO,17.8025,1.39,0.0,0.0,250,0.0,0
1771964717.6166,40.6,30.0,-27.5,PILOTING,SYS_GO,17.698,1.39,0.0,0.0,250,0.0,0
1771964717.7224,34.6,30.0,-27.61,PILOTING,SYS_GO,17.7315,1.39,0.0,0.0,250,0.0,0
1771964717.7672,36.8,30.0,-27.62,PILOTING,SYS_GO,17.7394,1.39,0.0,0.0,250,0.0,0
1771964717.8595,31.7,30.0,-27.4,PILOTING,SYS_GO,17.7717,1.39,0.0,0.0,250,0.0,0
1771964717.9056,43.7,30.0,-27.23,PILOTING,SYS_GO,17.7756,1.39,0.0,0.0,250,0.0,0
1771964718.0271,36.9,30.0,-26.86,PILOTING,SYS_GO,17.8135,1.39,0.0,0.0,250,0.0,0
1771964718.0727,36.0,30.0,-27.35,PILOTING,SYS_GO,17.7146,1.39,0.0,0.0,250,0.0,0
1771964718.149,31.6,30.0,-27.46,PILOTING,SYS_GO,17.7404,1.39,0.0,0.0,250,0.0,0
1771964718.1965,37.0,30.0,-27.48,PILOTING,SYS_GO,17.7465,1.39,0.0,0.0,250,0.0,0
1771964718.2869,32.2,30.0,-27.3,PILOTING,SYS_GO,17.7741,1.39,0.0,0.0,250,0.0,0
1771964718.3507,35.2,30.0,-27.13,PILOTING,SYS_GO,17.7818,1.39,0.0,0.0,250,0.0,0
1771964718.4283,31.4,30.0,-26.87,PILOTING,SYS_GO,17.8039,1.39,0.0,0.0,250,0.0,0
1771964718.471,32.3,30.0,-27.42,PILOTING,SYS_GO,17.7053,1.39,0.0,0.0,250,0.0,0
1771964718.5615,28.3,30.0,-27.54,PILOTING,SYS_GO,17.7344,1.39,0.0,0.0,250,0.0,0
1771964718.6126,33.0,30.0,-27.57,PILOTING,SYS_GO,17.7414,1.39,0.0,0.0,250,0.0,0
1771964718.6836,29.5,30.0,-27.42,PILOTING,SYS_GO,17.7646,1.39,0.0,0.0,250,0.0,0
1771964718.7307,36.1,30.0,-27.28,PILOTING,SYS_GO,17.7703,1.39,0.0,0.0,250,0.0,0
1771964718.8205,31.6,30.0,-27.01,PILOTING,SYS_GO,17.797,1.39,0.0,0.0,250,0.0,0
1771964718.8667,32.7,30.0,-27.55,PILOTING,SYS_GO,17.6992,1.39,0.0,0.0,250,0.0,0
1771964718.9721,28.4,30.0,-27.64,PILOTING,SYS_GO,17.7314,1.39,0.0,0.0,250,0.0,0
1771964719.0215,30.1,30.0,-27.63,PILOTING,SYS_GO,17.7412,1.39,0.0,0.0,250,0.0,0
1771964719.1099,26.6,30.0,-27.42,PILOTING,SYS_GO,17.7694,1.39,0.0,0.0,250,0.0,0
1771964719.156,28.7,30.0,-27.22,PILOTING,SYS_GO,17.7792,1.39,0.0,0.0,250,0.0,0
1771964719.2619,24.9,30.0,-26.84,PILOTING,SYS_GO,17.8158,1.39,0.0,0.0,250,0.0,0
1771964719.311,34.1,30.0,-27.37,PILOTING,SYS_GO,17.7105,1.39,0.0,0.0,250,0.0,0
1771964719.3988,29.9,30.0,-27.49,PILOTING,SYS_GO,17.7379,1.39,0.0,0.0,250,0.0,0
1771964719.4441,31.0,30.0,-27.49,PILOTING,SYS_GO,17.7481,1.39,0.0,0.0,250,0.0,0
1771964719.5361,27.2,30.0,-27.27,PILOTING,SYS_GO,17.7779,1.39,0.0,0.0,250,0.0,0
1771964719.5854,31.0,30.0,-27.09,PILOTING,SYS_GO,17.7857,1.39,0.0,0.0,250,0.0,0
1771964719.6804,27.2,30.0,-26.76,PILOTING,SYS_GO,17.8152,1.39,0.0,0.0,250,0.0,0
1771964719.7321,26.4,30.0,-27.25,PILOTING,SYS_GO,17.7207,1.39,0.0,0.0,250,0.0,0
1771964719.7787,30.5,30.0,-27.48,PILOTING,SYS_GO,17.7283,1.39,0.0,0.0,250,0.0,0
1771964719.8531,27.2,30.0,-27.44,PILOTING,SYS_GO,17.7544,1.39,0.0,0.0,250,0.0,0
1771964719.9035,39.3,30.0,-27.38,PILOTING,SYS_GO,17.7585,1.39,0.0,0.0,250,0.0,0
1771964720.0047,33.7,30.0,-27.12,PILOTING,SYS_GO,17.7903,1.39,0.0,0.0,250,0.0,0
1771964720.0509,43.1,30.0,-26.93,PILOTING,SYS_GO,17.7948,1.39,0.0,0.0,250,0.0,0
1771964720.1425,36.8,30.0,-27.36,PILOTING,SYS_GO,17.7183,1.39,0.0,0.0,250,0.0,0
1771964720.1956,46.9,30.0,-27.6,PILOTING,SYS_GO,17.7225,1.39,0.0,0.0,250,0.0,0
1771964720.2339,43.2,30.0,-27.64,PILOTING,SYS_GO,17.7351,1.39,0.0,0.0,250,0.0,0
1771964720.3099,37.7,30.0,-27.51,PILOTING,SYS_GO,17.7581,1.39,0.0,0.0,250,0.0,0
1771964720.3557,38.2,30.0,-27.36,PILOTING,SYS_GO,17.767,1.39,0.0,0.0,250,0.0,0
1771964720.4326,33.5,30.0,-27.1,PILOTING,SYS_GO,17.791,1.39,0.0,0.0,250,0.0,0
1771964720.4787,37.5,30.0,-27.66,PILOTING,SYS_GO,17.6911,1.39,0.0,0.0,250,0.0,0
1771964720.5559,32.8,30.0,-27.81,PILOTING,SYS_GO,17.7166,1.39,0.0,0.0,250,0.0,0
1771964720.6059,37.2,30.0,-27.86,PILOTING,SYS_GO,17.7232,1.39,0.0,0.0,250,0.0,0
1771964720.7094,32.0,30.0,-27.66,PILOTING,SYS_GO,17.7552,1.39,0.0,0.0,250,0.0,0
1771964720.7545,33.3,30.0,-27.47,PILOTING,SYS_GO,17.7646,1.39,0.0,0.0,250,0.0,0
1771964720.8465,28.9,30.0,-27.13,PILOTING,SYS_GO,17.7964,1.39,0.0,0.0,250,0.0,0
1771964720.8927,41.6,30.0,-27.66,PILOTING,SYS_GO,17.6928,1.39,0.0,0.0,250,0.0,0
1771964721.0182,35.1,30.0,-27.71,PILOTING,SYS_GO,17.731,1.39,0.0,0.0,250,0.0,0
1771964721.0602,40.6,30.0,-27.7,PILOTING,SYS_GO,17.7367,1.39,0.0,0.0,250,0.0,0
1771964721.104,39.6,30.0,-27.62,PILOTING,SYS_GO,17.7469,1.39,0.0,0.0,250,0.0,0
1771964721.1943,34.2,30.0,-27.37,PILOTING,SYS_GO,17.7753,1.39,0.0,0.0,250,0.0,0
1771964721.2412,35.3,30.0,-27.16,PILOTING,SYS_GO,17.7844,1.39,0.0,0.0,250,0.0,0
1771964721.3148,31.0,30.0,-27.6,PILOTING,SYS_GO,17.7045,1.39,0.0,0.0,250,0.0,0
1771964721.3624,37.2,30.0,-27.82,PILOTING,SYS_GO,17.7103,1.39,0.0,0.0,250,0.0,0
1771964721.4368,32.5,30.0,-27.77,PILOTING,SYS_GO,17.7364,1.39,0.0,0.0,250,0.0,0
1771964721.4832,43.7,30.0,-27.71,PILOTING,SYS_GO,17.7404,1.39,0.0,0.0,250,0.0,0
1771964721.5821,37.3,30.0,-27.46,PILOTING,SYS_GO,17.7709,1.39,0.0,0.0,250,0.0,0
1771964721.6237,46.5,30.0,-27.27,PILOTING,SYS_GO,17.7752,1.39,0.0,0.0,250,0.0,0
1771964721.6679,44.8,30.0,-27.84,PILOTING,SYS_GO,17.6804,1.39,0.0,0.0,250,0.0,0
1771964721.7608,38.2,30.0,-27.96,PILOTING,SYS_GO,17.7116,1.39,0.0,0.0,250,0.0,0
1771964721.807,48.6,30.0,-28.0,PILOTING,SYS_GO,17.7156,1.39,0.0,0.0,250,0.0,0
1771964721.9033,41.5,30.0,-27.83,PILOTING,SYS_GO,17.7437,1.39,0.0,0.0,250,0.0,0
1771964721.9517,48.6,30.0,-27.69,PILOTING,SYS_GO,17.7484,1.39,0.0,0.0,250,0.0,0
1771964721.9968,45.2,30.0,-27.52,PILOTING,SYS_GO,17.7596,1.39,0.0,0.0,250,0.0,0
1771964722.0837,38.9,30.0,-27.96,PILOTING,SYS_GO,17.6844,1.39,0.0,0.0,250,0.0,0
1771964722.129,37.8,30.0,-28.14,PILOTING,SYS_GO,17.6952,1.39,0.0,0.0,250,0.0,0
1771964722.2204,32.6,30.0,-28.04,PILOTING,SYS_GO,17.7252,1.39,0.0,0.0,250,0.0,0
1771964722.2752,43.9,30.0,-27.96,PILOTING,SYS_GO,17.7292,1.39,0.0,0.0,250,0.0,0
1771964722.3567,37.8,30.0,-27.71,PILOTING,SYS_GO,17.756,1.39,0.0,0.0,250,0.0,0
1771964722.4027,43.5,30.0,-27.52,PILOTING,SYS_GO,17.7615,1.39,0.0,0.0,250,0.0,0
1771964722.4982,37.7,30.0,-27.96,PILOTING,SYS_GO,17.6836,1.39,0.0,0.0,250,0.0,0
1771964722.5386,48.1,30.0,-28.2,PILOTING,SYS_GO,17.6876,1.39,0.0,0.0,250,0.0,0
1771964722.6036,45.5,30.0,-28.27,PILOTING,SYS_GO,17.6979,1.39,0.0,0.0,250,0.0,0
1771964722.6768,39.9,30.0,-28.17,PILOTING,SYS_GO,17.7184,1.39,0.0,0.0,250,0.0,0
1771964722.7465,36.2,30.0,-27.99,PILOTING,SYS_GO,17.7351,1.39,0.0,0.0,250,0.0,0
1771964722.8301,31.8,30.0,-27.7,PILOTING,SYS_GO,17.7604,1.39,0.0,0.0,250,0.0,0
1771964722.8759,31.6,30.0,-28.16,PILOTING,SYS_GO,17.67,1.39,0.0,0.0,250,0.0,0
1771964722.9827,27.3,30.0,-28.2,PILOTING,SYS_GO,17.7052,1.39,0.0,0.0,250,0.0,0
1771964723.031,33.8,30.0,-28.17,PILOTING,SYS_GO,17.7113,1.39,0.0,0.0,250,0.0,0
1771964723.0778,32.1,30.0,-28.06,PILOTING,SYS_GO,17.7254,1.39,0.0,0.0,250,0.0,0
1771964723.1663,28.1,30.0,-27.78,PILOTING,SYS_GO,17.7556,1.39,0.0,0.0,250,0.0,0
1771964723.2164,42.0,30.0,-27.58,PILOTING,SYS_GO,17.7593,1.39,0.0,0.0,250,0.0,0
1771964723.2887,36.4,30.0,-28.0,PILOTING,SYS_GO,17.6826,1.39,0.0,0.0,250,0.0,0
1771964723.3358,46.2,30.0,-28.23,PILOTING,SYS_GO,17.6868,1.39,0.0,0.0,250,0.0,0
1771964723.4418,38.9,30.0,-28.1,PILOTING,SYS_GO,17.7244,1.39,0.0,0.0,250,0.0,0
1771964723.4919,47.1,30.0,-27.99,PILOTING,SYS_GO,17.7289,1.39,0.0,0.0,250,0.0,0
1771964723.6113,39.6,30.0,-27.65,PILOTING,SYS_GO,17.7671,1.39,0.0,0.0,250,0.0,0
1771964723.6621,41.4,30.0,-27.4,PILOTING,SYS_GO,17.7745,1.39,0.0,0.0,250,0.0,0
1771964723.7803,35.0,30.0,-27.71,PILOTING,SYS_GO,17.7091,1.39,0.0,0.0,250,0.0,0
1771964723.8278,39.3,30.0,-27.85,PILOTING,SYS_GO,17.7154,1.39,0.0,0.0,250,0.0,0
1771964723.9329,33.6,30.0,-27.7,PILOTING,SYS_GO,17.7492,1.39,0.0,0.0,250,0.0,0
1771964723.9811,45.8,30.0,-27.58,PILOTING,SYS_GO,17.753,1.39,0.0,0.0,250,0.0,0
1771964724.1025,38.4,30.0,-27.21,PILOTING,SYS_GO,17.7933,1.39,0.0,0.0,250,0.0,0
1771964724.1498,41.9,30.0,-26.95,PILOTING,SYS_GO,17.7998,1.39,0.0,0.0,250,0.0,0
1771964724.21,38.2,30.0,-27.45,PILOTING,SYS_GO,17.7073,1.39,0.0,0.0,250,0.0,0
1771964724.2869,33.7,30.0,-27.6,PILOTING,SYS_GO,17.7301,1.39,0.0,0.0,250,0.0,0
1771964724.3332,34.1,30.0,-27.61,PILOTING,SYS_GO,17.7402,1.39,0.0,0.0,250,0.0,0
1771964724.4109,30.0,30.0,-27.43,PILOTING,SYS_GO,17.7667,1.39,0.0,0.0,250,0.0,0
1771964724.4568,35.0,30.0,-27.27,PILOTING,SYS_GO,17.7732,1.39,0.0,0.0,250,0.0,0
1771964724.5494,30.5,30.0,-26.97,PILOTING,SYS_GO,17.8021,1.39,0.0,0.0,250,0.0,0
1771964724.6264,27.7,30.0,-27.41,PILOTING,SYS_GO,17.7154,1.39,0.0,0.0,250,0.0,0
1771964724.6735,28.7,30.0,-27.59,PILOTING,SYS_GO,17.7265,1.39,0.0,0.0,250,0.0,0
1771964724.7478,25.8,30.0,-27.52,PILOTING,SYS_GO,17.7515,1.39,0.0,0.0,250,0.0,0
1771964724.7997,34.7,30.0,-27.45,PILOTING,SYS_GO,17.7567,1.39,0.0,0.0,250,0.0,0
1771964724.8871,30.5,30.0,-27.21,PILOTING,SYS_GO,17.7827,1.39,0.0,0.0,250,0.0,0
1771964724.9381,32.8,30.0,-27.01,PILOTING,SYS_GO,17.7913,1.39,0.0,0.0,250,0.0,0
1771964725.0081,29.3,30.0,-27.49,PILOTING,SYS_GO,17.7077,1.39,0.0,0.0,250,0.0,0
1771964725.0534,30.7,30.0,-27.7,PILOTING,SYS_GO,17.7177,1.39,0.0,0.0,250,0.0,0
1771964725.1306,27.2,30.0,-27.64,PILOTING,SYS_GO,17.7445,1.39,0.0,0.0,250,0.0,0
1771964725.181,35.4,30.0,-27.57,PILOTING,SYS_GO,17.7498,1.39,0.0,0.0,250,0.0,0
1771964725.2216,35.1,30.0,-27.44,PILOTING,SYS_GO,17.7605,1.39,0.0,0.0,250,0.0,0
1771964725.299,31.0,30.0,-27.19,PILOTING,SYS_GO,17.785,1.39,0.0,0.0,250,0.0,0
1771964725.3472,33.6,30.0,-27.74,PILOTING,SYS_GO,17.6874,1.39,0.0,0.0,250,0.0,0
1771964725.4222,29.7,30.0,-27.89,PILOTING,SYS_GO,17.7133,1.39,0.0,0.0,250,0.0,0
1771964725.4711,41.0,30.0,-27.94,PILOTING,SYS_GO,17.7175,1.39,0.0,0.0,250,0.0,0
1771964725.5719,34.9,30.0,-27.74,PILOTING,SYS_GO,17.7516,1.39,0.0,0.0,250,0.0,0
1771964725.618,45.4,30.0,-27.58,PILOTING,SYS_GO,17.7557,1.39,0.0,0.0,250,0.0,0
1771964725.7723,37.6,30.0,-27.11,PILOTING,SYS_GO,17.8088,1.39,0.0,0.0,250,0.0,0
1771964725.8215,43.2,30.0,-27.56,PILOTING,SYS_GO,17.7049,1.39,0.0,0.0,250,0.0,0
1771964725.8927,38.1,30.0,-27.69,PILOTING,SYS_GO,17.7254,1.39,0.0,0.0,250,0.0,0
1771964725.9983,32.5,30.0,-27.51,PILOTING,SYS_GO,17.7616,1.39,0.0,0.0,250,0.0,0
1771964726.0465,37.6,30.0,-27.36,PILOTING,SYS_GO,17.7678,1.39,0.0,0.0,250,0.0,0
1771964726.165,31.9,30.0,-26.99,PILOTING,SYS_GO,17.8069,1.39,0.0,0.0,250,0.0,0
1771964726.2127,35.4,30.0,-26.71,PILOTING,SYS_GO,17.8142,1.39,0.0,0.0,250,0.0,0
1771964726.3185,30.2,30.0,-27.07,PILOTING,SYS_GO,17.7414,1.39,0.0,0.0,250,0.0,0
1771964726.3673,40.4,30.0,-27.25,PILOTING,SYS_GO,17.7458,1.39,0.0,0.0,250,0.0,0
1771964726.4856,34.1,30.0,-27.07,PILOTING,SYS_GO,17.7866,1.39,0.0,0.0,250,0.0,0
1771964726.5321,41.8,30.0,-26.92,PILOTING,SYS_GO,17.7916,1.39,0.0,0.0,250,0.0,0
1771964726.6228,35.9,30.0,-26.62,PILOTING,SYS_GO,17.8208,1.39,0.0,0.0,250,0.0,0
1771964726.6703,38.4,30.0,-26.39,PILOTING,SYS_GO,17.8283,1.39,0.0,0.0,250,0.0,0
1771964726.7771,32.7,30.0,-26.8,PILOTING,SYS_GO,17.752,1.39,0.0,0.0,250,0.0,0
1771964726.8235,45.3,30.0,-27.02,PILOTING,SYS_GO,17.7558,1.39,0.0,0.0,250,0.0,0
1771964726.9121,39.5,30.0,-26.99,PILOTING,SYS_GO,17.7775,1.39,0.0,0.0,250,0.0,0
1771964726.9598,50.7,30.0,-26.95,PILOTING,SYS_GO,17.7813,1.39,0.0,0.0,250,0.0,0
1771964727.0408,43.4,30.0,-26.74,PILOTING,SYS_GO,17.8067,1.39,0.0,0.0,250,0.0,0
1771964727.0843,52.7,30.0,-26.59,PILOTING,SYS_GO,17.8107,1.39,0.0,0.0,250,0.0,0
1771964727.1442,46.6,30.0,-27.17,PILOTING,SYS_GO,17.7176,1.39,0.0,0.0,250,0.0,0
1771964727.1887,43.7,30.0,-27.43,PILOTING,SYS_GO,17.7287,1.39,0.0,0.0,250,0.0,0
1771964727.2511,38.7,30.0,-27.45,PILOTING,SYS_GO,17.7481,1.39,0.0,0.0,250,0.0,0
1771964727.3282,34.0,30.0,-27.3,PILOTING,SYS_GO,17.7716,1.39,0.0,0.0,250,0.0,0
1771964727.3751,32.4,30.0,-27.1,PILOTING,SYS_GO,17.7854,1.39,0.0,0.0,250,0.0,0
1771964727.4654,28.3,30.0,-26.77,PILOTING,SYS_GO,17.8162,1.39,0.0,0.0,250,0.0,0
1771964727.5111,39.6,30.0,-27.32,PILOTING,SYS_GO,17.71,1.39,0.0,0.0,250,0.0,0
1771964727.6034,34.2,30.0,-27.46,PILOTING,SYS_GO,17.7386,1.39,0.0,0.0,250,0.0,0
1771964727.657,37.4,30.0,-27.48,PILOTING,SYS_GO,17.7458,1.39,0.0,0.0,250,0.0,0
1771964727.7577,32.2,30.0,-27.27,PILOTING,SYS_GO,17.7778,1.39,0.0,0.0,250,0.0,0
1771964727.8121,37.3,30.0,-27.1,PILOTING,SYS_GO,17.784,1.39,0.0,0.0,250,0.0,0
1771964727.8802,32.8,30.0,-26.82,PILOTING,SYS_GO,17.8078,1.39,0.0,0.0,250,0.0,0
1771964727.9273,42.6,30.0,-27.41,PILOTING,SYS_GO,17.7031,1.39,0.0,0.0,250,0.0,0
1771964727.988,38.9,30.0,-27.65,PILOTING,SYS_GO,17.718,1.39,0.0,0.0,250,0.0,0
1771964728.0638,34.3,30.0,-27.64,PILOTING,SYS_GO,17.741,1.39,0.0,0.0,250,0.0,0
1771964728.1139,32.7,30.0,-27.53,PILOTING,SYS_GO,17.7547,1.39,0.0,0.0,250,0.0,0
1771964728.2163,28.3,30.0,-27.22,PILOTING,SYS_GO,17.7883,1.39,0.0,0.0,250,0.0,0
1771964728.2673,40.7,30.0,-27.01,PILOTING,SYS_GO,17.7922,1.39,0.0,0.0,250,0.0,0
1771964728.384,34.5,30.0,-27.37,PILOTING,SYS_GO,17.7237,1.39,0.0,0.0,250,0.0,0
1771964728.4316,35.7,30.0,-27.53,PILOTING,SYS_GO,17.7325,1.39,0.0,0.0,250,0.0,0
1771964728.5674,30.2,30.0,-27.31,PILOTING,SYS_GO,17.7762,1.39,0.0,0.0,250,0.0,0
1771964728.6141,33.7,30.0,-27.12,PILOTING,SYS_GO,17.7838,1.39,0.0,0.0,250,0.0,0
1771964728.6597,33.8,30.0,-26.93,PILOTING,SYS_GO,17.7943,1.39,0.0,0.0,250,0.0,0
1771964728.7483,29.4,30.0,-26.6,PILOTING,SYS_GO,17.8251,1.39,0.0,0.0,250,0.0,0
1771964728.7993,35.5,30.0,-27.16,PILOTING,SYS_GO,17.7194,1.39,0.0,0.0,250,0.0,0
1771964728.8683,33.3,30.0,-27.39,PILOTING,SYS_GO,17.7342,1.39,0.0,0.0,250,0.0,0
1771964728.9326,30.4,30.0,-27.39,PILOTING,SYS_GO,17.7533,1.39,0.0,0.0,250,0.0,0
1771964728.9781,31.8,30.0,-27.32,PILOTING,SYS_GO,17.763,1.39,0.0,0.0,250,0.0,0
1771964729.0857,27.4,30.0,-27.02,PILOTING,SYS_GO,17.7988,1.39,0.0,0.0,250,0.0,0
1771964729.1319,36.3,30.0,-26.81,PILOTING,SYS_GO,17.8038,1.39,0.0,0.0,250,0.0,0
1771964729.2208,31.5,30.0,-27.25,PILOTING,SYS_GO,17.7246,1.39,0.0,0.0,250,0.0,0
1771964729.2664,38.5,30.0,-27.47,PILOTING,SYS_GO,17.73,1.39,0.0,0.0,250,0.0,0
1771964729.3687,33.0,30.0,-27.37,PILOTING,SYS_GO,17.763,1.39,0.0,0.0,250,0.0,0
1771964729.406,40.2,30.0,-27.27,PILOTING,SYS_GO,17.7682,1.39,0.0,0.0,250,0.0,0
1771964729.4515,41.1,30.0,-27.15,PILOTING,SYS_GO,17.7762,1.39,0.0,0.0,250,0.0,0
1771964729.5422,35.5,30.0,-26.89,PILOTING,SYS_GO,17.8034,1.39,0.0,0.0,250,0.0,0
1771964729.5883,35.6,30.0,-27.43,PILOTING,SYS_GO,17.705,1.39,0.0,0.0,250,0.0,0
1771964729.6789,30.9,30.0,-27.55,PILOTING,SYS_GO,17.7348,1.39,0.0,0.0,250,0.0,0
1771964729.7241,39.9,30.0,-27.59,PILOTING,SYS_GO,17.7395,1.39,0.0,0.0,250,0.0,0
1771964729.8454,33.8,30.0,-27.33,PILOTING,SYS_GO,17.7782,1.39,0.0,0.0,250,0.0,0
1771964729.892,35.4,30.0,-27.11,PILOTING,SYS_GO,17.7868,1.39,0.0,0.0,250,0.0,0
1771964729.9384,33.1,30.0,-26.87,PILOTING,SYS_GO,17.8018,1.39,0.0,0.0,250,0.0,0
1771964730.0302,28.8,30.0,-27.29,PILOTING,SYS_GO,17.7242,1.39,0.0,0.0,250,0.0,0
1771964730.0767,40.3,30.0,-27.51,PILOTING,SYS_GO,17.7284,1.39,0.0,0.0,250,0.0,0
1771964730.1843,34.3,30.0,-27.39,PILOTING,SYS_GO,17.763,1.39,0.0,0.0,250,0.0,0
1771964730.2303,35.2,30.0,-27.25,PILOTING,SYS_GO,17.7723,1.39,0.0,0.0,250,0.0,0
1771964730.2918,32.4,30.0,-27.05,PILOTING,SYS_GO,17.7893,1.39,0.0,0.0,250,0.0,0
1771964730.3975,28.0,30.0,-26.68,PILOTING,SYS_GO,17.8237,1.39,0.0,0.0,250,0.0,0
1771964730.4437,35.5,30.0,-27.22,PILOTING,SYS_GO,17.7177,1.39,0.0,0.0,250,0.0,0
1771964730.5034,32.9,30.0,-27.43,PILOTING,SYS_GO,17.7334,1.39,0.0,0.0,250,0.0,0
1771964730.565,30.0,30.0,-27.42,PILOTING,SYS_GO,17.7531,1.39,0.0,0.0,250,0.0,0
1771964730.6113,38.8,30.0,-27.37,PILOTING,SYS_GO,17.7579,1.39,0.0,0.0,250,0.0,0
1771964730.7172,33.0,30.0,-27.09,PILOTING,SYS_GO,17.7943,1.39,0.0,0.0,250,0.0,0
1771964730.762,41.4,30.0,-26.88,PILOTING,SYS_GO,17.799,1.39,0.0,0.0,250,0.0,0
1771964730.8375,36.0,30.0,-27.35,PILOTING,SYS_GO,17.7164,1.39,0.0,0.0,250,0.0,0
1771964730.8828,38.4,30.0,-27.58,PILOTING,SYS_GO,17.7239,1.39,0.0,0.0,250,0.0,0
1771964730.9903,32.8,30.0,-27.47,PILOTING,SYS_GO,17.7581,1.39,0.0,0.0,250,0.0,0
1771964731.0402,40.3,30.0,-27.37,PILOTING,SYS_GO,17.7632,1.39,0.0,0.0,250,0.0,0
1771964731.1119,35.2,30.0,-27.13,PILOTING,SYS_GO,17.7877,1.39,0.0,0.0,250,0.0,0
1771964731.159,47.3,30.0,-26.96,PILOTING,SYS_GO,17.7915,1.39,0.0,0.0,250,0.0,0
1771964731.2328,40.6,30.0,-27.44,PILOTING,SYS_GO,17.7106,1.39,0.0,0.0,250,0.0,0
1771964731.2828,51.2,30.0,-27.7,PILOTING,SYS_GO,17.7144,1.39,0.0,0.0,250,0.0,0
1771964731.3864,43.0,30.0,-27.61,PILOTING,SYS_GO,17.7485,1.39,0.0,0.0,250,0.0,0
1771964731.4328,45.0,30.0,-27.51,PILOTING,SYS_GO,17.7553,1.39,0.0,0.0,250,0.0,0
1771964731.5429,38.0,30.0,-27.18,PILOTING,SYS_GO,17.7922,1.39,0.0,0.0,250,0.0,0
1771964731.5884,49.0,30.0,-26.96,PILOTING,SYS_GO,17.796,1.39,0.0,0.0,250,0.0,0
1771964731.6662,41.8,30.0,-27.4,PILOTING,SYS_GO,17.7159,1.39,0.0,0.0,250,0.0,0
1771964731.716,52.5,30.0,-27.64,PILOTING,SYS_GO,17.7197,1.39,0.0,0.0,250,0.0,0
1771964731.8033,44.7,30.0,-27.59,PILOTING,SYS_GO,17.7466,1.39,0.0,0.0,250,0.0,0
1771964731.8598,43.7,30.0,-27.49,PILOTING,SYS_GO,17.7557,1.39,0.0,0.0,250,0.0,0
1771964731.9264,38.5,30.0,-27.29,PILOTING,SYS_GO,17.776,1.39,0.0,0.0,250,0.0,0
1771964731.9852,38.3,30.0,-27.1,PILOTING,SYS_GO,17.7856,1.39,0.0,0.0,250,0.0,0
1771964732.0475,34.0,30.0,-27.58,PILOTING,SYS_GO,17.7014,1.39,0.0,0.0,250,0.0,0
1771964732.095,33.5,30.0,-27.8,PILOTING,SYS_GO,17.7129,1.39,0.0,0.0,250,0.0,0
1771964732.1862,29.4,30.0,-27.73,PILOTING,SYS_GO,17.7403,1.39,0.0,0.0,250,0.0,0
1771964732.2316,36.2,30.0,-27.65,PILOTING,SYS_GO,17.7459,1.39,0.0,0.0,250,0.0,0
1771964732.3249,31.4,30.0,-27.39,PILOTING,SYS_GO,17.7754,1.39,0.0,0.0,250,0.0,0
1771964732.3709,44.4,30.0,-27.2,PILOTING,SYS_GO,17.7791,1.39,0.0,0.0,250,0.0,0
1771964732.4478,38.2,30.0,-27.65,PILOTING,SYS_GO,17.701,1.39,0.0,0.0,250,0.0,0
1771964732.493,47.5,30.0,-27.89,PILOTING,SYS_GO,17.7053,1.39,0.0,0.0,250,0.0,0
1771964732.585,41.2,30.0,-27.87,PILOTING,SYS_GO,17.7279,1.39,0.0,0.0,250,0.0,0
1771964732.6291,38.5,30.0,-27.77,PILOTING,SYS_GO,17.7408,1.39,0.0,0.0,250,0.0,0
1771964732.6752,38.1,30.0,-27.64,PILOTING,SYS_GO,17.7507,1.39,0.0,0.0,250,0.0,0
1771964732.753,33.1,30.0,-27.36,PILOTING,SYS_GO,17.7782,1.39,0.0,0.0,250,0.0,0
1771964732.7994,45.4,30.0,-27.91,PILOTING,SYS_GO,17.6773,1.39,0.0,0.0,250,0.0,0
1771964732.9058,38.5,30.0,-28.01,PILOTING,SYS_GO,17.7106,1.39,0.0,0.0,250,0.0,0
1771964732.9579,38.2,30.0,-28.0,PILOTING,SYS_GO,17.7203,1.39,0.0,0.0,250,0.0,0
1771964733.0281,33.9,30.0,-27.84,PILOTING,SYS_GO,17.7417,1.39,0.0,0.0,250,0.0,0
1771964733.0744,33.8,30.0,-27.67,PILOTING,SYS_GO,17.7525,1.39,0.0,0.0,250,0.0,0
1771964733.1495,29.9,30.0,-27.38,PILOTING,SYS_GO,17.7782,1.39,0.0,0.0,250,0.0,0
1771964733.1977,41.6,30.0,-27.92,PILOTING,SYS_GO,17.6775,1.39,0.0,0.0,250,0.0,0
1771964733.2876,35.7,30.0,-28.04,PILOTING,SYS_GO,17.7064,1.39,0.0,0.0,250,0.0,0
1771964733.3337,38.5,30.0,-28.06,PILOTING,SYS_GO,17.7137,1.39,0.0,0.0,250,0.0,0
1771964733.4403,33.0,30.0,-27.85,PILOTING,SYS_GO,17.7462,1.39,0.0,0.0,250,0.0,0
1771964733.4932,33.8,30.0,-27.65,PILOTING,SYS_GO,17.7559,1.39,0.0,0.0,250,0.0,0
1771964733.5635,30.4,30.0,-27.37,PILOTING,SYS_GO,17.7772,1.39,0.0,0.0,250,0.0,0
1771964733.6124,31.1,30.0,-27.88,PILOTING,SYS_GO,17.6832,1.39,0.0,0.0,250,0.0,0
1771964733.7033,27.6,30.0,-27.99,PILOTING,SYS_GO,17.7095,1.39,0.0,0.0,250,0.0,0
1771964733.7465,31.2,30.0,-28.01,PILOTING,SYS_GO,17.7174,1.39,0.0,0.0,250,0.0,0
1771964733.8241,28.0,30.0,-27.85,PILOTING,SYS_GO,17.7411,1.39,0.0,0.0,250,0.0,0
1771964733.8673,31.9,30.0,-27.7,PILOTING,SYS_GO,17.7486,1.39,0.0,0.0,250,0.0,0
1771964733.9282,29.0,30.0,-27.46,PILOTING,SYS_GO,17.7695,1.39,0.0,0.0,250,0.0,0
1771964733.9733,42.2,30.0,-28.02,PILOTING,SYS_GO,17.6699,1.39,0.0,0.0,250,0.0,0
1771964734.0636,36.0,30.0,-28.14,PILOTING,SYS_GO,17.7011,1.39,0.0,0.0,250,0.0,0
1771964734.11,40.0,30.0,-28.17,PILOTING,SYS_GO,17.7075,1.39,0.0,0.0,250,0.0,0
1771964734.2023,34.4,30.0,-27.97,PILOTING,SYS_GO,17.7373,1.39,0.0,0.0,250,0.0,0
1771964734.2486,46.3,30.0,-27.83,PILOTING,SYS_GO,17.7411,1.39,0.0,0.0,250,0.0,0
1771964734.3396,39.4,30.0,-27.52,PILOTING,SYS_GO,17.7714,1.39,0.0,0.0,250,0.0,0
1771964734.387,47.0,30.0,-28.04,PILOTING,SYS_GO,17.6723,1.39,0.0,0.0,250,0.0,0
1771964734.4916,39.8,30.0,-28.12,PILOTING,SYS_GO,17.7052,1.39,0.0,0.0,250,0.0,0
1771964734.5379,45.8,30.0,-28.14,PILOTING,SYS_GO,17.7103,1.39,0.0,0.0,250,0.0,0
1771964734.6302,39.4,30.0,-27.96,PILOTING,SYS_GO,17.737,1.39,0.0,0.0,250,0.0,0
1771964734.6799,41.2,30.0,-27.79,PILOTING,SYS_GO,17.7444,1.39,0.0,0.0,250,0.0,0
1771964734.7677,35.5,30.0,-27.5,PILOTING,SYS_GO,17.7722,1.39,0.0,0.0,250,0.0,0
1771964734.8125,42.7,30.0,-28.02,PILOTING,SYS_GO,17.6734,1.39,0.0,0.0,250,0.0,0
1771964734.9193,36.2,30.0,-28.09,PILOTING,SYS_GO,17.7086,1.39,0.0,0.0,250,0.0,0
1771964734.9651,36.5,30.0,-28.06,PILOTING,SYS_GO,17.7181,1.39,0.0,0.0,250,0.0,0
1771964735.0569,31.5,30.0,-27.82,PILOTING,SYS_GO,17.7492,1.39,0.0,0.0,250,0.0,0
1771964735.1026,43.2,30.0,-27.65,PILOTING,SYS_GO,17.7532,1.39,0.0,0.0,250,0.0,0
1771964735.2102,36.5,30.0,-27.28,PILOTING,SYS_GO,17.7898,1.39,0.0,0.0,250,0.0,0
1771964735.2611,45.7,30.0,-27.79,PILOTING,SYS_GO,17.6877,1.39,0.0,0.0,250,0.0,0
1771964735.3623,38.7,30.0,-27.86,PILOTING,SYS_GO,17.7209,1.39,0.0,0.0,250,0.0,0
1771964735.4087,41.8,30.0,-27.86,PILOTING,SYS_GO,17.7275,1.39,0.0,0.0,250,0.0,0
1771964735.4998,35.9,30.0,-27.65,PILOTING,SYS_GO,17.7567,1.39,0.0,0.0,250,0.0,0
1771964735.5463,42.7,30.0,-27.48,PILOTING,SYS_GO,17.7618,1.39,0.0,0.0,250,0.0,0
1771964735.6373,36.4,30.0,-27.16,PILOTING,SYS_GO,17.7931,1.39,0.0,0.0,250,0.0,0
1771964735.6842,49.0,30.0,-27.7,PILOTING,SYS_GO,17.6897,1.39,0.0,0.0,250,0.0,0
1771964735.7767,41.6,30.0,-27.82,PILOTING,SYS_GO,17.7197,1.39,0.0,0.0,250,0.0,0
1771964735.8212,40.5,30.0,-27.82,PILOTING,SYS_GO,17.7297,1.39,0.0,0.0,250,0.0,0
1771964735.8724,37.1,30.0,-27.71,PILOTING,SYS_GO,17.7451,1.39,0.0,0.0,250,0.0,0
1771964735.9758,31.7,30.0,-27.38,PILOTING,SYS_GO,17.7814,1.39,0.0,0.0,250,0.0,0
1771964736.0213,42.2,30.0,-27.15,PILOTING,SYS_GO,17.7856,1.39,0.0,0.0,250,0.0,0
1771964736.1149,36.0,30.0,-27.54,PILOTING,SYS_GO,17.712,1.39,0.0,0.0,250,0.0,0
1771964736.1622,48.5,30.0,-27.75,PILOTING,SYS_GO,17.7157,1.39,0.0,0.0,250,0.0,0
1771964736.2521,41.3,30.0,-27.66,PILOTING,SYS_GO,17.7452,1.39,0.0,0.0,250,0.0,0
1771964736.3002,43.4,30.0,-27.56,PILOTING,SYS_GO,17.7521,1.39,0.0,0.0,250,0.0,0
1771964736.3896,37.5,30.0,-27.32,PILOTING,SYS_GO,17.7783,1.39,0.0,0.0,250,0.0,0
1771964736.4351,35.1,30.0,-27.06,PILOTING,SYS_GO,17.7924,1.39,0.0,0.0,250,0.0,0
1771964736.5279,30.7,30.0,-27.48,PILOTING,SYS_GO,17.7132,1.39,0.0,0.0,250,0.0,0
1771964736.572,35.8,30.0,-27.69,PILOTING,SYS_GO,17.7196,1.39,0.0,0.0,250,0.0,0
1771964736.6478,31.4,30.0,-27.62,PILOTING,SYS_GO,17.7462,1.39,0.0,0.0,250,0.0,0
1771964736.6933,41.5,30.0,-27.55,PILOTING,SYS_GO,17.7506,1.39,0.0,0.0,250,0.0,0
1771964736.8015,35.4,30.0,-27.27,PILOTING,SYS_GO,17.7835,1.39,0.0,0.0,250,0.0,0
1771964736.8492,39.9,30.0,-27.06,PILOTING,SYS_GO,17.7897,1.39,0.0,0.0,250,0.0,0
1771964736.9579,34.2,30.0,-27.46,PILOTING,SYS_GO,17.7151,1.39,0.0,0.0,250,0.0,0
1771964737.0285,31.2,30.0,-27.57,PILOTING,SYS_GO,17.7341,1.39,0.0,0.0,250,0.0,0
1771964737.0739,31.3,30.0,-27.56,PILOTING,SYS_GO,17.7454,1.39,0.0,0.0,250,0.0,0
1771964737.1645,27.4,30.0,-27.33,PILOTING,SYS_GO,17.7758,1.39,0.0,0.0,250,0.0,0
1771964737.2106,32.8,30.0,-27.14,PILOTING,SYS_GO,17.7824,1.39,0.0,0.0,250,0.0,0
1771964737.3185,28.4,30.0,-26.8,PILOTING,SYS_GO,17.8152,1.39,0.0,0.0,250,0.0,0
1771964737.3636,28.9,30.0,-27.3,PILOTING,SYS_GO,17.7166,1.39,0.0,0.0,250,0.0,0
1771964737.4863,24.8,30.0,-27.3,PILOTING,SYS_GO,17.758,1.39,0.0,0.0,250,0.0,0
1771964737.5348,38.3,30.0,-27.27,PILOTING,SYS_GO,17.7619,1.39,0.0,0.0,250,0.0,0
1771964737.6219,33.2,30.0,-27.05,PILOTING,SYS_GO,17.7904,1.39,0.0,0.0,250,0.0,0
1771964737.6712,37.6,30.0,-26.88,PILOTING,SYS_GO,17.7969,1.39,0.0,0.0,250,0.0,0
1771964737.7615,32.4,30.0,-26.54,PILOTING,SYS_GO,17.8282,1.39,0.0,0.0,250,0.0,0
1771964737.81,44.7,30.0,-27.12,PILOTING,SYS_GO,17.7198,1.39,0.0,0.0,250,0.0,0
1771964737.9153,38.0,30.0,-27.24,PILOTING,SYS_GO,17.7521,1.39,0.0,0.0,250,0.0,0
1771964737.9616,41.9,30.0,-27.26,PILOTING,SYS_GO,17.7583,1.39,0.0,0.0,250,0.0,0
1771964738.0533,36.0,30.0,-27.07,PILOTING,SYS_GO,17.7875,1.39,0.0,0.0,250,0.0,0
1771964738.0987,41.9,30.0,-26.91,PILOTING,SYS_GO,17.793,1.39,0.0,0.0,250,0.0,0
1771964738.1518,40.1,30.0,-26.74,PILOTING,SYS_GO,17.8039,1.39,0.0,0.0,250,0.0,0
1771964738.2058,36.0,30.0,-27.28,PILOTING,SYS_GO,17.7136,1.39,0.0,0.0,250,0.0,0
1771964738.2559,45.9,30.0,-27.58,PILOTING,SYS_GO,17.7179,1.39,0.0,0.0,250,0.0,0
1771964738.3291,39.6,30.0,-27.58,PILOTING,SYS_GO,17.7429,1.39,0.0,0.0,250,0.0,0
1771964738.3754,47.4,30.0,-27.55,PILOTING,SYS_GO,17.7475,1.39,0.0,0.0,250,0.0,0
1771964738.4972,39.8,30.0,-27.25,PILOTING,SYS_GO,17.7862,1.39,0.0,0.0,250,0.0,0
1771964738.5434,50.6,30.0,-27.04,PILOTING,SYS_GO,17.7901,1.39,0.0,0.0,250,0.0,0
1771964738.6199,43.3,30.0,-27.5,PILOTING,SYS_GO,17.709,1.39,0.0,0.0,250,0.0,0
1771964738.6668,41.5,30.0,-27.7,PILOTING,SYS_GO,17.7196,1.39,0.0,0.0,250,0.0,0
1771964738.7146,42.1,30.0,-27.76,PILOTING,SYS_GO,17.7276,1.39,0.0,0.0,250,0.0,0
1771964738.8044,36.0,30.0,-27.57,PILOTING,SYS_GO,17.7589,1.39,0.0,0.0,250,0.0,0
1771964738.8515,47.0,30.0,-27.43,PILOTING,SYS_GO,17.7629,1.39,0.0,0.0,250,0.0,0
1771964738.9569,39.6,30.0,-27.09,PILOTING,SYS_GO,17.7987,1.39,0.0,0.0,250,0.0,0
1771964739.0032,47.3,30.0,-27.62,PILOTING,SYS_GO,17.6955,1.39,0.0,0.0,250,0.0,0
1771964739.0777,40.6,30.0,-27.76,PILOTING,SYS_GO,17.7213,1.39,0.0,0.0,250,0.0,0
1771964739.1234,51.6,30.0,-27.81,PILOTING,SYS_GO,17.7251,1.39,0.0,0.0,250,0.0,0
1771964739.2147,43.6,30.0,-27.62,PILOTING,SYS_GO,17.7561,1.39,0.0,0.0,250,0.0,0
1771964739.2613,53.9,30.0,-27.48,PILOTING,SYS_GO,17.7599,1.39,0.0,0.0,250,0.0,0
1771964739.3232,47.0,30.0,-27.27,PILOTING,SYS_GO,17.7782,1.39,0.0,0.0,250,0.0,0
1771964739.3699,43.9,30.0,-27.8,PILOTING,SYS_GO,17.6849,1.39,0.0,0.0,250,0.0,0
1771964739.4153,41.7,30.0,-28.05,PILOTING,SYS_GO,17.6958,1.39,0.0,0.0,250,0.0,0
1771964739.5212,35.6,30.0,-27.96,PILOTING,SYS_GO,17.7281,1.39,0.0,0.0,250,0.0,0
1771964739.5664,35.4,30.0,-27.84,PILOTING,SYS_GO,17.7385,1.39,0.0,0.0,250,0.0,0
1771964739.657,30.9,30.0,-27.57,PILOTING,SYS_GO,17.7665,1.39,0.0,0.0,250,0.0,0
1771964739.7035,33.4,30.0,-27.34,PILOTING,SYS_GO,17.7748,1.39,0.0,0.0,250,0.0,0
1771964739.7784,29.6,30.0,-27.77,PILOTING,SYS_GO,17.6955,1.39,0.0,0.0,250,0.0,0
1771964739.8252,35.7,30.0,-27.99,PILOTING,SYS_GO,17.7015,1.39,0.0,0.0,250,0.0,0
1771964739.9152,31.1,30.0,-27.92,PILOTING,SYS_GO,17.7296,1.39,0.0,0.0,250,0.0,0
1771964739.9752,33.5,30.0,-27.82,PILOTING,SYS_GO,17.738,1.39,0.0,0.0,250,0.0,0
1771964740.0839,28.7,30.0,-27.49,PILOTING,SYS_GO,17.7756,1.39,0.0,0.0,250,0.0,0
1771964740.1317,37.1,30.0,-27.25,PILOTING,SYS_GO,17.7807,1.39,0.0,0.0,250,0.0,0
1771964740.2241,32.1,30.0,-27.65,PILOTING,SYS_GO,17.7052,1.39,0.0,0.0,250,0.0,0
1771964740.2704,36.1,30.0,-27.84,PILOTING,SYS_GO,17.7121,1.39,0.0,0.0,250,0.0,0
1771964740.3479,32.3,30.0,-27.81,PILOTING,SYS_GO,17.733,1.39,0.0,0.0,250,0.0,0
1771964740.404,30.2,30.0,-27.67,PILOTING,SYS_GO,17.7493,1.39,0.0,0.0,250,0.0,0
1771964740.4491,29.0,30.0,-27.48,PILOTING,SYS_GO,17.7643,1.39,0.0,0.0,250,0.0,0
1771964740.4944,27.9,30.0,-27.25,PILOTING,SYS_GO,17.7796,1.39,0.0,0.0,250,0.0,0
1771964740.5863,24.9,30.0,-27.67,PILOTING,SYS_GO,17.7025,1.39,0.0,0.0,250,0.0,0
1771964740.6578,24.5,30.0,-27.81,PILOTING,SYS_GO,17.7183,1.39,0.0,0.0,250,0.0,0
1771964740.7223,23.0,30.0,-27.74,PILOTING,SYS_GO,17.7393,1.39,0.0,0.0,250,0.0,0
1771964740.7772,29.2,30.0,-27.65,PILOTING,SYS_GO,17.7459,1.39,0.0,0.0,250,0.0,0
1771964740.8761,25.8,30.0,-27.38,PILOTING,SYS_GO,17.7762,1.39,0.0,0.0,250,0.0,0
1771964740.923,28.7,30.0,-27.16,PILOTING,SYS_GO,17.7851,1.39,0.0,0.0,250,0.0,0
1771964740.9975,25.7,30.0,-27.59,PILOTING,SYS_GO,17.7055,1.39,0.0,0.0,250,0.0,0
1771964741.045,39.3,30.0,-27.83,PILOTING,SYS_GO,17.7093,1.39,0.0,0.0,250,0.0,0
1771964741.1514,33.6,30.0,-27.73,PILOTING,SYS_GO,17.7427,1.39,0.0,0.0,250,0.0,0
1771964741.1999,35.2,30.0,-27.61,PILOTING,SYS_GO,17.7513,1.39,0.0,0.0,250,0.0,0
1771964741.287,31.3,30.0,-27.37,PILOTING,SYS_GO,17.7746,1.39,0.0,0.0,250,0.0,0
1771964741.3327,30.2,30.0,-27.12,PILOTING,SYS_GO,17.7884,1.39,0.0,0.0,250,0.0,0
1771964741.383,34.4,30.0,-27.69,PILOTING,SYS_GO,17.6892,1.39,0.0,0.0,250,0.0,0
1771964741.4715,30.1,30.0,-27.83,PILOTING,SYS_GO,17.7172,1.39,0.0,0.0,250,0.0,0
1771964741.5166,31.8,30.0,-27.84,PILOTING,SYS_GO,17.7266,1.39,0.0,0.0,250,0.0,0
1771964741.6079,28.1,30.0,-27.66,PILOTING,SYS_GO,17.7536,1.39,0.0,0.0,250,0.0,0
1771964741.6532,30.9,30.0,-27.49,PILOTING,SYS_GO,17.7622,1.39,0.0,0.0,250,0.0,0
1771964741.7302,27.7,30.0,-27.21,PILOTING,SYS_GO,17.7862,1.39,0.0,0.0,250,0.0,0
1771964741.7871,29.5,30.0,-27.73,PILOTING,SYS_GO,17.69,1.39,0.0,0.0,250,0.0,0
1771964741.8693,26.4,30.0,-27.86,PILOTING,SYS_GO,17.7158,1.39,0.0,0.0,250,0.0,0
1771964741.9151,27.3,30.0,-27.86,PILOTING,SYS_GO,17.7276,1.39,0.0,0.0,250,0.0,0
1771964742.052,23.4,30.0,-27.53,PILOTING,SYS_GO,17.7723,1.39,0.0,0.0,250,0.0,0
1771964742.1035,39.2,30.0,-27.32,PILOTING,SYS_GO,17.7759,1.39,0.0,0.0,250,0.0,0
1771964742.238,33.0,30.0,-26.87,PILOTING,SYS_GO,17.8193,1.39,0.0,0.0,250,0.0,0
1771964742.2839,39.0,30.0,-27.36,PILOTING,SYS_GO,17.7141,1.39,0.0,0.0,250,0.0,0
1771964742.3749,34.4,30.0,-27.49,PILOTING,SYS_GO,17.7369,1.39,0.0,0.0,250,0.0,0
1771964742.4343,31.4,30.0,-27.44,PILOTING,SYS_GO,17.7553,1.39,0.0,0.0,250,0.0,0
1771964742.4808,33.5,30.0,-27.34,PILOTING,SYS_GO,17.7639,1.39,0.0,0.0,250,0.0,0
1771964742.6179,28.4,30.0,-26.97,PILOTING,SYS_GO,17.8081,1.39,0.0,0.0,250,0.0,0
1771964742.6665,34.3,30.0,-26.7,PILOTING,SYS_GO,17.8144,1.39,0.0,0.0,250,0.0,0
1771964742.7562,29.8,30.0,-27.11,PILOTING,SYS_GO,17.7351,1.39,0.0,0.0,250,0.0,0
1771964742.8061,42.0,30.0,-27.32,PILOTING,SYS_GO,17.739,1.39,0.0,0.0,250,0.0,0
1771964742.9248,35.4,30.0,-27.17,PILOTING,SYS_GO,17.7784,1.39,0.0,0.0,250,0.0,0
1771964742.9705,37.7,30.0,-27.02,PILOTING,SYS_GO,17.786,1.39,0.0,0.0,250,0.0,0
1771964743.0476,32.9,30.0,-26.74,PILOTING,SYS_GO,17.8127,1.39,0.0,0.0,250,0.0,0
1771964743.0957,38.7,30.0,-26.53,PILOTING,SYS_GO,17.8185,1.39,0.0,0.0,250,0.0,0
1771964743.1874,33.5,30.0,-27.0,PILOTING,SYS_GO,17.7363,1.39,0.0,0.0,250,0.0,0
1771964743.2353,32.4,30.0,-27.19,PILOTING,SYS_GO,17.7491,1.39,0.0,0.0,250,0.0,0
1771964743.3407,28.0,30.0,-27.05,PILOTING,SYS_GO,17.7838,1.39,0.0,0.0,250,0.0,0
1771964743.3866,35.6,30.0,-26.93,PILOTING,SYS_GO,17.7893,1.39,0.0,0.0,250,0.0,0
1771964743.4647,31.2,30.0,-26.67,PILOTING,SYS_GO,17.8155,1.39,0.0,0.0,250,0.0,0
1771964743.5113,43.7,30.0,-26.48,PILOTING,SYS_GO,17.8194,1.39,0.0,0.0,250,0.0,0
1771964743.6034,37.4,30.0,-26.95,PILOTING,SYS_GO,17.7384,1.39,0.0,0.0,250,0.0,0
1771964743.6502,43.9,30.0,-27.2,PILOTING,SYS_GO,17.7435,1.39,0.0,0.0,250,0.0,0
1771964743.751,37.5,30.0,-27.13,PILOTING,SYS_GO,17.7736,1.39,0.0,0.0,250,0.0,0
1771964743.8006,48.5,30.0,-27.06,PILOTING,SYS_GO,17.7775,1.39,0.0,0.0,250,0.0,0
1771964743.8938,41.5,30.0,-26.83,PILOTING,SYS_GO,17.804,1.39,0.0,0.0,250,0.0,0
1771964743.9399,39.6,30.0,-26.61,PILOTING,SYS_GO,17.8154,1.39,0.0,0.0,250,0.0,0
1771964743.9881,38.4,30.0,-27.19,PILOTING,SYS_GO,17.7157,1.39,0.0,0.0,250,0.0,0
1771964744.0758,33.5,30.0,-27.35,PILOTING,SYS_GO,17.7415,1.39,0.0,0.0,250,0.0,0
1771964744.121,31.7,30.0,-27.35,PILOTING,SYS_GO,17.7561,1.39,0.0,0.0,250,0.0,0
1771964744.2257,27.5,30.0,-27.09,PILOTING,SYS_GO,17.7911,1.39,0.0,0.0,250,0.0,0
1771964744.2717,39.9,30.0,-26.91,PILOTING,SYS_GO,17.7951,1.39,0.0,0.0,250,0.0,0
1771964744.362,34.6,30.0,-26.61,PILOTING,SYS_GO,17.8221,1.39,0.0,0.0,250,0.0,0
1771964744.4085,35.7,30.0,-27.16,PILOTING,SYS_GO,17.7198,1.39,0.0,0.0,250,0.0,0
1771964744.5206,30.7,30.0,-27.26,PILOTING,SYS_GO,17.7527,1.39,0.0,0.0,250,0.0,0
1771964744.5975,28.1,30.0,-27.17,PILOTING,SYS_GO,17.7732,1.39,0.0,0.0,250,0.0,0
1771964744.6662,26.0,30.0,-26.97,PILOTING,SYS_GO,17.7937,1.39,0.0,0.0,250,0.0,0
1771964744.7316,28.6,30.0,-26.78,PILOTING,SYS_GO,17.8029,1.39,0.0,0.0,250,0.0,0
1771964744.8033,26.2,30.0,-26.51,PILOTING,SYS_GO,17.8251,1.39,0.0,0.0,250,0.0,0
1771964744.8533,30.5,30.0,-27.09,PILOTING,SYS_GO,17.7208,1.39,0.0,0.0,250,0.0,0
1771964744.926,27.3,30.0,-27.27,PILOTING,SYS_GO,17.746,1.39,0.0,0.0,250,0.0,0
1771964744.9723,39.6,30.0,-27.34,PILOTING,SYS_GO,17.7501,1.39,0.0,0.0,250,0.0,0
1771964745.0652,34.3,30.0,-27.18,PILOTING,SYS_GO,17.778,1.39,0.0,0.0,250,0.0,0
1771964745.1115,40.4,30.0,-27.05,PILOTING,SYS_GO,17.7836,1.39,0.0,0.0,250,0.0,0
1771964745.1872,35.1,30.0,-26.78,PILOTING,SYS_GO,17.8092,1.39,0.0,0.0,250,0.0,0
1771964745.2337,44.7,30.0,-27.38,PILOTING,SYS_GO,17.7042,1.39,0.0,0.0,250,0.0,0
1771964745.3401,37.7,30.0,-27.48,PILOTING,SYS_GO,17.7403,1.39,0.0,0.0,250,0.0,0
1771964745.3876,41.9,30.0,-27.49,PILOTING,SYS_GO,17.7464,1.39,0.0,0.0,250,0.0,0
1771964745.5097,35.4,30.0,-27.22,PILOTING,SYS_GO,17.7849,1.39,0.0,0.0,250,0.0,0
1771964745.5612,46.1,30.0,-27.03,PILOTING,SYS_GO,17.789,1.39,0.0,0.0,250,0.0,0
1771964745.6619,39.2,30.0,-26.7,PILOTING,SYS_GO,17.8198,1.39,0.0,0.0,250,0.0,0
1771964745.7077,44.1,30.0,-27.25,PILOTING,SYS_GO,17.7145,1.39,0.0,0.0,250,0.0,0
1771964745.799,37.9,30.0,-27.39,PILOTING,SYS_GO,17.7417,1.39,0.0,0.0,250,0.0,0
1771964745.8472,39.1,30.0,-27.42,PILOTING,SYS_GO,17.7499,1.39,0.0,0.0,250,0.0,0
1771964745.9836,32.9,30.0,-27.11,PILOTING,SYS_GO,17.7937,1.39,0.0,0.0,250,0.0,0
1771964746.0292,36.4,30.0,-26.88,PILOTING,SYS_GO,17.8009,1.39,0.0,0.0,250,0.0,0
1771964746.0918,33.0,30.0,-26.61,PILOTING,SYS_GO,17.8195,1.39,0.0,0.0,250,0.0,0
1771964746.1673,29.3,30.0,-27.07,PILOTING,SYS_GO,17.7334,1.39,0.0,0.0,250,0.0,0
1771964746.2165,35.1,30.0,-27.29,PILOTING,SYS_GO,17.7395,1.39,0.0,0.0,250,0.0,0
1771964746.3059,30.5,30.0,-27.22,PILOTING,SYS_GO,17.7687,1.39,0.0,0.0,250,0.0,0
1771964746.3526,37.3,30.0,-27.14,PILOTING,SYS_GO,17.7743,1.39,0.0,0.0,250,0.0,0
1771964746.4606,31.9,30.0,-26.84,PILOTING,SYS_GO,17.8092,1.39,0.0,0.0,250,0.0,0
1771964746.5066,38.9,30.0,-26.62,PILOTING,SYS_GO,17.8146,1.39,0.0,0.0,250,0.0,0
1771964746.6301,33.0,30.0,-27.0,PILOTING,SYS_GO,17.7429,1.39,0.0,0.0,250,0.0,0
1771964746.6783,35.0,30.0,-27.17,PILOTING,SYS_GO,17.7513,1.39,0.0,0.0,250,0.0,0
1771964746.7825,30.0,30.0,-27.01,PILOTING,SYS_GO,17.7875,1.39,0.0,0.0,250,0.0,0
1771964746.8291,39.4,30.0,-26.89,PILOTING,SYS_GO,17.7921,1.39,0.0,0.0,250,0.0,0
1771964746.9353,33.5,30.0,-26.55,PILOTING,SYS_GO,17.828,1.39,0.0,0.0,250,0.0,0
1771964746.9816,46.8,30.0,-26.33,PILOTING,SYS_GO,17.8316,1.39,0.0,0.0,250,0.0,0
1771964747.1056,39.2,30.0,-26.7,PILOTING,SYS_GO,17.7603,1.39,0.0,0.0,250,0.0,0
1771964747.1515,44.0,30.0,-26.89,PILOTING,SYS_GO,17.766,1.39,0.0,0.0,250,0.0,0
1771964747.2419,37.6,30.0,-26.78,PILOTING,SYS_GO,17.7963,1.39,0.0,0.0,250,0.0,0
1771964747.2916,44.6,30.0,-26.68,PILOTING,SYS_GO,17.8012,1.39,0.0,0.0,250,0.0,0
1771964747.3786,38.4,30.0,-26.43,PILOTING,SYS_GO,17.8281,1.39,0.0,0.0,250,0.0,0
1771964747.4254,43.2,30.0,-26.23,PILOTING,SYS_GO,17.8339,1.39,0.0,0.0,250,0.0,0
1771964747.517,37.1,30.0,-26.73,PILOTING,SYS_GO,17.7493,1.39,0.0,0.0,250,0.0,0
1771964747.5613,46.5,30.0,-26.99,PILOTING,SYS_GO,17.7536,1.39,0.0,0.0,250,0.0,0
1771964747.6463,40.5,30.0,-26.99,PILOTING,SYS_GO,17.7753,1.39,0.0,0.0,250,0.0,0
1771964747.6862,48.1,30.0,-26.96,PILOTING,SYS_GO,17.7799,1.39,0.0,0.0,250,0.0,0
1771964747.7453,44.7,30.0,-26.86,PILOTING,SYS_GO,17.7914,1.39,0.0,0.0,250,0.0,0
1771964747.8375,38.4,30.0,-26.6,PILOTING,SYS_GO,17.8191,1.39,0.0,0.0,250,0.0,0
1771964747.8846,36.9,30.0,-27.15,PILOTING,SYS_GO,17.7199,1.39,0.0,0.0,250,0.0,0
1771964747.9617,32.2,30.0,-27.3,PILOTING,SYS_GO,17.7464,1.39,0.0,0.0,250,0.0,0
1771964748.008,42.7,30.0,-27.35,PILOTING,SYS_GO,17.7507,1.39,0.0,0.0,250,0.0,0
1771964748.1283,36.1,30.0,-27.12,PILOTING,SYS_GO,17.7886,1.39,0.0,0.0,250,0.0,0
1771964748.1749,39.8,30.0,-26.92,PILOTING,SYS_GO,17.7952,1.39,0.0,0.0,250,0.0,0
1771964748.2954,33.6,30.0,-26.51,PILOTING,SYS_GO,17.8364,1.39,0.0,0.0,250,0.0,0
1771964748.3437,34.5,30.0,-27.02,PILOTING,SYS_GO,17.7323,1.39,0.0,0.0,250,0.0,0
1771964748.4323,30.0,30.0,-27.1,PILOTING,SYS_GO,17.7622,1.39,0.0,0.0,250,0.0,0
1771964748.482,35.1,30.0,-27.11,PILOTING,SYS_GO,17.7687,1.39,0.0,0.0,250,0.0,0
1771964748.5239,36.8,30.0,-27.05,PILOTING,SYS_GO,17.7769,1.39,0.0,0.0,250,0.0,0
1771964748.6291,31.6,30.0,-26.77,PILOTING,SYS_GO,17.8116,1.39,0.0,0.0,250,0.0,0
1771964748.6758,39.6,30.0,-26.56,PILOTING,SYS_GO,17.8166,1.39,0.0,0.0,250,0.0,0
1771964748.7807,33.7,30.0,-26.98,PILOTING,SYS_GO,17.7417,1.39,0.0,0.0,250,0.0,0
1771964748.834,47.4,30.0,-27.2,PILOTING,SYS_GO,17.7453,1.39,0.0,0.0,250,0.0,0
1771964748.9336,40.3,30.0,-27.11,PILOTING,SYS_GO,17.7761,1.39,0.0,0.0,250,0.0,0
1771964748.9791,39.7,30.0,-26.99,PILOTING,SYS_GO,17.7858,1.39,0.0,0.0,250,0.0,0
1771964749.0703,34.2,30.0,-26.71,PILOTING,SYS_GO,17.8152,1.39,0.0,0.0,250,0.0,0
1771964749.1163,36.3,30.0,-26.48,PILOTING,SYS_GO,17.8233,1.39,0.0,0.0,250,0.0,0
1771964749.1994,31.9,30.0,-26.96,PILOTING,SYS_GO,17.7367,1.39,0.0,0.0,250,0.0,0
1771964749.2394,41.8,30.0,-27.22,PILOTING,SYS_GO,17.7412,1.39,0.0,0.0,250,0.0,0
1771964749.2874,38.1,30.0,-27.27,PILOTING,SYS_GO,17.7565,1.39,0.0,0.0,250,0.0,0
1771964749.3771,32.9,30.0,-27.08,PILOTING,SYS_GO,17.7864,1.39,0.0,0.0,250,0.0,0
1771964749.4219,45.0,30.0,-26.94,PILOTING,SYS_GO,17.7903,1.39,0.0,0.0,250,0.0,0
1771964749.5184,38.5,30.0,-26.64,PILOTING,SYS_GO,17.8197,1.39,0.0,0.0,250,0.0,0
1771964749.5599,36.5,30.0,-27.17,PILOTING,SYS_GO,17.7214,1.39,0.0,0.0,250,0.0,0
1771964749.6052,38.2,30.0,-27.43,PILOTING,SYS_GO,17.7293,1.39,0.0,0.0,250,0.0,0
1771964749.7353,32.4,30.0,-27.3,PILOTING,SYS_GO,17.7697,1.39,0.0,0.0,250,0.0,0
1771964749.7795,36.0,30.0,-27.16,PILOTING,SYS_GO,17.7768,1.39,0.0,0.0,250,0.0,0
1771964749.8203,33.9,30.0,-26.99,PILOTING,SYS_GO,17.7908,1.39,0.0,0.0,250,0.0,0
1771964749.9126,29.7,30.0,-26.67,PILOTING,SYS_GO,17.8194,1.39,0.0,0.0,250,0.0,0
1771964749.9666,36.2,30.0,-27.24,PILOTING,SYS_GO,17.7143,1.39,0.0,0.0,250,0.0,0
1771964750.0672,31.0,30.0,-27.34,PILOTING,SYS_GO,17.7482,1.39,0.0,0.0,250,0.0,0
1771964750.1186,41.8,30.0,-27.36,PILOTING,SYS_GO,17.7524,1.39,0.0,0.0,250,0.0,0
1771964750.2363,35.3,30.0,-27.1,PILOTING,SYS_GO,17.7913,1.39,0.0,0.0,250,0.0,0
1771964750.2836,44.7,30.0,-26.91,PILOTING,SYS_GO,17.7957,1.39,0.0,0.0,250,0.0,0
1771964750.4043,38.0,30.0,-26.57,PILOTING,SYS_GO,17.8278,1.39,0.0,0.0,250,0.0,0
1771964750.4486,35.7,30.0,-27.07,PILOTING,SYS_GO,17.7292,1.39,0.0,0.0,250,0.0,0
1771964750.4943,39.2,30.0,-27.32,PILOTING,SYS_GO,17.7359,1.39,0.0,0.0,250,0.0,0
1771964750.5887,33.6,30.0,-27.25,PILOTING,SYS_GO,17.7678,1.39,0.0,0.0,250,0.0,0
1771964750.6341,41.6,30.0,-27.16,PILOTING,SYS_GO,17.7727,1.39,0.0,0.0,250,0.0,0
1771964750.6852,41.2,30.0,-27.05,PILOTING,SYS_GO,17.7818,1.39,0.0,0.0,250,0.0,0
1771964750.7723,35.7,30.0,-26.79,PILOTING,SYS_GO,17.8081,1.39,0.0,0.0,250,0.0,0
1771964750.8195,39.3,30.0,-27.37,PILOTING,SYS_GO,17.7056,1.39,0.0,0.0,250,0.0,0
1771964750.8896,35.2,30.0,-27.58,PILOTING,SYS_GO,17.7248,1.39,0.0,0.0,250,0.0,0
1771964750.9594,32.1,30.0,-27.58,PILOTING,SYS_GO,17.7432,1.39,0.0,0.0,250,0.0,0
1771964751.0119,34.7,30.0,-27.52,PILOTING,SYS_GO,17.7512,1.39,0.0,0.0,250,0.0,0
1771964751.0954,30.6,30.0,-27.3,PILOTING,SYS_GO,17.7765,1.39,0.0,0.0,250,0.0,0
1771964751.1532,32.7,30.0,-27.11,PILOTING,SYS_GO,17.7852,1.39,0.0,0.0,250,0.0,0
1771964751.2328,29.0,30.0,-27.57,PILOTING,SYS_GO,17.7047,1.39,0.0,0.0,250,0.0,0
1771964751.2784,32.5,30.0,-27.79,PILOTING,SYS_GO,17.7124,1.39,0.0,0.0,250,0.0,0
1771964751.3511,29.4,30.0,-27.77,PILOTING,SYS_GO,17.734,1.39,0.0,0.0,250,0.0,0
1771964751.4181,26.8,30.0,-27.6,PILOTING,SYS_GO,17.7557,1.39,0.0,0.0,250,0.0,0
1771964751.4641,32.0,30.0,-27.45,PILOTING,SYS_GO,17.7626,1.39,0.0,0.0,250,0.0,0
1771964751.5418,28.5,30.0,-27.18,PILOTING,SYS_GO,17.7873,1.39,0.0,0.0,250,0.0,0
1771964751.5886,36.2,30.0,-27.74,PILOTING,SYS_GO,17.6865,1.39,0.0,0.0,250,0.0,0
1771964751.6315,35.4,30.0,-27.99,PILOTING,SYS_GO,17.6978,1.39,0.0,0.0,250,0.0,0
1771964751.7226,30.5,30.0,-27.92,PILOTING,SYS_GO,17.7299,1.39,0.0,0.0,250,0.0,0
1771964751.7705,40.5,30.0,-27.84,PILOTING,SYS_GO,17.7344,1.39,0.0,0.0,250,0.0,0
1771964751.892,34.5,30.0,-27.55,PILOTING,SYS_GO,17.7689,1.39,0.0,0.0,250,0.0,0
1771964751.9387,35.3,30.0,-27.31,PILOTING,SYS_GO,17.7783,1.39,0.0,0.0,250,0.0,0
1771964751.9838,33.8,30.0,-27.81,PILOTING,SYS_GO,17.6866,1.39,0.0,0.0,250,0.0,0
1771964752.0749,29.5,30.0,-27.91,PILOTING,SYS_GO,17.7161,1.39,0.0,0.0,250,0.0,0
1771964752.1238,41.8,30.0,-27.94,PILOTING,SYS_GO,17.7201,1.39,0.0,0.0,250,0.0,0
1771964752.2276,35.4,30.0,-27.7,PILOTING,SYS_GO,17.7559,1.39,0.0,0.0,250,0.0,0
1771964752.2752,47.1,30.0,-27.53,PILOTING,SYS_GO,17.7598,1.39,0.0,0.0,250,0.0,0
1771964752.4105,39.4,30.0,-27.12,PILOTING,SYS_GO,17.8027,1.39,0.0,0.0,250,0.0,0
1771964752.4562,43.4,30.0,-27.6,PILOTING,SYS_GO,17.7004,1.39,0.0,0.0,250,0.0,0
1771964752.534,37.5,30.0,-27.72,PILOTING,SYS_GO,17.7259,1.39,0.0,0.0,250,0.0,0
1771964752.5818,44.8,30.0,-27.75,PILOTING,SYS_GO,17.7307,1.39,0.0,0.0,250,0.0,0
1771964752.6705,38.4,30.0,-27.56,PILOTING,SYS_GO,17.7595,1.39,0.0,0.0,250,0.0,0
1771964752.7166,36.8,30.0,-27.36,PILOTING,SYS_GO,17.7714,1.39,0.0,0.0,250,0.0,0
1771964752.8082,32.1,30.0,-27.05,PILOTING,SYS_GO,17.7987,1.39,0.0,0.0,250,0.0,0
1771964752.8581,34.3,30.0,-27.57,PILOTING,SYS_GO,17.6992,1.39,0.0,0.0,250,0.0,0
1771964752.93,30.4,30.0,-27.71,PILOTING,SYS_GO,17.7234,1.39,0.0,0.0,250,0.0,0
1771964752.9771,37.6,30.0,-27.76,PILOTING,SYS_GO,17.7288,1.39,0.0,0.0,250,0.0,0
1771964753.067,32.6,30.0,-27.59,PILOTING,SYS_GO,17.7567,1.39,0.0,0.0,250,0.0,0
1771964753.1153,36.8,30.0,-27.44,PILOTING,SYS_GO,17.7634,1.39,0.0,0.0,250,0.0,0
1771964753.2038,32.1,30.0,-27.15,PILOTING,SYS_GO,17.7907,1.39,0.0,0.0,250,0.0,0
1771964753.2558,34.4,30.0,-27.68,PILOTING,SYS_GO,17.6924,1.39,0.0,0.0,250,0.0,0
1771964753.3426,30.4,30.0,-27.82,PILOTING,SYS_GO,17.7177,1.39,0.0,0.0,250,0.0,0
1771964753.3927,31.4,30.0,-27.83,PILOTING,SYS_GO,17.7278,1.39,0.0,0.0,250,0.0,0
1771964753.4952,27.2,30.0,-27.6,PILOTING,SYS_GO,17.7614,1.39,0.0,0.0,250,0.0,0
1771964753.5418,32.6,30.0,-27.41,PILOTING,SYS_GO,17.7681,1.39,0.0,0.0,250,0.0,0
1771964753.6164,29.0,30.0,-27.12,PILOTING,SYS_GO,17.793,1.39,0.0,0.0,250,0.0,0
1771964753.6674,34.2,30.0,-27.66,PILOTING,SYS_GO,17.6925,1.39,0.0,0.0,250,0.0,0
1771964753.7372,30.5,30.0,-27.82,PILOTING,SYS_GO,17.7155,1.39,0.0,0.0,250,0.0,0
1771964753.7841,33.8,30.0,-27.86,PILOTING,SYS_GO,17.7232,1.39,0.0,0.0,250,0.0,0
1771964753.8921,29.2,30.0,-27.65,PILOTING,SYS_GO,17.7568,1.39,0.0,0.0,250,0.0,0
1771964753.9388,29.6,30.0,-27.44,PILOTING,SYS_GO,17.7683,1.39,0.0,0.0,250,0.0,0
1771964754.0301,26.1,30.0,-27.1,PILOTING,SYS_GO,17.7978,1.39,0.0,0.0,250,0.0,0
1771964754.0769,29.6,30.0,-27.61,PILOTING,SYS_GO,17.6984,1.39,0.0,0.0,250,0.0,0
1771964754.1672,26.1,30.0,-27.7,PILOTING,SYS_GO,17.7281,1.39,0.0,0.0,250,0.0,0
1771964754.2159,33.2,30.0,-27.72,PILOTING,SYS_GO,17.7339,1.39,0.0,0.0,250,0.0,0
1771964754.3037,28.9,30.0,-27.51,PILOTING,SYS_GO,17.7646,1.39,0.0,0.0,250,0.0,0
1771964754.3509,41.5,30.0,-27.35,PILOTING,SYS_GO,17.7685,1.39,0.0,0.0,250,0.0,0
1771964754.4569,35.3,30.0,-27.01,PILOTING,SYS_GO,17.8025,1.39,0.0,0.0,250,0.0,0
1771964754.5026,33.4,30.0,-27.49,PILOTING,SYS_GO,17.708,1.39,0.0,0.0,250,0.0,0
1771964754.5946,29.0,30.0,-27.54,PILOTING,SYS_GO,17.7402,1.39,0.0,0.0,250,0.0,0
1771964754.6397,39.1,30.0,-27.54,PILOTING,SYS_GO,17.7448,1.39,0.0,0.0,250,0.0,0
1771964754.7456,34.3,30.0,-27.37,PILOTING,SYS_GO,17.769,1.39,0.0,0.0,250,0.0,0
1771964754.792,44.8,30.0,-27.24,PILOTING,SYS_GO,17.7732,1.39,0.0,0.0,250,0.0,0
1771964754.8835,38.2,30.0,-26.94,PILOTING,SYS_GO,17.8031,1.39,0.0,0.0,250,0.0,0
1771964754.9301,45.3,30.0,-27.5,PILOTING,SYS_GO,17.6995,1.39,0.0,0.0,250,0.0,0
1771964754.9925,41.3,30.0,-27.74,PILOTING,SYS_GO,17.7137,1.39,0.0,0.0,250,0.0,0
1771964755.0544,37.3,30.0,-27.76,PILOTING,SYS_GO,17.7308,1.39,0.0,0.0,250,0.0,0
1771964755.1104,36.2,30.0,-27.69,PILOTING,SYS_GO,17.7421,1.39,0.0,0.0,250,0.0,0
1771964755.1742,32.2,30.0,-27.49,PILOTING,SYS_GO,17.7643,1.39,0.0,0.0,250,0.0,0
1771964755.2207,43.3,30.0,-27.34,PILOTING,SYS_GO,17.7684,1.39,0.0,0.0,250,0.0,0
1771964755.3136,36.9,30.0,-27.76,PILOTING,SYS_GO,17.6972,1.39,0.0,0.0,250,0.0,0
1771964755.365,46.3,30.0,-27.98,PILOTING,SYS_GO,17.7015,1.39,0.0,0.0,250,0.0,0
1771964755.4814,38.9,30.0,-27.83,PILOTING,SYS_GO,17.741,1.39,0.0,0.0,250,0.0,0
1771964755.5304,46.7,30.0,-27.71,PILOTING,SYS_GO,17.7456,1.39,0.0,0.0,250,0.0,0
1771964755.5877,43.0,30.0,-27.55,PILOTING,SYS_GO,17.7584,1.39,0.0,0.0,250,0.0,0
1771964755.6492,38.5,30.0,-27.32,PILOTING,SYS_GO,17.7757,1.39,0.0,0.0,250,0.0,0
1771964755.7004,35.9,30.0,-27.83,PILOTING,SYS_GO,17.6856,1.39,0.0,0.0,250,0.0,0
1771964755.8034,30.8,30.0,-27.89,PILOTING,SYS_GO,17.7202,1.39,0.0,0.0,250,0.0,0
1771964755.8493,43.7,30.0,-27.9,PILOTING,SYS_GO,17.724,1.39,0.0,0.0,250,0.0,0
1771964755.9408,37.5,30.0,-27.7,PILOTING,SYS_GO,17.7526,1.39,0.0,0.0,250,0.0,0
1771964755.9864,40.5,30.0,-27.53,PILOTING,SYS_GO,17.7594,1.39,0.0,0.0,250,0.0,0
1771964756.107,34.1,30.0,-27.13,PILOTING,SYS_GO,17.8008,1.39,0.0,0.0,250,0.0,0
1771964756.1537,43.7,30.0,-27.64,PILOTING,SYS_GO,17.6971,1.39,0.0,0.0,250,0.0,0
1771964756.2606,37.5,30.0,-27.74,PILOTING,SYS_GO,17.7258,1.39,0.0,0.0,250,0.0,0
1771964756.3076,48.4,30.0,-27.77,PILOTING,SYS_GO,17.7297,1.39,0.0,0.0,250,0.0,0
1771964756.3993,41.3,30.0,-27.58,PILOTING,SYS_GO,17.7579,1.39,0.0,0.0,250,0.0,0
1771964756.4485,52.3,30.0,-27.45,PILOTING,SYS_GO,17.7617,1.39,0.0,0.0,250,0.0,0
1771964756.5366,44.4,30.0,-27.16,PILOTING,SYS_GO,17.7902,1.39,0.0,0.0,250,0.0,0
1771964756.5822,45.3,30.0,-27.69,PILOTING,SYS_GO,17.691,1.39,0.0,0.0,250,0.0,0
1771964756.6749,38.7,30.0,-27.81,PILOTING,SYS_GO,17.7208,1.39,0.0,0.0,250,0.0,0
1771964756.726,49.4,30.0,-27.84,PILOTING,SYS_GO,17.7247,1.39,0.0,0.0,250,0.0,0
1771964756.8289,41.5,30.0,-27.61,PILOTING,SYS_GO,17.761,1.39,0.0,0.0,250,0.0,0
1771964756.8752,49.2,30.0,-27.43,PILOTING,SYS_GO,17.7655,1.39,0.0,0.0,250,0.0,0
1771964756.9716,41.8,30.0,-27.12,PILOTING,SYS_GO,17.795,1.39,0.0,0.0,250,0.0,0
1771964757.0127,38.8,30.0,-27.6,PILOTING,SYS_GO,17.7011,1.39,0.0,0.0,250,0.0,0
1771964757.0579,39.1,30.0,-27.82,PILOTING,SYS_GO,17.71,1.39,0.0,0.0,250,0.0,0
1771964757.1819,33.2,30.0,-27.68,PILOTING,SYS_GO,17.7489,1.39,0.0,0.0,250,0.0,0
1771964757.2295,42.5,30.0,-27.57,PILOTING,SYS_GO,17.7534,1.39,0.0,0.0,250,0.0,0
1771964757.3206,36.4,30.0,-27.28,PILOTING,SYS_GO,17.7826,1.39,0.0,0.0,250,0.0,0
1771964757.3685,45.9,30.0,-27.09,PILOTING,SYS_GO,17.7869,1.39,0.0,0.0,250,0.0,0
1771964757.4729,38.7,30.0,-27.47,PILOTING,SYS_GO,17.7166,1.39,0.0,0.0,250,0.0,0
1771964757.519,47.1,30.0,-27.67,PILOTING,SYS_GO,17.7211,1.39,0.0,0.0,250,0.0,0
1771964757.6418,39.5,30.0,-27.51,PILOTING,SYS_GO,17.7597,1.39,0.0,0.0,250,0.0,0
1771964757.6855,39.9,30.0,-27.36,PILOTING,SYS_GO,17.7684,1.39,0.0,0.0,250,0.0,0
1771964757.7454,36.2,30.0,-27.14,PILOTING,SYS_GO,17.7853,1.39,0.0,0.0,250,0.0,0
1771964757.8524,31.0,30.0,-26.76,PILOTING,SYS_GO,17.8195,1.39,0.0,0.0,250,0.0,0
1771964757.8978,32.2,30.0,-27.27,PILOTING,SYS_GO,17.7183,1.39,0.0,0.0,250,0.0,0
1771964758.0213,27.6,30.0,-27.28,PILOTING,SYS_GO,17.758,1.39,0.0,0.0,250,0.0,0
1771964758.0677,38.4,30.0,-27.26,PILOTING,SYS_GO,17.7624,1.39,0.0,0.0,250,0.0,0
1771964758.1731,32.8,30.0,-27.0,PILOTING,SYS_GO,17.7969,1.39,0.0,0.0,250,0.0,0
1771964758.2204,37.6,30.0,-26.8,PILOTING,SYS_GO,17.8033,1.39,0.0,0.0,250,0.0,0
1771964758.2835,37.1,30.0,-26.6,PILOTING,SYS_GO,17.8135,1.39,0.0,0.0,250,0.0,0
1771964758.3573,32.6,30.0,-27.1,PILOTING,SYS_GO,17.7282,1.39,0.0,0.0,250,0.0,0
1771964758.4034,44.8,30.0,-27.37,PILOTING,SYS_GO,17.732,1.39,0.0,0.0,250,0.0,0
1771964758.526,37.6,30.0,-27.24,PILOTING,SYS_GO,17.7725,1.39,0.0,0.0,250,0.0,0
1771964758.5732,42.2,30.0,-27.12,PILOTING,SYS_GO,17.7785,1.39,0.0,0.0,250,0.0,0
1771964758.634,41.7,30.0,-26.98,PILOTING,SYS_GO,17.7875,1.39,0.0,0.0,250,0.0,0
1771964758.6783,38.5,30.0,-26.8,PILOTING,SYS_GO,17.8016,1.39,0.0,0.0,250,0.0,0
1771964758.7234,40.4,30.0,-27.41,PILOTING,SYS_GO,17.7009,1.39,0.0,0.0,250,0.0,0
1771964758.8154,34.9,30.0,-27.58,PILOTING,SYS_GO,17.729,1.39,0.0,0.0,250,0.0,0
1771964758.8715,36.2,30.0,-27.61,PILOTING,SYS_GO,17.7376,1.39,0.0,0.0,250,0.0,0
1771964758.9523,31.8,30.0,-27.45,PILOTING,SYS_GO,17.7633,1.39,0.0,0.0,250,0.0,0
1771964759.0032,33.9,30.0,-27.3,PILOTING,SYS_GO,17.7717,1.39,0.0,0.0,250,0.0,0
1771964759.0882,29.7,30.0,-27.0,PILOTING,SYS_GO,17.7996,1.39,0.0,0.0,250,0.0,0
1771964759.1335,33.5,30.0,-27.54,PILOTING,SYS_GO,17.6991,1.39,0.0,0.0,250,0.0,0
1771964759.2106,29.7,30.0,-27.69,PILOTING,SYS_GO,17.7238,1.39,0.0,0.0,250,0.0,0
1771964759.2589,36.1,30.0,-27.74,PILOTING,SYS_GO,17.7296,1.39,0.0,0.0,250,0.0,0
1771964759.3492,31.6,30.0,-27.58,PILOTING,SYS_GO,17.7561,1.39,0.0,0.0,250,0.0,0
1771964759.3964,34.4,30.0,-27.43,PILOTING,SYS_GO,17.764,1.39,0.0,0.0,250,0.0,0
1771964759.4869,29.9,30.0,-27.12,PILOTING,SYS_GO,17.7942,1.39,0.0,0.0,250,0.0,0
1771964759.5329,37.6,30.0,-27.66,PILOTING,SYS_GO,17.6924,1.39,0.0,0.0,250,0.0,0
1771964759.6251,32.5,30.0,-27.77,PILOTING,SYS_GO,17.7223,1.39,0.0,0.0,250,0.0,0
1771964759.6736,37.9,30.0,-27.8,PILOTING,SYS_GO,17.7283,1.39,0.0,0.0,250,0.0,0
1771964759.7779,32.4,30.0,-27.57,PILOTING,SYS_GO,17.7628,1.39,0.0,0.0,250,0.0,0
1771964759.8236,43.2,30.0,-27.4,PILOTING,SYS_GO,17.7669,1.39,0.0,0.0,250,0.0,0
1771964759.93,36.5,30.0,-27.03,PILOTING,SYS_GO,17.8036,1.39,0.0,0.0,250,0.0,0
1771964759.9805,44.7,30.0,-27.56,PILOTING,SYS_GO,17.6997,1.39,0.0,0.0,250,0.0,0
1771964760.0616,39.0,30.0,-27.72,PILOTING,SYS_GO,17.7219,1.39,0.0,0.0,250,0.0,0
1771964760.1186,36.7,30.0,-27.72,PILOTING,SYS_GO,17.7351,1.39,0.0,0.0,250,0.0,0
1771964760.1758,34.2,30.0,-27.61,PILOTING,SYS_GO,17.75,1.39,0.0,0.0,250,0.0,0
1771964760.2674,29.6,30.0,-27.32,PILOTING,SYS_GO,17.782,1.39,0.0,0.0,250,0.0,0
1771964760.321,34.8,30.0,-27.09,PILOTING,SYS_GO,17.7885,1.39,0.0,0.0,250,0.0,0
1771964760.3896,32.2,30.0,-27.6,PILOTING,SYS_GO,17.6986,1.39,0.0,0.0,250,0.0,0
1771964760.4352,31.6,30.0,-27.82,PILOTING,SYS_GO,17.7108,1.39,0.0,0.0,250,0.0,0
1771964760.4806,30.5,30.0,-27.85,PILOTING,SYS_GO,17.7247,1.39,0.0,0.0,250,0.0,0
1771964760.5735,27.0,30.0,-27.67,PILOTING,SYS_GO,17.753,1.39,0.0,0.0,250,0.0,0
1771964760.6255,32.4,30.0,-27.51,PILOTING,SYS_GO,17.7596,1.39,0.0,0.0,250,0.0,0
1771964760.7268,28.2,30.0,-27.18,PILOTING,SYS_GO,17.7922,1.39,0.0,0.0,250,0.0,0
1771964760.7736,34.0,30.0,-27.7,PILOTING,SYS_GO,17.6916,1.39,0.0,0.0,250,0.0,0
1771964760.864,29.5,30.0,-27.79,PILOTING,SYS_GO,17.7233,1.39,0.0,0.0,250,0.0,0
1771964760.9118,41.5,30.0,-27.82,PILOTING,SYS_GO,17.7273,1.39,0.0,0.0,250,0.0,0
1771964761.0172,35.3,30.0,-27.58,PILOTING,SYS_GO,17.7623,1.39,0.0,0.0,250,0.0,0
1771964761.0637,41.5,30.0,-27.4,PILOTING,SYS_GO,17.7677,1.39,0.0,0.0,250,0.0,0
1771964761.1231,37.1,30.0,-27.16,PILOTING,SYS_GO,17.7861,1.39,0.0,0.0,250,0.0,0
1771964761.201,33.0,30.0,-27.62,PILOTING,SYS_GO,17.7016,1.39,0.0,0.0,250,0.0,0
1771964761.2508,35.3,30.0,-27.84,PILOTING,SYS_GO,17.7098,1.39,0.0,0.0,250,0.0,0
1771964761.3229,31.6,30.0,-27.82,PILOTING,SYS_GO,17.7313,1.39,0.0,0.0,250,0.0,0
1771964761.3691,33.3,30.0,-27.74,PILOTING,SYS_GO,17.7403,1.39,0.0,0.0,250,0.0,0
1771964761.4597,28.9,30.0,-27.46,PILOTING,SYS_GO,17.7722,1.39,0.0,0.0,250,0.0,0
1771964761.5081,37.5,30.0,-27.26,PILOTING,SYS_GO,17.7772,1.39,0.0,0.0,250,0.0,0
1771964761.6319,31.8,30.0,-27.6,PILOTING,SYS_GO,17.7135,1.39,0.0,0.0,250,0.0,0
1771964761.6771,37.9,30.0,-27.76,PILOTING,SYS_GO,17.7193,1.39,0.0,0.0,250,0.0,0
1771964761.722,34.9,30.0,-27.74,PILOTING,SYS_GO,17.7348,1.39,0.0,0.0,250,0.0,0
1771964761.8302,29.9,30.0,-27.47,PILOTING,SYS_GO,17.7716,1.39,0.0,0.0,250,0.0,0
1771964761.8806,44.2,30.0,-27.28,PILOTING,SYS_GO,17.7751,1.39,0.0,0.0,250,0.0,0
1771964761.9975,37.2,30.0,-26.89,PILOTING,SYS_GO,17.814,1.39,0.0,0.0,250,0.0,0
1771964762.0447,41.8,30.0,-27.4,PILOTING,SYS_GO,17.7099,1.39,0.0,0.0,250,0.0,0
1771964762.0933,39.5,30.0,-27.62,PILOTING,SYS_GO,17.7218,1.39,0.0,0.0,250,0.0,0
1771964762.1815,34.0,30.0,-27.54,PILOTING,SYS_GO,17.7514,1.39,0.0,0.0,250,0.0,0
1771964762.2307,41.6,30.0,-27.46,PILOTING,SYS_GO,17.7564,1.39,0.0,0.0,250,0.0,0
1771964762.3178,35.8,30.0,-27.21,PILOTING,SYS_GO,17.7846,1.39,0.0,0.0,250,0.0,0
1771964762.3655,39.8,30.0,-27.01,PILOTING,SYS_GO,17.7911,1.39,0.0,0.0,250,0.0,0
1771964762.4706,34.0,30.0,-27.42,PILOTING,SYS_GO,17.717,1.39,0.0,0.0,250,0.0,0
1771964762.5378,31.5,30.0,-27.55,PILOTING,SYS_GO,17.7338,1.39,0.0,0.0,250,0.0,0
1771964762.6074,28.4,30.0,-27.46,PILOTING,SYS_GO,17.7563,1.39,0.0,0.0,250,0.0,0
1771964762.6518,40.9,30.0,-27.39,PILOTING,SYS_GO,17.7602,1.39,0.0,0.0,250,0.0,0
1771964762.7422,35.3,30.0,-27.13,PILOTING,SYS_GO,17.7886,1.39,0.0,0.0,250,0.0,0
1771964762.7881,33.1,30.0,-26.88,PILOTING,SYS_GO,17.8033,1.39,0.0,0.0,250,0.0,0
1771964762.911,28.4,30.0,-27.22,PILOTING,SYS_GO,17.7336,1.39,0.0,0.0,250,0.0,0
1771964762.9572,38.5,30.0,-27.4,PILOTING,SYS_GO,17.7382,1.39,0.0,0.0,250,0.0,0
1771964763.0513,33.6,30.0,-27.32,PILOTING,SYS_GO,17.7636,1.39,0.0,0.0,250,0.0,0
1771964763.0933,33.3,30.0,-27.19,PILOTING,SYS_GO,17.7748,1.39,0.0,0.0,250,0.0,0
1771964763.1393,31.4,30.0,-27.01,PILOTING,SYS_GO,17.79,1.39,0.0,0.0,250,0.0,0
1771964763.277,26.7,30.0,-26.58,PILOTING,SYS_GO,17.8341,1.39,0.0,0.0,250,0.0,0
1771964763.3269,34.2,30.0,-27.1,PILOTING,SYS_GO,17.7266,1.39,0.0,0.0,250,0.0,0
1771964763.4189,29.7,30.0,-27.18,PILOTING,SYS_GO,17.7574,1.39,0.0,0.0,250,0.0,0
1771964763.4907,27.0,30.0,-27.08,PILOTING,SYS_GO,17.7796,1.39,0.0,0.0,250,0.0,0
1771964763.5378,31.3,30.0,-26.96,PILOTING,SYS_GO,17.7871,1.39,0.0,0.0,250,0.0,0
1771964763.6445,27.1,30.0,-26.64,PILOTING,SYS_GO,17.8215,1.39,0.0,0.0,250,0.0,0
1771964763.7044,29.1,30.0,-26.38,PILOTING,SYS_GO,17.8312,1.39,0.0,0.0,250,0.0,0
1771964763.7831,26.3,30.0,-26.87,PILOTING,SYS_GO,17.7419,1.39,0.0,0.0,250,0.0,0
1771964763.8308,27.6,30.0,-27.08,PILOTING,SYS_GO,17.7529,1.39,0.0,0.0,250,0.0,0
1771964763.9369,24.3,30.0,-26.97,PILOTING,SYS_GO,17.7852,1.39,0.0,0.0,250,0.0,0
1771964763.9835,28.0,30.0,-26.85,PILOTING,SYS_GO,17.7937,1.39,0.0,0.0,250,0.0,0
1771964764.0734,24.7,30.0,-26.55,PILOTING,SYS_GO,17.8249,1.39,0.0,0.0,250,0.0,0
1771964764.1192,36.3,30.0,-26.34,PILOTING,SYS_GO,17.8293,1.39,0.0,0.0,250,0.0,0
1771964764.2405,30.8,30.0,-26.73,PILOTING,SYS_GO,17.7581,1.39,0.0,0.0,250,0.0,0
1771964764.2882,42.0,30.0,-26.93,PILOTING,SYS_GO,17.7623,1.39,0.0,0.0,250,0.0,0
1771964764.3787,35.9,30.0,-26.82,PILOTING,SYS_GO,17.7935,1.39,0.0,0.0,250,0.0,0
1771964764.4247,47.2,30.0,-26.73,PILOTING,SYS_GO,17.7974,1.39,0.0,0.0,250,0.0,0
1771964764.5232,40.5,30.0,-26.49,PILOTING,SYS_GO,17.8238,1.39,0.0,0.0,250,0.0,0
1771964764.5736,37.6,30.0,-26.25,PILOTING,SYS_GO,17.8376,1.39,0.0,0.0,250,0.0,0
1771964764.6194,38.4,30.0,-26.85,PILOTING,SYS_GO,17.7326,1.39,0.0,0.0,250,0.0,0
1771964764.694,33.8,30.0,-27.05,PILOTING,SYS_GO,17.7557,1.39,0.0,0.0,250,0.0,0
1771964764.742,44.0,30.0,-27.14,PILOTING,SYS_GO,17.7599,1.39,0.0,0.0,250,0.0,0
1771964764.834,37.6,30.0,-26.98,PILOTING,SYS_GO,17.7894,1.39,0.0,0.0,250,0.0,0
1771964764.8836,43.4,30.0,-26.85,PILOTING,SYS_GO,17.7949,1.39,0.0,0.0,250,0.0,0
1771964764.9873,37.0,30.0,-26.54,PILOTING,SYS_GO,17.826,1.39,0.0,0.0,250,0.0,0
1771964765.0332,37.2,30.0,-27.09,PILOTING,SYS_GO,17.7236,1.39,0.0,0.0,250,0.0,0
1771964765.1241,32.1,30.0,-27.21,PILOTING,SYS_GO,17.7537,1.39,0.0,0.0,250,0.0,0
1771964765.1718,30.7,30.0,-27.18,PILOTING,SYS_GO,17.768,1.39,0.0,0.0,250,0.0,0
1771964765.2919,26.4,30.0,-26.87,PILOTING,SYS_GO,17.8075,1.39,0.0,0.0,250,0.0,0
1771964765.3467,33.4,30.0,-26.65,PILOTING,SYS_GO,17.8134,1.39,0.0,0.0,250,0.0,0
1771964765.4457,29.1,30.0,-26.29,PILOTING,SYS_GO,17.8442,1.39,0.0,0.0,250,0.0,0
1771964765.4919,38.9,30.0,-26.87,PILOTING,SYS_GO,17.7342,1.39,0.0,0.0,250,0.0,0
1771964765.5828,33.8,30.0,-27.02,PILOTING,SYS_GO,17.7613,1.39,0.0,0.0,250,0.0,0
1771964765.6306,33.9,30.0,-27.04,PILOTING,SYS_GO,17.7717,1.39,0.0,0.0,250,0.0,0
1771964765.7527,29.1,30.0,-26.77,PILOTING,SYS_GO,17.8094,1.39,0.0,0.0,250,0.0,0
1771964765.7991,36.1,30.0,-26.58,PILOTING,SYS_GO,17.815,1.39,0.0,0.0,250,0.0,0
1771964765.8905,31.3,30.0,-26.25,PILOTING,SYS_GO,17.8444,1.39,0.0,0.0,250,0.0,0
1771964765.9359,35.5,30.0,-26.83,PILOTING,SYS_GO,17.7366,1.39,0.0,0.0,250,0.0,0
1771964766.0561,30.2,30.0,-26.88,PILOTING,SYS_GO,17.7771,1.39,0.0,0.0,250,0.0,0
1771964766.1024,32.8,30.0,-26.85,PILOTING,SYS_GO,17.7854,1.39,0.0,0.0,250,0.0,0
1771964766.1499,32.1,30.0,-26.75,PILOTING,SYS_GO,17.7978,1.39,0.0,0.0,250,0.0,0
1771964766.2407,28.2,30.0,-26.49,PILOTING,SYS_GO,17.8256,1.39,0.0,0.0,250,0.0,0
1771964766.2874,38.6,30.0,-26.3,PILOTING,SYS_GO,17.8301,1.39,0.0,0.0,250,0.0,0
1771964766.3919,32.8,30.0,-26.73,PILOTING,SYS_GO,17.7541,1.39,0.0,0.0,250,0.0,0
1771964766.4384,43.3,30.0,-26.96,PILOTING,SYS_GO,17.7584,1.39,0.0,0.0,250,0.0,0
1771964766.5303,37.0,30.0,-26.88,PILOTING,SYS_GO,17.788,1.39,0.0,0.0,250,0.0,0
1771964766.5759,46.7,30.0,-26.81,PILOTING,SYS_GO,17.7922,1.39,0.0,0.0,250,0.0,0
1771964766.6994,39.2,30.0,-26.48,PILOTING,SYS_GO,17.8317,1.39,0.0,0.0,250,0.0,0
1771964766.7468,45.4,30.0,-26.24,PILOTING,SYS_GO,17.8368,1.39,0.0,0.0,250,0.0,0
1771964766.8534,38.3,30.0,-26.65,PILOTING,SYS_GO,17.7605,1.39,0.0,0.0,250,0.0,0
1771964766.8994,44.1,30.0,-26.86,PILOTING,SYS_GO,17.7658,1.39,0.0,0.0,250,0.0,0
1771964766.9885,38.3,30.0,-26.81,PILOTING,SYS_GO,17.79,1.39,0.0,0.0,250,0.0,0
1771964767.05,34.1,30.0,-26.63,PILOTING,SYS_GO,17.8109,1.39,0.0,0.0,250,0.0,0
1771964767.1016,37.1,30.0,-26.47,PILOTING,SYS_GO,17.8182,1.39,0.0,0.0,250,0.0,0
1771964767.2061,32.1,30.0,-26.16,PILOTING,SYS_GO,17.8478,1.39,0.0,0.0,250,0.0,0
1771964767.2484,30.8,30.0,-26.7,PILOTING,SYS_GO,17.7468,1.39,0.0,0.0,250,0.0,0
1771964767.2991,41.9,30.0,-26.99,PILOTING,SYS_GO,17.751,1.39,0.0,0.0,250,0.0,0
1771964767.4015,35.6,30.0,-26.92,PILOTING,SYS_GO,17.785,1.39,0.0,0.0,250,0.0,0
1771964767.4476,44.4,30.0,-26.85,PILOTING,SYS_GO,17.7895,1.39,0.0,0.0,250,0.0,0
1771964767.5904,37.1,30.0,-26.48,PILOTING,SYS_GO,17.8356,1.39,0.0,0.0,250,0.0,0
1771964767.6323,42.2,30.0,-26.21,PILOTING,SYS_GO,17.8414,1.39,0.0,0.0,250,0.0,0
1771964767.7763,35.4,30.0,-26.56,PILOTING,SYS_GO,17.7709,1.39,0.0,0.0,250,0.0,0
1771964767.8148,37.9,30.0,-26.71,PILOTING,SYS_GO,17.7784,1.39,0.0,0.0,250,0.0,0
1771964767.8664,35.8,30.0,-26.71,PILOTING,SYS_GO,17.7916,1.39,0.0,0.0,250,0.0,0
1771964767.9533,31.2,30.0,-26.5,PILOTING,SYS_GO,17.8201,1.39,0.0,0.0,250,0.0,0
1771964768.0019,44.2,30.0,-26.35,PILOTING,SYS_GO,17.8238,1.39,0.0,0.0,250,0.0,0
1771964768.0927,38.0,30.0,-26.07,PILOTING,SYS_GO,17.8508,1.39,0.0,0.0,250,0.0,0
1771964768.1391,35.9,30.0,-26.63,PILOTING,SYS_GO,17.7484,1.39,0.0,0.0,250,0.0,0
1771964768.1882,34.9,30.0,-26.89,PILOTING,SYS_GO,17.76,1.39,0.0,0.0,250,0.0,0
1771964768.2768,30.4,30.0,-26.83,PILOTING,SYS_GO,17.7893,1.39,0.0,0.0,250,0.0,0
1771964768.3223,40.3,30.0,-26.76,PILOTING,SYS_GO,17.7938,1.39,0.0,0.0,250,0.0,0
1771964768.4141,34.9,30.0,-26.53,PILOTING,SYS_GO,17.8209,1.39,0.0,0.0,250,0.0,0
1771964768.4589,34.5,30.0,-26.31,PILOTING,SYS_GO,17.8319,1.39,0.0,0.0,250,0.0,0
1771964768.5509,29.9,30.0,-26.77,PILOTING,SYS_GO,17.7496,1.39,0.0,0.0,250,0.0,0
1771964768.5977,39.9,30.0,-27.01,PILOTING,SYS_GO,17.7541,1.39,0.0,0.0,250,0.0,0
1771964768.7024,34.1,30.0,-26.92,PILOTING,SYS_GO,17.7872,1.39,0.0,0.0,250,0.0,0
1771964768.7473,36.2,30.0,-26.81,PILOTING,SYS_GO,17.7952,1.39,0.0,0.0,250,0.0,0
1771964768.793,35.0,30.0,-26.65,PILOTING,SYS_GO,17.8071,1.39,0.0,0.0,250,0.0,0
1771964768.8845,30.4,30.0,-26.34,PILOTING,SYS_GO,17.8379,1.39,0.0,0.0,250,0.0,0
1771964768.9367,35.6,30.0,-26.92,PILOTING,SYS_GO,17.7306,1.39,0.0,0.0,250,0.0,0
1771964769.03,31.8,30.0,-27.12,PILOTING,SYS_GO,17.7521,1.39,0.0,0.0,250,0.0,0
1771964769.0682,33.9,30.0,-27.18,PILOTING,SYS_GO,17.7607,1.39,0.0,0.0,250,0.0,0
1771964769.1153,32.1,30.0,-27.11,PILOTING,SYS_GO,17.7749,1.39,0.0,0.0,250,0.0,0
1771964769.2052,28.4,30.0,-26.87,PILOTING,SYS_GO,17.8021,1.39,0.0,0.0,250,0.0,0
1771964769.2516,31.2,30.0,-26.67,PILOTING,SYS_GO,17.8106,1.39,0.0,0.0,250,0.0,0
1771964769.3578,27.0,30.0,-27.08,PILOTING,SYS_GO,17.7355,1.39,0.0,0.0,250,0.0,0
1771964769.4034,35.0,30.0,-27.3,PILOTING,SYS_GO,17.7409,1.39,0.0,0.0,250,0.0,0
1771964769.525,29.9,30.0,-27.14,PILOTING,SYS_GO,17.7798,1.39,0.0,0.0,250,0.0,0
1771964769.5744,35.5,30.0,-27.01,PILOTING,SYS_GO,17.7861,1.39,0.0,0.0,250,0.0,0
1771964769.6388,33.0,30.0,-26.81,PILOTING,SYS_GO,17.8015,1.39,0.0,0.0,250,0.0,0
1771964769.722,29.3,30.0,-26.52,PILOTING,SYS_GO,17.8264,1.39,0.0,0.0,250,0.0,0
1771964769.7687,33.7,30.0,-27.1,PILOTING,SYS_GO,17.7214,1.39,0.0,0.0,250,0.0,0
1771964769.8583,29.3,30.0,-27.23,PILOTING,SYS_GO,17.7515,1.39,0.0,0.0,250,0.0,0
1771964769.9047,31.4,30.0,-27.24,PILOTING,SYS_GO,17.7606,1.39,0.0,0.0,250,0.0,0
1771964769.9965,27.4,30.0,-27.02,PILOTING,SYS_GO,17.792,1.39,0.0,0.0,250,0.0,0
1771964770.045,37.0,30.0,-26.86,PILOTING,SYS_GO,17.7968,1.39,0.0,0.0,250,0.0,0
1771964770.0921,34.4,30.0,-26.65,PILOTING,SYS_GO,17.8118,1.39,0.0,0.0,250,0.0,0
1771964770.1957,29.7,30.0,-27.08,PILOTING,SYS_GO,17.7348,1.39,0.0,0.0,250,0.0,0
1771964770.2457,29.1,30.0,-27.24,PILOTING,SYS_GO,17.7483,1.39,0.0,0.0,250,0.0,0
1771964770.3333,25.8,30.0,-27.13,PILOTING,SYS_GO,17.7764,1.39,0.0,0.0,250,0.0,0
1771964770.3832,36.9,30.0,-27.04,PILOTING,SYS_GO,17.7809,1.39,0.0,0.0,250,0.0,0
1771964770.5015,31.5,30.0,-26.71,PILOTING,SYS_GO,17.818,1.39,0.0,0.0,250,0.0,0
1771964770.5506,40.9,30.0,-26.49,PILOTING,SYS_GO,17.8226,1.39,0.0,0.0,250,0.0,0
1771964770.5931,39.8,30.0,-27.08,PILOTING,SYS_GO,17.7214,1.39,0.0,0.0,250,0.0,0
1771964770.6521,35.9,30.0,-27.31,PILOTING,SYS_GO,17.739,1.39,0.0,0.0,250,0.0,0
1771964770.6977,34.6,30.0,-27.35,PILOTING,SYS_GO,17.7513,1.39,0.0,0.0,250,0.0,0
1771964770.7704,31.6,30.0,-27.25,PILOTING,SYS_GO,17.7697,1.39,0.0,0.0,250,0.0,0
1771964770.834,28.6,30.0,-27.03,PILOTING,SYS_GO,17.7914,1.39,0.0,0.0,250,0.0,0
1771964770.8831,34.1,30.0,-26.86,PILOTING,SYS_GO,17.7978,1.39,0.0,0.0,250,0.0,0
1771964771.0002,29.3,30.0,-27.26,PILOTING,SYS_GO,17.7264,1.39,0.0,0.0,250,0.0,0
1771964771.0449,30.9,30.0,-27.44,PILOTING,SYS_GO,17.7361,1.39,0.0,0.0,250,0.0,0
1771964771.1359,27.0,30.0,-27.32,PILOTING,SYS_GO,17.7672,1.39,0.0,0.0,250,0.0,0
1771964771.1825,40.4,30.0,-27.22,PILOTING,SYS_GO,17.7711,1.39,0.0,0.0,250,0.0,0
1771964771.2886,34.4,30.0,-26.92,PILOTING,SYS_GO,17.8049,1.39,0.0,0.0,250,0.0,0
1771964771.3364,38.5,30.0,-26.69,PILOTING,SYS_GO,17.8115,1.39,0.0,0.0,250,0.0,0
1771964771.3941,34.7,30.0,-27.2,PILOTING,SYS_GO,17.7205,1.39,0.0,0.0,250,0.0,0
1771964771.5023,29.9,30.0,-27.28,PILOTING,SYS_GO,17.7534,1.39,0.0,0.0,250,0.0,0
1771964771.5493,30.2,30.0,-27.24,PILOTING,SYS_GO,17.7649,1.39,0.0,0.0,250,0.0,0
1771964771.6377,26.6,30.0,-27.01,PILOTING,SYS_GO,17.7942,1.39,0.0,0.0,250,0.0,0
1771964771.6851,27.8,30.0,-26.79,PILOTING,SYS_GO,17.8053,1.39,0.0,0.0,250,0.0,0
1771964771.7751,24.5,30.0,-26.43,PILOTING,SYS_GO,17.8366,1.39,0.0,0.0,250,0.0,0
1771964771.8209,39.7,30.0,-27.01,PILOTING,SYS_GO,17.7267,1.39,0.0,0.0,250,0.0,0
1771964771.912,34.1,30.0,-27.13,PILOTING,SYS_GO,17.7568,1.39,0.0,0.0,250,0.0,0
1771964771.9573,42.6,30.0,-27.18,PILOTING,SYS_GO,17.7615,1.39,0.0,0.0,250,0.0,0
1771964772.0479,36.5,30.0,-26.99,PILOTING,SYS_GO,17.7914,1.39,0.0,0.0,250,0.0,0
1771964772.0944,43.8,30.0,-26.84,PILOTING,SYS_GO,17.7963,1.39,0.0,0.0,250,0.0,0
1771964772.1897,37.7,30.0,-26.56,PILOTING,SYS_GO,17.8236,1.39,0.0,0.0,250,0.0,0
1771964772.2333,41.0,30.0,-27.14,PILOTING,SYS_GO,17.7187,1.39,0.0,0.0,250,0.0,0
1771964772.3071,41.2,30.0,-27.43,PILOTING,SYS_GO,17.7272,1.39,0.0,0.0,250,0.0,0
1771964772.3547,40.6,30.0,-27.53,PILOTING,SYS_GO,17.7366,1.39,0.0,0.0,250,0.0,0
1771964772.4253,40.0,30.0,-27.53,PILOTING,SYS_GO,17.7463,1.39,0.0,0.0,250,0.0,0
1771964772.4752,37.2,30.0,-27.42,PILOTING,SYS_GO,17.7601,1.39,0.0,0.0,250,0.0,0
1771964772.5224,34.9,30.0,-27.26,PILOTING,SYS_GO,17.774,1.39,0.0,0.0,250,0.0,0
1771964772.6117,30.7,30.0,-27.72,PILOTING,SYS_GO,17.6965,1.39,0.0,0.0,250,0.0,0
1771964772.6619,32.2,30.0,-27.93,PILOTING,SYS_GO,17.7058,1.39,0.0,0.0,250,0.0,0
1771964772.7372,29.3,30.0,-27.91,PILOTING,SYS_GO,17.7263,1.39,0.0,0.0,250,0.0,0
1771964772.7802,30.1,30.0,-27.82,PILOTING,SYS_GO,17.7371,1.39,0.0,0.0,250,0.0,0
1771964772.8572,27.3,30.0,-27.6,PILOTING,SYS_GO,17.7597,1.39,0.0,0.0,250,0.0,0
1771964772.9069,29.4,30.0,-27.4,PILOTING,SYS_GO,17.7691,1.39,0.0,0.0,250,0.0,0
1771964772.9804,27.0,30.0,-27.87,PILOTING,SYS_GO,17.6867,1.39,0.0,0.0,250,0.0,0
1771964773.0408,27.5,30.0,-28.07,PILOTING,SYS_GO,17.6989,1.39,0.0,0.0,250,0.0,0
1771964773.1026,26.1,30.0,-28.06,PILOTING,SYS_GO,17.7166,1.39,0.0,0.0,250,0.0,0
1771964773.1483,29.3,30.0,-27.99,PILOTING,SYS_GO,17.7251,1.39,0.0,0.0,250,0.0,0
1771964773.2404,25.9,30.0,-27.75,PILOTING,SYS_GO,17.7543,1.39,0.0,0.0,250,0.0,0
1771964773.287,26.5,30.0,-27.51,PILOTING,SYS_GO,17.7667,1.39,0.0,0.0,250,0.0,0
1771964773.3622,24.0,30.0,-27.91,PILOTING,SYS_GO,17.6894,1.39,0.0,0.0,250,0.0,0
1771964773.4109,30.4,30.0,-28.11,PILOTING,SYS_GO,17.6958,1.39,0.0,0.0,250,0.0,0
1771964773.4994,27.1,30.0,-28.05,PILOTING,SYS_GO,17.7214,1.39,0.0,0.0,250,0.0,0
1771964773.5528,32.2,30.0,-27.97,PILOTING,SYS_GO,17.7282,1.39,0.0,0.0,250,0.0,0
1771964773.603,29.9,30.0,-27.79,PILOTING,SYS_GO,17.7458,1.39,0.0,0.0,250,0.0,0
1771964773.6523,42.1,30.0,-27.66,PILOTING,SYS_GO,17.7497,1.39,0.0,0.0,250,0.0,0
1771964773.7562,36.0,30.0,-28.06,PILOTING,SYS_GO,17.6809,1.39,0.0,0.0,250,0.0,0
1771964773.8049,39.3,30.0,-28.26,PILOTING,SYS_GO,17.6877,1.39,0.0,0.0,250,0.0,0
1771964773.8495,37.3,30.0,-28.29,PILOTING,SYS_GO,17.7,1.39,0.0,0.0,250,0.0,0
1771964773.9252,32.8,30.0,-28.14,PILOTING,SYS_GO,17.7244,1.39,0.0,0.0,250,0.0,0
1771964773.9705,32.3,30.0,-27.96,PILOTING,SYS_GO,17.7362,1.39,0.0,0.0,250,0.0,0
1771964774.0623,28.5,30.0,-27.66,PILOTING,SYS_GO,17.7632,1.39,0.0,0.0,250,0.0,0
1771964774.1093,30.6,30.0,-28.14,PILOTING,SYS_GO,17.6699,1.39,0.0,0.0,250,0.0,0
1771964774.1868,27.7,30.0,-28.27,PILOTING,SYS_GO,17.6926,1.39,0.0,0.0,250,0.0,0
1771964774.2376,27.8,30.0,-28.26,PILOTING,SYS_GO,17.7054,1.39,0.0,0.0,250,0.0,0
1771964774.3405,24.3,30.0,-28.01,PILOTING,SYS_GO,17.7404,1.39,0.0,0.0,250,0.0,0
1771964774.3902,24.2,30.0,-27.74,PILOTING,SYS_GO,17.7554,1.39,0.0,0.0,250,0.0,0
1771964774.4301,24.8,30.0,-27.49,PILOTING,SYS_GO,17.7686,1.39,0.0,0.0,250,0.0,0
1771964774.4922,23.3,30.0,-27.93,PILOTING,SYS_GO,17.686,1.39,0.0,0.0,250,0.0,0
1771964774.5379,36.5,30.0,-28.16,PILOTING,SYS_GO,17.6901,1.39,0.0,0.0,250,0.0,0
1771964774.6433,31.1,30.0,-28.04,PILOTING,SYS_GO,17.7267,1.39,0.0,0.0,250,0.0,0
1771964774.691,41.0,30.0,-27.94,PILOTING,SYS_GO,17.7312,1.39,0.0,0.0,250,0.0,0
1771964774.7966,35.0,30.0,-27.65,PILOTING,SYS_GO,17.7638,1.39,0.0,0.0,250,0.0,0
1771964774.8443,38.2,30.0,-27.42,PILOTING,SYS_GO,17.7709,1.39,0.0,0.0,250,0.0,0
1771964774.9329,33.0,30.0,-27.81,PILOTING,SYS_GO,17.6963,1.39,0.0,0.0,250,0.0,0
1771964774.9787,35.8,30.0,-28.0,PILOTING,SYS_GO,17.704,1.39,0.0,0.0,250,0.0,0
1771964775.0706,31.0,30.0,-27.89,PILOTING,SYS_GO,17.7347,1.39,0.0,0.0,250,0.0,0
1771964775.1169,44.0,30.0,-27.8,PILOTING,SYS_GO,17.7385,1.39,0.0,0.0,250,0.0,0
1771964775.2225,37.3,30.0,-27.49,PILOTING,SYS_GO,17.7726,1.39,0.0,0.0,250,0.0,0
1771964775.2765,40.7,30.0,-27.27,PILOTING,SYS_GO,17.7792,1.39,0.0,0.0,250,0.0,0
1771964775.343,35.9,30.0,-27.72,PILOTING,SYS_GO,17.6962,1.39,0.0,0.0,250,0.0,0
1771964775.3895,40.6,30.0,-27.95,PILOTING,SYS_GO,17.7022,1.39,0.0,0.0,250,0.0,0
1771964775.5117,34.2,30.0,-27.79,PILOTING,SYS_GO,17.7446,1.39,0.0,0.0,250,0.0,0
1771964775.5592,38.7,30.0,-27.65,PILOTING,SYS_GO,17.751,1.39,0.0,0.0,250,0.0,0
1771964775.65,33.3,30.0,-27.34,PILOTING,SYS_GO,17.7811,1.39,0.0,0.0,250,0.0,0
1771964775.7003,39.9,30.0,-27.12,PILOTING,SYS_GO,17.7866,1.39,0.0,0.0,250,0.0,0
1771964775.75,37.2,30.0,-27.65,PILOTING,SYS_GO,17.694,1.39,0.0,0.0,250,0.0,0
1771964775.8324,32.9,30.0,-27.8,PILOTING,SYS_GO,17.7174,1.39,0.0,0.0,250,0.0,0
1771964775.9027,30.2,30.0,-27.76,PILOTING,SYS_GO,17.7361,1.39,0.0,0.0,250,0.0,0
1771964775.9835,26.7,30.0,-27.54,PILOTING,SYS_GO,17.7637,1.39,0.0,0.0,250,0.0,0
1771964776.0297,40.4,30.0,-27.38,PILOTING,SYS_GO,17.7675,1.39,0.0,0.0,250,0.0,0
1771964776.1503,34.2,30.0,-27.0,PILOTING,SYS_GO,17.8063,1.39,0.0,0.0,250,0.0,0
1771964776.1954,41.6,30.0,-27.52,PILOTING,SYS_GO,17.7024,1.39,0.0,0.0,250,0.0,0
1771964776.2724,36.0,30.0,-27.64,PILOTING,SYS_GO,17.7293,1.39,0.0,0.0,250,0.0,0
1771964776.3233,44.6,30.0,-27.68,PILOTING,SYS_GO,17.7339,1.39,0.0,0.0,250,0.0,0
1771964776.4407,37.7,30.0,-27.44,PILOTING,SYS_GO,17.77,1.39,0.0,0.0,250,0.0,0
1771964776.4899,44.1,30.0,-27.27,PILOTING,SYS_GO,17.7752,1.39,0.0,0.0,250,0.0,0
1771964776.592,37.6,30.0,-26.93,PILOTING,SYS_GO,17.8065,1.39,0.0,0.0,250,0.0,0
1771964776.6372,39.1,30.0,-27.46,PILOTING,SYS_GO,17.7055,1.39,0.0,0.0,250,0.0,0
1771964776.7291,33.8,30.0,-27.57,PILOTING,SYS_GO,17.7339,1.39,0.0,0.0,250,0.0,0
1771964776.7781,34.2,30.0,-27.57,PILOTING,SYS_GO,17.744,1.39,0.0,0.0,250,0.0,0
1771964776.9046,29.6,30.0,-27.33,PILOTING,SYS_GO,17.7766,1.39,0.0,0.0,250,0.0,0
1771964776.9451,29.4,30.0,-27.1,PILOTING,SYS_GO,17.7891,1.39,0.0,0.0,250,0.0,0
1771964776.9967,30.9,30.0,-26.89,PILOTING,SYS_GO,17.7988,1.39,0.0,0.0,250,0.0,0
1771964777.114,26.5,30.0,-27.24,PILOTING,SYS_GO,17.7319,1.39,0.0,0.0,250,0.0,0
1771964777.1623,30.7,30.0,-27.4,PILOTING,SYS_GO,17.7395,1.39,0.0,0.0,250,0.0,0
1771964777.2176,30.2,30.0,-27.4,PILOTING,SYS_GO,17.7522,1.39,0.0,0.0,250,0.0,0
1771964777.3001,27.3,30.0,-27.24,PILOTING,SYS_GO,17.7753,1.39,0.0,0.0,250,0.0,0
1771964777.3642,25.7,30.0,-27.01,PILOTING,SYS_GO,17.7941,1.39,0.0,0.0,250,0.0,0
1771964777.483,22.4,30.0,-26.6,PILOTING,SYS_GO,17.8321,1.39,0.0,0.0,250,0.0,0
1771964777.5294,25.5,30.0,-27.09,PILOTING,SYS_GO,17.7288,1.39,0.0,0.0,250,0.0,0
1771964777.5841,29.0,30.0,-27.33,PILOTING,SYS_GO,17.7372,1.39,0.0,0.0,250,0.0,0
1771964777.6355,27.4,30.0,-27.35,PILOTING,SYS_GO,17.754,1.39,0.0,0.0,250,0.0,0
1771964777.6803,34.0,30.0,-27.32,PILOTING,SYS_GO,17.76,1.39,0.0,0.0,250,0.0,0
1771964777.8038,29.0,30.0,-27.01,PILOTING,SYS_GO,17.7999,1.39,0.0,0.0,250,0.0,0
1771964777.8533,33.2,30.0,-26.78,PILOTING,SYS_GO,17.8071,1.39,0.0,0.0,250,0.0,0
1771964777.9579,28.6,30.0,-27.16,PILOTING,SYS_GO,17.7337,1.39,0.0,0.0,250,0.0,0
1771964778.0031,38.2,30.0,-27.36,PILOTING,SYS_GO,17.7383,1.39,0.0,0.0,250,0.0,0
1771964778.0778,33.9,30.0,-27.32,PILOTING,SYS_GO,17.7601,1.39,0.0,0.0,250,0.0,0
1771964778.1421,31.1,30.0,-27.17,PILOTING,SYS_GO,17.7784,1.39,0.0,0.0,250,0.0,0
1771964778.1896,30.8,30.0,-26.99,PILOTING,SYS_GO,17.7905,1.39,0.0,0.0,250,0.0,0
1771964778.2942,26.8,30.0,-26.65,PILOTING,SYS_GO,17.8234,1.39,0.0,0.0,250,0.0,0
1771964778.3397,28.9,30.0,-27.17,PILOTING,SYS_GO,17.7216,1.39,0.0,0.0,250,0.0,0
1771964778.3862,28.4,30.0,-27.39,PILOTING,SYS_GO,17.7353,1.39,0.0,0.0,250,0.0,0
1771964778.4773,24.9,30.0,-27.29,PILOTING,SYS_GO,17.7675,1.39,0.0,0.0,250,0.0,0
1771964778.5235,30.7,30.0,-27.18,PILOTING,SYS_GO,17.7743,1.39,0.0,0.0,250,0.0,0
1771964778.5703,31.8,30.0,-27.04,PILOTING,SYS_GO,17.7842,1.39,0.0,0.0,250,0.0,0
1771964778.6458,28.2,30.0,-26.77,PILOTING,SYS_GO,17.8108,1.39,0.0,0.0,250,0.0,0
1771964778.6942,40.3,30.0,-27.36,PILOTING,SYS_GO,17.7052,1.39,0.0,0.0,250,0.0,0
1771964778.7888,34.9,30.0,-27.52,PILOTING,SYS_GO,17.732,1.39,0.0,0.0,250,0.0,0
1771964778.8311,34.6,30.0,-27.55,PILOTING,SYS_GO,17.7427,1.39,0.0,0.0,250,0.0,0
1771964778.9064,30.8,30.0,-27.4,PILOTING,SYS_GO,17.7658,1.39,0.0,0.0,250,0.0,0
1771964778.9662,32.4,30.0,-27.24,PILOTING,SYS_GO,17.775,1.39,0.0,0.0,250,0.0,0
1771964779.028,29.3,30.0,-26.99,PILOTING,SYS_GO,17.7963,1.39,0.0,0.0,250,0.0,0
1771964779.0776,36.7,30.0,-27.57,PILOTING,SYS_GO,17.6943,1.39,0.0,0.0,250,0.0,0
1771964779.1817,31.6,30.0,-27.69,PILOTING,SYS_GO,17.7262,1.39,0.0,0.0,250,0.0,0
1771964779.2336,30.7,30.0,-27.67,PILOTING,SYS_GO,17.7395,1.39,0.0,0.0,250,0.0,0
1771964779.3063,27.9,30.0,-27.5,PILOTING,SYS_GO,17.761,1.39,0.0,0.0,250,0.0,0
1771964779.3523,28.4,30.0,-27.32,PILOTING,SYS_GO,17.7729,1.39,0.0,0.0,250,0.0,0
1771964779.3975,28.7,30.0,-27.12,PILOTING,SYS_GO,17.7849,1.39,0.0,0.0,250,0.0,0
1771964779.4895,25.3,30.0,-27.54,PILOTING,SYS_GO,17.7101,1.39,0.0,0.0,250,0.0,0
1771964779.5355,32.3,30.0,-27.74,PILOTING,SYS_GO,17.716,1.39,0.0,0.0,250,0.0,0
1771964779.5808,30.9,30.0,-27.77,PILOTING,SYS_GO,17.7302,1.39,0.0,0.0,250,0.0,0
1771964779.6419,28.4,30.0,-27.64,PILOTING,SYS_GO,17.75,1.39,0.0,0.0,250,0.0,0
1771964779.6885,31.9,30.0,-27.51,PILOTING,SYS_GO,17.7578,1.39,0.0,0.0,250,0.0,0
1771964779.7786,28.1,30.0,-27.23,PILOTING,SYS_GO,17.7854,1.39,0.0,0.0,250,0.0,0
1771964779.8285,41.9,30.0,-27.79,PILOTING,SYS_GO,17.6833,1.39,0.0,0.0,250,0.0,0
1771964779.9038,36.7,30.0,-27.97,PILOTING,SYS_GO,17.7056,1.39,0.0,0.0,250,0.0,0
1771964779.9612,33.1,30.0,-27.94,PILOTING,SYS_GO,17.725,1.39,0.0,0.0,250,0.0,0
1771964780.0075,40.4,30.0,-27.89,PILOTING,SYS_GO,17.7301,1.39,0.0,0.0,250,0.0,0
1771964780.1151,34.3,30.0,-27.6,PILOTING,SYS_GO,17.7663,1.39,0.0,0.0,250,0.0,0
1771964780.1619,46.4,30.0,-27.39,PILOTING,SYS_GO,17.7701,1.39,0.0,0.0,250,0.0,0
1771964780.2833,38.9,30.0,-27.72,PILOTING,SYS_GO,17.7073,1.39,0.0,0.0,250,0.0,0
1771964780.3288,45.5,30.0,-27.88,PILOTING,SYS_GO,17.7124,1.39,0.0,0.0,250,0.0,0
1771964780.4061,39.6,30.0,-27.82,PILOTING,SYS_GO,17.735,1.39,0.0,0.0,250,0.0,0
1771964780.4668,35.6,30.0,-27.65,PILOTING,SYS_GO,17.7533,1.39,0.0,0.0,250,0.0,0
1771964780.5442,31.5,30.0,-27.38,PILOTING,SYS_GO,17.7766,1.39,0.0,0.0,250,0.0,0
1771964780.6517,27.1,30.0,-26.94,PILOTING,SYS_GO,17.8145,1.39,0.0,0.0,250,0.0,0
1771964780.7,36.9,30.0,-27.44,PILOTING,SYS_GO,17.709,1.39,0.0,0.0,250,0.0,0
1771964780.8229,31.5,30.0,-27.47,PILOTING,SYS_GO,17.7466,1.39,0.0,0.0,250,0.0,0
1771964780.8638,32.0,30.0,-27.41,PILOTING,SYS_GO,17.7572,1.39,0.0,0.0,250,0.0,0
1771964780.939,28.6,30.0,-27.2,PILOTING,SYS_GO,17.781,1.39,0.0,0.0,250,0.0,0
1771964780.9852,30.1,30.0,-27.01,PILOTING,SYS_GO,17.791,1.39,0.0,0.0,250,0.0,0
1771964781.0942,26.0,30.0,-26.62,PILOTING,SYS_GO,17.8281,1.39,0.0,0.0,250,0.0,0
1771964781.142,34.8,30.0,-27.16,PILOTING,SYS_GO,17.7211,1.39,0.0,0.0,250,0.0,0
1771964781.2474,30.0,30.0,-27.25,PILOTING,SYS_GO,17.7534,1.39,0.0,0.0,250,0.0,0
1771964781.2955,37.9,30.0,-27.27,PILOTING,SYS_GO,17.7585,1.39,0.0,0.0,250,0.0,0
1771964781.4032,32.4,30.0,-27.04,PILOTING,SYS_GO,17.7927,1.39,0.0,0.0,250,0.0,0
1771964781.4529,39.1,30.0,-26.85,PILOTING,SYS_GO,17.7982,1.39,0.0,0.0,250,0.0,0
1771964781.5663,33.5,30.0,-26.51,PILOTING,SYS_GO,17.831,1.39,0.0,0.0,250,0.0,0
1771964781.6059,37.6,30.0,-27.07,PILOTING,SYS_GO,17.725,1.39,0.0,0.0,250,0.0,0
1771964781.6672,37.4,30.0,-27.33,PILOTING,SYS_GO,17.7348,1.39,0.0,0.0,250,0.0,0
1771964781.7253,34.2,30.0,-27.36,PILOTING,SYS_GO,17.7517,1.39,0.0,0.0,250,0.0,0
1771964781.7758,32.8,30.0,-27.29,PILOTING,SYS_GO,17.7651,1.39,0.0,0.0,250,0.0,0
1771964781.9096,27.8,30.0,-26.92,PILOTING,SYS_GO,17.8105,1.39,0.0,0.0,250,0.0,0
1771964781.9553,34.5,30.0,-26.66,PILOTING,SYS_GO,17.8163,1.39,0.0,0.0,250,0.0,0
1771964782.0569,30.2,30.0,-27.09,PILOTING,SYS_GO,17.7331,1.39,0.0,0.0,250,0.0,0
1771964782.0964,36.5,30.0,-27.32,PILOTING,SYS_GO,17.7389,1.39,0.0,0.0,250,0.0,0
1771964782.1525,33.0,30.0,-27.31,PILOTING,SYS_GO,17.7581,1.39,0.0,0.0,250,0.0,0
1771964782.2596,28.4,30.0,-27.05,PILOTING,SYS_GO,17.7943,1.39,0.0,0.0,250,0.0,0
1771964782.3074,41.4,30.0,-26.86,PILOTING,SYS_GO,17.7982,1.39,0.0,0.0,250,0.0,0
1771964782.4277,34.9,30.0,-26.46,PILOTING,SYS_GO,17.8389,1.39,0.0,0.0,250,0.0,0
1771964782.4728,45.4,30.0,-27.01,PILOTING,SYS_GO,17.7292,1.39,0.0,0.0,250,0.0,0
1771964782.5598,39.3,30.0,-27.16,PILOTING,SYS_GO,17.753,1.39,0.0,0.0,250,0.0,0
1771964782.6111,37.2,30.0,-27.17,PILOTING,SYS_GO,17.7655,1.39,0.0,0.0,250,0.0,0
1771964782.6579,35.4,30.0,-27.08,PILOTING,SYS_GO,17.7783,1.39,0.0,0.0,250,0.0,0
1771964782.7653,30.5,30.0,-26.78,PILOTING,SYS_GO,17.8114,1.39,0.0,0.0,250,0.0,0
1771964782.8134,30.3,30.0,-26.52,PILOTING,SYS_GO,17.8236,1.39,0.0,0.0,250,0.0,0
1771964782.9492,25.9,30.0,-26.85,PILOTING,SYS_GO,17.7553,1.39,0.0,0.0,250,0.0,0
1771964782.9959,28.3,30.0,-26.99,PILOTING,SYS_GO,17.7648,1.39,0.0,0.0,250,0.0,0
1771964783.0712,25.7,30.0,-26.9,PILOTING,SYS_GO,17.7885,1.39,0.0,0.0,250,0.0,0
1771964783.1171,33.2,30.0,-26.8,PILOTING,SYS_GO,17.7942,1.39,0.0,0.0,250,0.0,0
1771964783.1687,32.3,30.0,-26.65,PILOTING,SYS_GO,17.8067,1.39,0.0,0.0,250,0.0,0
1771964783.2379,29.0,30.0,-26.4,PILOTING,SYS_GO,17.8293,1.39,0.0,0.0,250,0.0,0
1771964783.2857,32.4,30.0,-27.0,PILOTING,SYS_GO,17.7248,1.39,0.0,0.0,250,0.0,0
1771964783.3754,28.6,30.0,-27.17,PILOTING,SYS_GO,17.7518,1.39,0.0,0.0,250,0.0,0
1771964783.4206,28.5,30.0,-27.18,PILOTING,SYS_GO,17.7646,1.39,0.0,0.0,250,0.0,0
1771964783.5271,24.8,30.0,-26.92,PILOTING,SYS_GO,17.8013,1.39,0.0,0.0,250,0.0,0
1771964783.5727,31.3,30.0,-26.72,PILOTING,SYS_GO,17.8076,1.39,0.0,0.0,250,0.0,0
1771964783.6192,30.6,30.0,-26.5,PILOTING,SYS_GO,17.8206,1.39,0.0,0.0,250,0.0,0
1771964783.7097,27.1,30.0,-26.98,PILOTING,SYS_GO,17.7366,1.39,0.0,0.0,250,0.0,0
1771964783.7578,27.3,30.0,-27.17,PILOTING,SYS_GO,17.7494,1.39,0.0,0.0,250,0.0,0
1771964783.8476,24.2,30.0,-27.07,PILOTING,SYS_GO,17.7797,1.39,0.0,0.0,250,0.0,0
1771964783.8964,33.1,30.0,-26.97,PILOTING,SYS_GO,17.785,1.39,0.0,0.0,250,0.0,0
1771964784.0186,28.3,30.0,-26.63,PILOTING,SYS_GO,17.8242,1.39,0.0,0.0,250,0.0,0
1771964784.0647,28.9,30.0,-26.34,PILOTING,SYS_GO,17.8358,1.39,0.0,0.0,250,0.0,0
1771964784.2022,24.6,30.0,-26.65,PILOTING,SYS_GO,17.7692,1.39,0.0,0.0,250,0.0,0
1771964784.2489,36.3,30.0,-26.8,PILOTING,SYS_GO,17.7736,1.39,0.0,0.0,250,0.0,0
1771964784.3559,31.0,30.0,-26.63,PILOTING,SYS_GO,17.8091,1.39,0.0,0.0,250,0.0,0
1771964784.406,41.4,30.0,-26.51,PILOTING,SYS_GO,17.8134,1.39,0.0,0.0,250,0.0,0
1771964784.4803,36.6,30.0,-26.28,PILOTING,SYS_GO,17.8341,1.39,0.0,0.0,250,0.0,0
1771964784.5533,32.2,30.0,-25.97,PILOTING,SYS_GO,17.8586,1.39,0.0,0.0,250,0.0,0
1771964784.6,33.1,30.0,-26.55,PILOTING,SYS_GO,17.7517,1.39,0.0,0.0,250,0.0,0
1771964784.7071,28.6,30.0,-26.66,PILOTING,SYS_GO,17.7851,1.39,0.0,0.0,250,0.0,0
1771964784.7548,35.0,30.0,-26.68,PILOTING,SYS_GO,17.791,1.39,0.0,0.0,250,0.0,0
1771964784.8749,29.8,30.0,-26.4,PILOTING,SYS_GO,17.8315,1.39,0.0,0.0,250,0.0,0
1771964784.9249,34.2,30.0,-26.19,PILOTING,SYS_GO,17.8385,1.39,0.0,0.0,250,0.0,0
1771964785.0127,29.8,30.0,-25.85,PILOTING,SYS_GO,17.8681,1.39,0.0,0.0,250,0.0,0
1771964785.0585,40.2,30.0,-26.46,PILOTING,SYS_GO,17.7543,1.39,0.0,0.0,250,0.0,0
1771964785.1497,34.7,30.0,-26.62,PILOTING,SYS_GO,17.7829,1.39,0.0,0.0,250,0.0,0
1771964785.2009,40.1,30.0,-26.67,PILOTING,SYS_GO,17.7887,1.39,0.0,0.0,250,0.0,0
1771964785.2712,35.0,30.0,-26.53,PILOTING,SYS_GO,17.8133,1.39,0.0,0.0,250,0.0,0
1771964785.3173,46.8,30.0,-26.41,PILOTING,SYS_GO,17.8172,1.39,0.0,0.0,250,0.0,0
1771964785.4102,39.7,30.0,-26.12,PILOTING,SYS_GO,17.8484,1.39,0.0,0.0,250,0.0,0
1771964785.4593,44.1,30.0,-26.73,PILOTING,SYS_GO,17.739,1.39,0.0,0.0,250,0.0,0
1771964785.5764,37.2,30.0,-26.84,PILOTING,SYS_GO,17.7756,1.39,0.0,0.0,250,0.0,0
1771964785.6229,35.2,30.0,-26.8,PILOTING,SYS_GO,17.7888,1.39,0.0,0.0,250,0.0,0
1771964785.6987,31.3,30.0,-26.61,PILOTING,SYS_GO,17.8123,1.39,0.0,0.0,250,0.0,0
1771964785.7746,28.4,30.0,-26.35,PILOTING,SYS_GO,17.8337,1.39,0.0,0.0,250,0.0,0
1771964785.8431,26.2,30.0,-26.04,PILOTING,SYS_GO,17.8543,1.39,0.0,0.0,250,0.0,0
1771964785.9279,23.5,30.0,-26.49,PILOTING,SYS_GO,17.7666,1.39,0.0,0.0,250,0.0,0
1771964785.9756,34.9,30.0,-26.72,PILOTING,SYS_GO,17.7711,1.39,0.0,0.0,250,0.0,0
1771964786.0956,29.8,30.0,-26.59,PILOTING,SYS_GO,17.8087,1.39,0.0,0.0,250,0.0,0
1771964786.1491,41.1,30.0,-26.48,PILOTING,SYS_GO,17.8129,1.39,0.0,0.0,250,0.0,0
1771964786.2652,34.7,30.0,-26.14,PILOTING,SYS_GO,17.8522,1.39,0.0,0.0,250,0.0,0
1771964786.3118,44.9,30.0,-25.9,PILOTING,SYS_GO,17.8564,1.39,0.0,0.0,250,0.0,0
1771964786.3907,39.2,30.0,-26.43,PILOTING,SYS_GO,17.762,1.39,0.0,0.0,250,0.0,0
1771964786.4489,35.1,30.0,-26.62,PILOTING,SYS_GO,17.7809,1.39,0.0,0.0,250,0.0,0
1771964786.4955,34.2,30.0,-26.64,PILOTING,SYS_GO,17.7926,1.39,0.0,0.0,250,0.0,0
1771964786.6165,29.3,30.0,-26.39,PILOTING,SYS_GO,17.8308,1.39,0.0,0.0,250,0.0,0
1771964786.6644,36.1,30.0,-26.19,PILOTING,SYS_GO,17.8364,1.39,0.0,0.0,250,0.0,0
1771964786.7227,33.3,30.0,-25.96,PILOTING,SYS_GO,17.8528,1.39,0.0,0.0,250,0.0,0
1771964786.799,29.6,30.0,-26.48,PILOTING,SYS_GO,17.7612,1.39,0.0,0.0,250,0.0,0
1771964786.8476,34.0,30.0,-26.73,PILOTING,SYS_GO,17.7682,1.39,0.0,0.0,250,0.0,0
1771964786.9371,29.7,30.0,-26.68,PILOTING,SYS_GO,17.7968,1.39,0.0,0.0,250,0.0,0
1771964786.9996,28.0,30.0,-26.53,PILOTING,SYS_GO,17.8138,1.39,0.0,0.0,250,0.0,0
1771964787.1065,24.4,30.0,-26.18,PILOTING,SYS_GO,17.8503,1.39,0.0,0.0,250,0.0,0
1771964787.1581,30.4,30.0,-25.92,PILOTING,SYS_GO,17.8569,1.39,0.0,0.0,250,0.0,0
1771964787.2009,30.5,30.0,-26.52,PILOTING,SYS_GO,17.752,1.39,0.0,0.0,250,0.0,0
1771964787.2759,27.8,30.0,-26.72,PILOTING,SYS_GO,17.7735,1.39,0.0,0.0,250,0.0,0
1771964787.3266,30.0,30.0,-26.78,PILOTING,SYS_GO,17.7827,1.39,0.0,0.0,250,0.0,0
1771964787.3972,27.6,30.0,-26.67,PILOTING,SYS_GO,17.8031,1.39,0.0,0.0,250,0.0,0
1771964787.4476,29.7,30.0,-26.53,PILOTING,SYS_GO,17.8126,1.39,0.0,0.0,250,0.0,0
1771964787.5181,26.8,30.0,-26.28,PILOTING,SYS_GO,17.8357,1.39,0.0,0.0,250,0.0,0
1771964787.5641,34.7,30.0,-26.91,PILOTING,SYS_GO,17.7278,1.39,0.0,0.0,250,0.0,0
1771964787.6404,30.5,30.0,-27.1,PILOTING,SYS_GO,17.7536,1.39,0.0,0.0,250,0.0,0
1771964787.6857,37.5,30.0,-27.18,PILOTING,SYS_GO,17.759,1.39,0.0,0.0,250,0.0,0
1771964787.7936,32.2,30.0,-26.98,PILOTING,SYS_GO,17.7921,1.39,0.0,0.0,250,0.0,0
1771964787.8394,35.8,30.0,-26.82,PILOTING,SYS_GO,17.7992,1.39,0.0,0.0,250,0.0,0
1771964787.8887,33.7,30.0,-26.61,PILOTING,SYS_GO,17.8135,1.39,0.0,0.0,250,0.0,0
1771964787.9743,29.7,30.0,-27.09,PILOTING,SYS_GO,17.7295,1.39,0.0,0.0,250,0.0,0
1771964788.0204,34.4,30.0,-27.34,PILOTING,SYS_GO,17.7363,1.39,0.0,0.0,250,0.0,0
1771964788.1337,30.1,30.0,-27.28,PILOTING,SYS_GO,17.7638,1.39,0.0,0.0,250,0.0,0
1771964788.1731,30.7,30.0,-27.17,PILOTING,SYS_GO,17.7748,1.39,0.0,0.0,250,0.0,0
1771964788.2182,29.5,30.0,-27.0,PILOTING,SYS_GO,17.7894,1.39,0.0,0.0,250,0.0,0
1771964788.3251,25.5,30.0,-26.63,PILOTING,SYS_GO,17.8266,1.39,0.0,0.0,250,0.0,0
1771964788.3737,32.4,30.0,-27.17,PILOTING,SYS_GO,17.7206,1.39,0.0,0.0,250,0.0,0
1771964788.4783,28.0,30.0,-27.24,PILOTING,SYS_GO,17.7554,1.39,0.0,0.0,250,0.0,0
1771964788.5303,37.5,30.0,-27.25,PILOTING,SYS_GO,17.7602,1.39,0.0,0.0,250,0.0,0
1771964788.5875,34.3,30.0,-27.14,PILOTING,SYS_GO,17.777,1.39,0.0,0.0,250,0.0,0
1771964788.6772,30.0,30.0,-26.86,PILOTING,SYS_GO,17.8053,1.39,0.0,0.0,250,0.0,0
1771964788.73,32.3,30.0,-26.64,PILOTING,SYS_GO,17.814,1.39,0.0,0.0,250,0.0,0
1771964788.874,27.4,30.0,-26.96,PILOTING,SYS_GO,17.7509,1.39,0.0,0.0,250,0.0,0
1771964788.9225,34.0,30.0,-27.11,PILOTING,SYS_GO,17.7568,1.39,0.0,0.0,250,0.0,0
1771964788.9853,31.4,30.0,-27.07,PILOTING,SYS_GO,17.774,1.39,0.0,0.0,250,0.0,0
1771964789.1011,27.0,30.0,-26.77,PILOTING,SYS_GO,17.8127,1.39,0.0,0.0,250,0.0,0
1771964789.1514,31.6,30.0,-26.54,PILOTING,SYS_GO,17.8199,1.39,0.0,0.0,250,0.0,0
1771964789.1966,30.9,30.0,-26.31,PILOTING,SYS_GO,17.8328,1.39,0.0,0.0,250,0.0,0
1771964789.3139,26.5,30.0,-26.69,PILOTING,SYS_GO,17.7606,1.39,0.0,0.0,250,0.0,0
1771964789.3603,36.4,30.0,-26.88,PILOTING,SYS_GO,17.7653,1.39,0.0,0.0,250,0.0,0
1771964789.4725,31.2,30.0,-26.75,PILOTING,SYS_GO,17.8004,1.39,0.0,0.0,250,0.0,0
1771964789.5126,33.7,30.0,-26.61,PILOTING,SYS_GO,17.8086,1.39,0.0,0.0,250,0.0,0
1771964789.5584,33.3,30.0,-26.44,PILOTING,SYS_GO,17.8201,1.39,0.0,0.0,250,0.0,0
1771964789.6661,28.8,30.0,-26.1,PILOTING,SYS_GO,17.8536,1.39,0.0,0.0,250,0.0,0
1771964789.7114,31.6,30.0,-26.67,PILOTING,SYS_GO,17.7459,1.39,0.0,0.0,250,0.0,0
1771964789.8487,26.9,30.0,-26.69,PILOTING,SYS_GO,17.7911,1.39,0.0,0.0,250,0.0,0
1771964789.8943,32.3,30.0,-26.65,PILOTING,SYS_GO,17.7977,1.39,0.0,0.0,250,0.0,0
1771964789.9712,30.3,30.0,-26.51,PILOTING,SYS_GO,17.8141,1.39,0.0,0.0,250,0.0,0
1771964790.0315,28.1,30.0,-26.29,PILOTING,SYS_GO,17.8325,1.39,0.0,0.0,250,0.0,0
1771964790.0789,28.9,30.0,-26.08,PILOTING,SYS_GO,17.8438,1.39,0.0,0.0,250,0.0,0
1771964790.1954,25.3,30.0,-26.55,PILOTING,SYS_GO,17.7618,1.39,0.0,0.0,250,0.0,0
1771964790.2304,28.8,30.0,-26.76,PILOTING,SYS_GO,17.7702,1.39,0.0,0.0,250,0.0,0
1771964790.2772,33.7,30.0,-26.84,PILOTING,SYS_GO,17.777,1.39,0.0,0.0,250,0.0,0
1771964790.4276,28.4,30.0,-26.54,PILOTING,SYS_GO,17.8262,1.39,0.0,0.0,250,0.0,0
1771964790.4777,36.1,30.0,-26.32,PILOTING,SYS_GO,17.8316,1.39,0.0,0.0,250,0.0,0
1771964790.5968,30.8,30.0,-25.92,PILOTING,SYS_GO,17.8696,1.39,0.0,0.0,250,0.0,0
1771964790.6421,34.9,30.0,-26.47,PILOTING,SYS_GO,17.7581,1.39,0.0,0.0,250,0.0,0
1771964790.7507,29.9,30.0,-26.55,PILOTING,SYS_GO,17.7941,1.39,0.0,0.0,250,0.0,0
1771964790.7984,42.6,30.0,-26.56,PILOTING,SYS_GO,17.7979,1.39,0.0,0.0,250,0.0,0
1771964790.8885,36.7,30.0,-26.37,PILOTING,SYS_GO,17.8259,1.39,0.0,0.0,250,0.0,0
1771964790.9357,41.5,30.0,-26.22,PILOTING,SYS_GO,17.8318,1.39,0.0,0.0,250,0.0,0
1771964791.0571,35.1,30.0,-25.86,PILOTING,SYS_GO,17.8695,1.39,0.0,0.0,250,0.0,0
1771964791.1035,36.2,30.0,-26.42,PILOTING,SYS_GO,17.7599,1.39,0.0,0.0,250,0.0,0
1771964791.1954,31.3,30.0,-26.54,PILOTING,SYS_GO,17.7908,1.39,0.0,0.0,250,0.0,0
1771964791.2495,37.7,30.0,-26.57,PILOTING,SYS_GO,17.7965,1.39,0.0,0.0,250,0.0,0
1771964791.3598,32.4,30.0,-26.35,PILOTING,SYS_GO,17.8291,1.39,0.0,0.0,250,0.0,0
1771964791.3944,35.1,30.0,-26.17,PILOTING,SYS_GO,17.8369,1.39,0.0,0.0,250,0.0,0
1771964791.4512,34.5,30.0,-25.98,PILOTING,SYS_GO,17.8481,1.39,0.0,0.0,250,0.0,0
1771964791.5317,30.6,30.0,-26.51,PILOTING,SYS_GO,17.7575,1.39,0.0,0.0,250,0.0,0
1771964791.5896,29.4,30.0,-26.73,PILOTING,SYS_GO,17.772,1.39,0.0,0.0,250,0.0,0
1771964791.6841,26.1,30.0,-26.66,PILOTING,SYS_GO,17.8002,1.39,0.0,0.0,250,0.0,0
1771964791.7304,26.8,30.0,-26.53,PILOTING,SYS_GO,17.8123,1.39,0.0,0.0,250,0.0,0
1771964791.8374,23.6,30.0,-26.21,PILOTING,SYS_GO,17.8456,1.39,0.0,0.0,250,0.0,0
1771964791.8898,24.4,30.0,-25.93,PILOTING,SYS_GO,17.8588,1.39,0.0,0.0,250,0.0,0
1771964791.9905,21.7,30.0,-26.36,PILOTING,SYS_GO,17.7748,1.39,0.0,0.0,250,0.0,0
1771964792.0372,34.2,30.0,-26.59,PILOTING,SYS_GO,17.779,1.39,0.0,0.0,250,0.0,0
1771964792.1597,29.2,30.0,-26.43,PILOTING,SYS_GO,17.8195,1.39,0.0,0.0,250,0.0,0
1771964792.205,39.7,30.0,-26.31,PILOTING,SYS_GO,17.8239,1.39,0.0,0.0,250,0.0,0
1771964792.2963,34.2,30.0,-26.02,PILOTING,SYS_GO,17.8538,1.39,0.0,0.0,250,0.0,0
1771964792.3455,41.1,30.0,-25.81,PILOTING,SYS_GO,17.859,1.39,0.0,0.0,250,0.0,0
1771964792.4947,34.4,30.0,-26.17,PILOTING,SYS_GO,17.7918,1.39,0.0,0.0,250,0.0,0
1771964792.5445,40.2,30.0,-26.34,PILOTING,SYS_GO,17.7974,1.39,0.0,0.0,250,0.0,0
1771964792.6329,34.7,30.0,-26.24,PILOTING,SYS_GO,17.8254,1.39,0.0,0.0,250,0.0,0
1771964792.6829,35.7,30.0,-26.12,PILOTING,SYS_GO,17.8345,1.39,0.0,0.0,250,0.0,0
1771964792.7872,30.7,30.0,-25.8,PILOTING,SYS_GO,17.8688,1.39,0.0,0.0,250,0.0,0
1771964792.8375,38.5,30.0,-25.58,PILOTING,SYS_GO,17.874,1.39,0.0,0.0,250,0.0,0
1771964792.9082,33.8,30.0,-26.12,PILOTING,SYS_GO,17.7787,1.39,0.0,0.0,250,0.0,0
1771964792.9558,40.9,30.0,-26.41,PILOTING,SYS_GO,17.7839,1.39,0.0,0.0,250,0.0,0
1771964793.0616,34.9,30.0,-26.34,PILOTING,SYS_GO,17.8174,1.39,0.0,0.0,250,0.0,0
1771964793.1071,34.4,30.0,-26.22,PILOTING,SYS_GO,17.8285,1.39,0.0,0.0,250,0.0,0
1771964793.2146,29.7,30.0,-25.92,PILOTING,SYS_GO,17.8613,1.39,0.0,0.0,250,0.0,0
1771964793.2591,30.8,30.0,-25.66,PILOTING,SYS_GO,17.8715,1.39,0.0,0.0,250,0.0,0
1771964793.351,27.3,30.0,-26.16,PILOTING,SYS_GO,17.7803,1.39,0.0,0.0,250,0.0,0
1771964793.3984,30.7,30.0,-26.4,PILOTING,SYS_GO,17.7885,1.39,0.0,0.0,250,0.0,0
1771964793.4734,27.7,30.0,-26.38,PILOTING,SYS_GO,17.8114,1.39,0.0,0.0,250,0.0,0
1771964793.5202,33.8,30.0,-26.32,PILOTING,SYS_GO,17.8176,1.39,0.0,0.0,250,0.0,0
1771964793.6108,29.6,30.0,-26.08,PILOTING,SYS_GO,17.8462,1.39,0.0,0.0,250,0.0,0
1771964793.6588,32.2,30.0,-25.88,PILOTING,SYS_GO,17.8546,1.39,0.0,0.0,250,0.0,0
1771964793.7324,28.7,30.0,-26.42,PILOTING,SYS_GO,17.7628,1.39,0.0,0.0,250,0.0,0
1771964793.784,32.5,30.0,-26.68,PILOTING,SYS_GO,17.7704,1.39,0.0,0.0,250,0.0,0
1771964793.8707,28.4,30.0,-26.63,PILOTING,SYS_GO,17.8002,1.39,0.0,0.0,250,0.0,0
1771964793.9161,34.8,30.0,-26.55,PILOTING,SYS_GO,17.8062,1.39,0.0,0.0,250,0.0,0
1771964793.9941,30.5,30.0,-26.32,PILOTING,SYS_GO,17.8328,1.39,0.0,0.0,250,0.0,0
1771964794.0402,42.6,30.0,-26.15,PILOTING,SYS_GO,17.8368,1.39,0.0,0.0,250,0.0,0
1771964794.1634,35.9,30.0,-26.58,PILOTING,SYS_GO,17.7618,1.39,0.0,0.0,250,0.0,0
1771964794.2255,33.0,30.0,-26.73,PILOTING,SYS_GO,17.7786,1.39,0.0,0.0,250,0.0,0
1771964794.331,28.4,30.0,-26.55,PILOTING,SYS_GO,17.8154,1.39,0.0,0.0,250,0.0,0
1771964794.3789,41.5,30.0,-26.41,PILOTING,SYS_GO,17.8193,1.39,0.0,0.0,250,0.0,0
1771964794.4834,35.4,30.0,-26.1,PILOTING,SYS_GO,17.8518,1.39,0.0,0.0,250,0.0,0
1771964794.5455,37.1,30.0,-25.85,PILOTING,SYS_GO,17.8601,1.39,0.0,0.0,250,0.0,0
1771964794.6056,33.6,30.0,-26.41,PILOTING,SYS_GO,17.7611,1.39,0.0,0.0,250,0.0,0
1771964794.6507,34.6,30.0,-26.68,PILOTING,SYS_GO,17.7705,1.39,0.0,0.0,250,0.0,0
1771964794.727,30.9,30.0,-26.68,PILOTING,SYS_GO,17.7928,1.39,0.0,0.0,250,0.0,0
1771964794.7812,33.5,30.0,-26.62,PILOTING,SYS_GO,17.801,1.39,0.0,0.0,250,0.0,0
1771964794.8504,30.5,30.0,-26.45,PILOTING,SYS_GO,17.8205,1.39,0.0,0.0,250,0.0,0
1771964794.8974,34.1,30.0,-26.29,PILOTING,SYS_GO,17.8278,1.39,0.0,0.0,250,0.0,0
1771964794.9705,30.4,30.0,-26.83,PILOTING,SYS_GO,17.7391,1.39,0.0,0.0,250,0.0,0
1771964795.0341,34.4,30.0,-27.11,PILOTING,SYS_GO,17.7462,1.39,0.0,0.0,250,0.0,0
1771964795.1224,30.1,30.0,-27.07,PILOTING,SYS_GO,17.7736,1.39,0.0,0.0,250,0.0,0
1771964795.18,30.9,30.0,-26.98,PILOTING,SYS_GO,17.7842,1.39,0.0,0.0,250,0.0,0
1771964795.2447,27.9,30.0,-26.76,PILOTING,SYS_GO,17.8067,1.39,0.0,0.0,250,0.0,0
1771964795.291,40.6,30.0,-26.6,PILOTING,SYS_GO,17.8107,1.39,0.0,0.0,250,0.0,0
1771964795.406,34.5,30.0,-27.04,PILOTING,SYS_GO,17.7357,1.39,0.0,0.0,250,0.0,0
1771964795.4475,47.0,30.0,-27.28,PILOTING,SYS_GO,17.7394,1.39,0.0,0.0,250,0.0,0
1771964795.506,41.7,30.0,-27.3,PILOTING,SYS_GO,17.757,1.39,0.0,0.0,250,0.0,0
1771964795.5514,38.1,30.0,-27.2,PILOTING,SYS_GO,17.7721,1.39,0.0,0.0,250,0.0,0
1771964795.6049,38.9,30.0,-27.08,PILOTING,SYS_GO,17.7807,1.39,0.0,0.0,250,0.0,0
1771964795.6723,34.4,30.0,-26.85,PILOTING,SYS_GO,17.8027,1.39,0.0,0.0,250,0.0,0
1771964795.7215,36.4,30.0,-27.43,PILOTING,SYS_GO,17.7024,1.39,0.0,0.0,250,0.0,0
1771964795.811,31.6,30.0,-27.57,PILOTING,SYS_GO,17.7313,1.39,0.0,0.0,250,0.0,0
1771964795.8652,35.2,30.0,-27.6,PILOTING,SYS_GO,17.7386,1.39,0.0,0.0,250,0.0,0
1771964795.9711,30.4,30.0,-27.39,PILOTING,SYS_GO,17.7707,1.39,0.0,0.0,250,0.0,0
1771964796.0109,31.0,30.0,-27.19,PILOTING,SYS_GO,17.7814,1.39,0.0,0.0,250,0.0,0
1771964796.0608,31.1,30.0,-26.99,PILOTING,SYS_GO,17.7929,1.39,0.0,0.0,250,0.0,0
1771964796.1648,27.1,30.0,-27.4,PILOTING,SYS_GO,17.7184,1.39,0.0,0.0,250,0.0,0
1771964796.2108,26.8,30.0,-27.54,PILOTING,SYS_GO,17.7324,1.39,0.0,0.0,250,0.0,0
1771964796.3025,23.9,30.0,-27.42,PILOTING,SYS_GO,17.7623,1.39,0.0,0.0,250,0.0,0
1771964796.3476,35.1,30.0,-27.31,PILOTING,SYS_GO,17.7668,1.39,0.0,0.0,250,0.0,0
1771964796.4432,30.5,30.0,-27.03,PILOTING,SYS_GO,17.7965,1.39,0.0,0.0,250,0.0,0
1771964796.5012,28.6,30.0,-26.74,PILOTING,SYS_GO,17.8136,1.39,0.0,0.0,250,0.0,0
1771964796.5489,37.7,30.0,-27.32,PILOTING,SYS_GO,17.7085,1.39,0.0,0.0,250,0.0,0
1771964796.656,32.2,30.0,-27.42,PILOTING,SYS_GO,17.7432,1.39,0.0,0.0,250,0.0,0
1771964796.7037,41.8,30.0,-27.45,PILOTING,SYS_GO,17.7477,1.39,0.0,0.0,250,0.0,0
1771964796.8186,35.4,30.0,-27.2,PILOTING,SYS_GO,17.7851,1.39,0.0,0.0,250,0.0,0
1771964796.872,33.1,30.0,-26.94,PILOTING,SYS_GO,17.8003,1.39,0.0,0.0,250,0.0,0
1771964796.9196,32.6,30.0,-26.7,PILOTING,SYS_GO,17.812,1.39,0.0,0.0,250,0.0,0
1771964797.0251,28.2,30.0,-27.1,PILOTING,SYS_GO,17.7359,1.39,0.0,0.0,250,0.0,0
1771964797.0735,33.0,30.0,-27.29,PILOTING,SYS_GO,17.7428,1.39,0.0,0.0,250,0.0,0
1771964797.1768,28.4,30.0,-27.16,PILOTING,SYS_GO,17.7776,1.39,0.0,0.0,250,0.0,0
1771964797.2515,26.2,30.0,-26.92,PILOTING,SYS_GO,17.7987,1.39,0.0,0.0,250,0.0,0
1771964797.3045,27.9,30.0,-26.71,PILOTING,SYS_GO,17.8091,1.39,0.0,0.0,250,0.0,0
1771964797.4054,24.4,30.0,-26.34,PILOTING,SYS_GO,17.8428,1.39,0.0,0.0,250,0.0,0
1771964797.4581,27.5,30.0,-26.87,PILOTING,SYS_GO,17.7374,1.39,0.0,0.0,250,0.0,0
1771964797.5328,26.4,30.0,-27.08,PILOTING,SYS_GO,17.754,1.39,0.0,0.0,250,0.0,0
1771964797.607,24.5,30.0,-27.04,PILOTING,SYS_GO,17.7754,1.39,0.0,0.0,250,0.0,0
1771964797.6558,25.8,30.0,-26.94,PILOTING,SYS_GO,17.7869,1.39,0.0,0.0,250,0.0,0
1771964797.7612,22.6,30.0,-26.62,PILOTING,SYS_GO,17.8235,1.39,0.0,0.0,250,0.0,0
1771964797.8084,28.3,30.0,-26.37,PILOTING,SYS_GO,17.8306,1.39,0.0,0.0,250,0.0,0
1771964797.8881,27.1,30.0,-26.92,PILOTING,SYS_GO,17.734,1.39,0.0,0.0,250,0.0,0
1771964797.9457,26.3,30.0,-27.13,PILOTING,SYS_GO,17.7498,1.39,0.0,0.0,250,0.0,0
1771964797.9913,25.8,30.0,-27.15,PILOTING,SYS_GO,17.7649,1.39,0.0,0.0,250,0.0,0
1771964798.0814,22.9,30.0,-26.94,PILOTING,SYS_GO,17.7961,1.39,0.0,0.0,250,0.0,0
1771964798.1273,34.0,30.0,-26.78,PILOTING,SYS_GO,17.8007,1.39,0.0,0.0,250,0.0,0
1771964798.2184,30.3,30.0,-26.52,PILOTING,SYS_GO,17.8239,1.39,0.0,0.0,250,0.0,0
1771964798.2633,30.9,30.0,-27.08,PILOTING,SYS_GO,17.7231,1.39,0.0,0.0,250,0.0,0
1771964798.3106,31.7,30.0,-27.35,PILOTING,SYS_GO,17.7334,1.39,0.0,0.0,250,0.0,0
1771964798.4009,27.6,30.0,-27.28,PILOTING,SYS_GO,17.7653,1.39,0.0,0.0,250,0.0,0
1771964798.4467,34.4,30.0,-27.2,PILOTING,SYS_GO,17.7712,1.39,0.0,0.0,250,0.0,0
1771964798.5373,30.0,30.0,-26.94,PILOTING,SYS_GO,17.8001,1.39,0.0,0.0,250,0.0,0
1771964798.5871,36.6,30.0,-26.74,PILOTING,SYS_GO,17.8058,1.39,0.0,0.0,250,0.0,0
1771964798.6902,31.4,30.0,-27.16,PILOTING,SYS_GO,17.7314,1.39,0.0,0.0,250,0.0,0
1771964798.7369,42.2,30.0,-27.38,PILOTING,SYS_GO,17.7356,1.39,0.0,0.0,250,0.0,0
1771964798.8903,35.2,30.0,-27.14,PILOTING,SYS_GO,17.787,1.39,0.0,0.0,250,0.0,0
1771964798.9351,37.3,30.0,-26.94,PILOTING,SYS_GO,17.7949,1.39,0.0,0.0,250,0.0,0
1771964799.012,33.8,30.0,-26.69,PILOTING,SYS_GO,17.813,1.39,0.0,0.0,250,0.0,0
1771964799.0609,34.9,30.0,-26.48,PILOTING,SYS_GO,17.8221,1.39,0.0,0.0,250,0.0,0
1771964799.1077,33.7,30.0,-27.06,PILOTING,SYS_GO,17.7233,1.39,0.0,0.0,250,0.0,0
1771964799.2103,29.0,30.0,-27.16,PILOTING,SYS_GO,17.7577,1.39,0.0,0.0,250,0.0,0
1771964799.2561,34.6,30.0,-27.17,PILOTING,SYS_GO,17.7641,1.39,0.0,0.0,250,0.0,0
1771964799.348,30.2,30.0,-26.98,PILOTING,SYS_GO,17.7922,1.39,0.0,0.0,250,0.0,0
1771964799.3958,32.5,30.0,-26.8,PILOTING,SYS_GO,17.8008,1.39,0.0,0.0,250,0.0,0
1771964799.5014,28.1,30.0,-26.45,PILOTING,SYS_GO,17.8358,1.39,0.0,0.0,250,0.0,0
1771964799.5476,35.1,30.0,-27.0,PILOTING,SYS_GO,17.7281,1.39,0.0,0.0,250,0.0,0
1771964799.6037,32.8,30.0,-27.23,PILOTING,SYS_GO,17.7435,1.39,0.0,0.0,250,0.0,0
1771964799.6994,28.6,30.0,-27.14,PILOTING,SYS_GO,17.7742,1.39,0.0,0.0,250,0.0,0
1771964799.7483,33.5,30.0,-27.04,PILOTING,SYS_GO,17.781,1.39,0.0,0.0,250,0.0,0
1771964799.8526,28.9,30.0,-26.73,PILOTING,SYS_GO,17.8157,1.39,0.0,0.0,250,0.0,0
1771964799.9031,35.8,30.0,-26.51,PILOTING,SYS_GO,17.8214,1.39,0.0,0.0,250,0.0,0
1771964799.9918,31.1,30.0,-26.96,PILOTING,SYS_GO,17.7399,1.39,0.0,0.0,250,0.0,0
1771964800.0373,35.0,30.0,-27.18,PILOTING,SYS_GO,17.7469,1.39,0.0,0.0,250,0.0,0
1771964800.1436,30.1,30.0,-27.06,PILOTING,SYS_GO,17.7814,1.39,0.0,0.0,250,0.0,0
1771964800.1932,36.3,30.0,-26.95,PILOTING,SYS_GO,17.7873,1.39,0.0,0.0,250,0.0,0
1771964800.2947,31.5,30.0,-26.67,PILOTING,SYS_GO,17.8168,1.39,0.0,0.0,250,0.0,0
1771964800.342,43.0,30.0,-26.47,PILOTING,SYS_GO,17.8209,1.39,0.0,0.0,250,0.0,0
1771964800.4351,37.4,30.0,-26.98,PILOTING,SYS_GO,17.7336,1.39,0.0,0.0,250,0.0,0
1771964800.479,47.7,30.0,-27.26,PILOTING,SYS_GO,17.7377,1.39,0.0,0.0,250,0.0,0
1771964800.5817,40.5,30.0,-27.21,PILOTING,SYS_GO,17.7678,1.39,0.0,0.0,250,0.0,0
1771964800.6163,39.1,30.0,-27.1,PILOTING,SYS_GO,17.7786,1.39,0.0,0.0,250,0.0,0
1771964800.6655,36.2,30.0,-26.93,PILOTING,SYS_GO,17.7931,1.39,0.0,0.0,250,0.0,0
1771964800.7841,30.9,30.0,-26.56,PILOTING,SYS_GO,17.8304,1.39,0.0,0.0,250,0.0,0
1771964800.8303,44.7,30.0,-27.12,PILOTING,SYS_GO,17.7215,1.39,0.0,0.0,250,0.0,0
1771964800.9667,37.4,30.0,-27.14,PILOTING,SYS_GO,17.7658,1.39,0.0,0.0,250,0.0,0
1771964801.0133,45.9,30.0,-27.12,PILOTING,SYS_GO,17.7703,1.39,0.0,0.0,250,0.0,0
1771964801.0878,39.6,30.0,-26.92,PILOTING,SYS_GO,17.7957,1.39,0.0,0.0,250,0.0,0
1771964801.1373,44.0,30.0,-26.76,PILOTING,SYS_GO,17.8015,1.39,0.0,0.0,250,0.0,0
1771964801.2414,37.4,30.0,-26.44,PILOTING,SYS_GO,17.8333,1.39,0.0,0.0,250,0.0,0
1771964801.2899,36.4,30.0,-26.98,PILOTING,SYS_GO,17.7314,1.39,0.0,0.0,250,0.0,0
1771964801.3381,36.6,30.0,-27.23,PILOTING,SYS_GO,17.741,1.39,0.0,0.0,250,0.0,0
1771964801.442,31.3,30.0,-27.12,PILOTING,SYS_GO,17.7775,1.39,0.0,0.0,250,0.0,0
1771964801.4901,40.4,30.0,-27.02,PILOTING,SYS_GO,17.7822,1.39,0.0,0.0,250,0.0,0
1771964801.5791,35.3,30.0,-26.79,PILOTING,SYS_GO,17.8063,1.39,0.0,0.0,250,0.0,0
1771964801.6293,34.2,30.0,-26.56,PILOTING,SYS_GO,17.8183,1.39,0.0,0.0,250,0.0,0
1771964801.6781,35.7,30.0,-27.16,PILOTING,SYS_GO,17.7162,1.39,0.0,0.0,250,0.0,0
1771964801.7484,31.7,30.0,-27.35,PILOTING,SYS_GO,17.7394,1.39,0.0,0.0,250,0.0,0
1771964801.7951,37.3,30.0,-27.42,PILOTING,SYS_GO,17.7454,1.39,0.0,0.0,250,0.0,0
1771964801.8872,32.1,30.0,-27.24,PILOTING,SYS_GO,17.7773,1.39,0.0,0.0,250,0.0,0
1771964801.934,44.1,30.0,-27.1,PILOTING,SYS_GO,17.7812,1.39,0.0,0.0,250,0.0,0
1771964802.0725,36.9,30.0,-26.69,PILOTING,SYS_GO,17.8271,1.39,0.0,0.0,250,0.0,0
1771964802.1188,42.7,30.0,-27.2,PILOTING,SYS_GO,17.7205,1.39,0.0,0.0,250,0.0,0
1771964802.2267,36.3,30.0,-27.28,PILOTING,SYS_GO,17.7537,1.39,0.0,0.0,250,0.0,0
1771964802.2779,38.9,30.0,-27.27,PILOTING,SYS_GO,17.761,1.39,0.0,0.0,250,0.0,0
1771964802.3767,33.4,30.0,-27.03,PILOTING,SYS_GO,17.7927,1.39,0.0,0.0,250,0.0,0
1771964802.4221,44.9,30.0,-26.86,PILOTING,SYS_GO,17.7967,1.39,0.0,0.0,250,0.0,0
1771964802.5279,38.1,30.0,-26.53,PILOTING,SYS_GO,17.8292,1.39,0.0,0.0,250,0.0,0
1771964802.5754,41.9,30.0,-27.09,PILOTING,SYS_GO,17.7232,1.39,0.0,0.0,250,0.0,0
1771964802.6642,35.9,30.0,-27.21,PILOTING,SYS_GO,17.7531,1.39,0.0,0.0,250,0.0,0
1771964802.7148,40.0,30.0,-27.24,PILOTING,SYS_GO,17.7595,1.39,0.0,0.0,250,0.0,0
1771964802.8079,34.9,30.0,-27.08,PILOTING,SYS_GO,17.7839,1.39,0.0,0.0,250,0.0,0
1771964802.857,45.1,30.0,-26.95,PILOTING,SYS_GO,17.7881,1.39,0.0,0.0,250,0.0,0
1771964802.9497,39.0,30.0,-26.7,PILOTING,SYS_GO,17.8125,1.39,0.0,0.0,250,0.0,0
1771964803.0023,35.8,30.0,-27.23,PILOTING,SYS_GO,17.7182,1.39,0.0,0.0,250,0.0,0
1771964803.0655,33.1,30.0,-27.43,PILOTING,SYS_GO,17.7345,1.39,0.0,0.0,250,0.0,0
1771964803.156,28.7,30.0,-27.32,PILOTING,SYS_GO,17.7663,1.39,0.0,0.0,250,0.0,0
1771964803.206,41.0,30.0,-27.23,PILOTING,SYS_GO,17.7703,1.39,0.0,0.0,250,0.0,0
1771964803.3097,34.8,30.0,-26.91,PILOTING,SYS_GO,17.8069,1.39,0.0,0.0,250,0.0,0
1771964803.3583,45.9,30.0,-26.69,PILOTING,SYS_GO,17.8108,1.39,0.0,0.0,250,0.0,0
1771964803.4635,39.0,30.0,-27.11,PILOTING,SYS_GO,17.7336,1.39,0.0,0.0,250,0.0,0
1771964803.5093,40.2,30.0,-27.31,PILOTING,SYS_GO,17.7415,1.39,0.0,0.0,250,0.0,0
1771964803.5855,34.9,30.0,-27.24,PILOTING,SYS_GO,17.7679,1.39,0.0,0.0,250,0.0,0
1771964803.6357,45.4,30.0,-27.16,PILOTING,SYS_GO,17.772,1.39,0.0,0.0,250,0.0,0
1771964803.7303,39.2,30.0,-26.94,PILOTING,SYS_GO,17.7974,1.39,0.0,0.0,250,0.0,0
1771964803.7687,48.7,30.0,-26.77,PILOTING,SYS_GO,17.8016,1.39,0.0,0.0,250,0.0,0
1771964803.8561,42.2,30.0,-27.29,PILOTING,SYS_GO,17.716,1.39,0.0,0.0,250,0.0,0
1771964803.8904,41.8,30.0,-27.53,PILOTING,SYS_GO,17.7249,1.39,0.0,0.0,250,0.0,0
1771964803.9384,41.6,30.0,-27.62,PILOTING,SYS_GO,17.7338,1.39,0.0,0.0,250,0.0,0
1771964804.0146,36.4,30.0,-27.5,PILOTING,SYS_GO,17.757,1.39,0.0,0.0,250,0.0,0
1771964804.0629,36.1,30.0,-27.36,PILOTING,SYS_GO,17.7673,1.39,0.0,0.0,250,0.0,0
1771964804.1841,30.6,30.0,-26.96,PILOTING,SYS_GO,17.8101,1.39,0.0,0.0,250,0.0,0
1771964804.2299,36.5,30.0,-27.47,PILOTING,SYS_GO,17.7066,1.39,0.0,0.0,250,0.0,0
1771964804.3401,31.1,30.0,-27.5,PILOTING,SYS_GO,17.7446,1.39,0.0,0.0,250,0.0,0
1771964804.3829,38.9,30.0,-27.48,PILOTING,SYS_GO,17.7497,1.39,0.0,0.0,250,0.0,0
1771964804.4753,33.5,30.0,-27.26,PILOTING,SYS_GO,17.7796,1.39,0.0,0.0,250,0.0,0
1771964804.5218,38.2,30.0,-27.08,PILOTING,SYS_GO,17.7859,1.39,0.0,0.0,250,0.0,0
1771964804.6458,32.4,30.0,-26.68,PILOTING,SYS_GO,17.8254,1.39,0.0,0.0,250,0.0,0
1771964804.6906,36.9,30.0,-27.2,PILOTING,SYS_GO,17.7201,1.39,0.0,0.0,250,0.0,0
1771964804.7403,36.0,30.0,-27.44,PILOTING,SYS_GO,17.7311,1.39,0.0,0.0,250,0.0,0
1771964804.829,31.3,30.0,-27.37,PILOTING,SYS_GO,17.7607,1.39,0.0,0.0,250,0.0,0
1771964804.8751,37.6,30.0,-27.28,PILOTING,SYS_GO,17.7664,1.39,0.0,0.0,250,0.0,0
1771964804.9367,34.3,30.0,-27.11,PILOTING,SYS_GO,17.7837,1.39,0.0,0.0,250,0.0,0
1771964804.9829,32.2,30.0,-26.89,PILOTING,SYS_GO,17.7989,1.39,0.0,0.0,250,0.0,0
1771964805.0392,35.6,30.0,-27.48,PILOTING,SYS_GO,17.6983,1.39,0.0,0.0,250,0.0,0
1771964805.125,31.4,30.0,-27.66,PILOTING,SYS_GO,17.7232,1.39,0.0,0.0,250,0.0,0
1771964805.1684,34.0,30.0,-27.71,PILOTING,SYS_GO,17.7313,1.39,0.0,0.0,250,0.0,0
1771964805.2449,30.3,30.0,-27.58,PILOTING,SYS_GO,17.7542,1.39,0.0,0.0,250,0.0,0
1771964805.2944,34.3,30.0,-27.44,PILOTING,SYS_GO,17.7613,1.39,0.0,0.0,250,0.0,0
1771964805.4141,29.3,30.0,-27.09,PILOTING,SYS_GO,17.8002,1.39,0.0,0.0,250,0.0,0
1771964805.4635,30.4,30.0,-27.57,PILOTING,SYS_GO,17.7024,1.39,0.0,0.0,250,0.0,0
1771964805.5524,27.0,30.0,-27.67,PILOTING,SYS_GO,17.7298,1.39,0.0,0.0,250,0.0,0
1771964805.6117,27.4,30.0,-27.64,PILOTING,SYS_GO,17.7422,1.39,0.0,0.0,250,0.0,0
1771964805.689,24.6,30.0,-27.42,PILOTING,SYS_GO,17.7691,1.39,0.0,0.0,250,0.0,0
1771964805.7358,30.4,30.0,-27.25,PILOTING,SYS_GO,17.7758,1.39,0.0,0.0,250,0.0,0
1771964805.7823,29.5,30.0,-27.05,PILOTING,SYS_GO,17.7895,1.39,0.0,0.0,250,0.0,0
1771964805.8729,26.1,30.0,-27.48,PILOTING,SYS_GO,17.7124,1.39,0.0,0.0,250,0.0,0
1771964805.9185,28.3,30.0,-27.67,PILOTING,SYS_GO,17.722,1.39,0.0,0.0,250,0.0,0
1771964806.052,24.5,30.0,-27.5,PILOTING,SYS_GO,17.7604,1.39,0.0,0.0,250,0.0,0
1771964806.1026,34.5,30.0,-27.37,PILOTING,SYS_GO,17.7653,1.39,0.0,0.0,250,0.0,0
1771964806.2058,30.2,30.0,-27.1,PILOTING,SYS_GO,17.7926,1.39,0.0,0.0,250,0.0,0
1771964806.2523,29.4,30.0,-26.83,PILOTING,SYS_GO,17.8065,1.39,0.0,0.0,250,0.0,0
1771964806.2973,39.3,30.0,-27.42,PILOTING,SYS_GO,17.7021,1.39,0.0,0.0,250,0.0,0
1771964806.4186,33.3,30.0,-27.5,PILOTING,SYS_GO,17.7406,1.39,0.0,0.0,250,0.0,0
1771964806.4648,40.0,30.0,-27.51,PILOTING,SYS_GO,17.746,1.39,0.0,0.0,250,0.0,0
1771964806.5778,34.0,30.0,-27.26,PILOTING,SYS_GO,17.7808,1.39,0.0,0.0,250,0.0,0
1771964806.6187,37.0,30.0,-27.06,PILOTING,SYS_GO,17.7882,1.39,0.0,0.0,250,0.0,0
1771964806.6663,35.0,30.0,-26.85,PILOTING,SYS_GO,17.8016,1.39,0.0,0.0,250,0.0,0
1771964806.7567,30.3,30.0,-27.27,PILOTING,SYS_GO,17.7245,1.39,0.0,0.0,250,0.0,0
1771964806.802,43.9,30.0,-27.5,PILOTING,SYS_GO,17.7282,1.39,0.0,0.0,250,0.0,0
1771964806.9085,37.1,30.0,-27.37,PILOTING,SYS_GO,17.7652,1.39,0.0,0.0,250,0.0,0
1771964806.9567,48.6,30.0,-27.27,PILOTING,SYS_GO,17.769,1.39,0.0,0.0,250,0.0,0
1771964807.0605,41.0,30.0,-26.96,PILOTING,SYS_GO,17.8031,1.39,0.0,0.0,250,0.0,0
1771964807.1074,41.6,30.0,-26.71,PILOTING,SYS_GO,17.8112,1.39,0.0,0.0,250,0.0,0
1771964807.1992,35.6,30.0,-27.13,PILOTING,SYS_GO,17.7333,1.39,0.0,0.0,250,0.0,0
1771964807.2482,46.6,30.0,-27.35,PILOTING,SYS_GO,17.7373,1.39,0.0,0.0,250,0.0,0
1771964807.3532,39.4,30.0,-27.24,PILOTING,SYS_GO,17.7712,1.39,0.0,0.0,250,0.0,0
1771964807.3994,44.4,30.0,-27.13,PILOTING,SYS_GO,17.7768,1.39,0.0,0.0,250,0.0,0
1771964807.4957,37.8,30.0,-26.84,PILOTING,SYS_GO,17.8084,1.39,0.0,0.0,250,0.0,0
1771964807.5401,48.4,30.0,-26.63,PILOTING,SYS_GO,17.8124,1.39,0.0,0.0,250,0.0,0
1771964807.5834,48.5,30.0,-27.25,PILOTING,SYS_GO,17.7099,1.39,0.0,0.0,250,0.0,0
1771964807.6597,41.9,30.0,-27.45,PILOTING,SYS_GO,17.7334,1.39,0.0,0.0,250,0.0,0
1771964807.7059,41.9,30.0,-27.51,PILOTING,SYS_GO,17.742,1.39,0.0,0.0,250,0.0,0
1771964807.7978,36.2,30.0,-27.34,PILOTING,SYS_GO,17.7695,1.39,0.0,0.0,250,0.0,0
1771964807.8432,45.9,30.0,-27.22,PILOTING,SYS_GO,17.7737,1.39,0.0,0.0,250,0.0,0
1771964807.9493,38.9,30.0,-26.9,PILOTING,SYS_GO,17.8071,1.39,0.0,0.0,250,0.0,0
1771964807.9961,41.3,30.0,-27.44,PILOTING,SYS_GO,17.7051,1.39,0.0,0.0,250,0.0,0
1771964808.0959,35.6,30.0,-27.57,PILOTING,SYS_GO,17.733,1.39,0.0,0.0,250,0.0,0
1771964808.1339,39.1,30.0,-27.59,PILOTING,SYS_GO,17.7398,1.39,0.0,0.0,250,0.0,0
1771964808.193,35.0,30.0,-27.47,PILOTING,SYS_GO,17.7592,1.39,0.0,0.0,250,0.0,0
1771964808.3137,29.7,30.0,-27.09,PILOTING,SYS_GO,17.8016,1.39,0.0,0.0,250,0.0,0
1771964808.3587,37.1,30.0,-26.83,PILOTING,SYS_GO,17.8069,1.39,0.0,0.0,250,0.0,0
1771964808.4438,32.7,30.0,-27.27,PILOTING,SYS_GO,17.7221,1.39,0.0,0.0,250,0.0,0
1771964808.4942,31.9,30.0,-27.45,PILOTING,SYS_GO,17.7347,1.39,0.0,0.0,250,0.0,0
1771964808.5405,33.2,30.0,-27.5,PILOTING,SYS_GO,17.7441,1.39,0.0,0.0,250,0.0,0
1771964808.5999,30.1,30.0,-27.38,PILOTING,SYS_GO,17.7642,1.39,0.0,0.0,250,0.0,0
1771964808.6477,37.6,30.0,-27.27,PILOTING,SYS_GO,17.7695,1.39,0.0,0.0,250,0.0,0
1771964808.7523,32.1,30.0,-26.95,PILOTING,SYS_GO,17.8048,1.39,0.0,0.0,250,0.0,0
1771964808.798,36.1,30.0,-27.48,PILOTING,SYS_GO,17.703,1.39,0.0,0.0,250,0.0,0
1771964808.8731,31.8,30.0,-27.63,PILOTING,SYS_GO,17.7275,1.39,0.0,0.0,250,0.0,0
1771964808.9228,43.7,30.0,-27.69,PILOTING,SYS_GO,17.7315,1.39,0.0,0.0,250,0.0,0
1771964809.0422,36.8,30.0,-27.44,PILOTING,SYS_GO,17.771,1.39,0.0,0.0,250,0.0,0
1771964809.0893,38.0,30.0,-27.23,PILOTING,SYS_GO,17.7794,1.39,0.0,0.0,250,0.0,0
1771964809.1801,32.7,30.0,-26.89,PILOTING,SYS_GO,17.8098,1.39,0.0,0.0,250,0.0,0
1771964809.2284,43.1,30.0,-27.44,PILOTING,SYS_GO,17.7046,1.39,0.0,0.0,250,0.0,0
1771964809.3172,36.8,30.0,-27.54,PILOTING,SYS_GO,17.7358,1.39,0.0,0.0,250,0.0,0
1771964809.365,48.4,30.0,-27.58,PILOTING,SYS_GO,17.7396,1.39,0.0,0.0,250,0.0,0
1771964809.442,41.8,30.0,-27.43,PILOTING,SYS_GO,17.7631,1.39,0.0,0.0,250,0.0,0
1771964809.4838,39.4,30.0,-27.26,PILOTING,SYS_GO,17.7752,1.39,0.0,0.0,250,0.0,0
1771964809.5313,40.4,30.0,-27.1,PILOTING,SYS_GO,17.7832,1.39,0.0,0.0,250,0.0,0
1771964809.6209,35.0,30.0,-27.56,PILOTING,SYS_GO,17.7053,1.39,0.0,0.0,250,0.0,0
1771964809.6712,42.7,30.0,-27.8,PILOTING,SYS_GO,17.7102,1.39,0.0,0.0,250,0.0,0
1771964809.7419,37.1,30.0,-27.77,PILOTING,SYS_GO,17.7347,1.39,0.0,0.0,250,0.0,0
1771964809.7901,43.0,30.0,-27.71,PILOTING,SYS_GO,17.7401,1.39,0.0,0.0,250,0.0,0
1771964809.9107,36.2,30.0,-27.39,PILOTING,SYS_GO,17.78,1.39,0.0,0.0,250,0.0,0
1771964809.9664,42.8,30.0,-27.16,PILOTING,SYS_GO,17.7852,1.39,0.0,0.0,250,0.0,0
1771964810.0637,36.4,30.0,-27.54,PILOTING,SYS_GO,17.7126,1.39,0.0,0.0,250,0.0,0
1771964810.1096,48.8,30.0,-27.75,PILOTING,SYS_GO,17.7163,1.39,0.0,0.0,250,0.0,0
1771964810.1997,42.3,30.0,-27.71,PILOTING,SYS_GO,17.7382,1.39,0.0,0.0,250,0.0,0
1771964810.2557,43.9,30.0,-27.64,PILOTING,SYS_GO,17.7453,1.39,0.0,0.0,250,0.0,0
1771964810.3099,39.4,30.0,-27.48,PILOTING,SYS_GO,17.7621,1.39,0.0,0.0,250,0.0,0
1771964810.3851,34.7,30.0,-27.22,PILOTING,SYS_GO,17.7849,1.39,0.0,0.0,250,0.0,0
1771964810.4312,37.3,30.0,-27.76,PILOTING,SYS_GO,17.6867,1.39,0.0,0.0,250,0.0,0
1771964810.5378,32.0,30.0,-27.86,PILOTING,SYS_GO,17.7192,1.39,0.0,0.0,250,0.0,0
1771964810.6127,36.8,30.0,-27.87,PILOTING,SYS_GO,17.7257,1.39,0.0,0.0,250,0.0,0
1771964810.6598,34.0,30.0,-27.76,PILOTING,SYS_GO,17.7412,1.39,0.0,0.0,250,0.0,0
1771964810.7061,41.7,30.0,-27.67,PILOTING,SYS_GO,17.7462,1.39,0.0,0.0,250,0.0,0
1771964810.8135,35.5,30.0,-27.37,PILOTING,SYS_GO,17.7794,1.39,0.0,0.0,250,0.0,0
1771964810.8601,37.6,30.0,-27.88,PILOTING,SYS_GO,17.6823,1.39,0.0,0.0,250,0.0,0
1771964810.9829,31.9,30.0,-27.91,PILOTING,SYS_GO,17.7212,1.39,0.0,0.0,250,0.0,0
1771964811.0293,34.3,30.0,-27.88,PILOTING,SYS_GO,17.7295,1.39,0.0,0.0,250,0.0,0
1771964811.1341,29.4,30.0,-27.6,PILOTING,SYS_GO,17.765,1.39,0.0,0.0,250,0.0,0
1771964811.1819,41.6,30.0,-27.4,PILOTING,SYS_GO,17.769,1.39,0.0,0.0,250,0.0,0
1771964811.318,35.0,30.0,-26.98,PILOTING,SYS_GO,17.8118,1.39,0.0,0.0,250,0.0,0
1771964811.3648,39.6,30.0,-27.46,PILOTING,SYS_GO,17.7083,1.39,0.0,0.0,250,0.0,0
1771964811.4098,51.2,30.0,-27.73,PILOTING,SYS_GO,17.712,1.39,0.0,0.0,250,0.0,0
1771964811.4574,60.2,30.0,-27.86,PILOTING,SYS_GO,17.7157,1.39,0.0,0.0,250,0.0,0
1771964811.5031,67.4,30.0,-27.92,PILOTING,SYS_GO,17.7195,1.39,0.0,0.0,250,0.0,0
1771964811.5489,76.2,30.0,-27.93,PILOTING,SYS_GO,17.7227,1.39,0.0,0.0,250,0.0,0
1771964811.5958,82.4,30.0,-27.91,PILOTING,SYS_GO,17.726,1.39,0.0,0.0,250,0.0,0
1771964811.6424,83.1,30.0,-28.53,PILOTING,SYS_GO,17.6333,1.39,0.0,0.0,250,0.0,0
1771964811.6893,83.0,30.0,-28.87,PILOTING,SYS_GO,17.6377,1.39,0.0,0.0,250,0.0,0
1771964811.7351,87.4,30.0,-29.06,PILOTING,SYS_GO,17.6411,1.39,0.0,0.0,250,0.0,0
1771964811.7825,91.0,30.0,-29.15,PILOTING,SYS_GO,17.6445,1.39,0.0,0.0,250,0.0,0
1771964811.8288,91.9,30.0,-29.18,PILOTING,SYS_GO,17.6483,1.39,0.0,0.0,250,0.0,0
1771964811.8753,95.9,30.0,-29.17,PILOTING,SYS_GO,17.6515,1.39,0.0,0.0,250,0.0,0
1771964811.9211,95.9,30.0,-29.66,PILOTING,SYS_GO,17.5696,1.39,0.0,0.0,250,0.0,0
1771964811.9675,97.8,30.0,-29.93,PILOTING,SYS_GO,17.573,1.39,0.0,0.0,250,0.0,0
1771964812.0127,98.1,30.0,-30.08,PILOTING,SYS_GO,17.5766,1.39,0.0,0.0,250,0.0,0
1771964812.0579,99.2,30.0,-30.15,PILOTING,SYS_GO,17.5801,1.39,0.0,0.0,250,0.0,0
1771964812.1045,98.9,30.0,-30.17,PILOTING,SYS_GO,17.5838,1.39,0.0,0.0,250,0.0,0
1771964812.1499,98.3,30.0,-30.16,PILOTING,SYS_GO,17.5875,1.39,0.0,0.0,250,0.0,0
1771964812.1979,99.7,30.0,-30.48,PILOTING,SYS_GO,17.5148,1.39,0.0,0.0,250,0.0,0
1771964812.2426,97.9,30.0,-30.66,PILOTING,SYS_GO,17.5188,1.39,0.0,0.0,250,0.0,0
1771964812.2885,93.6,30.0,-30.75,PILOTING,SYS_GO,17.5235,1.39,0.0,0.0,250,0.0,0
1771964812.364,78.2,30.0,-30.72,PILOTING,SYS_GO,17.5449,1.39,0.0,0.0,250,0.0,0
1771964812.4703,64.6,30.0,-30.53,PILOTING,SYS_GO,17.5803,1.39,0.0,0.0,250,0.0,0
1771964812.5235,60.5,30.0,-30.37,PILOTING,SYS_GO,17.5884,1.39,0.0,0.0,250,0.0,0
1771964812.6069,51.3,30.0,-30.53,PILOTING,SYS_GO,17.5371,1.39,0.0,0.0,250,0.0,0
1771964812.6538,47.4,30.0,-30.57,PILOTING,SYS_GO,17.5484,1.39,0.0,0.0,250,0.0,0
1771964812.7599,39.9,30.0,-30.41,PILOTING,SYS_GO,17.5856,1.39,0.0,0.0,250,0.0,0
1771964812.8057,38.9,30.0,-30.26,PILOTING,SYS_GO,17.596,1.39,0.0,0.0,250,0.0,0
1771964812.8528,36.8,30.0,-30.09,PILOTING,SYS_GO,17.6086,1.39,0.0,0.0,250,0.0,0
1771964812.9586,31.4,30.0,-29.77,PILOTING,SYS_GO,17.6446,1.39,0.0,0.0,250,0.0,0
1771964813.0075,39.2,30.0,-30.04,PILOTING,SYS_GO,17.565,1.39,0.0,0.0,250,0.0,0
1771964813.0768,37.2,30.0,-30.14,PILOTING,SYS_GO,17.5773,1.39,0.0,0.0,250,0.0,0
1771964813.1105,36.4,30.0,-30.14,PILOTING,SYS_GO,17.5882,1.39,0.0,0.0,250,0.0,0
1771964813.1628,44.4,30.0,-30.11,PILOTING,SYS_GO,17.5929,1.39,0.0,0.0,250,0.0,0
1771964813.2504,37.9,30.0,-29.91,PILOTING,SYS_GO,17.6234,1.39,0.0,0.0,250,0.0,0
1771964813.2954,44.1,30.0,-29.76,PILOTING,SYS_GO,17.6286,1.39,0.0,0.0,250,0.0,0
1771964813.3899,37.5,30.0,-29.97,PILOTING,SYS_GO,17.5781,1.39,0.0,0.0,250,0.0,0
1771964813.4387,41.8,30.0,-30.06,PILOTING,SYS_GO,17.5842,1.39,0.0,0.0,250,0.0,0
1771964813.4855,41.2,30.0,-30.06,PILOTING,SYS_GO,17.5934,1.39,0.0,0.0,250,0.0,0
1771964813.5559,36.6,30.0,-29.94,PILOTING,SYS_GO,17.6136,1.39,0.0,0.0,250,0.0,0
1771964813.6024,34.6,30.0,-29.79,PILOTING,SYS_GO,17.627,1.39,0.0,0.0,250,0.0,0
1771964813.6948,30.3,30.0,-29.52,PILOTING,SYS_GO,17.6542,1.39,0.0,0.0,250,0.0,0
1771964813.7441,33.6,30.0,-29.84,PILOTING,SYS_GO,17.5758,1.39,0.0,0.0,250,0.0,0
1771964813.8153,30.0,30.0,-29.9,PILOTING,SYS_GO,17.5987,1.39,0.0,0.0,250,0.0,0
1771964813.8714,35.2,30.0,-29.9,PILOTING,SYS_GO,17.6051,1.39,0.0,0.0,250,0.0,0
1771964813.9388,31.6,30.0,-29.77,PILOTING,SYS_GO,17.6256,1.39,0.0,0.0,250,0.0,0
1771964813.9947,37.0,30.0,-29.66,PILOTING,SYS_GO,17.6318,1.39,0.0,0.0,250,0.0,0
1771964814.0788,32.5,30.0,-29.43,PILOTING,SYS_GO,17.657,1.39,0.0,0.0,250,0.0,0
1771964814.124,31.0,30.0,-29.73,PILOTING,SYS_GO,17.5847,1.39,0.0,0.0,250,0.0,0
1771964814.2302,26.8,30.0,-29.71,PILOTING,SYS_GO,17.6198,1.39,0.0,0.0,250,0.0,0
1771964814.2816,30.5,30.0,-29.64,PILOTING,SYS_GO,17.6278,1.39,0.0,0.0,250,0.0,0
1771964814.3645,29.3,30.0,-29.51,PILOTING,SYS_GO,17.6425,1.39,0.0,0.0,250,0.0,0
1771964814.4168,39.9,30.0,-29.4,PILOTING,SYS_GO,17.6469,1.39,0.0,0.0,250,0.0,0
1771964814.4635,40.5,30.0,-29.28,PILOTING,SYS_GO,17.6553,1.39,0.0,0.0,250,0.0,0
1771964814.5343,35.7,30.0,-29.61,PILOTING,SYS_GO,17.5906,1.39,0.0,0.0,250,0.0,0
1771964814.5793,36.8,30.0,-29.76,PILOTING,SYS_GO,17.5993,1.39,0.0,0.0,250,0.0,0
1771964814.6739,32.0,30.0,-29.67,PILOTING,SYS_GO,17.6281,1.39,0.0,0.0,250,0.0,0
1771964814.7292,33.2,30.0,-29.56,PILOTING,SYS_GO,17.6376,1.39,0.0,0.0,250,0.0,0
1771964814.7953,29.8,30.0,-29.35,PILOTING,SYS_GO,17.66,1.39,0.0,0.0,250,0.0,0
1771964814.8425,39.9,30.0,-29.19,PILOTING,SYS_GO,17.6645,1.39,0.0,0.0,250,0.0,0
1771964814.9489,33.9,30.0,-29.42,PILOTING,SYS_GO,17.6129,1.39,0.0,0.0,250,0.0,0
1771964814.9935,44.2,30.0,-29.54,PILOTING,SYS_GO,17.6172,1.39,0.0,0.0,250,0.0,0
1771964815.0853,38.0,30.0,-29.44,PILOTING,SYS_GO,17.6447,1.39,0.0,0.0,250,0.0,0
1771964815.1323,40.2,30.0,-29.33,PILOTING,SYS_GO,17.652,1.39,0.0,0.0,250,0.0,0
1771964815.2075,34.9,30.0,-29.08,PILOTING,SYS_GO,17.6779,1.39,0.0,0.0,250,0.0,0
1771964815.2562,47.8,30.0,-28.92,PILOTING,SYS_GO,17.6815,1.39,0.0,0.0,250,0.0,0
1771964815.3606,40.4,30.0,-29.18,PILOTING,SYS_GO,17.6256,1.39,0.0,0.0,250,0.0,0
1771964815.4075,44.0,30.0,-29.3,PILOTING,SYS_GO,17.6318,1.39,0.0,0.0,250,0.0,0
1771964815.4988,37.5,30.0,-29.17,PILOTING,SYS_GO,17.6632,1.39,0.0,0.0,250,0.0,0
1771964815.5472,49.0,30.0,-29.07,PILOTING,SYS_GO,17.667,1.39,0.0,0.0,250,0.0,0
1771964815.6094,43.8,30.0,-28.9,PILOTING,SYS_GO,17.6824,1.39,0.0,0.0,250,0.0,0
1771964815.6537,42.7,30.0,-28.73,PILOTING,SYS_GO,17.6918,1.39,0.0,0.0,250,0.0,0
1771964815.7085,40.9,30.0,-29.16,PILOTING,SYS_GO,17.6107,1.39,0.0,0.0,250,0.0,0
1771964815.7906,35.7,30.0,-29.27,PILOTING,SYS_GO,17.6348,1.39,0.0,0.0,250,0.0,0
1771964815.8445,37.9,30.0,-29.29,PILOTING,SYS_GO,17.6425,1.39,0.0,0.0,250,0.0,0
1771964815.9115,34.1,30.0,-29.17,PILOTING,SYS_GO,17.6618,1.39,0.0,0.0,250,0.0,0
1771964815.9612,35.0,30.0,-29.04,PILOTING,SYS_GO,17.671,1.39,0.0,0.0,250,0.0,0
1771964816.0479,30.5,30.0,-28.76,PILOTING,SYS_GO,17.7001,1.39,0.0,0.0,250,0.0,0
1771964816.0929,37.9,30.0,-29.17,PILOTING,SYS_GO,17.6124,1.39,0.0,0.0,250,0.0,0
1771964816.1852,33.0,30.0,-29.25,PILOTING,SYS_GO,17.6398,1.39,0.0,0.0,250,0.0,0
1771964816.2315,34.2,30.0,-29.23,PILOTING,SYS_GO,17.649,1.39,0.0,0.0,250,0.0,0
1771964816.3071,30.2,30.0,-29.05,PILOTING,SYS_GO,17.6741,1.39,0.0,0.0,250,0.0,0
1771964816.3522,36.7,30.0,-28.91,PILOTING,SYS_GO,17.6799,1.39,0.0,0.0,250,0.0,0
1771964816.4511,32.0,30.0,-28.63,PILOTING,SYS_GO,17.7069,1.39,0.0,0.0,250,0.0,0
1771964816.5654,27.4,30.0,-28.84,PILOTING,SYS_GO,17.653,1.39,0.0,0.0,250,0.0,0
1771964816.6107,39.7,30.0,-28.93,PILOTING,SYS_GO,17.6571,1.39,0.0,0.0,250,0.0,0
1771964816.704,34.1,30.0,-28.78,PILOTING,SYS_GO,17.6876,1.39,0.0,0.0,250,0.0,0
1771964816.7638,31.0,30.0,-28.56,PILOTING,SYS_GO,17.707,1.39,0.0,0.0,250,0.0,0
1771964816.8126,42.4,30.0,-28.39,PILOTING,SYS_GO,17.7111,1.39,0.0,0.0,250,0.0,0
1771964816.9175,35.9,30.0,-28.04,PILOTING,SYS_GO,17.7464,1.39,0.0,0.0,250,0.0,0
1771964816.9635,37.4,30.0,-28.47,PILOTING,SYS_GO,17.6548,1.39,0.0,0.0,250,0.0,0
1771964817.0095,40.4,30.0,-28.68,PILOTING,SYS_GO,17.6617,1.39,0.0,0.0,250,0.0,0
1771964817.0558,42.5,30.0,-28.76,PILOTING,SYS_GO,17.6687,1.39,0.0,0.0,250,0.0,0
1771964817.1013,43.6,30.0,-28.76,PILOTING,SYS_GO,17.6763,1.39,0.0,0.0,250,0.0,0
1771964817.147,44.6,30.0,-28.7,PILOTING,SYS_GO,17.6836,1.39,0.0,0.0,250,0.0,0
1771964817.1922,45.9,30.0,-28.62,PILOTING,SYS_GO,17.6907,1.39,0.0,0.0,250,0.0,0
1771964817.2386,49.4,30.0,-29.13,PILOTING,SYS_GO,17.6048,1.39,0.0,0.0,250,0.0,0
1771964817.2838,51.9,30.0,-29.41,PILOTING,SYS_GO,17.6106,1.39,0.0,0.0,250,0.0,0
1771964817.3305,52.3,30.0,-29.53,PILOTING,SYS_GO,17.6173,1.39,0.0,0.0,250,0.0,0
1771964817.394,45.6,30.0,-29.48,PILOTING,SYS_GO,17.6362,1.39,0.0,0.0,250,0.0,0
1771964817.4523,40.4,30.0,-29.34,PILOTING,SYS_GO,17.6544,1.39,0.0,0.0,250,0.0,0
1771964817.4989,37.4,30.0,-29.15,PILOTING,SYS_GO,17.6687,1.39,0.0,0.0,250,0.0,0
1771964817.5455,45.2,30.0,-29.56,PILOTING,SYS_GO,17.5851,1.39,0.0,0.0,250,0.0,0
1771964817.6232,38.9,30.0,-29.66,PILOTING,SYS_GO,17.6117,1.39,0.0,0.0,250,0.0,0
1771964817.6737,46.4,30.0,-29.69,PILOTING,SYS_GO,17.6164,1.39,0.0,0.0,250,0.0,0
1771964817.7372,40.8,30.0,-29.58,PILOTING,SYS_GO,17.6359,1.39,0.0,0.0,250,0.0,0
1771964817.807,36.2,30.0,-29.38,PILOTING,SYS_GO,17.6561,1.39,0.0,0.0,250,0.0,0
1771964817.8532,42.4,30.0,-29.23,PILOTING,SYS_GO,17.6615,1.39,0.0,0.0,250,0.0,0
1771964817.9596,36.0,30.0,-29.48,PILOTING,SYS_GO,17.608,1.39,0.0,0.0,250,0.0,0
1771964818.0058,40.0,30.0,-29.59,PILOTING,SYS_GO,17.6145,1.39,0.0,0.0,250,0.0,0
1771964818.0531,42.8,30.0,-29.62,PILOTING,SYS_GO,17.6211,1.39,0.0,0.0,250,0.0,0
1771964818.0986,44.4,30.0,-29.59,PILOTING,SYS_GO,17.6282,1.39,0.0,0.0,250,0.0,0
1771964818.1441,48.8,30.0,-29.54,PILOTING,SYS_GO,17.6336,1.39,0.0,0.0,250,0.0,0
1771964818.1907,50.0,30.0,-29.46,PILOTING,SYS_GO,17.6402,1.39,0.0,0.0,250,0.0,0
1771964818.2358,50.5,30.0,-29.86,PILOTING,SYS_GO,17.5631,1.39,0.0,0.0,250,0.0,0
1771964818.2816,51.1,30.0,-30.07,PILOTING,SYS_GO,17.5698,1.39,0.0,0.0,250,0.0,0
1771964818.3269,50.0,30.0,-30.15,PILOTING,SYS_GO,17.5776,1.39,0.0,0.0,250,0.0,0
1771964818.3726,52.6,30.0,-30.17,PILOTING,SYS_GO,17.5834,1.39,0.0,0.0,250,0.0,0
1771964818.4178,51.8,30.0,-30.15,PILOTING,SYS_GO,17.5907,1.39,0.0,0.0,250,0.0,0
1771964818.4634,47.5,30.0,-30.06,PILOTING,SYS_GO,17.6026,1.39,0.0,0.0,250,0.0,0
1771964818.5403,40.8,30.0,-30.28,PILOTING,SYS_GO,17.5501,1.39,0.0,0.0,250,0.0,0
1771964818.5873,45.1,30.0,-30.39,PILOTING,SYS_GO,17.5559,1.39,0.0,0.0,250,0.0,0
1771964818.6712,41.4,30.0,-30.39,PILOTING,SYS_GO,17.5696,1.39,0.0,0.0,250,0.0,0
1771964818.7854,35.1,30.0,-30.19,PILOTING,SYS_GO,17.6061,1.39,0.0,0.0,250,0.0,0
1771964818.8353,38.8,30.0,-30.02,PILOTING,SYS_GO,17.6128,1.39,0.0,0.0,250,0.0,0
1771964818.9386,33.3,30.0,-29.73,PILOTING,SYS_GO,17.6447,1.39,0.0,0.0,250,0.0,0
1771964818.9942,34.3,30.0,-29.99,PILOTING,SYS_GO,17.5694,1.39,0.0,0.0,250,0.0,0
1771964819.1301,29.1,30.0,-29.91,PILOTING,SYS_GO,17.6129,1.39,0.0,0.0,250,0.0,0
1771964819.1843,27.9,30.0,-29.76,PILOTING,SYS_GO,17.6286,1.39,0.0,0.0,250,0.0,0
1771964819.2303,34.1,30.0,-29.63,PILOTING,SYS_GO,17.6347,1.39,0.0,0.0,250,0.0,0
1771964819.2764,36.9,30.0,-29.51,PILOTING,SYS_GO,17.6422,1.39,0.0,0.0,250,0.0,0
1771964819.3225,40.5,30.0,-29.39,PILOTING,SYS_GO,17.6488,1.39,0.0,0.0,250,0.0,0
1771964819.3687,42.0,30.0,-29.78,PILOTING,SYS_GO,17.5709,1.39,0.0,0.0,250,0.0,0
1771964819.4154,42.7,30.0,-29.97,PILOTING,SYS_GO,17.5789,1.39,0.0,0.0,250,0.0,0
1771964819.4608,43.1,30.0,-30.05,PILOTING,SYS_GO,17.5869,1.39,0.0,0.0,250,0.0,0
1771964819.5118,39.1,30.0,-30.0,PILOTING,SYS_GO,17.6027,1.39,0.0,0.0,250,0.0,0
1771964819.6318,33.1,30.0,-29.73,PILOTING,SYS_GO,17.6418,1.39,0.0,0.0,250,0.0,0
1771964819.6778,36.3,30.0,-29.52,PILOTING,SYS_GO,17.6491,1.39,0.0,0.0,250,0.0,0
1771964819.8008,30.9,30.0,-29.69,PILOTING,SYS_GO,17.6026,1.39,0.0,0.0,250,0.0,0
1771964819.8466,31.2,30.0,-29.72,PILOTING,SYS_GO,17.6138,1.39,0.0,0.0,250,0.0,0
1771964819.8922,30.0,30.0,-29.65,PILOTING,SYS_GO,17.628,1.39,0.0,0.0,250,0.0,0
1771964820.0019,25.9,30.0,-29.37,PILOTING,SYS_GO,17.6649,1.39,0.0,0.0,250,0.0,0
1771964820.0444,27.0,30.0,-29.12,PILOTING,SYS_GO,17.6764,1.39,0.0,0.0,250,0.0,0
1771964820.092,31.8,30.0,-28.92,PILOTING,SYS_GO,17.6834,1.39,0.0,0.0,250,0.0,0
1771964820.1822,27.7,30.0,-29.19,PILOTING,SYS_GO,17.625,1.39,0.0,0.0,250,0.0,0
1771964820.2287,35.2,30.0,-29.32,PILOTING,SYS_GO,17.6305,1.39,0.0,0.0,250,0.0,0
1771964820.2735,39.3,30.0,-29.35,PILOTING,SYS_GO,17.637,1.39,0.0,0.0,250,0.0,0
1771964820.3195,48.0,30.0,-29.35,PILOTING,SYS_GO,17.6413,1.39,0.0,0.0,250,0.0,0
1771964820.3647,47.5,30.0,-29.29,PILOTING,SYS_GO,17.6493,1.39,0.0,0.0,250,0.0,0
1771964820.4099,47.5,30.0,-29.2,PILOTING,SYS_GO,17.6568,1.39,0.0,0.0,250,0.0,0
1771964820.456,47.2,30.0,-29.63,PILOTING,SYS_GO,17.5781,1.39,0.0,0.0,250,0.0,0
1771964820.5088,42.7,30.0,-29.81,PILOTING,SYS_GO,17.5928,1.39,0.0,0.0,250,0.0,0
1771964820.5809,37.7,30.0,-29.8,PILOTING,SYS_GO,17.6129,1.39,0.0,0.0,250,0.0,0
1771964820.6698,32.9,30.0,-29.63,PILOTING,SYS_GO,17.6391,1.39,0.0,0.0,250,0.0,0
1771964820.7164,36.6,30.0,-29.48,PILOTING,SYS_GO,17.6461,1.39,0.0,0.0,250,0.0,0
1771964820.8232,31.5,30.0,-29.17,PILOTING,SYS_GO,17.6788,1.39,0.0,0.0,250,0.0,0
1771964820.8696,32.8,30.0,-29.5,PILOTING,SYS_GO,17.5985,1.39,0.0,0.0,250,0.0,0
1771964820.976,28.5,30.0,-29.5,PILOTING,SYS_GO,17.6311,1.39,0.0,0.0,250,0.0,0
1771964821.0229,32.6,30.0,-29.45,PILOTING,SYS_GO,17.6385,1.39,0.0,0.0,250,0.0,0
1771964821.0991,28.9,30.0,-29.26,PILOTING,SYS_GO,17.6636,1.39,0.0,0.0,250,0.0,0
1771964821.1446,38.0,30.0,-29.11,PILOTING,SYS_GO,17.6684,1.39,0.0,0.0,250,0.0,0
1771964821.19,42.9,30.0,-28.98,PILOTING,SYS_GO,17.6742,1.39,0.0,0.0,250,0.0,0
1771964821.2354,46.1,30.0,-29.43,PILOTING,SYS_GO,17.5912,1.39,0.0,0.0,250,0.0,0
1771964821.2809,47.5,30.0,-29.66,PILOTING,SYS_GO,17.598,1.39,0.0,0.0,250,0.0,0
1771964821.3265,48.4,30.0,-29.75,PILOTING,SYS_GO,17.6049,1.39,0.0,0.0,250,0.0,0
1771964821.3723,50.1,30.0,-29.77,PILOTING,SYS_GO,17.6112,1.39,0.0,0.0,250,0.0,0
1771964821.4187,57.3,30.0,-29.76,PILOTING,SYS_GO,17.6154,1.39,0.0,0.0,250,0.0,0
1771964821.4655,58.0,30.0,-29.72,PILOTING,SYS_GO,17.6213,1.39,0.0,0.0,250,0.0,0
1771964821.5115,55.2,30.0,-30.09,PILOTING,SYS_GO,17.5482,1.39,0.0,0.0,250,0.0,0
1771964821.5573,48.8,30.0,-30.23,PILOTING,SYS_GO,17.5638,1.39,0.0,0.0,250,0.0,0
1771964821.6633,41.1,30.0,-30.14,PILOTING,SYS_GO,17.5985,1.39,0.0,0.0,250,0.0,0
1771964821.7088,39.7,30.0,-30.02,PILOTING,SYS_GO,17.6091,1.39,0.0,0.0,250,0.0,0
1771964821.8152,33.7,30.0,-29.71,PILOTING,SYS_GO,17.6469,1.39,0.0,0.0,250,0.0,0
1771964821.8617,41.9,30.0,-29.49,PILOTING,SYS_GO,17.6517,1.39,0.0,0.0,250,0.0,0
1771964821.9084,39.2,30.0,-29.8,PILOTING,SYS_GO,17.5785,1.39,0.0,0.0,250,0.0,0
1771964822.0139,33.4,30.0,-29.79,PILOTING,SYS_GO,17.6135,1.39,0.0,0.0,250,0.0,0
1771964822.0608,37.2,30.0,-29.74,PILOTING,SYS_GO,17.6204,1.39,0.0,0.0,250,0.0,0
1771964822.1056,39.7,30.0,-29.66,PILOTING,SYS_GO,17.6276,1.39,0.0,0.0,250,0.0,0
1771964822.152,46.0,30.0,-29.59,PILOTING,SYS_GO,17.6327,1.39,0.0,0.0,250,0.0,0
1771964822.1966,46.2,30.0,-29.49,PILOTING,SYS_GO,17.6403,1.39,0.0,0.0,250,0.0,0
1771964822.242,46.6,30.0,-29.88,PILOTING,SYS_GO,17.5638,1.39,0.0,0.0,250,0.0,0
1771964822.2875,47.0,30.0,-30.07,PILOTING,SYS_GO,17.5712,1.39,0.0,0.0,250,0.0,0
1771964822.3327,47.5,30.0,-30.15,PILOTING,SYS_GO,17.5785,1.39,0.0,0.0,250,0.0,0
1771964822.3779,47.2,30.0,-30.16,PILOTING,SYS_GO,17.5863,1.39,0.0,0.0,250,0.0,0
1771964822.4239,47.2,30.0,-30.12,PILOTING,SYS_GO,17.5939,1.39,0.0,0.0,250,0.0,0
1771964822.4697,47.5,30.0,-30.05,PILOTING,SYS_GO,17.6013,1.39,0.0,0.0,250,0.0,0
1771964822.5149,45.5,30.0,-30.35,PILOTING,SYS_GO,17.5327,1.39,0.0,0.0,250,0.0,0
1771964822.5635,41.3,30.0,-30.47,PILOTING,SYS_GO,17.5473,1.39,0.0,0.0,250,0.0,0
1771964822.6826,34.9,30.0,-30.35,PILOTING,SYS_GO,17.5867,1.39,0.0,0.0,250,0.0,0
1771964822.73,37.6,30.0,-30.23,PILOTING,SYS_GO,17.5941,1.39,0.0,0.0,250,0.0,0
1771964822.7764,36.0,30.0,-30.09,PILOTING,SYS_GO,17.6063,1.39,0.0,0.0,250,0.0,0
1771964822.8662,31.5,30.0,-29.84,PILOTING,SYS_GO,17.6327,1.39,0.0,0.0,250,0.0,0
1771964822.9127,32.0,30.0,-30.1,PILOTING,SYS_GO,17.5603,1.39,0.0,0.0,250,0.0,0
1771964822.9873,28.5,30.0,-30.14,PILOTING,SYS_GO,17.5851,1.39,0.0,0.0,250,0.0,0
1771964823.0337,36.2,30.0,-30.12,PILOTING,SYS_GO,17.5904,1.39,0.0,0.0,250,0.0,0
1771964823.125,31.6,30.0,-29.96,PILOTING,SYS_GO,17.6179,1.39,0.0,0.0,250,0.0,0
1771964823.1703,31.4,30.0,-29.78,PILOTING,SYS_GO,17.6297,1.39,0.0,0.0,250,0.0,0
1771964823.2767,27.3,30.0,-29.46,PILOTING,SYS_GO,17.6622,1.39,0.0,0.0,250,0.0,0
1771964823.3222,29.3,30.0,-29.75,PILOTING,SYS_GO,17.5846,1.39,0.0,0.0,250,0.0,0
1771964823.4133,26.0,30.0,-29.77,PILOTING,SYS_GO,17.6125,1.39,0.0,0.0,250,0.0,0
1771964823.4624,29.8,30.0,-29.72,PILOTING,SYS_GO,17.6205,1.39,0.0,0.0,250,0.0,0
1771964823.5664,25.9,30.0,-29.48,PILOTING,SYS_GO,17.6543,1.39,0.0,0.0,250,0.0,0
1771964823.612,39.6,30.0,-29.31,PILOTING,SYS_GO,17.6582,1.39,0.0,0.0,250,0.0,0
1771964823.7186,33.8,30.0,-28.99,PILOTING,SYS_GO,17.6911,1.39,0.0,0.0,250,0.0,0
1771964823.7652,43.3,30.0,-29.36,PILOTING,SYS_GO,17.6039,1.39,0.0,0.0,250,0.0,0
1771964823.8112,44.4,30.0,-29.54,PILOTING,SYS_GO,17.6113,1.39,0.0,0.0,250,0.0,0
1771964823.8567,45.3,30.0,-29.6,PILOTING,SYS_GO,17.6186,1.39,0.0,0.0,250,0.0,0
1771964823.9023,45.7,30.0,-29.59,PILOTING,SYS_GO,17.6262,1.39,0.0,0.0,250,0.0,0
1771964823.9475,46.8,30.0,-29.54,PILOTING,SYS_GO,17.6332,1.39,0.0,0.0,250,0.0,0
1771964823.9931,47.0,30.0,-29.46,PILOTING,SYS_GO,17.6408,1.39,0.0,0.0,250,0.0,0
1771964824.0384,46.0,30.0,-29.85,PILOTING,SYS_GO,17.5652,1.39,0.0,0.0,250,0.0,0
1771964824.0994,40.4,30.0,-29.98,PILOTING,SYS_GO,17.5853,1.39,0.0,0.0,250,0.0,0
1771964824.1916,34.6,30.0,-29.87,PILOTING,SYS_GO,17.6175,1.39,0.0,0.0,250,0.0,0
1771964824.2409,47.4,30.0,-29.79,PILOTING,SYS_GO,17.6211,1.39,0.0,0.0,250,0.0,0
1771964824.329,40.3,30.0,-29.54,PILOTING,SYS_GO,17.6508,1.39,0.0,0.0,250,0.0,0
1771964824.3744,51.2,30.0,-29.37,PILOTING,SYS_GO,17.6546,1.39,0.0,0.0,250,0.0,0
1771964824.4502,43.7,30.0,-29.64,PILOTING,SYS_GO,17.5946,1.39,0.0,0.0,250,0.0,0
1771964824.4968,52.6,30.0,-29.78,PILOTING,SYS_GO,17.5987,1.39,0.0,0.0,250,0.0,0
1771964824.6035,44.3,30.0,-29.67,PILOTING,SYS_GO,17.6313,1.39,0.0,0.0,250,0.0,0
1771964824.6491,48.1,30.0,-29.56,PILOTING,SYS_GO,17.637,1.39,0.0,0.0,250,0.0,0
1771964824.6954,48.8,30.0,-29.45,PILOTING,SYS_GO,17.644,1.39,0.0,0.0,250,0.0,0
1771964824.742,48.7,30.0,-29.34,PILOTING,SYS_GO,17.6515,1.39,0.0,0.0,250,0.0,0
1771964824.7872,48.9,30.0,-29.74,PILOTING,SYS_GO,17.573,1.39,0.0,0.0,250,0.0,0
1771964824.8327,49.1,30.0,-29.94,PILOTING,SYS_GO,17.5802,1.39,0.0,0.0,250,0.0,0
1771964824.879,48.9,30.0,-30.02,PILOTING,SYS_GO,17.5877,1.39,0.0,0.0,250,0.0,0
1771964824.9248,48.7,30.0,-30.03,PILOTING,SYS_GO,17.5952,1.39,0.0,0.0,250,0.0,0
1771964824.9706,48.5,30.0,-29.99,PILOTING,SYS_GO,17.6027,1.39,0.0,0.0,250,0.0,0
1771964825.0157,48.2,30.0,-29.92,PILOTING,SYS_GO,17.6104,1.39,0.0,0.0,250,0.0,0
1771964825.0619,48.3,30.0,-30.25,PILOTING,SYS_GO,17.5383,1.39,0.0,0.0,250,0.0,0
1771964825.1267,42.4,30.0,-30.36,PILOTING,SYS_GO,17.5575,1.39,0.0,0.0,250,0.0,0
1771964825.2457,35.8,30.0,-30.23,PILOTING,SYS_GO,17.5957,1.39,0.0,0.0,250,0.0,0
1771964825.293,35.1,30.0,-30.09,PILOTING,SYS_GO,17.6068,1.39,0.0,0.0,250,0.0,0
1771964825.3841,30.6,30.0,-29.83,PILOTING,SYS_GO,17.6348,1.39,0.0,0.0,250,0.0,0
1771964825.4296,30.1,30.0,-29.59,PILOTING,SYS_GO,17.6478,1.39,0.0,0.0,250,0.0,0
1771964825.5673,25.7,30.0,-29.7,PILOTING,SYS_GO,17.6064,1.39,0.0,0.0,250,0.0,0
1771964825.614,31.5,30.0,-29.73,PILOTING,SYS_GO,17.613,1.39,0.0,0.0,250,0.0,0
1771964825.6595,31.4,30.0,-29.68,PILOTING,SYS_GO,17.6246,1.39,0.0,0.0,250,0.0,0
1771964825.7355,28.4,30.0,-29.51,PILOTING,SYS_GO,17.6461,1.39,0.0,0.0,250,0.0,0
1771964825.7871,32.7,30.0,-29.36,PILOTING,SYS_GO,17.6534,1.39,0.0,0.0,250,0.0,0
1771964825.8701,29.1,30.0,-29.11,PILOTING,SYS_GO,17.6774,1.39,0.0,0.0,250,0.0,0
1771964825.9175,33.7,30.0,-29.48,PILOTING,SYS_GO,17.5947,1.39,0.0,0.0,250,0.0,0
1771964825.9765,30.6,30.0,-29.59,PILOTING,SYS_GO,17.6145,1.39,0.0,0.0,250,0.0,0
1771964826.0238,40.6,30.0,-29.63,PILOTING,SYS_GO,17.619,1.39,0.0,0.0,250,0.0,0
1771964826.1301,34.6,30.0,-29.44,PILOTING,SYS_GO,17.6526,1.39,0.0,0.0,250,0.0,0
1771964826.178,38.2,30.0,-29.28,PILOTING,SYS_GO,17.6595,1.39,0.0,0.0,250,0.0,0
1771964826.2987,32.4,30.0,-28.92,PILOTING,SYS_GO,17.6981,1.39,0.0,0.0,250,0.0,0
1771964826.3456,40.6,30.0,-29.28,PILOTING,SYS_GO,17.6103,1.39,0.0,0.0,250,0.0,0
1771964826.3915,43.5,30.0,-29.45,PILOTING,SYS_GO,17.6168,1.39,0.0,0.0,250,0.0,0
1771964826.4359,44.2,30.0,-29.51,PILOTING,SYS_GO,17.6244,1.39,0.0,0.0,250,0.0,0
1771964826.4813,44.4,30.0,-29.5,PILOTING,SYS_GO,17.6324,1.39,0.0,0.0,250,0.0,0
1771964826.5268,45.4,30.0,-29.44,PILOTING,SYS_GO,17.6397,1.39,0.0,0.0,250,0.0,0
1771964826.5718,45.5,30.0,-29.36,PILOTING,SYS_GO,17.6475,1.39,0.0,0.0,250,0.0,0
1771964826.6179,44.9,30.0,-29.76,PILOTING,SYS_GO,17.5709,1.39,0.0,0.0,250,0.0,0
1771964826.6673,45.7,30.0,-29.97,PILOTING,SYS_GO,17.5783,1.39,0.0,0.0,250,0.0,0
1771964826.7287,40.3,30.0,-29.98,PILOTING,SYS_GO,17.5972,1.39,0.0,0.0,250,0.0,0
1771964826.8651,33.9,30.0,-29.73,PILOTING,SYS_GO,17.64,1.39,0.0,0.0,250,0.0,0
1771964826.9277,31.2,30.0,-29.46,PILOTING,SYS_GO,17.6579,1.39,0.0,0.0,250,0.0,0
1771964827.0184,27.4,30.0,-29.1,PILOTING,SYS_GO,17.6874,1.39,0.0,0.0,250,0.0,0
1771964827.0718,31.5,30.0,-29.43,PILOTING,SYS_GO,17.6038,1.39,0.0,0.0,250,0.0,0
1771964827.1713,27.5,30.0,-29.43,PILOTING,SYS_GO,17.6344,1.39,0.0,0.0,250,0.0,0
1771964827.2163,40.2,30.0,-29.41,PILOTING,SYS_GO,17.6383,1.39,0.0,0.0,250,0.0,0
1771964827.2635,43.6,30.0,-29.36,PILOTING,SYS_GO,17.6446,1.39,0.0,0.0,250,0.0,0
1771964827.3097,44.4,30.0,-29.28,PILOTING,SYS_GO,17.6522,1.39,0.0,0.0,250,0.0,0
1771964827.3556,45.3,30.0,-29.18,PILOTING,SYS_GO,17.6595,1.39,0.0,0.0,250,0.0,0
1771964827.4009,45.8,30.0,-29.61,PILOTING,SYS_GO,17.5802,1.39,0.0,0.0,250,0.0,0
1771964827.4464,47.0,30.0,-29.83,PILOTING,SYS_GO,17.5871,1.39,0.0,0.0,250,0.0,0
1771964827.4919,47.1,30.0,-29.91,PILOTING,SYS_GO,17.5947,1.39,0.0,0.0,250,0.0,0
1771964827.5375,48.5,30.0,-29.93,PILOTING,SYS_GO,17.6014,1.39,0.0,0.0,250,0.0,0
1771964827.5825,47.9,30.0,-29.89,PILOTING,SYS_GO,17.6093,1.39,0.0,0.0,250,0.0,0
1771964827.6285,47.9,30.0,-29.82,PILOTING,SYS_GO,17.6168,1.39,0.0,0.0,250,0.0,0
1771964827.6751,47.4,30.0,-30.17,PILOTING,SYS_GO,17.5442,1.39,0.0,0.0,250,0.0,0
1771964827.725,42.6,30.0,-30.3,PILOTING,SYS_GO,17.5594,1.39,0.0,0.0,250,0.0,0
1771964827.857,35.8,30.0,-30.16,PILOTING,SYS_GO,17.6018,1.39,0.0,0.0,250,0.0,0
1771964827.9039,40.4,30.0,-30.04,PILOTING,SYS_GO,17.6079,1.39,0.0,0.0,250,0.0,0
1771964828.0404,34.0,30.0,-29.69,PILOTING,SYS_GO,17.6516,1.39,0.0,0.0,250,0.0,0
1771964828.0903,41.2,30.0,-29.45,PILOTING,SYS_GO,17.6568,1.39,0.0,0.0,250,0.0,0
1771964828.207,34.9,30.0,-29.61,PILOTING,SYS_GO,17.6077,1.39,0.0,0.0,250,0.0,0
1771964828.252,41.4,30.0,-29.68,PILOTING,SYS_GO,17.6131,1.39,0.0,0.0,250,0.0,0
1771964828.2974,42.5,30.0,-29.67,PILOTING,SYS_GO,17.6207,1.39,0.0,0.0,250,0.0,0
1771964828.3443,43.3,30.0,-29.62,PILOTING,SYS_GO,17.6285,1.39,0.0,0.0,250,0.0,0
1771964828.3902,44.0,30.0,-29.54,PILOTING,SYS_GO,17.6361,1.39,0.0,0.0,250,0.0,0
1771964828.4363,44.5,30.0,-29.44,PILOTING,SYS_GO,17.6439,1.39,0.0,0.0,250,0.0,0
1771964828.4827,46.3,30.0,-29.84,PILOTING,SYS_GO,17.566,1.39,0.0,0.0,250,0.0,0
1771964828.5283,46.3,30.0,-30.03,PILOTING,SYS_GO,17.5739,1.39,0.0,0.0,250,0.0,0
1771964828.574,46.7,30.0,-30.11,PILOTING,SYS_GO,17.5813,1.39,0.0,0.0,250,0.0,0
1771964828.6187,46.6,30.0,-30.12,PILOTING,SYS_GO,17.5891,1.39,0.0,0.0,250,0.0,0
1771964828.6651,46.5,30.0,-30.08,PILOTING,SYS_GO,17.5969,1.39,0.0,0.0,250,0.0,0
1771964828.7108,47.1,30.0,-30.01,PILOTING,SYS_GO,17.6042,1.39,0.0,0.0,250,0.0,0
1771964828.7725,41.2,30.0,-30.27,PILOTING,SYS_GO,17.5456,1.39,0.0,0.0,250,0.0,0
1771964828.857,36.1,30.0,-30.32,PILOTING,SYS_GO,17.5688,1.39,0.0,0.0,250,0.0,0
1771964828.8952,35.6,30.0,-30.29,PILOTING,SYS_GO,17.5796,1.39,0.0,0.0,250,0.0,0
1771964828.9455,33.1,30.0,-30.19,PILOTING,SYS_GO,17.5952,1.39,0.0,0.0,250,0.0,0
1771964829.0138,30.1,30.0,-30.02,PILOTING,SYS_GO,17.6147,1.39,0.0,0.0,250,0.0,0
1771964829.0788,27.4,30.0,-29.77,PILOTING,SYS_GO,17.6368,1.39,0.0,0.0,250,0.0,0
1771964829.1255,37.1,30.0,-30.07,PILOTING,SYS_GO,17.558,1.39,0.0,0.0,250,0.0,0
1771964829.2164,32.2,30.0,-30.11,PILOTING,SYS_GO,17.587,1.39,0.0,0.0,250,0.0,0
1771964829.293,28.8,30.0,-29.99,PILOTING,SYS_GO,17.6103,1.39,0.0,0.0,250,0.0,0
1771964829.3396,34.5,30.0,-29.88,PILOTING,SYS_GO,17.6166,1.39,0.0,0.0,250,0.0,0
1771964829.3853,37.4,30.0,-29.77,PILOTING,SYS_GO,17.624,1.39,0.0,0.0,250,0.0,0
1771964829.43,45.8,30.0,-29.68,PILOTING,SYS_GO,17.6285,1.39,0.0,0.0,250,0.0,0
1771964829.4759,47.1,30.0,-30.04,PILOTING,SYS_GO,17.5531,1.39,0.0,0.0,250,0.0,0
1771964829.5215,47.0,30.0,-30.22,PILOTING,SYS_GO,17.5609,1.39,0.0,0.0,250,0.0,0
1771964829.5688,47.4,30.0,-30.29,PILOTING,SYS_GO,17.5682,1.39,0.0,0.0,250,0.0,0
1771964829.6145,47.2,30.0,-30.3,PILOTING,SYS_GO,17.576,1.39,0.0,0.0,250,0.0,0
1771964829.661,47.2,30.0,-30.26,PILOTING,SYS_GO,17.5836,1.39,0.0,0.0,250,0.0,0
1771964829.7068,47.3,30.0,-30.19,PILOTING,SYS_GO,17.5912,1.39,0.0,0.0,250,0.0,0
1771964829.7532,47.3,30.0,-30.47,PILOTING,SYS_GO,17.5221,1.39,0.0,0.0,250,0.0,0
1771964829.8046,42.7,30.0,-30.59,PILOTING,SYS_GO,17.537,1.39,0.0,0.0,250,0.0,0
1771964829.907,36.4,30.0,-30.51,PILOTING,SYS_GO,17.5694,1.39,0.0,0.0,250,0.0,0
1771964829.9568,37.3,30.0,-30.41,PILOTING,SYS_GO,17.5782,1.39,0.0,0.0,250,0.0,0
1771964830.0406,33.2,30.0,-30.24,PILOTING,SYS_GO,17.5992,1.39,0.0,0.0,250,0.0,0
1771964830.0901,31.0,30.0,-30.04,PILOTING,SYS_GO,17.6156,1.39,0.0,0.0,250,0.0,0
1771964830.1367,38.5,30.0,-30.31,PILOTING,SYS_GO,17.5405,1.39,0.0,0.0,250,0.0,0
1771964830.2558,32.7,30.0,-30.3,PILOTING,SYS_GO,17.578,1.39,0.0,0.0,250,0.0,0
1771964830.3018,31.9,30.0,-30.22,PILOTING,SYS_GO,17.5906,1.39,0.0,0.0,250,0.0,0
1771964830.4056,28.0,30.0,-30.0,PILOTING,SYS_GO,17.6194,1.39,0.0,0.0,250,0.0,0
1771964830.4588,39.9,30.0,-29.85,PILOTING,SYS_GO,17.6235,1.39,0.0,0.0,250,0.0,0
1771964830.5551,34.8,30.0,-29.59,PILOTING,SYS_GO,17.6489,1.39,0.0,0.0,250,0.0,0
1771964830.5925,46.7,30.0,-29.92,PILOTING,SYS_GO,17.5674,1.39,0.0,0.0,250,0.0,0
1771964830.6384,42.7,30.0,-30.05,PILOTING,SYS_GO,17.5809,1.39,0.0,0.0,250,0.0,0
1771964830.7154,37.0,30.0,-29.98,PILOTING,SYS_GO,17.6062,1.39,0.0,0.0,250,0.0,0
1771964830.7666,41.3,30.0,-29.9,PILOTING,SYS_GO,17.6124,1.39,0.0,0.0,250,0.0,0
1771964830.882,35.0,30.0,-29.62,PILOTING,SYS_GO,17.6493,1.39,0.0,0.0,250,0.0,0
1771964830.9278,43.9,30.0,-29.43,PILOTING,SYS_GO,17.6539,1.39,0.0,0.0,250,0.0,0
1771964830.9735,48.4,30.0,-29.79,PILOTING,SYS_GO,17.5732,1.39,0.0,0.0,250,0.0,0
1771964831.0191,47.8,30.0,-29.97,PILOTING,SYS_GO,17.5811,1.39,0.0,0.0,250,0.0,0
1771964831.065,47.5,30.0,-30.03,PILOTING,SYS_GO,17.5889,1.39,0.0,0.0,250,0.0,0
1771964831.1109,47.9,30.0,-30.03,PILOTING,SYS_GO,17.5962,1.39,0.0,0.0,250,0.0,0
1771964831.1568,48.0,30.0,-29.98,PILOTING,SYS_GO,17.6036,1.39,0.0,0.0,250,0.0,0
1771964831.2022,48.4,30.0,-29.92,PILOTING,SYS_GO,17.6108,1.39,0.0,0.0,250,0.0,0
1771964831.2476,48.3,30.0,-30.25,PILOTING,SYS_GO,17.5387,1.39,0.0,0.0,250,0.0,0
1771964831.293,48.4,30.0,-30.41,PILOTING,SYS_GO,17.5461,1.39,0.0,0.0,250,0.0,0
1771964831.3379,46.2,30.0,-30.47,PILOTING,SYS_GO,17.5558,1.39,0.0,0.0,250,0.0,0
1771964831.3837,43.2,30.0,-30.45,PILOTING,SYS_GO,17.5673,1.39,0.0,0.0,250,0.0,0
1771964831.4915,36.7,30.0,-30.25,PILOTING,SYS_GO,17.6012,1.39,0.0,0.0,250,0.0,0
1771964831.5387,34.8,30.0,-30.05,PILOTING,SYS_GO,17.6142,1.39,0.0,0.0,250,0.0,0
1771964831.6287,30.2,30.0,-30.21,PILOTING,SYS_GO,17.5652,1.39,0.0,0.0,250,0.0,0
1771964831.6782,40.3,30.0,-30.28,PILOTING,SYS_GO,17.5696,1.39,0.0,0.0,250,0.0,0
1771964831.7197,38.6,30.0,-30.26,PILOTING,SYS_GO,17.5809,1.39,0.0,0.0,250,0.0,0
1771964831.7955,33.7,30.0,-30.11,PILOTING,SYS_GO,17.6066,1.39,0.0,0.0,250,0.0,0
1771964831.8421,40.7,30.0,-29.98,PILOTING,SYS_GO,17.6118,1.39,0.0,0.0,250,0.0,0
1771964831.9339,35.1,30.0,-29.73,PILOTING,SYS_GO,17.6408,1.39,0.0,0.0,250,0.0,0
1771964831.9802,35.2,30.0,-30.0,PILOTING,SYS_GO,17.5667,1.39,0.0,0.0,250,0.0,0
1771964832.0569,31.1,30.0,-30.04,PILOTING,SYS_GO,17.5917,1.39,0.0,0.0,250,0.0,0
1771964832.1046,37.7,30.0,-30.03,PILOTING,SYS_GO,17.5973,1.39,0.0,0.0,250,0.0,0
1771964832.2116,32.3,30.0,-29.81,PILOTING,SYS_GO,17.6315,1.39,0.0,0.0,250,0.0,0
1771964832.257,33.1,30.0,-29.62,PILOTING,SYS_GO,17.6414,1.39,0.0,0.0,250,0.0,0
1771964832.3384,30.2,30.0,-29.38,PILOTING,SYS_GO,17.661,1.39,0.0,0.0,250,0.0,0
1771964832.4107,27.5,30.0,-29.64,PILOTING,SYS_GO,17.5953,1.39,0.0,0.0,250,0.0,0
1771964832.4575,34.3,30.0,-29.77,PILOTING,SYS_GO,17.6012,1.39,0.0,0.0,250,0.0,0
1771964832.5029,37.7,30.0,-29.8,PILOTING,SYS_GO,17.6082,1.39,0.0,0.0,250,0.0,0
1771964832.549,40.8,30.0,-29.78,PILOTING,SYS_GO,17.6149,1.39,0.0,0.0,250,0.0,0
1771964832.5955,42.9,30.0,-29.72,PILOTING,SYS_GO,17.6219,1.39,0.0,0.0,250,0.0,0
1771964832.6427,44.0,30.0,-29.64,PILOTING,SYS_GO,17.6294,1.39,0.0,0.0,250,0.0,0
1771964832.6884,44.8,30.0,-30.01,PILOTING,SYS_GO,17.5545,1.39,0.0,0.0,250,0.0,0
1771964832.7354,45.9,30.0,-30.2,PILOTING,SYS_GO,17.5616,1.39,0.0,0.0,250,0.0,0
1771964832.7813,46.6,30.0,-30.28,PILOTING,SYS_GO,17.5689,1.39,0.0,0.0,250,0.0,0
1771964832.8265,46.1,30.0,-30.28,PILOTING,SYS_GO,17.577,1.39,0.0,0.0,250,0.0,0
1771964832.8728,46.4,30.0,-30.24,PILOTING,SYS_GO,17.5847,1.39,0.0,0.0,250,0.0,0
1771964832.9203,42.4,30.0,-30.14,PILOTING,SYS_GO,17.5983,1.39,0.0,0.0,250,0.0,0
1771964833.0422,35.7,30.0,-30.28,PILOTING,SYS_GO,17.5609,1.39,0.0,0.0,250,0.0,0
1771964833.0899,43.1,30.0,-30.34,PILOTING,SYS_GO,17.5658,1.39,0.0,0.0,250,0.0,0
1771964833.2111,36.4,30.0,-30.17,PILOTING,SYS_GO,17.6034,1.39,0.0,0.0,250,0.0,0
1771964833.2576,46.3,30.0,-30.05,PILOTING,SYS_GO,17.6076,1.39,0.0,0.0,250,0.0,0
1771964833.3791,38.8,30.0,-29.71,PILOTING,SYS_GO,17.6489,1.39,0.0,0.0,250,0.0,0
1771964833.424,43.7,30.0,-29.47,PILOTING,SYS_GO,17.6546,1.39,0.0,0.0,250,0.0,0
1771964833.4701,45.9,30.0,-29.81,PILOTING,SYS_GO,17.575,1.39,0.0,0.0,250,0.0,0
1771964833.5161,49.6,30.0,-29.98,PILOTING,SYS_GO,17.5806,1.39,0.0,0.0,250,0.0,0
1771964833.5618,50.0,30.0,-30.05,PILOTING,SYS_GO,17.5875,1.39,0.0,0.0,250,0.0,0
1771964833.607,49.9,30.0,-30.05,PILOTING,SYS_GO,17.5948,1.39,0.0,0.0,250,0.0,0
1771964833.6522,49.6,30.0,-30.0,PILOTING,SYS_GO,17.6023,1.39,0.0,0.0,250,0.0,0
1771964833.6977,49.1,30.0,-29.93,PILOTING,SYS_GO,17.6099,1.39,0.0,0.0,250,0.0,0
1771964833.7428,48.6,30.0,-30.26,PILOTING,SYS_GO,17.5382,1.39,0.0,0.0,250,0.0,0
1771964833.7882,49.6,30.0,-30.42,PILOTING,SYS_GO,17.5449,1.39,0.0,0.0,250,0.0,0
1771964833.8335,48.8,30.0,-30.49,PILOTING,SYS_GO,17.5527,1.39,0.0,0.0,250,0.0,0
1771964833.8805,48.4,30.0,-30.49,PILOTING,SYS_GO,17.5604,1.39,0.0,0.0,250,0.0,0
1771964833.929,45.7,30.0,-30.44,PILOTING,SYS_GO,17.5708,1.39,0.0,0.0,250,0.0,0
1771964833.977,43.9,30.0,-30.36,PILOTING,SYS_GO,17.5806,1.39,0.0,0.0,250,0.0,0
1771964834.078,37.2,30.0,-30.51,PILOTING,SYS_GO,17.5401,1.39,0.0,0.0,250,0.0,0
1771964834.1271,40.1,30.0,-30.57,PILOTING,SYS_GO,17.547,1.39,0.0,0.0,250,0.0,0
1771964834.1903,40.1,30.0,-30.56,PILOTING,SYS_GO,17.556,1.39,0.0,0.0,250,0.0,0
1771964834.2761,34.8,30.0,-30.42,PILOTING,SYS_GO,17.5825,1.39,0.0,0.0,250,0.0,0
1771964834.3244,38.2,30.0,-30.3,PILOTING,SYS_GO,17.5894,1.39,0.0,0.0,250,0.0,0
1771964834.4124,33.3,30.0,-30.08,PILOTING,SYS_GO,17.6157,1.39,0.0,0.0,250,0.0,0
1771964834.4585,44.5,30.0,-30.34,PILOTING,SYS_GO,17.5394,1.39,0.0,0.0,250,0.0,0
1771964834.5049,44.9,30.0,-30.46,PILOTING,SYS_GO,17.5471,1.39,0.0,0.0,250,0.0,0
1771964834.5514,46.3,30.0,-30.51,PILOTING,SYS_GO,17.5541,1.39,0.0,0.0,250,0.0,0
1771964834.5982,47.7,30.0,-30.5,PILOTING,SYS_GO,17.5608,1.39,0.0,0.0,250,0.0,0
1771964834.6434,47.6,30.0,-30.46,PILOTING,SYS_GO,17.5685,1.39,0.0,0.0,250,0.0,0
1771964834.6894,49.7,30.0,-30.4,PILOTING,SYS_GO,17.5747,1.39,0.0,0.0,250,0.0,0
1771964834.7363,51.8,30.0,-30.65,PILOTING,SYS_GO,17.5065,1.39,0.0,0.0,250,0.0,0
1771964834.782,52.5,30.0,-30.78,PILOTING,SYS_GO,17.5129,1.39,0.0,0.0,250,0.0,0
1771964834.8265,55.6,30.0,-30.84,PILOTING,SYS_GO,17.5182,1.39,0.0,0.0,250,0.0,0
1771964834.8724,54.8,30.0,-30.85,PILOTING,SYS_GO,17.5252,1.39,0.0,0.0,250,0.0,0
1771964834.9173,54.4,30.0,-30.83,PILOTING,SYS_GO,17.532,1.39,0.0,0.0,250,0.0,0
1771964834.9626,54.9,30.0,-30.8,PILOTING,SYS_GO,17.5383,1.39,0.0,0.0,250,0.0,0
1771964835.0082,48.7,30.0,-30.93,PILOTING,SYS_GO,17.4849,1.39,0.0,0.0,250,0.0,0
1771964835.1317,40.8,30.0,-30.91,PILOTING,SYS_GO,17.5238,1.39,0.0,0.0,250,0.0,0
1771964835.1785,41.5,30.0,-30.87,PILOTING,SYS_GO,17.5319,1.39,0.0,0.0,250,0.0,0
1771964835.2356,38.9,30.0,-30.79,PILOTING,SYS_GO,17.5445,1.39,0.0,0.0,250,0.0,0
1771964835.3025,34.2,30.0,-30.64,PILOTING,SYS_GO,17.5677,1.39,0.0,0.0,250,0.0,0
1771964835.3499,45.5,30.0,-30.53,PILOTING,SYS_GO,17.5716,1.39,0.0,0.0,250,0.0,0
1771964835.4547,38.4,30.0,-30.63,PILOTING,SYS_GO,17.5342,1.39,0.0,0.0,250,0.0,0
1771964835.5015,46.6,30.0,-30.67,PILOTING,SYS_GO,17.5388,1.39,0.0,0.0,250,0.0,0
1771964835.5784,40.0,30.0,-30.58,PILOTING,SYS_GO,17.5652,1.39,0.0,0.0,250,0.0,0
1771964835.6374,36.3,30.0,-30.44,PILOTING,SYS_GO,17.582,1.39,0.0,0.0,250,0.0,0
1771964835.6838,39.9,30.0,-30.32,PILOTING,SYS_GO,17.5886,1.39,0.0,0.0,250,0.0,0
1771964835.7302,41.7,30.0,-30.2,PILOTING,SYS_GO,17.596,1.39,0.0,0.0,250,0.0,0
1771964835.7761,43.0,30.0,-30.46,PILOTING,SYS_GO,17.5261,1.39,0.0,0.0,250,0.0,0
1771964835.8216,43.8,30.0,-30.59,PILOTING,SYS_GO,17.5337,1.39,0.0,0.0,250,0.0,0
1771964835.8672,45.0,30.0,-30.64,PILOTING,SYS_GO,17.5409,1.39,0.0,0.0,250,0.0,0
1771964835.9121,44.9,30.0,-30.64,PILOTING,SYS_GO,17.549,1.39,0.0,0.0,250,0.0,0
1771964835.9582,45.5,30.0,-30.6,PILOTING,SYS_GO,17.5565,1.39,0.0,0.0,250,0.0,0
1771964836.0041,44.9,30.0,-30.54,PILOTING,SYS_GO,17.565,1.39,0.0,0.0,250,0.0,0
1771964836.0493,41.4,30.0,-30.73,PILOTING,SYS_GO,17.5053,1.39,0.0,0.0,250,0.0,0
1771964836.157,35.2,30.0,-30.73,PILOTING,SYS_GO,17.5401,1.39,0.0,0.0,250,0.0,0
1771964836.2063,41.9,30.0,-30.71,PILOTING,SYS_GO,17.5454,1.39,0.0,0.0,250,0.0,0
1771964836.2942,36.0,30.0,-30.55,PILOTING,SYS_GO,17.574,1.39,0.0,0.0,250,0.0,0
1771964836.3442,47.9,30.0,-30.44,PILOTING,SYS_GO,17.5777,1.39,0.0,0.0,250,0.0,0
1771964836.4473,40.4,30.0,-30.18,PILOTING,SYS_GO,17.6134,1.39,0.0,0.0,250,0.0,0
1771964836.4965,40.9,30.0,-30.39,PILOTING,SYS_GO,17.5417,1.39,0.0,0.0,250,0.0,0
1771964836.5394,38.7,30.0,-30.46,PILOTING,SYS_GO,17.5538,1.39,0.0,0.0,250,0.0,0
1771964836.615,34.1,30.0,-30.39,PILOTING,SYS_GO,17.5769,1.39,0.0,0.0,250,0.0,0
1771964836.6614,35.5,30.0,-30.31,PILOTING,SYS_GO,17.5856,1.39,0.0,0.0,250,0.0,0
1771964836.7522,30.7,30.0,-30.07,PILOTING,SYS_GO,17.6171,1.39,0.0,0.0,250,0.0,0
1771964836.8013,38.1,30.0,-29.89,PILOTING,SYS_GO,17.6225,1.39,0.0,0.0,250,0.0,0
1771964836.9184,32.3,30.0,-30.03,PILOTING,SYS_GO,17.5804,1.39,0.0,0.0,250,0.0,0
1771964836.9639,42.1,30.0,-30.09,PILOTING,SYS_GO,17.5848,1.39,0.0,0.0,250,0.0,0
1771964837.102,35.2,30.0,-29.85,PILOTING,SYS_GO,17.6317,1.39,0.0,0.0,250,0.0,0
1771964837.1478,44.0,30.0,-29.68,PILOTING,SYS_GO,17.6362,1.39,0.0,0.0,250,0.0,0
1771964837.2252,38.2,30.0,-29.42,PILOTING,SYS_GO,17.6601,1.39,0.0,0.0,250,0.0,0
1771964837.2686,47.1,30.0,-29.23,PILOTING,SYS_GO,17.6645,1.39,0.0,0.0,250,0.0,0
1771964837.3153,47.2,30.0,-29.61,PILOTING,SYS_GO,17.5844,1.39,0.0,0.0,250,0.0,0
1771964837.361,47.5,30.0,-29.8,PILOTING,SYS_GO,17.5917,1.39,0.0,0.0,250,0.0,0
1771964837.4067,47.8,30.0,-29.88,PILOTING,SYS_GO,17.5991,1.39,0.0,0.0,250,0.0,0
1771964837.4523,47.4,30.0,-29.87,PILOTING,SYS_GO,17.607,1.39,0.0,0.0,250,0.0,0
1771964837.4978,47.2,30.0,-29.82,PILOTING,SYS_GO,17.6147,1.39,0.0,0.0,250,0.0,0
1771964837.5524,46.6,30.0,-29.75,PILOTING,SYS_GO,17.6229,1.39,0.0,0.0,250,0.0,0
1771964837.6062,41.3,30.0,-30.05,PILOTING,SYS_GO,17.5591,1.39,0.0,0.0,250,0.0,0
1771964837.7135,35.0,30.0,-30.04,PILOTING,SYS_GO,17.597,1.39,0.0,0.0,250,0.0,0
1771964837.7648,44.4,30.0,-30.0,PILOTING,SYS_GO,17.6014,1.39,0.0,0.0,250,0.0,0
1771964837.8352,38.6,30.0,-29.84,PILOTING,SYS_GO,17.625,1.39,0.0,0.0,250,0.0,0
1771964837.9114,33.9,30.0,-29.59,PILOTING,SYS_GO,17.6488,1.39,0.0,0.0,250,0.0,0
1771964837.9574,34.3,30.0,-29.37,PILOTING,SYS_GO,17.6588,1.39,0.0,0.0,250,0.0,0
1771964838.0654,29.5,30.0,-29.57,PILOTING,SYS_GO,17.6078,1.39,0.0,0.0,250,0.0,0
1771964838.116,35.4,30.0,-29.65,PILOTING,SYS_GO,17.6139,1.39,0.0,0.0,250,0.0,0
1771964838.1606,33.5,30.0,-29.61,PILOTING,SYS_GO,17.6277,1.39,0.0,0.0,250,0.0,0
1771964838.2789,28.8,30.0,-29.34,PILOTING,SYS_GO,17.6649,1.39,0.0,0.0,250,0.0,0
1771964838.3251,37.5,30.0,-29.15,PILOTING,SYS_GO,17.6699,1.39,0.0,0.0,250,0.0,0
1771964838.3709,39.3,30.0,-28.98,PILOTING,SYS_GO,17.6776,1.39,0.0,0.0,250,0.0,0
1771964838.4162,41.8,30.0,-29.41,PILOTING,SYS_GO,17.5949,1.39,0.0,0.0,250,0.0,0
1771964838.4622,42.0,30.0,-29.61,PILOTING,SYS_GO,17.6033,1.39,0.0,0.0,250,0.0,0
1771964838.5071,42.8,30.0,-29.69,PILOTING,SYS_GO,17.6111,1.39,0.0,0.0,250,0.0,0
1771964838.553,44.2,30.0,-29.69,PILOTING,SYS_GO,17.6184,1.39,0.0,0.0,250,0.0,0
1771964838.6018,40.5,30.0,-29.61,PILOTING,SYS_GO,17.6324,1.39,0.0,0.0,250,0.0,0
1771964838.6608,36.8,30.0,-29.45,PILOTING,SYS_GO,17.6487,1.39,0.0,0.0,250,0.0,0
1771964838.7369,32.2,30.0,-29.72,PILOTING,SYS_GO,17.5893,1.39,0.0,0.0,250,0.0,0
1771964838.7857,36.4,30.0,-29.84,PILOTING,SYS_GO,17.596,1.39,0.0,0.0,250,0.0,0
1771964838.8288,34.7,30.0,-29.84,PILOTING,SYS_GO,17.609,1.39,0.0,0.0,250,0.0,0
1771964838.952,29.5,30.0,-29.58,PILOTING,SYS_GO,17.6501,1.39,0.0,0.0,250,0.0,0
1771964838.9996,34.4,30.0,-29.38,PILOTING,SYS_GO,17.6568,1.39,0.0,0.0,250,0.0,0
1771964839.0621,32.1,30.0,-29.16,PILOTING,SYS_GO,17.6724,1.39,0.0,0.0,250,0.0,0
1771964839.1641,27.8,30.0,-29.37,PILOTING,SYS_GO,17.618,1.39,0.0,0.0,250,0.0,0
1771964839.2091,37.6,30.0,-29.48,PILOTING,SYS_GO,17.6227,1.39,0.0,0.0,250,0.0,0
1771964839.2546,42.3,30.0,-29.5,PILOTING,SYS_GO,17.6286,1.39,0.0,0.0,250,0.0,0
1771964839.2996,46.4,30.0,-29.48,PILOTING,SYS_GO,17.6343,1.39,0.0,0.0,250,0.0,0
1771964839.3448,50.5,30.0,-29.43,PILOTING,SYS_GO,17.6397,1.39,0.0,0.0,250,0.0,0
1771964839.3899,53.7,30.0,-29.37,PILOTING,SYS_GO,17.6451,1.39,0.0,0.0,250,0.0,0
1771964839.4352,53.8,30.0,-29.79,PILOTING,SYS_GO,17.567,1.39,0.0,0.0,250,0.0,0
1771964839.4808,52.6,30.0,-30.0,PILOTING,SYS_GO,17.5745,1.39,0.0,0.0,250,0.0,0
1771964839.5272,52.2,30.0,-30.09,PILOTING,SYS_GO,17.5816,1.39,0.0,0.0,250,0.0,0
1771964839.5735,53.8,30.0,-30.11,PILOTING,SYS_GO,17.5876,1.39,0.0,0.0,250,0.0,0
1771964839.6187,48.1,30.0,-30.05,PILOTING,SYS_GO,17.6017,1.39,0.0,0.0,250,0.0,0
1771964839.7154,41.1,30.0,-29.84,PILOTING,SYS_GO,17.6295,1.39,0.0,0.0,250,0.0,0
1771964839.7714,37.0,30.0,-30.08,PILOTING,SYS_GO,17.5645,1.39,0.0,0.0,250,0.0,0
1771964839.8194,36.7,30.0,-30.18,PILOTING,SYS_GO,17.5746,1.39,0.0,0.0,250,0.0,0
1771964839.9405,31.2,30.0,-30.0,PILOTING,SYS_GO,17.6154,1.39,0.0,0.0,250,0.0,0
1771964839.9857,42.3,30.0,-29.87,PILOTING,SYS_GO,17.6195,1.39,0.0,0.0,250,0.0,0
1771964840.0855,36.5,30.0,-29.62,PILOTING,SYS_GO,17.6469,1.39,0.0,0.0,250,0.0,0
1771964840.1522,32.5,30.0,-29.32,PILOTING,SYS_GO,17.6687,1.39,0.0,0.0,250,0.0,0
1771964840.2007,37.7,30.0,-29.66,PILOTING,SYS_GO,17.5865,1.39,0.0,0.0,250,0.0,0
1771964840.3056,32.3,30.0,-29.66,PILOTING,SYS_GO,17.6206,1.39,0.0,0.0,250,0.0,0
1771964840.3511,44.0,30.0,-29.64,PILOTING,SYS_GO,17.6246,1.39,0.0,0.0,250,0.0,0
1771964840.3958,45.0,30.0,-29.58,PILOTING,SYS_GO,17.632,1.39,0.0,0.0,250,0.0,0
1771964840.4414,45.4,30.0,-29.49,PILOTING,SYS_GO,17.6396,1.39,0.0,0.0,250,0.0,0
1771964840.4875,47.6,30.0,-29.4,PILOTING,SYS_GO,17.646,1.39,0.0,0.0,250,0.0,0
1771964840.5346,47.7,30.0,-29.8,PILOTING,SYS_GO,17.5686,1.39,0.0,0.0,250,0.0,0
1771964840.5794,47.1,30.0,-30.0,PILOTING,SYS_GO,17.5766,1.39,0.0,0.0,250,0.0,0
1771964840.625,47.5,30.0,-30.08,PILOTING,SYS_GO,17.584,1.39,0.0,0.0,250,0.0,0
1771964840.6874,42.4,30.0,-30.03,PILOTING,SYS_GO,17.6004,1.39,0.0,0.0,250,0.0,0
1771964840.7921,36.2,30.0,-29.81,PILOTING,SYS_GO,17.6321,1.39,0.0,0.0,250,0.0,0
1771964840.8403,38.8,30.0,-29.63,PILOTING,SYS_GO,17.6394,1.39,0.0,0.0,250,0.0,0
1771964840.9136,35.7,30.0,-29.93,PILOTING,SYS_GO,17.5712,1.39,0.0,0.0,250,0.0,0
1771964840.9948,31.6,30.0,-29.97,PILOTING,SYS_GO,17.5946,1.39,0.0,0.0,250,0.0,0
1771964841.0404,35.1,30.0,-29.96,PILOTING,SYS_GO,17.6019,1.39,0.0,0.0,250,0.0,0
1771964841.0993,31.6,30.0,-29.83,PILOTING,SYS_GO,17.6226,1.39,0.0,0.0,250,0.0,0
1771964841.1463,44.1,30.0,-29.73,PILOTING,SYS_GO,17.6264,1.39,0.0,0.0,250,0.0,0
1771964841.2364,37.8,30.0,-29.47,PILOTING,SYS_GO,17.6558,1.39,0.0,0.0,250,0.0,0
1771964841.2824,37.8,30.0,-29.79,PILOTING,SYS_GO,17.5789,1.39,0.0,0.0,250,0.0,0
1771964841.4037,32.1,30.0,-29.75,PILOTING,SYS_GO,17.619,1.39,0.0,0.0,250,0.0,0
1771964841.449,38.4,30.0,-29.69,PILOTING,SYS_GO,17.6247,1.39,0.0,0.0,250,0.0,0
1771964841.5571,32.8,30.0,-29.43,PILOTING,SYS_GO,17.659,1.39,0.0,0.0,250,0.0,0
1771964841.6049,38.4,30.0,-29.24,PILOTING,SYS_GO,17.665,1.39,0.0,0.0,250,0.0,0
1771964841.7405,32.4,30.0,-28.82,PILOTING,SYS_GO,17.7083,1.39,0.0,0.0,250,0.0,0
1771964841.7877,34.1,30.0,-29.14,PILOTING,SYS_GO,17.6228,1.39,0.0,0.0,250,0.0,0
1771964841.8827,30.0,30.0,-29.16,PILOTING,SYS_GO,17.6498,1.39,0.0,0.0,250,0.0,0
1771964841.9406,28.4,30.0,-29.07,PILOTING,SYS_GO,17.6661,1.39,0.0,0.0,250,0.0,0
1771964841.9874,37.8,30.0,-28.98,PILOTING,SYS_GO,17.6708,1.39,0.0,0.0,250,0.0,0
1771964842.0333,40.2,30.0,-28.88,PILOTING,SYS_GO,17.678,1.39,0.0,0.0,250,0.0,0
1771964842.0804,41.2,30.0,-28.76,PILOTING,SYS_GO,17.6861,1.39,0.0,0.0,250,0.0,0
1771964842.1263,42.3,30.0,-29.23,PILOTING,SYS_GO,17.6029,1.39,0.0,0.0,250,0.0,0
1771964842.1729,43.3,30.0,-29.46,PILOTING,SYS_GO,17.6105,1.39,0.0,0.0,250,0.0,0
1771964842.2189,39.8,30.0,-29.52,PILOTING,SYS_GO,17.6244,1.39,0.0,0.0,250,0.0,0
1771964842.2662,36.7,30.0,-29.46,PILOTING,SYS_GO,17.6392,1.39,0.0,0.0,250,0.0,0
1771964842.3715,31.5,30.0,-29.2,PILOTING,SYS_GO,17.6731,1.39,0.0,0.0,250,0.0,0
1771964842.4229,35.8,30.0,-28.99,PILOTING,SYS_GO,17.6799,1.39,0.0,0.0,250,0.0,0
1771964842.5098,31.1,30.0,-29.27,PILOTING,SYS_GO,17.6185,1.39,0.0,0.0,250,0.0,0
1771964842.5558,35.4,30.0,-29.4,PILOTING,SYS_GO,17.6254,1.39,0.0,0.0,250,0.0,0
1771964842.6493,30.9,30.0,-29.29,PILOTING,SYS_GO,17.6534,1.39,0.0,0.0,250,0.0,0
1771964842.696,37.8,30.0,-29.19,PILOTING,SYS_GO,17.6589,1.39,0.0,0.0,250,0.0,0
1771964842.8181,32.1,30.0,-28.87,PILOTING,SYS_GO,17.6972,1.39,0.0,0.0,250,0.0,0
1771964842.8648,33.0,30.0,-28.61,PILOTING,SYS_GO,17.7071,1.39,0.0,0.0,250,0.0,0
1771964842.9547,28.8,30.0,-28.89,PILOTING,SYS_GO,17.6424,1.39,0.0,0.0,250,0.0,0
1771964843.0037,39.7,30.0,-29.03,PILOTING,SYS_GO,17.6467,1.39,0.0,0.0,250,0.0,0
1771964843.1078,33.9,30.0,-28.89,PILOTING,SYS_GO,17.6809,1.39,0.0,0.0,250,0.0,0
1771964843.157,44.3,30.0,-28.77,PILOTING,SYS_GO,17.6851,1.39,0.0,0.0,250,0.0,0
1771964843.2304,38.3,30.0,-28.53,PILOTING,SYS_GO,17.7101,1.39,0.0,0.0,250,0.0,0
1771964843.2824,50.1,30.0,-28.36,PILOTING,SYS_GO,17.7138,1.39,0.0,0.0,250,0.0,0
1771964843.3534,43.4,30.0,-28.75,PILOTING,SYS_GO,17.6402,1.39,0.0,0.0,250,0.0,0
1771964843.3994,54.0,30.0,-28.97,PILOTING,SYS_GO,17.644,1.39,0.0,0.0,250,0.0,0
1771964843.4459,51.9,30.0,-29.04,PILOTING,SYS_GO,17.6523,1.39,0.0,0.0,250,0.0,0
1771964843.4919,49.8,30.0,-29.03,PILOTING,SYS_GO,17.6609,1.39,0.0,0.0,250,0.0,0
1771964843.5377,49.0,30.0,-28.97,PILOTING,SYS_GO,17.6688,1.39,0.0,0.0,250,0.0,0
1771964843.583,48.4,30.0,-28.88,PILOTING,SYS_GO,17.6767,1.39,0.0,0.0,250,0.0,0
1771964843.629,49.2,30.0,-29.35,PILOTING,SYS_GO,17.594,1.39,0.0,0.0,250,0.0,0
1771964843.6753,48.9,30.0,-29.59,PILOTING,SYS_GO,17.6015,1.39,0.0,0.0,250,0.0,0
1771964843.7243,47.6,30.0,-29.68,PILOTING,SYS_GO,17.6101,1.39,0.0,0.0,250,0.0,0
1771964843.7833,42.0,30.0,-29.63,PILOTING,SYS_GO,17.6283,1.39,0.0,0.0,250,0.0,0
1771964843.9051,35.4,30.0,-29.32,PILOTING,SYS_GO,17.6695,1.39,0.0,0.0,250,0.0,0
1771964843.9534,36.7,30.0,-29.08,PILOTING,SYS_GO,17.678,1.39,0.0,0.0,250,0.0,0
1771964844.0432,32.0,30.0,-29.34,PILOTING,SYS_GO,17.6156,1.39,0.0,0.0,250,0.0,0
1771964844.0885,31.3,30.0,-29.42,PILOTING,SYS_GO,17.6282,1.39,0.0,0.0,250,0.0,0
1771964844.1654,27.7,30.0,-29.3,PILOTING,SYS_GO,17.6549,1.39,0.0,0.0,250,0.0,0
1771964844.2109,41.1,30.0,-29.2,PILOTING,SYS_GO,17.6587,1.39,0.0,0.0,250,0.0,0
1771964844.3186,34.9,30.0,-28.9,PILOTING,SYS_GO,17.6942,1.39,0.0,0.0,250,0.0,0
1771964844.3649,46.4,30.0,-28.69,PILOTING,SYS_GO,17.6981,1.39,0.0,0.0,250,0.0,0
1771964844.4108,46.7,30.0,-29.12,PILOTING,SYS_GO,17.6129,1.39,0.0,0.0,250,0.0,0
1771964844.4558,45.0,30.0,-29.33,PILOTING,SYS_GO,17.6224,1.39,0.0,0.0,250,0.0,0
1771964844.5029,44.1,30.0,-29.4,PILOTING,SYS_GO,17.6312,1.39,0.0,0.0,250,0.0,0
1771964844.5491,44.3,30.0,-29.38,PILOTING,SYS_GO,17.6392,1.39,0.0,0.0,250,0.0,0
1771964844.5961,44.4,30.0,-29.33,PILOTING,SYS_GO,17.6472,1.39,0.0,0.0,250,0.0,0
1771964844.6431,45.3,30.0,-29.24,PILOTING,SYS_GO,17.6546,1.39,0.0,0.0,250,0.0,0
1771964844.6889,46.0,30.0,-29.67,PILOTING,SYS_GO,17.5758,1.39,0.0,0.0,250,0.0,0
1771964844.7335,47.2,30.0,-29.89,PILOTING,SYS_GO,17.5827,1.39,0.0,0.0,250,0.0,0
1771964844.7967,41.9,30.0,-29.92,PILOTING,SYS_GO,17.6001,1.39,0.0,0.0,250,0.0,0
1771964844.8732,36.5,30.0,-29.79,PILOTING,SYS_GO,17.6242,1.39,0.0,0.0,250,0.0,0
1771964844.9229,38.7,30.0,-29.67,PILOTING,SYS_GO,17.6317,1.39,0.0,0.0,250,0.0,0
1771964845.0422,32.8,30.0,-29.34,PILOTING,SYS_GO,17.6707,1.39,0.0,0.0,250,0.0,0
1771964845.0908,33.5,30.0,-29.64,PILOTING,SYS_GO,17.5921,1.39,0.0,0.0,250,0.0,0
1771964845.18,29.4,30.0,-29.65,PILOTING,SYS_GO,17.6198,1.39,0.0,0.0,250,0.0,0
1771964845.2252,28.4,30.0,-29.57,PILOTING,SYS_GO,17.6344,1.39,0.0,0.0,250,0.0,0
1771964845.3161,25.2,30.0,-29.33,PILOTING,SYS_GO,17.6631,1.39,0.0,0.0,250,0.0,0
1771964845.3615,40.9,30.0,-29.16,PILOTING,SYS_GO,17.6666,1.39,0.0,0.0,250,0.0,0
1771964845.407,47.5,30.0,-29.03,PILOTING,SYS_GO,17.6715,1.39,0.0,0.0,250,0.0,0
1771964845.4531,53.4,30.0,-29.48,PILOTING,SYS_GO,17.5874,1.39,0.0,0.0,250,0.0,0
1771964845.4991,54.0,30.0,-29.71,PILOTING,SYS_GO,17.5938,1.39,0.0,0.0,250,0.0,0
1771964845.5456,54.5,30.0,-29.81,PILOTING,SYS_GO,17.6002,1.39,0.0,0.0,250,0.0,0
1771964845.592,53.8,30.0,-29.83,PILOTING,SYS_GO,17.6073,1.39,0.0,0.0,250,0.0,0
1771964845.6375,53.6,30.0,-29.81,PILOTING,SYS_GO,17.614,1.39,0.0,0.0,250,0.0,0
1771964845.683,55.8,30.0,-29.75,PILOTING,SYS_GO,17.6196,1.39,0.0,0.0,250,0.0,0
1771964845.7288,56.8,30.0,-30.12,PILOTING,SYS_GO,17.5446,1.39,0.0,0.0,250,0.0,0
1771964845.7749,56.6,30.0,-30.32,PILOTING,SYS_GO,17.5511,1.39,0.0,0.0,250,0.0,0
1771964845.8213,55.2,30.0,-30.4,PILOTING,SYS_GO,17.5583,1.39,0.0,0.0,250,0.0,0
1771964845.8751,53.1,30.0,-30.41,PILOTING,SYS_GO,17.5663,1.39,0.0,0.0,250,0.0,0
1771964845.9449,45.9,30.0,-30.31,PILOTING,SYS_GO,17.5874,1.39,0.0,0.0,250,0.0,0
1771964846.0031,43.7,30.0,-30.18,PILOTING,SYS_GO,17.5977,1.39,0.0,0.0,250,0.0,0
1771964846.0673,38.3,30.0,-30.39,PILOTING,SYS_GO,17.5418,1.39,0.0,0.0,250,0.0,0
1771964846.1136,41.6,30.0,-30.49,PILOTING,SYS_GO,17.5484,1.39,0.0,0.0,250,0.0,0
1771964846.2023,35.6,30.0,-30.4,PILOTING,SYS_GO,17.5789,1.39,0.0,0.0,250,0.0,0
1771964846.2486,47.5,30.0,-30.32,PILOTING,SYS_GO,17.5827,1.39,0.0,0.0,250,0.0,0
1771964846.3398,40.4,30.0,-30.11,PILOTING,SYS_GO,17.6125,1.39,0.0,0.0,250,0.0,0
1771964846.386,51.1,30.0,-29.96,PILOTING,SYS_GO,17.6163,1.39,0.0,0.0,250,0.0,0
1771964846.4316,50.3,30.0,-30.25,PILOTING,SYS_GO,17.5435,1.39,0.0,0.0,250,0.0,0
1771964846.4779,55.5,30.0,-30.41,PILOTING,SYS_GO,17.5482,1.39,0.0,0.0,250,0.0,0
1771964846.524,54.7,30.0,-30.47,PILOTING,SYS_GO,17.5552,1.39,0.0,0.0,250,0.0,0
1771964846.5689,54.4,30.0,-30.47,PILOTING,SYS_GO,17.562,1.39,0.0,0.0,250,0.0,0
1771964846.6167,53.0,30.0,-30.44,PILOTING,SYS_GO,17.5696,1.39,0.0,0.0,250,0.0,0
1771964846.6621,51.9,30.0,-30.38,PILOTING,SYS_GO,17.5772,1.39,0.0,0.0,250,0.0,0
1771964846.7069,50.8,30.0,-30.62,PILOTING,SYS_GO,17.5103,1.39,0.0,0.0,250,0.0,0
1771964846.7526,51.3,30.0,-30.75,PILOTING,SYS_GO,17.5171,1.39,0.0,0.0,250,0.0,0
1771964846.7991,50.5,30.0,-30.8,PILOTING,SYS_GO,17.5247,1.39,0.0,0.0,250,0.0,0
1771964846.8464,49.5,30.0,-30.8,PILOTING,SYS_GO,17.5326,1.39,0.0,0.0,250,0.0,0
1771964846.9513,43.3,30.0,-30.72,PILOTING,SYS_GO,17.5518,1.39,0.0,0.0,250,0.0,0
1771964846.9976,42.2,30.0,-30.63,PILOTING,SYS_GO,17.5614,1.39,0.0,0.0,250,0.0,0
1771964847.0491,39.5,30.0,-30.79,PILOTING,SYS_GO,17.5017,1.39,0.0,0.0,250,0.0,0
1771964847.1015,35.6,30.0,-30.84,PILOTING,SYS_GO,17.5195,1.39,0.0,0.0,250,0.0,0
1771964847.1481,39.9,30.0,-30.85,PILOTING,SYS_GO,17.5259,1.39,0.0,0.0,250,0.0,0
1771964847.2392,34.5,30.0,-30.74,PILOTING,SYS_GO,17.5535,1.39,0.0,0.0,250,0.0,0
1771964847.2872,41.7,30.0,-30.65,PILOTING,SYS_GO,17.5586,1.39,0.0,0.0,250,0.0,0
1771964847.3622,36.5,30.0,-30.49,PILOTING,SYS_GO,17.5812,1.39,0.0,0.0,250,0.0,0
1771964847.4073,37.9,30.0,-30.67,PILOTING,SYS_GO,17.5144,1.39,0.0,0.0,250,0.0,0
1771964847.499,32.8,30.0,-30.68,PILOTING,SYS_GO,17.5428,1.39,0.0,0.0,250,0.0,0
1771964847.5454,43.6,30.0,-30.67,PILOTING,SYS_GO,17.547,1.39,0.0,0.0,250,0.0,0
1771964847.5902,45.7,30.0,-30.63,PILOTING,SYS_GO,17.5536,1.39,0.0,0.0,250,0.0,0
1771964847.6356,46.9,30.0,-30.58,PILOTING,SYS_GO,17.5606,1.39,0.0,0.0,250,0.0,0
1771964847.6825,47.8,30.0,-30.51,PILOTING,SYS_GO,17.5676,1.39,0.0,0.0,250,0.0,0
1771964847.728,47.9,30.0,-30.72,PILOTING,SYS_GO,17.502,1.39,0.0,0.0,250,0.0,0
1771964847.7738,48.2,30.0,-30.83,PILOTING,SYS_GO,17.5092,1.39,0.0,0.0,250,0.0,0
1771964847.8198,56.5,30.0,-30.89,PILOTING,SYS_GO,17.5132,1.39,0.0,0.0,250,0.0,0
1771964847.8664,55.5,30.0,-30.9,PILOTING,SYS_GO,17.5202,1.39,0.0,0.0,250,0.0,0
1771964847.9479,47.7,30.0,-30.82,PILOTING,SYS_GO,17.5423,1.39,0.0,0.0,250,0.0,0
1771964848.0323,40.9,30.0,-30.65,PILOTING,SYS_GO,17.5686,1.39,0.0,0.0,250,0.0,0
1771964848.0784,41.6,30.0,-30.81,PILOTING,SYS_GO,17.5034,1.39,0.0,0.0,250,0.0,0
1771964848.1552,36.0,30.0,-30.81,PILOTING,SYS_GO,17.5297,1.39,0.0,0.0,250,0.0,0
1771964848.2022,48.7,30.0,-30.81,PILOTING,SYS_GO,17.5333,1.39,0.0,0.0,250,0.0,0
1771964848.2918,41.3,30.0,-30.67,PILOTING,SYS_GO,17.5633,1.39,0.0,0.0,250,0.0,0
1771964848.3382,45.5,30.0,-30.56,PILOTING,SYS_GO,17.5691,1.39,0.0,0.0,250,0.0,0
1771964848.4293,39.1,30.0,-30.35,PILOTING,SYS_GO,17.5957,1.39,0.0,0.0,250,0.0,0
1771964848.4739,42.3,30.0,-30.56,PILOTING,SYS_GO,17.5249,1.39,0.0,0.0,250,0.0,0
1771964848.5185,42.6,30.0,-30.65,PILOTING,SYS_GO,17.5331,1.39,0.0,0.0,250,0.0,0
1771964848.5642,41.8,30.0,-30.67,PILOTING,SYS_GO,17.5425,1.39,0.0,0.0,250,0.0,0
1771964848.6089,40.6,30.0,-30.64,PILOTING,SYS_GO,17.5526,1.39,0.0,0.0,250,0.0,0
1771964848.6558,40.6,30.0,-30.58,PILOTING,SYS_GO,17.5613,1.39,0.0,0.0,250,0.0,0
1771964848.702,41.5,30.0,-30.5,PILOTING,SYS_GO,17.5693,1.39,0.0,0.0,250,0.0,0
1771964848.7463,43.0,30.0,-30.72,PILOTING,SYS_GO,17.5033,1.39,0.0,0.0,250,0.0,0
1771964848.7917,49.5,30.0,-30.83,PILOTING,SYS_GO,17.508,1.39,0.0,0.0,250,0.0,0
1771964848.8371,55.2,30.0,-30.89,PILOTING,SYS_GO,17.5127,1.39,0.0,0.0,250,0.0,0
1771964848.8823,53.5,30.0,-30.9,PILOTING,SYS_GO,17.5204,1.39,0.0,0.0,250,0.0,0
1771964848.9317,47.5,30.0,-30.85,PILOTING,SYS_GO,17.5358,1.39,0.0,0.0,250,0.0,0
1771964848.9902,42.6,30.0,-30.75,PILOTING,SYS_GO,17.5514,1.39,0.0,0.0,250,0.0,0
1771964849.0662,36.9,30.0,-30.86,PILOTING,SYS_GO,17.5066,1.39,0.0,0.0,250,0.0,0
1771964849.1116,46.8,30.0,-30.91,PILOTING,SYS_GO,17.5107,1.39,0.0,0.0,250,0.0,0
1771964849.2011,40.1,30.0,-30.84,PILOTING,SYS_GO,17.538,1.39,0.0,0.0,250,0.0,0
1771964849.2625,39.3,30.0,-30.76,PILOTING,SYS_GO,17.548,1.39,0.0,0.0,250,0.0,0
1771964849.3386,34.3,30.0,-30.59,PILOTING,SYS_GO,17.573,1.39,0.0,0.0,250,0.0,0
1771964849.3863,42.0,30.0,-30.47,PILOTING,SYS_GO,17.578,1.39,0.0,0.0,250,0.0,0
1771964849.4758,36.0,30.0,-30.6,PILOTING,SYS_GO,17.5335,1.39,0.0,0.0,250,0.0,0
1771964849.5244,43.2,30.0,-30.65,PILOTING,SYS_GO,17.5385,1.39,0.0,0.0,250,0.0,0
1771964849.6292,36.5,30.0,-30.52,PILOTING,SYS_GO,17.5755,1.39,0.0,0.0,250,0.0,0
1771964849.6752,44.1,30.0,-30.41,PILOTING,SYS_GO,17.5803,1.39,0.0,0.0,250,0.0,0
1771964849.7215,45.6,30.0,-30.31,PILOTING,SYS_GO,17.5873,1.39,0.0,0.0,250,0.0,0
1771964849.7674,45.8,30.0,-30.2,PILOTING,SYS_GO,17.595,1.39,0.0,0.0,250,0.0,0
1771964849.8138,46.1,30.0,-30.47,PILOTING,SYS_GO,17.5254,1.39,0.0,0.0,250,0.0,0
1771964849.8598,46.0,30.0,-30.6,PILOTING,SYS_GO,17.5332,1.39,0.0,0.0,250,0.0,0
1771964849.9057,46.5,30.0,-30.65,PILOTING,SYS_GO,17.5407,1.39,0.0,0.0,250,0.0,0
1771964849.9546,43.4,30.0,-30.63,PILOTING,SYS_GO,17.5523,1.39,0.0,0.0,250,0.0,0
1771964849.9965,45.3,30.0,-30.58,PILOTING,SYS_GO,17.5591,1.39,0.0,0.0,250,0.0,0
1771964850.0882,38.6,30.0,-30.4,PILOTING,SYS_GO,17.5893,1.39,0.0,0.0,250,0.0,0
1771964850.1341,41.0,30.0,-30.6,PILOTING,SYS_GO,17.52,1.39,0.0,0.0,250,0.0,0
1771964850.2725,34.4,30.0,-30.54,PILOTING,SYS_GO,17.5655,1.39,0.0,0.0,250,0.0,0
1771964850.3222,43.0,30.0,-30.47,PILOTING,SYS_GO,17.5702,1.39,0.0,0.0,250,0.0,0
1771964850.456,36.0,30.0,-30.18,PILOTING,SYS_GO,17.6149,1.39,0.0,0.0,250,0.0,0
1771964850.5024,46.5,30.0,-29.99,PILOTING,SYS_GO,17.6189,1.39,0.0,0.0,250,0.0,0
1771964850.5484,46.6,30.0,-29.82,PILOTING,SYS_GO,17.6266,1.39,0.0,0.0,250,0.0,0
1771964850.5934,48.4,30.0,-30.13,PILOTING,SYS_GO,17.551,1.39,0.0,0.0,250,0.0,0
1771964850.6385,47.5,30.0,-30.29,PILOTING,SYS_GO,17.5592,1.39,0.0,0.0,250,0.0,0
1771964850.6837,47.0,30.0,-30.34,PILOTING,SYS_GO,17.5673,1.39,0.0,0.0,250,0.0,0
1771964850.7295,46.9,30.0,-30.33,PILOTING,SYS_GO,17.575,1.39,0.0,0.0,250,0.0,0
1771964850.7742,47.4,30.0,-30.28,PILOTING,SYS_GO,17.5823,1.39,0.0,0.0,250,0.0,0
1771964850.8197,46.9,30.0,-30.21,PILOTING,SYS_GO,17.5903,1.39,0.0,0.0,250,0.0,0
1771964850.865,47.3,30.0,-30.49,PILOTING,SYS_GO,17.5212,1.39,0.0,0.0,250,0.0,0
1771964850.9106,47.5,30.0,-30.63,PILOTING,SYS_GO,17.5286,1.39,0.0,0.0,250,0.0,0
1771964850.9582,47.9,30.0,-30.68,PILOTING,SYS_GO,17.5359,1.39,0.0,0.0,250,0.0,0
1771964851.0033,43.3,30.0,-30.66,PILOTING,SYS_GO,17.5503,1.39,0.0,0.0,250,0.0,0
1771964851.1269,36.5,30.0,-30.44,PILOTING,SYS_GO,17.5894,1.39,0.0,0.0,250,0.0,0
1771964851.1762,47.8,30.0,-30.29,PILOTING,SYS_GO,17.5932,1.39,0.0,0.0,250,0.0,0
1771964851.3107,39.9,30.0,-30.38,PILOTING,SYS_GO,17.5592,1.39,0.0,0.0,250,0.0,0
1771964851.3596,36.9,30.0,-30.36,PILOTING,SYS_GO,17.5736,1.39,0.0,0.0,250,0.0,0
1771964851.4447,34.0,30.0,-30.26,PILOTING,SYS_GO,17.5897,1.39,0.0,0.0,250,0.0,0
1771964851.5096,30.6,30.0,-30.08,PILOTING,SYS_GO,17.6108,1.39,0.0,0.0,250,0.0,0
1771964851.5563,35.9,30.0,-29.94,PILOTING,SYS_GO,17.6171,1.39,0.0,0.0,250,0.0,0
1771964851.6465,31.0,30.0,-29.65,PILOTING,SYS_GO,17.6485,1.39,0.0,0.0,250,0.0,0
1771964851.6922,38.2,30.0,-29.95,PILOTING,SYS_GO,17.5686,1.39,0.0,0.0,250,0.0,0
1771964851.7382,39.6,30.0,-30.09,PILOTING,SYS_GO,17.5765,1.39,0.0,0.0,250,0.0,0
1771964851.7838,43.1,30.0,-30.14,PILOTING,SYS_GO,17.5829,1.39,0.0,0.0,250,0.0,0
1771964851.8301,43.9,30.0,-30.12,PILOTING,SYS_GO,17.5905,1.39,0.0,0.0,250,0.0,0
1771964851.8766,44.5,30.0,-30.07,PILOTING,SYS_GO,17.5982,1.39,0.0,0.0,250,0.0,0
1771964851.9227,46.2,30.0,-30.0,PILOTING,SYS_GO,17.6049,1.39,0.0,0.0,250,0.0,0
1771964851.9692,46.8,30.0,-30.32,PILOTING,SYS_GO,17.5335,1.39,0.0,0.0,250,0.0,0
1771964852.0155,44.7,30.0,-30.47,PILOTING,SYS_GO,17.5434,1.39,0.0,0.0,250,0.0,0
1771964852.0741,42.5,30.0,-30.51,PILOTING,SYS_GO,17.5542,1.39,0.0,0.0,250,0.0,0
1771964852.1534,37.1,30.0,-30.42,PILOTING,SYS_GO,17.5773,1.39,0.0,0.0,250,0.0,0
1771964852.199,36.3,30.0,-30.31,PILOTING,SYS_GO,17.5881,1.39,0.0,0.0,250,0.0,0
1771964852.2919,31.6,30.0,-30.07,PILOTING,SYS_GO,17.6168,1.39,0.0,0.0,250,0.0,0
1771964852.3376,34.5,30.0,-30.32,PILOTING,SYS_GO,17.5441,1.39,0.0,0.0,250,0.0,0
1771964852.4126,30.4,30.0,-30.35,PILOTING,SYS_GO,17.5691,1.39,0.0,0.0,250,0.0,0
1771964852.4598,42.3,30.0,-30.34,PILOTING,SYS_GO,17.5731,1.39,0.0,0.0,250,0.0,0
1771964852.5489,36.2,30.0,-30.17,PILOTING,SYS_GO,17.6035,1.39,0.0,0.0,250,0.0,0
1771964852.5975,37.6,30.0,-30.02,PILOTING,SYS_GO,17.6119,1.39,0.0,0.0,250,0.0,0
1771964852.6809,33.2,30.0,-29.79,PILOTING,SYS_GO,17.6349,1.39,0.0,0.0,250,0.0,0
1771964852.7472,30.2,30.0,-30.02,PILOTING,SYS_GO,17.5713,1.39,0.0,0.0,250,0.0,0
1771964852.7943,38.8,30.0,-30.13,PILOTING,SYS_GO,17.5763,1.39,0.0,0.0,250,0.0,0
1771964852.8405,41.2,30.0,-30.16,PILOTING,SYS_GO,17.5834,1.39,0.0,0.0,250,0.0,0
1771964852.8871,42.0,30.0,-30.13,PILOTING,SYS_GO,17.5913,1.39,0.0,0.0,250,0.0,0
1771964852.9331,42.7,30.0,-30.07,PILOTING,SYS_GO,17.5992,1.39,0.0,0.0,250,0.0,0
1771964852.9786,46.1,30.0,-30.0,PILOTING,SYS_GO,17.6053,1.39,0.0,0.0,250,0.0,0
1771964853.0236,50.2,30.0,-30.32,PILOTING,SYS_GO,17.5319,1.39,0.0,0.0,250,0.0,0
1771964853.0688,44.9,30.0,-30.45,PILOTING,SYS_GO,17.547,1.39,0.0,0.0,250,0.0,0
1771964853.1602,38.3,30.0,-30.39,PILOTING,SYS_GO,17.5768,1.39,0.0,0.0,250,0.0,0
1771964853.209,49.6,30.0,-30.33,PILOTING,SYS_GO,17.5806,1.39,0.0,0.0,250,0.0,0
1771964853.2965,42.3,30.0,-30.14,PILOTING,SYS_GO,17.6082,1.39,0.0,0.0,250,0.0,0
1771964853.3447,43.5,30.0,-29.98,PILOTING,SYS_GO,17.6157,1.39,0.0,0.0,250,0.0,0
1771964853.4184,37.8,30.0,-30.19,PILOTING,SYS_GO,17.559,1.39,0.0,0.0,250,0.0,0
1771964853.4635,41.0,30.0,-30.29,PILOTING,SYS_GO,17.5657,1.39,0.0,0.0,250,0.0,0
1771964853.5863,34.6,30.0,-30.13,PILOTING,SYS_GO,17.6055,1.39,0.0,0.0,250,0.0,0
1771964853.6325,40.1,30.0,-30.0,PILOTING,SYS_GO,17.6113,1.39,0.0,0.0,250,0.0,0
1771964853.6782,41.7,30.0,-29.88,PILOTING,SYS_GO,17.6188,1.39,0.0,0.0,250,0.0,0
1771964853.7239,42.6,30.0,-29.75,PILOTING,SYS_GO,17.6265,1.39,0.0,0.0,250,0.0,0
1771964853.7699,43.7,30.0,-30.09,PILOTING,SYS_GO,17.5521,1.39,0.0,0.0,250,0.0,0
1771964853.8163,49.5,30.0,-30.27,PILOTING,SYS_GO,17.5571,1.39,0.0,0.0,250,0.0,0
1771964853.8616,48.8,30.0,-30.34,PILOTING,SYS_GO,17.5649,1.39,0.0,0.0,250,0.0,0
1771964853.9071,49.7,30.0,-30.35,PILOTING,SYS_GO,17.5716,1.39,0.0,0.0,250,0.0,0
1771964853.9523,52.4,30.0,-30.32,PILOTING,SYS_GO,17.5773,1.39,0.0,0.0,250,0.0,0
1771964853.9978,52.0,30.0,-30.27,PILOTING,SYS_GO,17.5845,1.39,0.0,0.0,250,0.0,0
1771964854.0434,51.4,30.0,-30.54,PILOTING,SYS_GO,17.5162,1.39,0.0,0.0,250,0.0,0
1771964854.0892,46.3,30.0,-30.65,PILOTING,SYS_GO,17.5301,1.39,0.0,0.0,250,0.0,0
1771964854.1521,41.3,30.0,-30.65,PILOTING,SYS_GO,17.5469,1.39,0.0,0.0,250,0.0,0
1771964854.2106,37.7,30.0,-30.58,PILOTING,SYS_GO,17.5625,1.39,0.0,0.0,250,0.0,0
1771964854.2558,36.9,30.0,-30.48,PILOTING,SYS_GO,17.5732,1.39,0.0,0.0,250,0.0,0
1771964854.3619,31.6,30.0,-30.24,PILOTING,SYS_GO,17.6072,1.39,0.0,0.0,250,0.0,0
1771964854.408,33.7,30.0,-30.45,PILOTING,SYS_GO,17.5367,1.39,0.0,0.0,250,0.0,0
1771964854.5141,29.0,30.0,-30.41,PILOTING,SYS_GO,17.5711,1.39,0.0,0.0,250,0.0,0
1771964854.5602,34.2,30.0,-30.36,PILOTING,SYS_GO,17.5777,1.39,0.0,0.0,250,0.0,0
1771964854.6832,29.0,30.0,-30.08,PILOTING,SYS_GO,17.6214,1.39,0.0,0.0,250,0.0,0
1771964854.7307,33.6,30.0,-29.86,PILOTING,SYS_GO,17.6283,1.39,0.0,0.0,250,0.0,0
1771964854.7807,32.8,30.0,-29.66,PILOTING,SYS_GO,17.6406,1.39,0.0,0.0,250,0.0,0
1771964854.9148,27.9,30.0,-29.78,PILOTING,SYS_GO,17.6001,1.39,0.0,0.0,250,0.0,0
1771964854.9606,34.2,30.0,-29.82,PILOTING,SYS_GO,17.6061,1.39,0.0,0.0,250,0.0,0
1771964855.0071,37.3,30.0,-29.8,PILOTING,SYS_GO,17.6134,1.39,0.0,0.0,250,0.0,0
1771964855.0523,39.6,30.0,-29.74,PILOTING,SYS_GO,17.6208,1.39,0.0,0.0,250,0.0,0
1771964855.0975,41.0,30.0,-29.66,PILOTING,SYS_GO,17.6285,1.39,0.0,0.0,250,0.0,0
1771964855.162,36.8,30.0,-29.5,PILOTING,SYS_GO,17.6465,1.39,0.0,0.0,250,0.0,0
1771964855.2661,31.6,30.0,-29.72,PILOTING,SYS_GO,17.5945,1.39,0.0,0.0,250,0.0,0
1771964855.3212,35.5,30.0,-29.81,PILOTING,SYS_GO,17.6015,1.39,0.0,0.0,250,0.0,0
1771964855.3883,31.5,30.0,-29.73,PILOTING,SYS_GO,17.6247,1.39,0.0,0.0,250,0.0,0
1771964855.4366,44.1,30.0,-29.65,PILOTING,SYS_GO,17.6286,1.39,0.0,0.0,250,0.0,0
1771964855.5401,37.2,30.0,-29.37,PILOTING,SYS_GO,17.6651,1.39,0.0,0.0,250,0.0,0
1771964855.5898,40.5,30.0,-29.15,PILOTING,SYS_GO,17.6718,1.39,0.0,0.0,250,0.0,0
1771964855.6532,38.3,30.0,-29.51,PILOTING,SYS_GO,17.5953,1.39,0.0,0.0,250,0.0,0
1771964855.7419,33.1,30.0,-29.55,PILOTING,SYS_GO,17.6239,1.39,0.0,0.0,250,0.0,0
1771964855.7873,45.5,30.0,-29.55,PILOTING,SYS_GO,17.6277,1.39,0.0,0.0,250,0.0,0
1771964855.8333,46.4,30.0,-29.5,PILOTING,SYS_GO,17.6349,1.39,0.0,0.0,250,0.0,0
1771964855.8807,46.5,30.0,-29.43,PILOTING,SYS_GO,17.6426,1.39,0.0,0.0,250,0.0,0
1771964855.9261,46.6,30.0,-29.33,PILOTING,SYS_GO,17.6502,1.39,0.0,0.0,250,0.0,0
1771964855.9732,47.7,30.0,-29.74,PILOTING,SYS_GO,17.5716,1.39,0.0,0.0,250,0.0,0
1771964856.0194,50.1,30.0,-29.96,PILOTING,SYS_GO,17.5777,1.39,0.0,0.0,250,0.0,0
1771964856.0667,59.1,30.0,-30.07,PILOTING,SYS_GO,17.5814,1.39,0.0,0.0,250,0.0,0
1771964856.1136,57.4,30.0,-30.09,PILOTING,SYS_GO,17.5886,1.39,0.0,0.0,250,0.0,0
1771964856.1587,59.3,30.0,-30.08,PILOTING,SYS_GO,17.5939,1.39,0.0,0.0,250,0.0,0
1771964856.203,53.3,30.0,-30.0,PILOTING,SYS_GO,17.6062,1.39,0.0,0.0,250,0.0,0
1771964856.2788,45.4,30.0,-30.23,PILOTING,SYS_GO,17.5538,1.39,0.0,0.0,250,0.0,0
1771964856.3301,53.4,30.0,-30.35,PILOTING,SYS_GO,17.558,1.39,0.0,0.0,250,0.0,0
1771964856.4618,44.4,30.0,-30.2,PILOTING,SYS_GO,17.5997,1.39,0.0,0.0,250,0.0,0
1771964856.509,47.5,30.0,-30.07,PILOTING,SYS_GO,17.6057,1.39,0.0,0.0,250,0.0,0
1771964856.6137,40.2,30.0,-29.79,PILOTING,SYS_GO,17.6393,1.39,0.0,0.0,250,0.0,0
1771964856.6592,38.6,30.0,-29.55,PILOTING,SYS_GO,17.6504,1.39,0.0,0.0,250,0.0,0
1771964856.7097,39.9,30.0,-29.87,PILOTING,SYS_GO,17.5728,1.39,0.0,0.0,250,0.0,0
1771964856.8279,33.8,30.0,-29.84,PILOTING,SYS_GO,17.6114,1.39,0.0,0.0,250,0.0,0
1771964856.8732,39.2,30.0,-29.79,PILOTING,SYS_GO,17.6174,1.39,0.0,0.0,250,0.0,0
1771964856.9187,41.5,30.0,-29.71,PILOTING,SYS_GO,17.6245,1.39,0.0,0.0,250,0.0,0
1771964856.9637,42.8,30.0,-29.62,PILOTING,SYS_GO,17.632,1.39,0.0,0.0,250,0.0,0
1771964857.0095,45.3,30.0,-29.53,PILOTING,SYS_GO,17.6385,1.39,0.0,0.0,250,0.0,0
1771964857.0549,45.6,30.0,-29.9,PILOTING,SYS_GO,17.5624,1.39,0.0,0.0,250,0.0,0
1771964857.0996,47.6,30.0,-30.1,PILOTING,SYS_GO,17.5689,1.39,0.0,0.0,250,0.0,0
1771964857.1452,47.7,30.0,-30.18,PILOTING,SYS_GO,17.5763,1.39,0.0,0.0,250,0.0,0
1771964857.1904,47.2,30.0,-30.18,PILOTING,SYS_GO,17.5843,1.39,0.0,0.0,250,0.0,0
1771964857.2531,41.2,30.0,-30.07,PILOTING,SYS_GO,17.6049,1.39,0.0,0.0,250,0.0,0
1771964857.3731,34.7,30.0,-29.75,PILOTING,SYS_GO,17.6458,1.39,0.0,0.0,250,0.0,0
1771964857.4196,38.5,30.0,-30.01,PILOTING,SYS_GO,17.5676,1.39,0.0,0.0,250,0.0,0
1771964857.4949,33.6,30.0,-30.03,PILOTING,SYS_GO,17.5933,1.39,0.0,0.0,250,0.0,0
1771964857.6031,28.8,30.0,-29.82,PILOTING,SYS_GO,17.6309,1.39,0.0,0.0,250,0.0,0
1771964857.6501,42.6,30.0,-29.67,PILOTING,SYS_GO,17.6345,1.39,0.0,0.0,250,0.0,0
1771964857.7232,37.1,30.0,-29.42,PILOTING,SYS_GO,17.6588,1.39,0.0,0.0,250,0.0,0
1771964857.7711,48.3,30.0,-29.24,PILOTING,SYS_GO,17.6627,1.39,0.0,0.0,250,0.0,0
1771964857.8442,41.5,30.0,-29.53,PILOTING,SYS_GO,17.6001,1.39,0.0,0.0,250,0.0,0
1771964857.8897,54.1,30.0,-29.69,PILOTING,SYS_GO,17.6036,1.39,0.0,0.0,250,0.0,0
1771964857.9355,56.6,30.0,-29.75,PILOTING,SYS_GO,17.609,1.39,0.0,0.0,250,0.0,0
1771964857.9803,55.4,30.0,-29.74,PILOTING,SYS_GO,17.6161,1.39,0.0,0.0,250,0.0,0
1771964858.0261,56.0,30.0,-29.7,PILOTING,SYS_GO,17.6222,1.39,0.0,0.0,250,0.0,0
1771964858.0713,56.7,30.0,-29.64,PILOTING,SYS_GO,17.6283,1.39,0.0,0.0,250,0.0,0
1771964858.1183,54.6,30.0,-30.01,PILOTING,SYS_GO,17.5539,1.39,0.0,0.0,250,0.0,0
1771964858.1648,55.3,30.0,-30.21,PILOTING,SYS_GO,17.56,1.39,0.0,0.0,250,0.0,0
1771964858.2152,53.2,30.0,-30.29,PILOTING,SYS_GO,17.568,1.39,0.0,0.0,250,0.0,0
1771964858.258,48.0,30.0,-30.26,PILOTING,SYS_GO,17.5814,1.39,0.0,0.0,250,0.0,0
1771964858.3488,40.7,30.0,-30.07,PILOTING,SYS_GO,17.6133,1.39,0.0,0.0,250,0.0,0
1771964858.3955,51.7,30.0,-29.93,PILOTING,SYS_GO,17.6171,1.39,0.0,0.0,250,0.0,0
1771964858.5173,43.2,30.0,-30.07,PILOTING,SYS_GO,17.5767,1.39,0.0,0.0,250,0.0,0
1771964858.5649,47.2,30.0,-30.13,PILOTING,SYS_GO,17.5823,1.39,0.0,0.0,250,0.0,0
1771964858.6721,39.9,30.0,-29.97,PILOTING,SYS_GO,17.6159,1.39,0.0,0.0,250,0.0,0
1771964858.7178,42.9,30.0,-29.84,PILOTING,SYS_GO,17.6224,1.39,0.0,0.0,250,0.0,0
1771964858.7678,40.7,30.0,-29.68,PILOTING,SYS_GO,17.6338,1.39,0.0,0.0,250,0.0,0
1771964858.8855,34.5,30.0,-29.35,PILOTING,SYS_GO,17.6704,1.39,0.0,0.0,250,0.0,0
1771964858.9307,32.5,30.0,-29.62,PILOTING,SYS_GO,17.5967,1.39,0.0,0.0,250,0.0,0
1771964859.0375,28.0,30.0,-29.57,PILOTING,SYS_GO,17.6315,1.39,0.0,0.0,250,0.0,0
1771964859.0844,29.8,30.0,-29.47,PILOTING,SYS_GO,17.6413,1.39,0.0,0.0,250,0.0,0
1771964859.1647,26.8,30.0,-29.26,PILOTING,SYS_GO,17.6653,1.39,0.0,0.0,250,0.0,0
1771964859.2375,25.0,30.0,-28.99,PILOTING,SYS_GO,17.6856,1.39,0.0,0.0,250,0.0,0
1771964859.2839,31.1,30.0,-28.79,PILOTING,SYS_GO,17.6921,1.39,0.0,0.0,250,0.0,0
1771964859.3295,34.4,30.0,-29.21,PILOTING,SYS_GO,17.6078,1.39,0.0,0.0,250,0.0,0
1771964859.3746,36.9,30.0,-29.42,PILOTING,SYS_GO,17.6155,1.39,0.0,0.0,250,0.0,0
1771964859.4195,39.4,30.0,-29.51,PILOTING,SYS_GO,17.6228,1.39,0.0,0.0,250,0.0,0
1771964859.4641,42.0,30.0,-29.51,PILOTING,SYS_GO,17.6297,1.39,0.0,0.0,250,0.0,0
1771964859.5097,43.9,30.0,-29.47,PILOTING,SYS_GO,17.6366,1.39,0.0,0.0,250,0.0,0
1771964859.5556,46.6,30.0,-29.41,PILOTING,SYS_GO,17.6429,1.39,0.0,0.0,250,0.0,0
1771964859.6012,47.5,30.0,-29.82,PILOTING,SYS_GO,17.5655,1.39,0.0,0.0,250,0.0,0
1771964859.646,47.6,30.0,-30.03,PILOTING,SYS_GO,17.5731,1.39,0.0,0.0,250,0.0,0
1771964859.6918,47.8,30.0,-30.11,PILOTING,SYS_GO,17.5804,1.39,0.0,0.0,250,0.0,0
1771964859.7396,49.2,30.0,-30.13,PILOTING,SYS_GO,17.587,1.39,0.0,0.0,250,0.0,0
1771964859.7992,43.4,30.0,-30.04,PILOTING,SYS_GO,17.605,1.39,0.0,0.0,250,0.0,0
1771964859.9069,36.8,30.0,-29.77,PILOTING,SYS_GO,17.6394,1.39,0.0,0.0,250,0.0,0
1771964859.9524,42.9,30.0,-30.06,PILOTING,SYS_GO,17.5609,1.39,0.0,0.0,250,0.0,0
1771964860.0576,37.1,30.0,-30.1,PILOTING,SYS_GO,17.5872,1.39,0.0,0.0,250,0.0,0
1771964860.1236,33.5,30.0,-30.01,PILOTING,SYS_GO,17.6059,1.39,0.0,0.0,250,0.0,0
1771964860.1667,35.7,30.0,-29.91,PILOTING,SYS_GO,17.614,1.39,0.0,0.0,250,0.0,0
1771964860.3038,30.2,30.0,-29.57,PILOTING,SYS_GO,17.6576,1.39,0.0,0.0,250,0.0,0
1771964860.3496,29.4,30.0,-29.28,PILOTING,SYS_GO,17.6712,1.39,0.0,0.0,250,0.0,0
1771964860.4714,25.5,30.0,-29.43,PILOTING,SYS_GO,17.6202,1.39,0.0,0.0,250,0.0,0
1771964860.5173,39.0,30.0,-29.5,PILOTING,SYS_GO,17.6241,1.39,0.0,0.0,250,0.0,0
1771964860.6202,33.5,30.0,-29.34,PILOTING,SYS_GO,17.6559,1.39,0.0,0.0,250,0.0,0
1771964860.6712,31.4,30.0,-29.14,PILOTING,SYS_GO,17.6715,1.39,0.0,0.0,250,0.0,0
1771964860.7173,35.0,30.0,-28.97,PILOTING,SYS_GO,17.6788,1.39,0.0,0.0,250,0.0,0
1771964860.8094,30.5,30.0,-28.66,PILOTING,SYS_GO,17.7074,1.39,0.0,0.0,250,0.0,0
1771964860.8563,35.1,30.0,-29.07,PILOTING,SYS_GO,17.62,1.39,0.0,0.0,250,0.0,0
1771964860.9469,30.5,30.0,-29.11,PILOTING,SYS_GO,17.6502,1.39,0.0,0.0,250,0.0,0
1771964860.9919,38.6,30.0,-29.11,PILOTING,SYS_GO,17.6553,1.39,0.0,0.0,250,0.0,0
1771964861.0378,40.3,30.0,-29.06,PILOTING,SYS_GO,17.6629,1.39,0.0,0.0,250,0.0,0
1771964861.0837,41.6,30.0,-28.97,PILOTING,SYS_GO,17.6707,1.39,0.0,0.0,250,0.0,0
1771964861.1292,43.3,30.0,-28.87,PILOTING,SYS_GO,17.6778,1.39,0.0,0.0,250,0.0,0
1771964861.1755,43.6,30.0,-29.33,PILOTING,SYS_GO,17.5961,1.39,0.0,0.0,250,0.0,0
1771964861.2215,45.2,30.0,-29.57,PILOTING,SYS_GO,17.6031,1.39,0.0,0.0,250,0.0,0
1771964861.2663,46.7,30.0,-29.67,PILOTING,SYS_GO,17.61,1.39,0.0,0.0,250,0.0,0
1771964861.3288,41.6,30.0,-29.63,PILOTING,SYS_GO,17.627,1.39,0.0,0.0,250,0.0,0
1771964861.4475,35.2,30.0,-29.35,PILOTING,SYS_GO,17.6648,1.39,0.0,0.0,250,0.0,0
1771964861.4951,34.9,30.0,-29.12,PILOTING,SYS_GO,17.6754,1.39,0.0,0.0,250,0.0,0
1771964861.5464,35.7,30.0,-29.49,PILOTING,SYS_GO,17.5954,1.39,0.0,0.0,250,0.0,0
1771964861.6159,31.6,30.0,-29.57,PILOTING,SYS_GO,17.6187,1.39,0.0,0.0,250,0.0,0
1771964861.6618,40.5,30.0,-29.59,PILOTING,SYS_GO,17.6235,1.39,0.0,0.0,250,0.0,0
1771964861.7967,34.1,30.0,-29.31,PILOTING,SYS_GO,17.6672,1.39,0.0,0.0,250,0.0,0
1771964861.8427,34.2,30.0,-29.08,PILOTING,SYS_GO,17.6775,1.39,0.0,0.0,250,0.0,0
1771964861.9483,29.6,30.0,-28.72,PILOTING,SYS_GO,17.7095,1.39,0.0,0.0,250,0.0,0
1771964861.994,33.1,30.0,-29.08,PILOTING,SYS_GO,17.6227,1.39,0.0,0.0,250,0.0,0
1771964862.0832,29.7,30.0,-29.16,PILOTING,SYS_GO,17.6449,1.39,0.0,0.0,250,0.0,0
1771964862.13,39.6,30.0,-29.18,PILOTING,SYS_GO,17.6495,1.39,0.0,0.0,250,0.0,0
1771964862.2058,35.9,30.0,-29.07,PILOTING,SYS_GO,17.6664,1.39,0.0,0.0,250,0.0,0
1771964862.297,31.4,30.0,-28.83,PILOTING,SYS_GO,17.6933,1.39,0.0,0.0,250,0.0,0
1771964862.3482,30.9,30.0,-28.59,PILOTING,SYS_GO,17.7057,1.39,0.0,0.0,250,0.0,0
1771964862.4639,26.6,30.0,-28.82,PILOTING,SYS_GO,17.6514,1.39,0.0,0.0,250,0.0,0
1771964862.5094,41.1,30.0,-28.94,PILOTING,SYS_GO,17.655,1.39,0.0,0.0,250,0.0,0
1771964862.5548,43.0,30.0,-28.96,PILOTING,SYS_GO,17.6621,1.39,0.0,0.0,250,0.0,0
1771964862.5997,44.0,30.0,-28.92,PILOTING,SYS_GO,17.6696,1.39,0.0,0.0,250,0.0,0
1771964862.6454,44.0,30.0,-28.84,PILOTING,SYS_GO,17.6778,1.39,0.0,0.0,250,0.0,0
1771964862.6908,44.9,30.0,-28.74,PILOTING,SYS_GO,17.6853,1.39,0.0,0.0,250,0.0,0
1771964862.7364,45.5,30.0,-29.22,PILOTING,SYS_GO,17.6019,1.39,0.0,0.0,250,0.0,0
1771964862.7823,45.5,30.0,-29.46,PILOTING,SYS_GO,17.6098,1.39,0.0,0.0,250,0.0,0
1771964862.8284,46.3,30.0,-29.56,PILOTING,SYS_GO,17.6171,1.39,0.0,0.0,250,0.0,0
1771964862.8729,48.1,30.0,-29.59,PILOTING,SYS_GO,17.6236,1.39,0.0,0.0,250,0.0,0
1771964862.981,40.6,30.0,-29.37,PILOTING,SYS_GO,17.6581,1.39,0.0,0.0,250,0.0,0
1771964863.0257,38.5,30.0,-29.17,PILOTING,SYS_GO,17.67,1.39,0.0,0.0,250,0.0,0
1771964863.0723,37.5,30.0,-29.53,PILOTING,SYS_GO,17.5923,1.39,0.0,0.0,250,0.0,0
1771964863.1787,32.1,30.0,-29.55,PILOTING,SYS_GO,17.6262,1.39,0.0,0.0,250,0.0,0
1771964863.2279,37.7,30.0,-29.52,PILOTING,SYS_GO,17.6322,1.39,0.0,0.0,250,0.0,0
1771964863.3314,32.3,30.0,-29.28,PILOTING,SYS_GO,17.6664,1.39,0.0,0.0,250,0.0,0
1771964863.3767,38.9,30.0,-29.1,PILOTING,SYS_GO,17.6719,1.39,0.0,0.0,250,0.0,0
1771964863.4687,33.8,30.0,-28.8,PILOTING,SYS_GO,17.6994,1.39,0.0,0.0,250,0.0,0
1771964863.5147,33.0,30.0,-29.16,PILOTING,SYS_GO,17.6185,1.39,0.0,0.0,250,0.0,0
1771964863.6163,29.7,30.0,-29.23,PILOTING,SYS_GO,17.6402,1.39,0.0,0.0,250,0.0,0
1771964863.6533,29.4,30.0,-29.2,PILOTING,SYS_GO,17.653,1.39,0.0,0.0,250,0.0,0
1771964863.6992,38.9,30.0,-29.14,PILOTING,SYS_GO,17.6577,1.39,0.0,0.0,250,0.0,0
1771964863.8057,33.3,30.0,-28.89,PILOTING,SYS_GO,17.6905,1.39,0.0,0.0,250,0.0,0
1771964863.8515,36.1,30.0,-28.68,PILOTING,SYS_GO,17.6981,1.39,0.0,0.0,250,0.0,0
1771964863.9427,31.5,30.0,-28.99,PILOTING,SYS_GO,17.6332,1.39,0.0,0.0,250,0.0,0
1771964863.9886,37.0,30.0,-29.14,PILOTING,SYS_GO,17.6393,1.39,0.0,0.0,250,0.0,0
1771964864.0338,39.5,30.0,-29.19,PILOTING,SYS_GO,17.6465,1.39,0.0,0.0,250,0.0,0
1771964864.0804,41.3,30.0,-29.16,PILOTING,SYS_GO,17.654,1.39,0.0,0.0,250,0.0,0
1771964864.1259,42.6,30.0,-29.1,PILOTING,SYS_GO,17.6615,1.39,0.0,0.0,250,0.0,0
1771964864.1719,43.7,30.0,-29.01,PILOTING,SYS_GO,17.669,1.39,0.0,0.0,250,0.0,0
1771964864.2173,43.9,30.0,-29.46,PILOTING,SYS_GO,17.5887,1.39,0.0,0.0,250,0.0,0
1771964864.2629,44.2,30.0,-29.68,PILOTING,SYS_GO,17.5966,1.39,0.0,0.0,250,0.0,0
1771964864.3081,45.1,30.0,-29.77,PILOTING,SYS_GO,17.604,1.39,0.0,0.0,250,0.0,0
1771964864.3539,46.2,30.0,-29.79,PILOTING,SYS_GO,17.6111,1.39,0.0,0.0,250,0.0,0
1771964864.4012,46.5,30.0,-29.75,PILOTING,SYS_GO,17.6186,1.39,0.0,0.0,250,0.0,0
1771964864.4617,41.0,30.0,-29.61,PILOTING,SYS_GO,17.6377,1.39,0.0,0.0,250,0.0,0
1771964864.5983,34.4,30.0,-29.76,PILOTING,SYS_GO,17.5986,1.39,0.0,0.0,250,0.0,0
1771964864.6483,36.2,30.0,-29.8,PILOTING,SYS_GO,17.6069,1.39,0.0,0.0,250,0.0,0
1771964864.7431,32.1,30.0,-29.69,PILOTING,SYS_GO,17.63,1.39,0.0,0.0,250,0.0,0
1771964864.7963,30.3,30.0,-29.52,PILOTING,SYS_GO,17.6456,1.39,0.0,0.0,250,0.0,0
1771964864.8489,32.4,30.0,-29.36,PILOTING,SYS_GO,17.6544,1.39,0.0,0.0,250,0.0,0
1771964864.9183,28.9,30.0,-29.1,PILOTING,SYS_GO,17.6783,1.39,0.0,0.0,250,0.0,0
1771964864.9735,41.8,30.0,-29.49,PILOTING,SYS_GO,17.5924,1.39,0.0,0.0,250,0.0,0
1771964865.1012,35.1,30.0,-29.47,PILOTING,SYS_GO,17.6343,1.39,0.0,0.0,250,0.0,0
1771964865.1465,49.1,30.0,-29.44,PILOTING,SYS_GO,17.6377,1.39,0.0,0.0,250,0.0,0
1771964865.1922,48.5,30.0,-29.37,PILOTING,SYS_GO,17.6455,1.39,0.0,0.0,250,0.0,0
1771964865.2382,48.2,30.0,-29.28,PILOTING,SYS_GO,17.6532,1.39,0.0,0.0,250,0.0,0
1771964865.2837,47.9,30.0,-29.17,PILOTING,SYS_GO,17.6609,1.39,0.0,0.0,250,0.0,0
1771964865.3301,51.3,30.0,-29.61,PILOTING,SYS_GO,17.5793,1.39,0.0,0.0,250,0.0,0
1771964865.375,50.6,30.0,-29.83,PILOTING,SYS_GO,17.5868,1.39,0.0,0.0,250,0.0,0
1771964865.4215,50.3,30.0,-29.92,PILOTING,SYS_GO,17.5942,1.39,0.0,0.0,250,0.0,0
1771964865.4736,45.0,30.0,-29.88,PILOTING,SYS_GO,17.6092,1.39,0.0,0.0,250,0.0,0
1771964865.5309,40.0,30.0,-29.75,PILOTING,SYS_GO,17.6272,1.39,0.0,0.0,250,0.0,0
1771964865.6057,34.9,30.0,-29.52,PILOTING,SYS_GO,17.6521,1.39,0.0,0.0,250,0.0,0
1771964865.6522,42.5,30.0,-29.86,PILOTING,SYS_GO,17.5712,1.39,0.0,0.0,250,0.0,0
1771964865.7431,36.4,30.0,-29.89,PILOTING,SYS_GO,17.6013,1.39,0.0,0.0,250,0.0,0
1771964865.7889,46.8,30.0,-29.89,PILOTING,SYS_GO,17.6054,1.39,0.0,0.0,250,0.0,0
1771964865.8973,39.4,30.0,-29.67,PILOTING,SYS_GO,17.6416,1.39,0.0,0.0,250,0.0,0
1771964865.945,50.1,30.0,-29.51,PILOTING,SYS_GO,17.6455,1.39,0.0,0.0,250,0.0,0
1771964866.0495,42.1,30.0,-29.17,PILOTING,SYS_GO,17.6812,1.39,0.0,0.0,250,0.0,0
1771964866.0956,46.3,30.0,-29.51,PILOTING,SYS_GO,17.5967,1.39,0.0,0.0,250,0.0,0
1771964866.1688,41.6,30.0,-29.62,PILOTING,SYS_GO,17.6125,1.39,0.0,0.0,250,0.0,0
1771964866.216,38.4,30.0,-29.6,PILOTING,SYS_GO,17.6267,1.39,0.0,0.0,250,0.0,0
1771964866.2616,43.8,30.0,-29.55,PILOTING,SYS_GO,17.6322,1.39,0.0,0.0,250,0.0,0
1771964866.3497,38.2,30.0,-29.38,PILOTING,SYS_GO,17.6544,1.39,0.0,0.0,250,0.0,0
1771964866.3874,48.5,30.0,-29.25,PILOTING,SYS_GO,17.6585,1.39,0.0,0.0,250,0.0,0
1771964866.4303,44.6,30.0,-29.63,PILOTING,SYS_GO,17.584,1.39,0.0,0.0,250,0.0,0
1771964866.5356,37.8,30.0,-29.66,PILOTING,SYS_GO,17.6178,1.39,0.0,0.0,250,0.0,0
1771964866.5816,47.1,30.0,-29.65,PILOTING,SYS_GO,17.6221,1.39,0.0,0.0,250,0.0,0
1771964866.6272,48.4,30.0,-29.6,PILOTING,SYS_GO,17.6288,1.39,0.0,0.0,250,0.0,0
1771964866.6724,49.8,30.0,-29.53,PILOTING,SYS_GO,17.6353,1.39,0.0,0.0,250,0.0,0
1771964866.7175,52.9,30.0,-29.46,PILOTING,SYS_GO,17.6408,1.39,0.0,0.0,250,0.0,0
1771964866.7622,53.2,30.0,-29.86,PILOTING,SYS_GO,17.5633,1.39,0.0,0.0,250,0.0,0
1771964866.8081,54.6,30.0,-30.07,PILOTING,SYS_GO,17.5693,1.39,0.0,0.0,250,0.0,0
1771964866.8537,55.2,30.0,-30.17,PILOTING,SYS_GO,17.5756,1.39,0.0,0.0,250,0.0,0
1771964866.899,54.1,30.0,-30.18,PILOTING,SYS_GO,17.5828,1.39,0.0,0.0,250,0.0,0
1771964866.944,55.1,30.0,-30.16,PILOTING,SYS_GO,17.5889,1.39,0.0,0.0,250,0.0,0
1771964866.9931,49.1,30.0,-30.07,PILOTING,SYS_GO,17.6031,1.39,0.0,0.0,250,0.0,0
1771964867.0446,45.3,30.0,-30.34,PILOTING,SYS_GO,17.5365,1.39,0.0,0.0,250,0.0,0
1771964867.1707,38.1,30.0,-30.32,PILOTING,SYS_GO,17.5768,1.39,0.0,0.0,250,0.0,0
1771964867.2176,44.0,30.0,-30.28,PILOTING,SYS_GO,17.5821,1.39,0.0,0.0,250,0.0,0
1771964867.2802,39.3,30.0,-30.16,PILOTING,SYS_GO,17.6,1.39,0.0,0.0,250,0.0,0
1771964867.3404,35.3,30.0,-29.97,PILOTING,SYS_GO,17.6187,1.39,0.0,0.0,250,0.0,0
1771964867.3918,37.9,30.0,-29.81,PILOTING,SYS_GO,17.6261,1.39,0.0,0.0,250,0.0,0
1771964867.4616,33.5,30.0,-30.06,PILOTING,SYS_GO,17.5668,1.39,0.0,0.0,250,0.0,0
1771964867.507,36.8,30.0,-30.16,PILOTING,SYS_GO,17.5741,1.39,0.0,0.0,250,0.0,0
1771964867.6149,31.4,30.0,-30.02,PILOTING,SYS_GO,17.6107,1.39,0.0,0.0,250,0.0,0
1771964867.6607,41.9,30.0,-29.91,PILOTING,SYS_GO,17.615,1.39,0.0,0.0,250,0.0,0
1771964867.7678,35.6,30.0,-29.62,PILOTING,SYS_GO,17.65,1.39,0.0,0.0,250,0.0,0
1771964867.8178,42.9,30.0,-29.42,PILOTING,SYS_GO,17.655,1.39,0.0,0.0,250,0.0,0
1771964867.8785,38.8,30.0,-29.73,PILOTING,SYS_GO,17.5847,1.39,0.0,0.0,250,0.0,0
1771964867.9522,34.2,30.0,-29.78,PILOTING,SYS_GO,17.6077,1.39,0.0,0.0,250,0.0,0
1771964868.0301,34.9,30.0,-29.75,PILOTING,SYS_GO,17.6172,1.39,0.0,0.0,250,0.0,0
1771964868.0907,32.1,30.0,-29.63,PILOTING,SYS_GO,17.6346,1.39,0.0,0.0,250,0.0,0
1771964868.1371,32.8,30.0,-29.49,PILOTING,SYS_GO,17.6446,1.39,0.0,0.0,250,0.0,0
1771964868.228,28.6,30.0,-29.2,PILOTING,SYS_GO,17.676,1.39,0.0,0.0,250,0.0,0
1771964868.2731,37.0,30.0,-29.55,PILOTING,SYS_GO,17.5917,1.39,0.0,0.0,250,0.0,0
1771964868.3184,39.4,30.0,-29.73,PILOTING,SYS_GO,17.5991,1.39,0.0,0.0,250,0.0,0
1771964868.364,41.9,30.0,-29.79,PILOTING,SYS_GO,17.606,1.39,0.0,0.0,250,0.0,0
1771964868.41,42.8,30.0,-29.78,PILOTING,SYS_GO,17.6137,1.39,0.0,0.0,250,0.0,0
1771964868.4561,43.5,30.0,-29.73,PILOTING,SYS_GO,17.6215,1.39,0.0,0.0,250,0.0,0
1771964868.5013,44.8,30.0,-29.65,PILOTING,SYS_GO,17.6287,1.39,0.0,0.0,250,0.0,0
1771964868.5458,46.2,30.0,-30.02,PILOTING,SYS_GO,17.5534,1.39,0.0,0.0,250,0.0,0
1771964868.5966,41.7,30.0,-30.17,PILOTING,SYS_GO,17.5685,1.39,0.0,0.0,250,0.0,0
1771964868.6871,38.1,30.0,-30.18,PILOTING,SYS_GO,17.5837,1.39,0.0,0.0,250,0.0,0
1771964868.7453,35.1,30.0,-30.1,PILOTING,SYS_GO,17.5993,1.39,0.0,0.0,250,0.0,0
1771964868.7982,34.8,30.0,-29.99,PILOTING,SYS_GO,17.6099,1.39,0.0,0.0,250,0.0,0
1771964868.8688,31.2,30.0,-29.79,PILOTING,SYS_GO,17.6316,1.39,0.0,0.0,250,0.0,0
1771964868.9146,37.0,30.0,-30.1,PILOTING,SYS_GO,17.5548,1.39,0.0,0.0,250,0.0,0
1771964869.0072,31.8,30.0,-30.12,PILOTING,SYS_GO,17.5869,1.39,0.0,0.0,250,0.0,0
1771964869.0559,38.2,30.0,-30.1,PILOTING,SYS_GO,17.5925,1.39,0.0,0.0,250,0.0,0
1771964869.1542,33.4,30.0,-29.95,PILOTING,SYS_GO,17.6175,1.39,0.0,0.0,250,0.0,0
1771964869.2057,32.0,30.0,-29.77,PILOTING,SYS_GO,17.6312,1.39,0.0,0.0,250,0.0,0
1771964869.2522,31.1,30.0,-29.57,PILOTING,SYS_GO,17.6443,1.39,0.0,0.0,250,0.0,0
1771964869.3418,27.4,30.0,-29.8,PILOTING,SYS_GO,17.5881,1.39,0.0,0.0,250,0.0,0
1771964869.3883,38.4,30.0,-29.91,PILOTING,SYS_GO,17.5925,1.39,0.0,0.0,250,0.0,0
1771964869.4826,33.2,30.0,-29.81,PILOTING,SYS_GO,17.6209,1.39,0.0,0.0,250,0.0,0
1771964869.5281,35.2,30.0,-29.7,PILOTING,SYS_GO,17.6293,1.39,0.0,0.0,250,0.0,0
1771964869.5907,32.6,30.0,-29.52,PILOTING,SYS_GO,17.6456,1.39,0.0,0.0,250,0.0,0
1771964869.678,28.8,30.0,-29.24,PILOTING,SYS_GO,17.6718,1.39,0.0,0.0,250,0.0,0
1771964869.7238,39.0,30.0,-29.61,PILOTING,SYS_GO,17.5875,1.39,0.0,0.0,250,0.0,0
1771964869.7704,40.0,30.0,-29.78,PILOTING,SYS_GO,17.5957,1.39,0.0,0.0,250,0.0,0
1771964869.8173,42.5,30.0,-29.84,PILOTING,SYS_GO,17.6026,1.39,0.0,0.0,250,0.0,0
1771964869.8629,43.8,30.0,-29.83,PILOTING,SYS_GO,17.61,1.39,0.0,0.0,250,0.0,0
1771964869.9087,45.1,30.0,-29.79,PILOTING,SYS_GO,17.6172,1.39,0.0,0.0,250,0.0,0
1771964869.9548,45.8,30.0,-29.71,PILOTING,SYS_GO,17.6246,1.39,0.0,0.0,250,0.0,0
1771964870.0014,46.2,30.0,-30.07,PILOTING,SYS_GO,17.5504,1.39,0.0,0.0,250,0.0,0
1771964870.0477,46.5,30.0,-30.25,PILOTING,SYS_GO,17.558,1.39,0.0,0.0,250,0.0,0
1771964870.0944,48.5,30.0,-30.33,PILOTING,SYS_GO,17.5643,1.39,0.0,0.0,250,0.0,0
1771964870.1454,43.6,30.0,-30.3,PILOTING,SYS_GO,17.5792,1.39,0.0,0.0,250,0.0,0
1771964870.2329,37.7,30.0,-30.14,PILOTING,SYS_GO,17.6051,1.39,0.0,0.0,250,0.0,0
1771964870.2912,33.8,30.0,-29.92,PILOTING,SYS_GO,17.625,1.39,0.0,0.0,250,0.0,0
1771964870.3385,37.6,30.0,-30.2,PILOTING,SYS_GO,17.5501,1.39,0.0,0.0,250,0.0,0
1771964870.4032,33.6,30.0,-30.27,PILOTING,SYS_GO,17.5706,1.39,0.0,0.0,250,0.0,0
1771964870.4756,29.8,30.0,-30.18,PILOTING,SYS_GO,17.5953,1.39,0.0,0.0,250,0.0,0
1771964870.5229,37.3,30.0,-30.09,PILOTING,SYS_GO,17.6007,1.39,0.0,0.0,250,0.0,0
1771964870.63,32.0,30.0,-29.83,PILOTING,SYS_GO,17.635,1.39,0.0,0.0,250,0.0,0
1771964870.6755,39.4,30.0,-29.64,PILOTING,SYS_GO,17.6402,1.39,0.0,0.0,250,0.0,0
1771964870.7809,33.6,30.0,-29.82,PILOTING,SYS_GO,17.5908,1.39,0.0,0.0,250,0.0,0
1771964870.8279,35.3,30.0,-29.89,PILOTING,SYS_GO,17.5993,1.39,0.0,0.0,250,0.0,0
1771964870.9492,30.2,30.0,-29.69,PILOTING,SYS_GO,17.6371,1.39,0.0,0.0,250,0.0,0
1771964871.0,34.5,30.0,-29.53,PILOTING,SYS_GO,17.6441,1.39,0.0,0.0,250,0.0,0
1771964871.0929,30.1,30.0,-29.24,PILOTING,SYS_GO,17.6732,1.39,0.0,0.0,250,0.0,0
1771964871.1652,27.5,30.0,-28.92,PILOTING,SYS_GO,17.6937,1.39,0.0,0.0,250,0.0,0
1771964871.2271,26.1,30.0,-29.23,PILOTING,SYS_GO,17.6196,1.39,0.0,0.0,250,0.0,0
1771964871.3321,23.1,30.0,-29.2,PILOTING,SYS_GO,17.6517,1.39,0.0,0.0,250,0.0,0
1771964871.3809,26.1,30.0,-29.12,PILOTING,SYS_GO,17.6611,1.39,0.0,0.0,250,0.0,0
1771964871.4992,22.8,30.0,-28.82,PILOTING,SYS_GO,17.6983,1.39,0.0,0.0,250,0.0,0
1771964871.5457,29.5,30.0,-28.6,PILOTING,SYS_GO,17.7047,1.39,0.0,0.0,250,0.0,0
1771964871.6367,26.1,30.0,-28.26,PILOTING,SYS_GO,17.7332,1.39,0.0,0.0,250,0.0,0
1771964871.6827,27.9,30.0,-28.66,PILOTING,SYS_GO,17.6454,1.39,0.0,0.0,250,0.0,0
1771964871.806,24.2,30.0,-28.64,PILOTING,SYS_GO,17.6839,1.39,0.0,0.0,250,0.0,0
1771964871.8553,26.9,30.0,-28.57,PILOTING,SYS_GO,17.6935,1.39,0.0,0.0,250,0.0,0
1771964871.9312,24.7,30.0,-28.37,PILOTING,SYS_GO,17.7158,1.39,0.0,0.0,250,0.0,0
1771964871.977,36.9,30.0,-28.21,PILOTING,SYS_GO,17.72,1.39,0.0,0.0,250,0.0,0
1771964872.0234,46.7,30.0,-28.09,PILOTING,SYS_GO,17.7242,1.39,0.0,0.0,250,0.0,0
1771964872.0696,46.8,30.0,-28.63,PILOTING,SYS_GO,17.6352,1.39,0.0,0.0,250,0.0,0
1771964872.1155,46.9,30.0,-28.9,PILOTING,SYS_GO,17.6428,1.39,0.0,0.0,250,0.0,0
1771964872.1609,47.5,30.0,-29.02,PILOTING,SYS_GO,17.65,1.39,0.0,0.0,250,0.0,0
1771964872.2079,47.8,30.0,-29.04,PILOTING,SYS_GO,17.6574,1.39,0.0,0.0,250,0.0,0
1771964872.2538,46.7,30.0,-28.99,PILOTING,SYS_GO,17.6659,1.39,0.0,0.0,250,0.0,0
1771964872.3002,42.2,30.0,-28.86,PILOTING,SYS_GO,17.681,1.39,0.0,0.0,250,0.0,0
1771964872.392,36.4,30.0,-29.2,PILOTING,SYS_GO,17.6179,1.39,0.0,0.0,250,0.0,0
1771964872.4532,38.1,30.0,-29.35,PILOTING,SYS_GO,17.626,1.39,0.0,0.0,250,0.0,0
1771964872.5205,34.6,30.0,-29.33,PILOTING,SYS_GO,17.6435,1.39,0.0,0.0,250,0.0,0
1771964872.5615,35.7,30.0,-29.26,PILOTING,SYS_GO,17.6524,1.39,0.0,0.0,250,0.0,0
1771964872.6673,30.7,30.0,-28.99,PILOTING,SYS_GO,17.6854,1.39,0.0,0.0,250,0.0,0
1771964872.7152,33.2,30.0,-28.77,PILOTING,SYS_GO,17.6938,1.39,0.0,0.0,250,0.0,0
1771964872.7897,29.5,30.0,-29.1,PILOTING,SYS_GO,17.6258,1.39,0.0,0.0,250,0.0,0
1771964872.8362,41.7,30.0,-29.27,PILOTING,SYS_GO,17.6298,1.39,0.0,0.0,250,0.0,0
1771964872.9263,35.8,30.0,-29.17,PILOTING,SYS_GO,17.6596,1.39,0.0,0.0,250,0.0,0
1771964872.9721,40.7,30.0,-29.08,PILOTING,SYS_GO,17.6656,1.39,0.0,0.0,250,0.0,0
1771964873.018,41.6,30.0,-28.96,PILOTING,SYS_GO,17.6735,1.39,0.0,0.0,250,0.0,0
1771964873.0651,42.7,30.0,-28.85,PILOTING,SYS_GO,17.6812,1.39,0.0,0.0,250,0.0,0
1771964873.1106,44.1,30.0,-29.31,PILOTING,SYS_GO,17.5983,1.39,0.0,0.0,250,0.0,0
1771964873.1571,44.8,30.0,-29.54,PILOTING,SYS_GO,17.6058,1.39,0.0,0.0,250,0.0,0
1771964873.2033,46.9,30.0,-29.64,PILOTING,SYS_GO,17.6124,1.39,0.0,0.0,250,0.0,0
1771964873.2487,46.6,30.0,-29.65,PILOTING,SYS_GO,17.6202,1.39,0.0,0.0,250,0.0,0
1771964873.2958,44.0,30.0,-29.59,PILOTING,SYS_GO,17.631,1.39,0.0,0.0,250,0.0,0
1771964873.3741,38.1,30.0,-29.39,PILOTING,SYS_GO,17.6562,1.39,0.0,0.0,250,0.0,0
1771964873.4183,35.6,30.0,-29.71,PILOTING,SYS_GO,17.5838,1.39,0.0,0.0,250,0.0,0
1771964873.4701,39.9,30.0,-29.87,PILOTING,SYS_GO,17.5901,1.39,0.0,0.0,250,0.0,0
1771964873.5404,35.2,30.0,-29.84,PILOTING,SYS_GO,17.6118,1.39,0.0,0.0,250,0.0,0
1771964873.6184,36.3,30.0,-29.77,PILOTING,SYS_GO,17.6207,1.39,0.0,0.0,250,0.0,0
1771964873.6782,33.5,30.0,-29.62,PILOTING,SYS_GO,17.6369,1.39,0.0,0.0,250,0.0,0
1771964873.7229,36.1,30.0,-29.49,PILOTING,SYS_GO,17.6447,1.39,0.0,0.0,250,0.0,0
1771964873.7997,31.6,30.0,-29.76,PILOTING,SYS_GO,17.5866,1.39,0.0,0.0,250,0.0,0
1771964873.8457,44.1,30.0,-29.9,PILOTING,SYS_GO,17.5904,1.39,0.0,0.0,250,0.0,0
1771964873.8917,44.1,30.0,-29.93,PILOTING,SYS_GO,17.5986,1.39,0.0,0.0,250,0.0,0
1771964873.9378,44.4,30.0,-29.91,PILOTING,SYS_GO,17.6064,1.39,0.0,0.0,250,0.0,0
1771964873.9835,45.4,30.0,-29.85,PILOTING,SYS_GO,17.6137,1.39,0.0,0.0,250,0.0,0
1771964874.0299,45.3,30.0,-29.77,PILOTING,SYS_GO,17.6218,1.39,0.0,0.0,250,0.0,0
1771964874.0748,45.7,30.0,-30.12,PILOTING,SYS_GO,17.5481,1.39,0.0,0.0,250,0.0,0
1771964874.1203,46.0,30.0,-30.29,PILOTING,SYS_GO,17.5557,1.39,0.0,0.0,250,0.0,0
1771964874.1668,46.7,30.0,-30.36,PILOTING,SYS_GO,17.563,1.39,0.0,0.0,250,0.0,0
1771964874.2134,47.0,30.0,-30.37,PILOTING,SYS_GO,17.5705,1.39,0.0,0.0,250,0.0,0
1771964874.2582,46.7,30.0,-30.33,PILOTING,SYS_GO,17.5784,1.39,0.0,0.0,250,0.0,0
1771964874.3044,44.3,30.0,-30.25,PILOTING,SYS_GO,17.5888,1.39,0.0,0.0,250,0.0,0
1771964874.3658,38.8,30.0,-30.47,PILOTING,SYS_GO,17.5337,1.39,0.0,0.0,250,0.0,0
1771964874.4572,33.6,30.0,-30.47,PILOTING,SYS_GO,17.5615,1.39,0.0,0.0,250,0.0,0
1771964874.5043,34.8,30.0,-30.43,PILOTING,SYS_GO,17.5707,1.39,0.0,0.0,250,0.0,0
1771964874.6247,29.8,30.0,-30.2,PILOTING,SYS_GO,17.608,1.39,0.0,0.0,250,0.0,0
1771964874.6733,29.0,30.0,-29.98,PILOTING,SYS_GO,17.6219,1.39,0.0,0.0,250,0.0,0
1771964874.7634,25.5,30.0,-29.64,PILOTING,SYS_GO,17.6533,1.39,0.0,0.0,250,0.0,0
1771964874.8079,26.4,30.0,-29.89,PILOTING,SYS_GO,17.5792,1.39,0.0,0.0,250,0.0,0
1771964874.8534,39.4,30.0,-30.02,PILOTING,SYS_GO,17.5832,1.39,0.0,0.0,250,0.0,0
1771964874.8985,41.3,30.0,-30.05,PILOTING,SYS_GO,17.5906,1.39,0.0,0.0,250,0.0,0
1771964874.9435,42.6,30.0,-30.03,PILOTING,SYS_GO,17.5981,1.39,0.0,0.0,250,0.0,0
1771964874.9897,43.4,30.0,-29.97,PILOTING,SYS_GO,17.6058,1.39,0.0,0.0,250,0.0,0
1771964875.0352,44.8,30.0,-29.9,PILOTING,SYS_GO,17.6129,1.39,0.0,0.0,250,0.0,0
1771964875.0802,45.7,30.0,-30.23,PILOTING,SYS_GO,17.5403,1.39,0.0,0.0,250,0.0,0
1771964875.1259,46.8,30.0,-30.4,PILOTING,SYS_GO,17.5473,1.39,0.0,0.0,250,0.0,0
1771964875.1723,49.4,30.0,-30.47,PILOTING,SYS_GO,17.5534,1.39,0.0,0.0,250,0.0,0
1771964875.2185,49.0,30.0,-30.48,PILOTING,SYS_GO,17.5609,1.39,0.0,0.0,250,0.0,0
1771964875.2638,48.8,30.0,-30.45,PILOTING,SYS_GO,17.5684,1.39,0.0,0.0,250,0.0,0
1771964875.3098,48.5,30.0,-30.39,PILOTING,SYS_GO,17.576,1.39,0.0,0.0,250,0.0,0
1771964875.3717,43.1,30.0,-30.6,PILOTING,SYS_GO,17.5185,1.39,0.0,0.0,250,0.0,0
1771964875.449,37.2,30.0,-30.63,PILOTING,SYS_GO,17.545,1.39,0.0,0.0,250,0.0,0
1771964875.4955,48.7,30.0,-30.63,PILOTING,SYS_GO,17.5488,1.39,0.0,0.0,250,0.0,0
1771964875.5873,41.6,30.0,-30.5,PILOTING,SYS_GO,17.5758,1.39,0.0,0.0,250,0.0,0
1771964875.6393,44.5,30.0,-30.39,PILOTING,SYS_GO,17.5822,1.39,0.0,0.0,250,0.0,0
1771964875.7102,38.8,30.0,-30.19,PILOTING,SYS_GO,17.605,1.39,0.0,0.0,250,0.0,0
1771964875.7577,42.3,30.0,-30.44,PILOTING,SYS_GO,17.5326,1.39,0.0,0.0,250,0.0,0
1771964875.8304,36.7,30.0,-30.47,PILOTING,SYS_GO,17.5581,1.39,0.0,0.0,250,0.0,0
1771964875.8807,48.3,30.0,-30.48,PILOTING,SYS_GO,17.5619,1.39,0.0,0.0,250,0.0,0
1771964875.9682,41.2,30.0,-30.33,PILOTING,SYS_GO,17.5904,1.39,0.0,0.0,250,0.0,0
1771964876.0136,51.8,30.0,-30.22,PILOTING,SYS_GO,17.5942,1.39,0.0,0.0,250,0.0,0
1771964876.0595,51.2,30.0,-30.11,PILOTING,SYS_GO,17.6016,1.39,0.0,0.0,250,0.0,0
1771964876.1052,51.0,30.0,-30.39,PILOTING,SYS_GO,17.5305,1.39,0.0,0.0,250,0.0,0
1771964876.1513,50.7,30.0,-30.54,PILOTING,SYS_GO,17.5377,1.39,0.0,0.0,250,0.0,0
1771964876.1963,48.8,30.0,-30.59,PILOTING,SYS_GO,17.5465,1.39,0.0,0.0,250,0.0,0
1771964876.2423,50.4,30.0,-30.59,PILOTING,SYS_GO,17.5528,1.39,0.0,0.0,250,0.0,0
1771964876.2873,50.5,30.0,-30.55,PILOTING,SYS_GO,17.5599,1.39,0.0,0.0,250,0.0,0
1771964876.3327,50.3,30.0,-30.5,PILOTING,SYS_GO,17.5671,1.39,0.0,0.0,250,0.0,0
1771964876.3779,48.7,30.0,-30.72,PILOTING,SYS_GO,17.5026,1.39,0.0,0.0,250,0.0,0
1771964876.4227,43.6,30.0,-30.8,PILOTING,SYS_GO,17.518,1.39,0.0,0.0,250,0.0,0
1771964876.499,37.6,30.0,-30.75,PILOTING,SYS_GO,17.5444,1.39,0.0,0.0,250,0.0,0
1771964876.5474,48.9,30.0,-30.71,PILOTING,SYS_GO,17.5482,1.39,0.0,0.0,250,0.0,0
1771964876.6508,41.3,30.0,-30.52,PILOTING,SYS_GO,17.5816,1.39,0.0,0.0,250,0.0,0
1771964876.6994,40.4,30.0,-30.35,PILOTING,SYS_GO,17.5914,1.39,0.0,0.0,250,0.0,0
1771964876.8176,34.1,30.0,-30.43,PILOTING,SYS_GO,17.5556,1.39,0.0,0.0,250,0.0,0
1771964876.8664,40.3,30.0,-30.45,PILOTING,SYS_GO,17.5612,1.39,0.0,0.0,250,0.0,0
1771964876.9635,34.7,30.0,-30.31,PILOTING,SYS_GO,17.5909,1.39,0.0,0.0,250,0.0,0
1771964876.9993,40.3,30.0,-30.19,PILOTING,SYS_GO,17.5966,1.39,0.0,0.0,250,0.0,0
1771964877.0562,39.2,30.0,-30.06,PILOTING,SYS_GO,17.607,1.39,0.0,0.0,250,0.0,0
1771964877.1524,33.7,30.0,-29.8,PILOTING,SYS_GO,17.6373,1.39,0.0,0.0,250,0.0,0
1771964877.1981,35.1,30.0,-30.07,PILOTING,SYS_GO,17.5625,1.39,0.0,0.0,250,0.0,0
1771964877.2547,35.2,30.0,-30.18,PILOTING,SYS_GO,17.5727,1.39,0.0,0.0,250,0.0,0
1771964877.3524,30.6,30.0,-30.08,PILOTING,SYS_GO,17.6023,1.39,0.0,0.0,250,0.0,0
1771964877.3974,34.1,30.0,-29.98,PILOTING,SYS_GO,17.6098,1.39,0.0,0.0,250,0.0,0
1771964877.5205,28.9,30.0,-29.65,PILOTING,SYS_GO,17.6527,1.39,0.0,0.0,250,0.0,0
1771964877.5676,34.1,30.0,-29.4,PILOTING,SYS_GO,17.6592,1.39,0.0,0.0,250,0.0,0
1771964877.6749,29.3,30.0,-29.58,PILOTING,SYS_GO,17.6082,1.39,0.0,0.0,250,0.0,0
1771964877.7225,36.3,30.0,-29.66,PILOTING,SYS_GO,17.6138,1.39,0.0,0.0,250,0.0,0
1771964877.8624,30.6,30.0,-29.41,PILOTING,SYS_GO,17.6593,1.39,0.0,0.0,250,0.0,0
1771964877.9078,37.0,30.0,-29.22,PILOTING,SYS_GO,17.6651,1.39,0.0,0.0,250,0.0,0
1771964877.9778,33.9,30.0,-28.99,PILOTING,SYS_GO,17.6819,1.39,0.0,0.0,250,0.0,0
1771964878.0619,29.9,30.0,-28.67,PILOTING,SYS_GO,17.7083,1.39,0.0,0.0,250,0.0,0
1771964878.1073,29.7,30.0,-29.03,PILOTING,SYS_GO,17.6265,1.39,0.0,0.0,250,0.0,0
1771964878.2304,25.5,30.0,-28.98,PILOTING,SYS_GO,17.6674,1.39,0.0,0.0,250,0.0,0
1771964878.2867,38.9,30.0,-28.92,PILOTING,SYS_GO,17.6713,1.39,0.0,0.0,250,0.0,0
1771964878.3839,33.4,30.0,-28.67,PILOTING,SYS_GO,17.7035,1.39,0.0,0.0,250,0.0,0
1771964878.4308,34.4,30.0,-28.44,PILOTING,SYS_GO,17.7129,1.39,0.0,0.0,250,0.0,0
1771964878.5211,29.7,30.0,-28.08,PILOTING,SYS_GO,17.7447,1.39,0.0,0.0,250,0.0,0
1771964878.5691,41.9,30.0,-28.53,PILOTING,SYS_GO,17.649,1.39,0.0,0.0,250,0.0,0
1771964878.6932,35.3,30.0,-28.53,PILOTING,SYS_GO,17.6891,1.39,0.0,0.0,250,0.0,0
1771964878.7389,38.1,30.0,-28.48,PILOTING,SYS_GO,17.6964,1.39,0.0,0.0,250,0.0,0
1771964878.8303,32.9,30.0,-28.24,PILOTING,SYS_GO,17.7264,1.39,0.0,0.0,250,0.0,0
1771964878.8767,40.8,30.0,-28.06,PILOTING,SYS_GO,17.7313,1.39,0.0,0.0,250,0.0,0
1771964878.9826,34.6,30.0,-27.69,PILOTING,SYS_GO,17.7674,1.39,0.0,0.0,250,0.0,0
1771964879.0306,38.9,30.0,-28.15,PILOTING,SYS_GO,17.6707,1.39,0.0,0.0,250,0.0,0
1771964879.087,37.2,30.0,-28.35,PILOTING,SYS_GO,17.6826,1.39,0.0,0.0,250,0.0,0
1771964879.1663,32.8,30.0,-28.3,PILOTING,SYS_GO,17.7065,1.39,0.0,0.0,250,0.0,0
1771964879.2119,36.7,30.0,-28.22,PILOTING,SYS_GO,17.7134,1.39,0.0,0.0,250,0.0,0
1771964879.2574,39.4,30.0,-28.12,PILOTING,SYS_GO,17.7205,1.39,0.0,0.0,250,0.0,0
1771964879.3028,42.5,30.0,-28.02,PILOTING,SYS_GO,17.727,1.39,0.0,0.0,250,0.0,0
1771964879.3474,43.5,30.0,-28.57,PILOTING,SYS_GO,17.6376,1.39,0.0,0.0,250,0.0,0
1771964879.3937,45.9,30.0,-28.86,PILOTING,SYS_GO,17.6441,1.39,0.0,0.0,250,0.0,0
1771964879.4394,45.9,30.0,-28.98,PILOTING,SYS_GO,17.6519,1.39,0.0,0.0,250,0.0,0
1771964879.4896,41.5,30.0,-28.95,PILOTING,SYS_GO,17.6669,1.39,0.0,0.0,250,0.0,0
1771964879.5779,36.0,30.0,-28.76,PILOTING,SYS_GO,17.6926,1.39,0.0,0.0,250,0.0,0
1771964879.6224,34.6,30.0,-28.55,PILOTING,SYS_GO,17.7052,1.39,0.0,0.0,250,0.0,0
1771964879.6696,34.2,30.0,-28.99,PILOTING,SYS_GO,17.6224,1.39,0.0,0.0,250,0.0,0
1771964879.7767,29.6,30.0,-29.04,PILOTING,SYS_GO,17.6538,1.39,0.0,0.0,250,0.0,0
1771964879.823,29.7,30.0,-29.0,PILOTING,SYS_GO,17.6658,1.39,0.0,0.0,250,0.0,0
1771964879.8722,41.2,30.0,-28.94,PILOTING,SYS_GO,17.6699,1.39,0.0,0.0,250,0.0,0
1771964879.977,34.9,30.0,-28.66,PILOTING,SYS_GO,17.7065,1.39,0.0,0.0,250,0.0,0
1771964880.0229,38.7,30.0,-28.44,PILOTING,SYS_GO,17.7131,1.39,0.0,0.0,250,0.0,0
1771964880.0737,37.8,30.0,-28.88,PILOTING,SYS_GO,17.6287,1.39,0.0,0.0,250,0.0,0
1771964880.1598,32.9,30.0,-28.96,PILOTING,SYS_GO,17.6562,1.39,0.0,0.0,250,0.0,0
1771964880.2059,37.5,30.0,-28.97,PILOTING,SYS_GO,17.6627,1.39,0.0,0.0,250,0.0,0
1771964880.253,39.5,30.0,-28.92,PILOTING,SYS_GO,17.6702,1.39,0.0,0.0,250,0.0,0
1771964880.2984,42.8,30.0,-28.85,PILOTING,SYS_GO,17.6767,1.39,0.0,0.0,250,0.0,0
1771964880.3436,43.9,30.0,-28.76,PILOTING,SYS_GO,17.6841,1.39,0.0,0.0,250,0.0,0
1771964880.3889,45.9,30.0,-29.24,PILOTING,SYS_GO,17.6002,1.39,0.0,0.0,250,0.0,0
1771964880.4343,47.5,30.0,-29.49,PILOTING,SYS_GO,17.6068,1.39,0.0,0.0,250,0.0,0
1771964880.4792,52.3,30.0,-29.61,PILOTING,SYS_GO,17.6119,1.39,0.0,0.0,250,0.0,0
1771964880.5253,47.7,30.0,-29.61,PILOTING,SYS_GO,17.6243,1.39,0.0,0.0,250,0.0,0
1771964880.6016,42.5,30.0,-29.5,PILOTING,SYS_GO,17.6408,1.39,0.0,0.0,250,0.0,0
1771964880.6922,36.5,30.0,-29.25,PILOTING,SYS_GO,17.6695,1.39,0.0,0.0,250,0.0,0
1771964880.7389,36.8,30.0,-29.59,PILOTING,SYS_GO,17.5906,1.39,0.0,0.0,250,0.0,0
1771964880.8063,33.8,30.0,-29.7,PILOTING,SYS_GO,17.6071,1.39,0.0,0.0,250,0.0,0
1771964880.8741,30.9,30.0,-29.65,PILOTING,SYS_GO,17.6257,1.39,0.0,0.0,250,0.0,0
1771964880.9193,30.9,30.0,-29.55,PILOTING,SYS_GO,17.6374,1.39,0.0,0.0,250,0.0,0
1771964881.0116,27.1,30.0,-29.3,PILOTING,SYS_GO,17.6668,1.39,0.0,0.0,250,0.0,0
1771964881.0569,32.5,30.0,-29.1,PILOTING,SYS_GO,17.6735,1.39,0.0,0.0,250,0.0,0
1771964881.1027,35.0,30.0,-29.49,PILOTING,SYS_GO,17.5925,1.39,0.0,0.0,250,0.0,0
1771964881.1477,37.4,30.0,-29.68,PILOTING,SYS_GO,17.6001,1.39,0.0,0.0,250,0.0,0
1771964881.1926,39.5,30.0,-29.75,PILOTING,SYS_GO,17.6076,1.39,0.0,0.0,250,0.0,0
1771964881.2387,40.5,30.0,-29.75,PILOTING,SYS_GO,17.6157,1.39,0.0,0.0,250,0.0,0
1771964881.2842,42.5,30.0,-29.7,PILOTING,SYS_GO,17.6228,1.39,0.0,0.0,250,0.0,0
1771964881.33,44.0,30.0,-29.62,PILOTING,SYS_GO,17.6301,1.39,0.0,0.0,250,0.0,0
1771964881.3758,46.6,30.0,-30.0,PILOTING,SYS_GO,17.5539,1.39,0.0,0.0,250,0.0,0
1771964881.4225,47.0,30.0,-30.2,PILOTING,SYS_GO,17.5612,1.39,0.0,0.0,250,0.0,0
1771964881.4682,47.6,30.0,-30.28,PILOTING,SYS_GO,17.5685,1.39,0.0,0.0,250,0.0,0
1771964881.5137,44.8,30.0,-30.27,PILOTING,SYS_GO,17.5791,1.39,0.0,0.0,250,0.0,0
1771964881.5615,40.8,30.0,-30.19,PILOTING,SYS_GO,17.5938,1.39,0.0,0.0,250,0.0,0
1771964881.6661,34.7,30.0,-29.92,PILOTING,SYS_GO,17.6294,1.39,0.0,0.0,250,0.0,0
1771964881.7127,46.6,30.0,-30.2,PILOTING,SYS_GO,17.5508,1.39,0.0,0.0,250,0.0,0
1771964881.7945,41.7,30.0,-30.29,PILOTING,SYS_GO,17.567,1.39,0.0,0.0,250,0.0,0
1771964881.8351,39.2,30.0,-30.27,PILOTING,SYS_GO,17.5793,1.39,0.0,0.0,250,0.0,0
1771964881.8802,47.3,30.0,-30.24,PILOTING,SYS_GO,17.5838,1.39,0.0,0.0,250,0.0,0
1771964881.9576,40.6,30.0,-30.07,PILOTING,SYS_GO,17.6102,1.39,0.0,0.0,250,0.0,0
1771964882.0069,51.5,30.0,-29.95,PILOTING,SYS_GO,17.614,1.39,0.0,0.0,250,0.0,0
1771964882.0956,43.6,30.0,-30.15,PILOTING,SYS_GO,17.5636,1.39,0.0,0.0,250,0.0,0
1771964882.1423,53.8,30.0,-30.26,PILOTING,SYS_GO,17.5674,1.39,0.0,0.0,250,0.0,0
1771964882.3099,44.7,30.0,-30.08,PILOTING,SYS_GO,17.6104,1.39,0.0,0.0,250,0.0,0
1771964882.3546,45.7,30.0,-29.93,PILOTING,SYS_GO,17.6177,1.39,0.0,0.0,250,0.0,0
1771964882.4001,46.2,30.0,-29.8,PILOTING,SYS_GO,17.6251,1.39,0.0,0.0,250,0.0,0
1771964882.4453,45.5,30.0,-29.66,PILOTING,SYS_GO,17.6336,1.39,0.0,0.0,250,0.0,0
1771964882.492,45.7,30.0,-30.01,PILOTING,SYS_GO,17.5582,1.39,0.0,0.0,250,0.0,0
1771964882.537,45.9,30.0,-30.18,PILOTING,SYS_GO,17.566,1.39,0.0,0.0,250,0.0,0
1771964882.5989,40.5,30.0,-30.18,PILOTING,SYS_GO,17.5852,1.39,0.0,0.0,250,0.0,0
1771964882.7215,34.1,30.0,-29.93,PILOTING,SYS_GO,17.6266,1.39,0.0,0.0,250,0.0,0
1771964882.7684,39.9,30.0,-29.75,PILOTING,SYS_GO,17.6323,1.39,0.0,0.0,250,0.0,0
1771964882.8737,33.8,30.0,-29.4,PILOTING,SYS_GO,17.6693,1.39,0.0,0.0,250,0.0,0
1771964882.9188,46.2,30.0,-29.71,PILOTING,SYS_GO,17.5846,1.39,0.0,0.0,250,0.0,0
1771964883.0108,39.4,30.0,-29.73,PILOTING,SYS_GO,17.6148,1.39,0.0,0.0,250,0.0,0
1771964883.058,51.0,30.0,-29.72,PILOTING,SYS_GO,17.6185,1.39,0.0,0.0,250,0.0,0
1771964883.1621,42.8,30.0,-29.48,PILOTING,SYS_GO,17.6538,1.39,0.0,0.0,250,0.0,0
1771964883.2082,52.1,30.0,-29.31,PILOTING,SYS_GO,17.6578,1.39,0.0,0.0,250,0.0,0
1771964883.2992,44.0,30.0,-29.0,PILOTING,SYS_GO,17.6889,1.39,0.0,0.0,250,0.0,0
1771964883.3537,44.7,30.0,-29.36,PILOTING,SYS_GO,17.6051,1.39,0.0,0.0,250,0.0,0
1771964883.4365,38.5,30.0,-29.41,PILOTING,SYS_GO,17.6314,1.39,0.0,0.0,250,0.0,0
1771964883.4892,38.7,30.0,-29.39,PILOTING,SYS_GO,17.6405,1.39,0.0,0.0,250,0.0,0
1771964883.558,34.4,30.0,-29.23,PILOTING,SYS_GO,17.6614,1.39,0.0,0.0,250,0.0,0
1771964883.6033,42.0,30.0,-29.11,PILOTING,SYS_GO,17.6664,1.39,0.0,0.0,250,0.0,0
1771964883.6957,36.0,30.0,-28.83,PILOTING,SYS_GO,17.696,1.39,0.0,0.0,250,0.0,0
1771964883.7412,41.1,30.0,-29.23,PILOTING,SYS_GO,17.6094,1.39,0.0,0.0,250,0.0,0
1771964883.7871,41.9,30.0,-29.42,PILOTING,SYS_GO,17.6174,1.39,0.0,0.0,250,0.0,0
1771964883.8327,43.7,30.0,-29.49,PILOTING,SYS_GO,17.6245,1.39,0.0,0.0,250,0.0,0
1771964883.8784,44.5,30.0,-29.49,PILOTING,SYS_GO,17.632,1.39,0.0,0.0,250,0.0,0
1771964883.9234,45.1,30.0,-29.44,PILOTING,SYS_GO,17.6396,1.39,0.0,0.0,250,0.0,0
1771964883.9688,45.2,30.0,-29.36,PILOTING,SYS_GO,17.6475,1.39,0.0,0.0,250,0.0,0
1771964884.0147,49.4,30.0,-29.78,PILOTING,SYS_GO,17.5678,1.39,0.0,0.0,250,0.0,0
1771964884.061,50.1,30.0,-29.99,PILOTING,SYS_GO,17.5746,1.39,0.0,0.0,250,0.0,0
1771964884.1059,44.8,30.0,-30.04,PILOTING,SYS_GO,17.5898,1.39,0.0,0.0,250,0.0,0
1771964884.1824,40.8,30.0,-29.99,PILOTING,SYS_GO,17.6044,1.39,0.0,0.0,250,0.0,0
1771964884.2302,43.1,30.0,-29.91,PILOTING,SYS_GO,17.6113,1.39,0.0,0.0,250,0.0,0
1771964884.2751,42.7,30.0,-29.82,PILOTING,SYS_GO,17.6201,1.39,0.0,0.0,250,0.0,0
1771964884.3355,37.6,30.0,-30.09,PILOTING,SYS_GO,17.5597,1.39,0.0,0.0,250,0.0,0
1771964884.3812,43.3,30.0,-30.23,PILOTING,SYS_GO,17.5652,1.39,0.0,0.0,250,0.0,0
1771964884.4874,36.5,30.0,-30.11,PILOTING,SYS_GO,17.6027,1.39,0.0,0.0,250,0.0,0
1771964884.5326,40.0,30.0,-30.0,PILOTING,SYS_GO,17.6094,1.39,0.0,0.0,250,0.0,0
1771964884.5784,37.0,30.0,-29.85,PILOTING,SYS_GO,17.6236,1.39,0.0,0.0,250,0.0,0
1771964884.6837,31.7,30.0,-29.53,PILOTING,SYS_GO,17.6585,1.39,0.0,0.0,250,0.0,0
1771964884.7301,47.3,30.0,-29.84,PILOTING,SYS_GO,17.575,1.39,0.0,0.0,250,0.0,0
1771964884.7758,48.5,30.0,-30.0,PILOTING,SYS_GO,17.5817,1.39,0.0,0.0,250,0.0,0
1771964884.8207,49.5,30.0,-30.05,PILOTING,SYS_GO,17.5885,1.39,0.0,0.0,250,0.0,0
1771964884.8678,51.4,30.0,-30.05,PILOTING,SYS_GO,17.5946,1.39,0.0,0.0,250,0.0,0
1771964884.9135,50.9,30.0,-30.01,PILOTING,SYS_GO,17.6019,1.39,0.0,0.0,250,0.0,0
1771964884.9594,49.9,30.0,-29.93,PILOTING,SYS_GO,17.6098,1.39,0.0,0.0,250,0.0,0
1771964885.0053,50.3,30.0,-30.26,PILOTING,SYS_GO,17.5372,1.39,0.0,0.0,250,0.0,0
1771964885.0515,52.0,30.0,-30.43,PILOTING,SYS_GO,17.5434,1.39,0.0,0.0,250,0.0,0
1771964885.0982,52.7,30.0,-30.51,PILOTING,SYS_GO,17.5499,1.39,0.0,0.0,250,0.0,0
1771964885.1428,47.3,30.0,-30.49,PILOTING,SYS_GO,17.564,1.39,0.0,0.0,250,0.0,0
1771964885.2336,40.2,30.0,-30.31,PILOTING,SYS_GO,17.5943,1.39,0.0,0.0,250,0.0,0
1771964885.2786,44.6,30.0,-30.18,PILOTING,SYS_GO,17.6001,1.39,0.0,0.0,250,0.0,0
1771964885.3846,37.8,30.0,-30.33,PILOTING,SYS_GO,17.5556,1.39,0.0,0.0,250,0.0,0
1771964885.4316,44.5,30.0,-30.39,PILOTING,SYS_GO,17.5606,1.39,0.0,0.0,250,0.0,0
1771964885.5056,38.4,30.0,-30.3,PILOTING,SYS_GO,17.5861,1.39,0.0,0.0,250,0.0,0
1771964885.552,50.3,30.0,-30.23,PILOTING,SYS_GO,17.5898,1.39,0.0,0.0,250,0.0,0
1771964885.6749,41.9,30.0,-29.93,PILOTING,SYS_GO,17.6324,1.39,0.0,0.0,250,0.0,0
1771964885.7202,48.7,30.0,-29.72,PILOTING,SYS_GO,17.6372,1.39,0.0,0.0,250,0.0,0
1771964885.8106,41.6,30.0,-29.92,PILOTING,SYS_GO,17.5812,1.39,0.0,0.0,250,0.0,0
1771964885.8565,45.0,30.0,-30.01,PILOTING,SYS_GO,17.5874,1.39,0.0,0.0,250,0.0,0
1771964885.902,45.2,30.0,-30.02,PILOTING,SYS_GO,17.5952,1.39,0.0,0.0,250,0.0,0
1771964885.9466,45.4,30.0,-29.98,PILOTING,SYS_GO,17.603,1.39,0.0,0.0,250,0.0,0
1771964885.992,45.9,30.0,-29.92,PILOTING,SYS_GO,17.6105,1.39,0.0,0.0,250,0.0,0
1771964886.0372,46.5,30.0,-29.83,PILOTING,SYS_GO,17.6179,1.39,0.0,0.0,250,0.0,0
1771964886.0832,46.8,30.0,-30.17,PILOTING,SYS_GO,17.5447,1.39,0.0,0.0,250,0.0,0
1771964886.1288,47.2,30.0,-30.34,PILOTING,SYS_GO,17.5521,1.39,0.0,0.0,250,0.0,0
1771964886.1791,44.3,30.0,-30.39,PILOTING,SYS_GO,17.5631,1.39,0.0,0.0,250,0.0,0
1771964886.2502,38.7,30.0,-30.31,PILOTING,SYS_GO,17.5849,1.39,0.0,0.0,250,0.0,0
1771964886.2963,38.8,30.0,-30.21,PILOTING,SYS_GO,17.5941,1.39,0.0,0.0,250,0.0,0
1771964886.403,33.0,30.0,-29.93,PILOTING,SYS_GO,17.6301,1.39,0.0,0.0,250,0.0,0
1771964886.4542,41.7,30.0,-30.19,PILOTING,SYS_GO,17.5523,1.39,0.0,0.0,250,0.0,0
1771964886.5467,35.8,30.0,-30.2,PILOTING,SYS_GO,17.5822,1.39,0.0,0.0,250,0.0,0
1771964886.5883,36.0,30.0,-30.16,PILOTING,SYS_GO,17.5919,1.39,0.0,0.0,250,0.0,0
1771964886.634,37.8,30.0,-30.08,PILOTING,SYS_GO,17.5999,1.39,0.0,0.0,250,0.0,0
1771964886.7108,33.1,30.0,-29.89,PILOTING,SYS_GO,17.625,1.39,0.0,0.0,250,0.0,0
1771964886.7578,45.4,30.0,-29.75,PILOTING,SYS_GO,17.6288,1.39,0.0,0.0,250,0.0,0
1771964886.8492,38.6,30.0,-29.96,PILOTING,SYS_GO,17.5781,1.39,0.0,0.0,250,0.0,0
1771964886.8943,45.9,30.0,-30.06,PILOTING,SYS_GO,17.5829,1.39,0.0,0.0,250,0.0,0
1771964886.9405,45.7,30.0,-30.07,PILOTING,SYS_GO,17.5909,1.39,0.0,0.0,250,0.0,0
1771964886.9869,46.2,30.0,-30.04,PILOTING,SYS_GO,17.5984,1.39,0.0,0.0,250,0.0,0
1771964887.0326,46.7,30.0,-29.98,PILOTING,SYS_GO,17.6058,1.39,0.0,0.0,250,0.0,0
1771964887.0778,47.2,30.0,-29.9,PILOTING,SYS_GO,17.6131,1.39,0.0,0.0,250,0.0,0
1771964887.1238,46.9,30.0,-30.23,PILOTING,SYS_GO,17.541,1.39,0.0,0.0,250,0.0,0
1771964887.1706,46.8,30.0,-30.39,PILOTING,SYS_GO,17.5487,1.39,0.0,0.0,250,0.0,0
1771964887.2187,42.1,30.0,-30.41,PILOTING,SYS_GO,17.5642,1.39,0.0,0.0,250,0.0,0
1771964887.356,35.3,30.0,-30.18,PILOTING,SYS_GO,17.6088,1.39,0.0,0.0,250,0.0,0
1771964887.4033,36.1,30.0,-29.99,PILOTING,SYS_GO,17.618,1.39,0.0,0.0,250,0.0,0
1771964887.5126,31.5,30.0,-29.71,PILOTING,SYS_GO,17.6449,1.39,0.0,0.0,250,0.0,0
1771964887.5547,30.3,30.0,-29.95,PILOTING,SYS_GO,17.5745,1.39,0.0,0.0,250,0.0,0
1771964887.6059,36.3,30.0,-30.07,PILOTING,SYS_GO,17.5804,1.39,0.0,0.0,250,0.0,0
1771964887.7161,31.5,30.0,-29.98,PILOTING,SYS_GO,17.6089,1.39,0.0,0.0,250,0.0,0
1771964887.751,36.7,30.0,-29.88,PILOTING,SYS_GO,17.6152,1.39,0.0,0.0,250,0.0,0
1771964887.8019,35.1,30.0,-29.75,PILOTING,SYS_GO,17.6277,1.39,0.0,0.0,250,0.0,0
1771964887.9033,30.3,30.0,-29.45,PILOTING,SYS_GO,17.6611,1.39,0.0,0.0,250,0.0,0
1771964887.9492,35.8,30.0,-29.77,PILOTING,SYS_GO,17.5802,1.39,0.0,0.0,250,0.0,0
1771964887.9948,38.0,30.0,-29.92,PILOTING,SYS_GO,17.5878,1.39,0.0,0.0,250,0.0,0
1771964888.0396,40.5,30.0,-29.97,PILOTING,SYS_GO,17.595,1.39,0.0,0.0,250,0.0,0
1771964888.0853,41.9,30.0,-29.95,PILOTING,SYS_GO,17.6026,1.39,0.0,0.0,250,0.0,0
1771964888.131,44.2,30.0,-29.91,PILOTING,SYS_GO,17.6093,1.39,0.0,0.0,250,0.0,0
1771964888.1768,44.7,30.0,-29.83,PILOTING,SYS_GO,17.617,1.39,0.0,0.0,250,0.0,0
1771964888.2229,43.3,30.0,-30.16,PILOTING,SYS_GO,17.546,1.39,0.0,0.0,250,0.0,0
1771964888.2695,39.6,30.0,-30.3,PILOTING,SYS_GO,17.5605,1.39,0.0,0.0,250,0.0,0
1771964888.3596,34.3,30.0,-30.23,PILOTING,SYS_GO,17.5882,1.39,0.0,0.0,250,0.0,0
1771964888.4281,35.1,30.0,-30.14,PILOTING,SYS_GO,17.5976,1.39,0.0,0.0,250,0.0,0
1771964888.4963,31.1,30.0,-29.94,PILOTING,SYS_GO,17.6214,1.39,0.0,0.0,250,0.0,0
1771964888.5447,43.4,30.0,-29.8,PILOTING,SYS_GO,17.6253,1.39,0.0,0.0,250,0.0,0
1771964888.6779,36.4,30.0,-29.94,PILOTING,SYS_GO,17.5871,1.39,0.0,0.0,250,0.0,0
1771964888.7268,39.8,30.0,-29.99,PILOTING,SYS_GO,17.5939,1.39,0.0,0.0,250,0.0,0
1771964888.8184,34.2,30.0,-29.84,PILOTING,SYS_GO,17.6241,1.39,0.0,0.0,250,0.0,0
1771964888.8607,39.9,30.0,-29.71,PILOTING,SYS_GO,17.6299,1.39,0.0,0.0,250,0.0,0
1771964888.9162,38.0,30.0,-29.56,PILOTING,SYS_GO,17.6417,1.39,0.0,0.0,250,0.0,0
1771964889.0148,32.7,30.0,-29.25,PILOTING,SYS_GO,17.6736,1.39,0.0,0.0,250,0.0,0
1771964889.061,32.9,30.0,-29.57,PILOTING,SYS_GO,17.5952,1.39,0.0,0.0,250,0.0,0
1771964889.1573,28.6,30.0,-29.56,PILOTING,SYS_GO,17.6272,1.39,0.0,0.0,250,0.0,0
1771964889.1993,30.8,30.0,-29.5,PILOTING,SYS_GO,17.6362,1.39,0.0,0.0,250,0.0,0
1771964889.2454,30.9,30.0,-29.39,PILOTING,SYS_GO,17.6478,1.39,0.0,0.0,250,0.0,0
1771964889.3224,27.4,30.0,-29.15,PILOTING,SYS_GO,17.6748,1.39,0.0,0.0,250,0.0,0
1771964889.3684,39.8,30.0,-28.97,PILOTING,SYS_GO,17.6788,1.39,0.0,0.0,250,0.0,0
1771964889.4752,33.9,30.0,-29.22,PILOTING,SYS_GO,17.6243,1.39,0.0,0.0,250,0.0,0
1771964889.5213,46.5,30.0,-29.35,PILOTING,SYS_GO,17.628,1.39,0.0,0.0,250,0.0,0
1771964889.5674,48.2,30.0,-29.39,PILOTING,SYS_GO,17.6345,1.39,0.0,0.0,250,0.0,0
1771964889.6138,49.3,30.0,-29.37,PILOTING,SYS_GO,17.6413,1.39,0.0,0.0,250,0.0,0
1771964889.659,52.0,30.0,-29.32,PILOTING,SYS_GO,17.647,1.39,0.0,0.0,250,0.0,0
1771964889.704,52.1,30.0,-29.24,PILOTING,SYS_GO,17.6538,1.39,0.0,0.0,250,0.0,0
1771964889.7497,53.4,30.0,-29.68,PILOTING,SYS_GO,17.5739,1.39,0.0,0.0,250,0.0,0
1771964889.7956,52.2,30.0,-29.9,PILOTING,SYS_GO,17.5815,1.39,0.0,0.0,250,0.0,0
1771964889.8407,47.0,30.0,-29.95,PILOTING,SYS_GO,17.5953,1.39,0.0,0.0,250,0.0,0
1771964889.9326,40.2,30.0,-29.83,PILOTING,SYS_GO,17.6223,1.39,0.0,0.0,250,0.0,0
1771964889.9759,39.6,30.0,-29.69,PILOTING,SYS_GO,17.6321,1.39,0.0,0.0,250,0.0,0
1771964890.1141,33.3,30.0,-29.32,PILOTING,SYS_GO,17.6758,1.39,0.0,0.0,250,0.0,0
1771964890.1648,31.3,30.0,-29.57,PILOTING,SYS_GO,17.6018,1.39,0.0,0.0,250,0.0,0
1771964890.2394,28.1,30.0,-29.58,PILOTING,SYS_GO,17.6254,1.39,0.0,0.0,250,0.0,0
1771964890.2828,28.8,30.0,-29.51,PILOTING,SYS_GO,17.6369,1.39,0.0,0.0,250,0.0,0
1771964890.3292,28.2,30.0,-29.38,PILOTING,SYS_GO,17.6509,1.39,0.0,0.0,250,0.0,0
1771964890.4501,24.4,30.0,-29.03,PILOTING,SYS_GO,17.6905,1.39,0.0,0.0,250,0.0,0
1771964890.4957,26.6,30.0,-28.75,PILOTING,SYS_GO,17.7006,1.39,0.0,0.0,250,0.0,0
1771964890.602,23.5,30.0,-28.99,PILOTING,SYS_GO,17.6399,1.39,0.0,0.0,250,0.0,0
1771964890.6514,28.5,30.0,-29.09,PILOTING,SYS_GO,17.6474,1.39,0.0,0.0,250,0.0,0
1771964890.7403,25.5,30.0,-28.97,PILOTING,SYS_GO,17.6739,1.39,0.0,0.0,250,0.0,0
1771964890.7918,29.0,30.0,-28.84,PILOTING,SYS_GO,17.6823,1.39,0.0,0.0,250,0.0,0
1771964890.8954,25.3,30.0,-28.53,PILOTING,SYS_GO,17.7163,1.39,0.0,0.0,250,0.0,0
1771964890.9422,27.6,30.0,-28.27,PILOTING,SYS_GO,17.7261,1.39,0.0,0.0,250,0.0,0
1771964891.0184,26.4,30.0,-28.66,PILOTING,SYS_GO,17.6457,1.39,0.0,0.0,250,0.0,0
1771964891.0649,25.9,30.0,-28.8,PILOTING,SYS_GO,17.6608,1.39,0.0,0.0,250,0.0,0
1771964891.1107,43.1,30.0,-28.87,PILOTING,SYS_GO,17.6641,1.39,0.0,0.0,250,0.0,0
1771964891.1579,44.4,30.0,-28.85,PILOTING,SYS_GO,17.6713,1.39,0.0,0.0,250,0.0,0
1771964891.2035,46.1,30.0,-28.8,PILOTING,SYS_GO,17.6781,1.39,0.0,0.0,250,0.0,0
1771964891.2503,46.6,30.0,-28.72,PILOTING,SYS_GO,17.6855,1.39,0.0,0.0,250,0.0,0
1771964891.2954,45.7,30.0,-29.2,PILOTING,SYS_GO,17.6033,1.39,0.0,0.0,250,0.0,0
1771964891.3422,45.5,30.0,-29.44,PILOTING,SYS_GO,17.6113,1.39,0.0,0.0,250,0.0,0
1771964891.4035,40.3,30.0,-29.47,PILOTING,SYS_GO,17.6299,1.39,0.0,0.0,250,0.0,0
1771964891.5245,34.0,30.0,-29.22,PILOTING,SYS_GO,17.6701,1.39,0.0,0.0,250,0.0,0
1771964891.5724,42.0,30.0,-29.04,PILOTING,SYS_GO,17.675,1.39,0.0,0.0,250,0.0,0
1771964891.6636,35.9,30.0,-28.72,PILOTING,SYS_GO,17.706,1.39,0.0,0.0,250,0.0,0
1771964891.7122,39.3,30.0,-29.11,PILOTING,SYS_GO,17.6189,1.39,0.0,0.0,250,0.0,0
1771964891.7727,39.6,30.0,-29.28,PILOTING,SYS_GO,17.6278,1.39,0.0,0.0,250,0.0,0
1771964891.8134,37.7,30.0,-29.31,PILOTING,SYS_GO,17.6397,1.39,0.0,0.0,250,0.0,0
1771964891.8663,37.6,30.0,-29.27,PILOTING,SYS_GO,17.6494,1.39,0.0,0.0,250,0.0,0
1771964891.9513,32.6,30.0,-29.05,PILOTING,SYS_GO,17.678,1.39,0.0,0.0,250,0.0,0
1771964891.9993,40.9,30.0,-28.89,PILOTING,SYS_GO,17.6828,1.39,0.0,0.0,250,0.0,0
1771964892.0897,35.5,30.0,-29.21,PILOTING,SYS_GO,17.6187,1.39,0.0,0.0,250,0.0,0
1771964892.1614,33.1,30.0,-29.31,PILOTING,SYS_GO,17.6339,1.39,0.0,0.0,250,0.0,0
1771964892.256,29.0,30.0,-29.17,PILOTING,SYS_GO,17.6632,1.39,0.0,0.0,250,0.0,0
1771964892.3073,32.7,30.0,-29.04,PILOTING,SYS_GO,17.6708,1.39,0.0,0.0,250,0.0,0
1771964892.4257,28.0,30.0,-28.68,PILOTING,SYS_GO,17.7109,1.39,0.0,0.0,250,0.0,0
1771964892.4706,36.6,30.0,-28.43,PILOTING,SYS_GO,17.716,1.39,0.0,0.0,250,0.0,0
1771964892.5624,31.8,30.0,-28.74,PILOTING,SYS_GO,17.6489,1.39,0.0,0.0,250,0.0,0
1771964892.6082,46.2,30.0,-28.91,PILOTING,SYS_GO,17.6524,1.39,0.0,0.0,250,0.0,0
1771964892.6532,46.4,30.0,-28.95,PILOTING,SYS_GO,17.6601,1.39,0.0,0.0,250,0.0,0
1771964892.6993,46.7,30.0,-28.93,PILOTING,SYS_GO,17.6675,1.39,0.0,0.0,250,0.0,0
1771964892.7447,47.1,30.0,-28.87,PILOTING,SYS_GO,17.675,1.39,0.0,0.0,250,0.0,0
1771964892.7902,46.5,30.0,-28.77,PILOTING,SYS_GO,17.6831,1.39,0.0,0.0,250,0.0,0
1771964892.8363,47.0,30.0,-29.25,PILOTING,SYS_GO,17.6,1.39,0.0,0.0,250,0.0,0
1771964892.8823,51.4,30.0,-29.51,PILOTING,SYS_GO,17.6052,1.39,0.0,0.0,250,0.0,0
1771964892.9349,46.5,30.0,-29.58,PILOTING,SYS_GO,17.6185,1.39,0.0,0.0,250,0.0,0
1771964893.0491,39.3,30.0,-29.4,PILOTING,SYS_GO,17.6537,1.39,0.0,0.0,250,0.0,0
1771964893.0976,42.0,30.0,-29.25,PILOTING,SYS_GO,17.6605,1.39,0.0,0.0,250,0.0,0
1771964893.1875,36.2,30.0,-28.97,PILOTING,SYS_GO,17.6876,1.39,0.0,0.0,250,0.0,0
1771964893.2403,37.3,30.0,-29.34,PILOTING,SYS_GO,17.6051,1.39,0.0,0.0,250,0.0,0
1771964893.3095,33.1,30.0,-29.43,PILOTING,SYS_GO,17.6271,1.39,0.0,0.0,250,0.0,0
1771964893.3563,36.7,30.0,-29.44,PILOTING,SYS_GO,17.6341,1.39,0.0,0.0,250,0.0,0
1771964893.4316,32.3,30.0,-29.28,PILOTING,SYS_GO,17.6589,1.39,0.0,0.0,250,0.0,0
1771964893.4771,43.0,30.0,-29.16,PILOTING,SYS_GO,17.6631,1.39,0.0,0.0,250,0.0,0
1771964893.5695,37.0,30.0,-28.89,PILOTING,SYS_GO,17.6911,1.39,0.0,0.0,250,0.0,0
1771964893.6164,49.1,30.0,-29.31,PILOTING,SYS_GO,17.6031,1.39,0.0,0.0,250,0.0,0
1771964893.6621,49.0,30.0,-29.51,PILOTING,SYS_GO,17.6105,1.39,0.0,0.0,250,0.0,0
1771964893.7098,48.6,30.0,-29.59,PILOTING,SYS_GO,17.6182,1.39,0.0,0.0,250,0.0,0
1771964893.7553,48.5,30.0,-29.58,PILOTING,SYS_GO,17.6257,1.39,0.0,0.0,250,0.0,0
1771964893.801,48.4,30.0,-29.54,PILOTING,SYS_GO,17.6331,1.39,0.0,0.0,250,0.0,0
1771964893.8465,47.8,30.0,-29.46,PILOTING,SYS_GO,17.6411,1.39,0.0,0.0,250,0.0,0
1771964893.8917,47.9,30.0,-29.85,PILOTING,SYS_GO,17.5644,1.39,0.0,0.0,250,0.0,0
1771964893.9368,47.0,30.0,-30.05,PILOTING,SYS_GO,17.5726,1.39,0.0,0.0,250,0.0,0
1771964893.9828,44.2,30.0,-30.11,PILOTING,SYS_GO,17.5835,1.39,0.0,0.0,250,0.0,0
1771964894.0595,38.1,30.0,-30.0,PILOTING,SYS_GO,17.6098,1.39,0.0,0.0,250,0.0,0
1771964894.106,49.2,30.0,-29.91,PILOTING,SYS_GO,17.6137,1.39,0.0,0.0,250,0.0,0
1771964894.2122,41.6,30.0,-29.64,PILOTING,SYS_GO,17.6465,1.39,0.0,0.0,250,0.0,0
1771964894.2597,43.4,30.0,-29.94,PILOTING,SYS_GO,17.5686,1.39,0.0,0.0,250,0.0,0
1771964894.358,37.3,30.0,-29.97,PILOTING,SYS_GO,17.5969,1.39,0.0,0.0,250,0.0,0
1771964894.3945,39.6,30.0,-29.95,PILOTING,SYS_GO,17.6043,1.39,0.0,0.0,250,0.0,0
1771964894.4559,35.8,30.0,-29.82,PILOTING,SYS_GO,17.6219,1.39,0.0,0.0,250,0.0,0
1771964894.5761,30.4,30.0,-29.49,PILOTING,SYS_GO,17.6626,1.39,0.0,0.0,250,0.0,0
1771964894.6273,37.9,30.0,-29.25,PILOTING,SYS_GO,17.6679,1.39,0.0,0.0,250,0.0,0
1771964894.6919,36.1,30.0,-29.58,PILOTING,SYS_GO,17.5921,1.39,0.0,0.0,250,0.0,0
1771964894.7769,31.6,30.0,-29.63,PILOTING,SYS_GO,17.6183,1.39,0.0,0.0,250,0.0,0
1771964894.8226,31.1,30.0,-29.58,PILOTING,SYS_GO,17.6308,1.39,0.0,0.0,250,0.0,0
1771964894.9444,26.6,30.0,-29.28,PILOTING,SYS_GO,17.6713,1.39,0.0,0.0,250,0.0,0
1771964894.9905,39.0,30.0,-29.08,PILOTING,SYS_GO,17.6754,1.39,0.0,0.0,250,0.0,0
1771964895.0368,40.6,30.0,-28.9,PILOTING,SYS_GO,17.683,1.39,0.0,0.0,250,0.0,0
1771964895.083,42.0,30.0,-29.33,PILOTING,SYS_GO,17.6001,1.39,0.0,0.0,250,0.0,0
1771964895.1286,43.1,30.0,-29.54,PILOTING,SYS_GO,17.6077,1.39,0.0,0.0,250,0.0,0
1771964895.175,44.3,30.0,-29.62,PILOTING,SYS_GO,17.615,1.39,0.0,0.0,250,0.0,0
1771964895.2215,45.8,30.0,-29.63,PILOTING,SYS_GO,17.622,1.39,0.0,0.0,250,0.0,0
1771964895.2675,46.0,30.0,-29.59,PILOTING,SYS_GO,17.6297,1.39,0.0,0.0,250,0.0,0
1771964895.3134,46.6,30.0,-29.51,PILOTING,SYS_GO,17.637,1.39,0.0,0.0,250,0.0,0
1771964895.36,47.1,30.0,-29.9,PILOTING,SYS_GO,17.5608,1.39,0.0,0.0,250,0.0,0
1771964895.4058,47.3,30.0,-30.1,PILOTING,SYS_GO,17.5683,1.39,0.0,0.0,250,0.0,0
1771964895.4511,47.3,30.0,-30.18,PILOTING,SYS_GO,17.5759,1.39,0.0,0.0,250,0.0,0
1771964895.4996,42.9,30.0,-30.15,PILOTING,SYS_GO,17.5902,1.39,0.0,0.0,250,0.0,0
1771964895.6022,36.5,30.0,-29.94,PILOTING,SYS_GO,17.6232,1.39,0.0,0.0,250,0.0,0
1771964895.6491,47.2,30.0,-29.79,PILOTING,SYS_GO,17.6272,1.39,0.0,0.0,250,0.0,0
1771964895.7388,40.3,30.0,-30.01,PILOTING,SYS_GO,17.573,1.39,0.0,0.0,250,0.0,0
1771964895.7905,37.0,30.0,-30.06,PILOTING,SYS_GO,17.5881,1.39,0.0,0.0,250,0.0,0
1771964895.8649,33.3,30.0,-29.98,PILOTING,SYS_GO,17.6077,1.39,0.0,0.0,250,0.0,0
1771964895.9392,29.5,30.0,-29.77,PILOTING,SYS_GO,17.6331,1.39,0.0,0.0,250,0.0,0
1771964895.9898,40.2,30.0,-29.62,PILOTING,SYS_GO,17.6375,1.39,0.0,0.0,250,0.0,0
1771964896.1089,33.9,30.0,-29.27,PILOTING,SYS_GO,17.6769,1.39,0.0,0.0,250,0.0,0
1771964896.1537,34.7,30.0,-29.57,PILOTING,SYS_GO,17.5969,1.39,0.0,0.0,250,0.0,0
1771964896.2306,30.5,30.0,-29.59,PILOTING,SYS_GO,17.6233,1.39,0.0,0.0,250,0.0,0
1771964896.2751,29.3,30.0,-29.51,PILOTING,SYS_GO,17.638,1.39,0.0,0.0,250,0.0,0
1771964896.3225,36.7,30.0,-29.42,PILOTING,SYS_GO,17.6435,1.39,0.0,0.0,250,0.0,0
1771964896.4137,31.9,30.0,-29.19,PILOTING,SYS_GO,17.6713,1.39,0.0,0.0,250,0.0,0
1771964896.4601,34.7,30.0,-28.99,PILOTING,SYS_GO,17.6792,1.39,0.0,0.0,250,0.0,0
1771964896.5816,29.6,30.0,-29.22,PILOTING,SYS_GO,17.6276,1.39,0.0,0.0,250,0.0,0
1771964896.6285,34.1,30.0,-29.31,PILOTING,SYS_GO,17.6345,1.39,0.0,0.0,250,0.0,0
1771964896.6749,36.9,30.0,-29.31,PILOTING,SYS_GO,17.642,1.39,0.0,0.0,250,0.0,0
1771964896.7205,39.6,30.0,-29.27,PILOTING,SYS_GO,17.6491,1.39,0.0,0.0,250,0.0,0
1771964896.7661,41.7,30.0,-29.2,PILOTING,SYS_GO,17.6563,1.39,0.0,0.0,250,0.0,0
1771964896.8119,42.4,30.0,-29.1,PILOTING,SYS_GO,17.6643,1.39,0.0,0.0,250,0.0,0
1771964896.8571,43.6,30.0,-29.54,PILOTING,SYS_GO,17.5841,1.39,0.0,0.0,250,0.0,0
1771964896.9023,44.6,30.0,-29.76,PILOTING,SYS_GO,17.5915,1.39,0.0,0.0,250,0.0,0
1771964896.9479,45.0,30.0,-29.85,PILOTING,SYS_GO,17.5992,1.39,0.0,0.0,250,0.0,0
1771964896.9936,45.7,30.0,-29.86,PILOTING,SYS_GO,17.6066,1.39,0.0,0.0,250,0.0,0
1771964897.0547,40.5,30.0,-29.75,PILOTING,SYS_GO,17.6249,1.39,0.0,0.0,250,0.0,0
1771964897.1761,34.2,30.0,-29.43,PILOTING,SYS_GO,17.6647,1.39,0.0,0.0,250,0.0,0
1771964897.2227,37.7,30.0,-29.74,PILOTING,SYS_GO,17.5839,1.39,0.0,0.0,250,0.0,0
1771964897.3135,32.6,30.0,-29.75,PILOTING,SYS_GO,17.6142,1.39,0.0,0.0,250,0.0,0
1771964897.3596,43.3,30.0,-29.73,PILOTING,SYS_GO,17.6184,1.39,0.0,0.0,250,0.0,0
1771964897.4659,36.7,30.0,-29.49,PILOTING,SYS_GO,17.6535,1.39,0.0,0.0,250,0.0,0
1771964897.5134,44.7,30.0,-29.32,PILOTING,SYS_GO,17.6582,1.39,0.0,0.0,250,0.0,0
1771964897.5916,38.7,30.0,-29.05,PILOTING,SYS_GO,17.6822,1.39,0.0,0.0,250,0.0,0
1771964897.6336,51.5,30.0,-29.44,PILOTING,SYS_GO,17.5954,1.39,0.0,0.0,250,0.0,0
1771964897.6862,50.8,30.0,-29.64,PILOTING,SYS_GO,17.6029,1.39,0.0,0.0,250,0.0,0
1771964897.7911,43.0,30.0,-29.57,PILOTING,SYS_GO,17.6334,1.39,0.0,0.0,250,0.0,0
1771964897.833,44.6,30.0,-29.48,PILOTING,SYS_GO,17.6405,1.39,0.0,0.0,250,0.0,0
1771964897.9251,38.0,30.0,-29.21,PILOTING,SYS_GO,17.6723,1.39,0.0,0.0,250,0.0,0
1771964897.9717,39.3,30.0,-29.0,PILOTING,SYS_GO,17.6804,1.39,0.0,0.0,250,0.0,0
1771964898.0178,37.8,30.0,-29.38,PILOTING,SYS_GO,17.6016,1.39,0.0,0.0,250,0.0,0
1771964898.0932,33.6,30.0,-29.48,PILOTING,SYS_GO,17.6234,1.39,0.0,0.0,250,0.0,0
1771964898.1429,34.5,30.0,-29.47,PILOTING,SYS_GO,17.6328,1.39,0.0,0.0,250,0.0,0
1771964898.2189,30.6,30.0,-29.32,PILOTING,SYS_GO,17.6568,1.39,0.0,0.0,250,0.0,0
1771964898.2635,32.0,30.0,-29.16,PILOTING,SYS_GO,17.6663,1.39,0.0,0.0,250,0.0,0
1771964898.3094,39.6,30.0,-29.03,PILOTING,SYS_GO,17.6715,1.39,0.0,0.0,250,0.0,0
1771964898.3544,42.4,30.0,-29.46,PILOTING,SYS_GO,17.5895,1.39,0.0,0.0,250,0.0,0
1771964898.3998,43.5,30.0,-29.68,PILOTING,SYS_GO,17.597,1.39,0.0,0.0,250,0.0,0
1771964898.4454,45.4,30.0,-29.78,PILOTING,SYS_GO,17.6038,1.39,0.0,0.0,250,0.0,0
1771964898.4919,45.8,30.0,-29.79,PILOTING,SYS_GO,17.6113,1.39,0.0,0.0,250,0.0,0
1771964898.5455,45.7,30.0,-29.75,PILOTING,SYS_GO,17.6193,1.39,0.0,0.0,250,0.0,0
1771964898.5825,42.2,30.0,-29.64,PILOTING,SYS_GO,17.6321,1.39,0.0,0.0,250,0.0,0
1771964898.6894,35.8,30.0,-29.86,PILOTING,SYS_GO,17.5844,1.39,0.0,0.0,250,0.0,0
1771964898.7361,42.0,30.0,-29.96,PILOTING,SYS_GO,17.5898,1.39,0.0,0.0,250,0.0,0
1771964898.8577,35.4,30.0,-29.79,PILOTING,SYS_GO,17.6296,1.39,0.0,0.0,250,0.0,0
1771964898.9057,46.4,30.0,-29.66,PILOTING,SYS_GO,17.6336,1.39,0.0,0.0,250,0.0,0
1771964898.9955,39.6,30.0,-29.38,PILOTING,SYS_GO,17.663,1.39,0.0,0.0,250,0.0,0
1771964899.056,46.1,30.0,-29.19,PILOTING,SYS_GO,17.668,1.39,0.0,0.0,250,0.0,0
1771964899.134,39.7,30.0,-29.47,PILOTING,SYS_GO,17.6049,1.39,0.0,0.0,250,0.0,0
1771964899.1799,45.0,30.0,-29.61,PILOTING,SYS_GO,17.6104,1.39,0.0,0.0,250,0.0,0
1771964899.2554,38.9,30.0,-29.53,PILOTING,SYS_GO,17.6358,1.39,0.0,0.0,250,0.0,0
1771964899.3011,50.6,30.0,-29.47,PILOTING,SYS_GO,17.6395,1.39,0.0,0.0,250,0.0,0
1771964899.3472,50.9,30.0,-29.38,PILOTING,SYS_GO,17.6464,1.39,0.0,0.0,250,0.0,0
1771964899.393,49.5,30.0,-29.27,PILOTING,SYS_GO,17.6546,1.39,0.0,0.0,250,0.0,0
1771964899.4384,50.7,30.0,-29.69,PILOTING,SYS_GO,17.5749,1.39,0.0,0.0,250,0.0,0
1771964899.4838,50.5,30.0,-29.9,PILOTING,SYS_GO,17.5821,1.39,0.0,0.0,250,0.0,0
1771964899.5304,49.9,30.0,-29.99,PILOTING,SYS_GO,17.5897,1.39,0.0,0.0,250,0.0,0
1771964899.5762,49.0,30.0,-30.0,PILOTING,SYS_GO,17.5976,1.39,0.0,0.0,250,0.0,0
1771964899.627,44.4,30.0,-29.92,PILOTING,SYS_GO,17.6117,1.39,0.0,0.0,250,0.0,0
1771964899.7435,37.8,30.0,-29.68,PILOTING,SYS_GO,17.6424,1.39,0.0,0.0,250,0.0,0
1771964899.7945,42.4,30.0,-29.99,PILOTING,SYS_GO,17.564,1.39,0.0,0.0,250,0.0,0
1771964899.8372,39.9,30.0,-30.11,PILOTING,SYS_GO,17.5759,1.39,0.0,0.0,250,0.0,0
1771964899.93,34.2,30.0,-30.01,PILOTING,SYS_GO,17.6082,1.39,0.0,0.0,250,0.0,0
1771964899.9769,47.4,30.0,-29.92,PILOTING,SYS_GO,17.6118,1.39,0.0,0.0,250,0.0,0
1771964900.1278,39.4,30.0,-29.55,PILOTING,SYS_GO,17.6616,1.39,0.0,0.0,250,0.0,0
1771964900.174,50.4,30.0,-29.31,PILOTING,SYS_GO,17.6654,1.39,0.0,0.0,250,0.0,0
1771964900.266,43.6,30.0,-29.57,PILOTING,SYS_GO,17.5996,1.39,0.0,0.0,250,0.0,0
1771964900.3107,43.7,30.0,-29.69,PILOTING,SYS_GO,17.6077,1.39,0.0,0.0,250,0.0,0
1771964900.3556,46.1,30.0,-29.72,PILOTING,SYS_GO,17.6142,1.39,0.0,0.0,250,0.0,0
1771964900.4018,46.0,30.0,-29.69,PILOTING,SYS_GO,17.6221,1.39,0.0,0.0,250,0.0,0
1771964900.4475,45.7,30.0,-29.62,PILOTING,SYS_GO,17.6302,1.39,0.0,0.0,250,0.0,0
1771964900.493,52.1,30.0,-29.55,PILOTING,SYS_GO,17.6348,1.39,0.0,0.0,250,0.0,0
1771964900.5396,51.4,30.0,-29.93,PILOTING,SYS_GO,17.559,1.39,0.0,0.0,250,0.0,0
1771964900.585,51.0,30.0,-30.13,PILOTING,SYS_GO,17.5662,1.39,0.0,0.0,250,0.0,0
1771964900.6374,51.3,30.0,-30.21,PILOTING,SYS_GO,17.5731,1.39,0.0,0.0,250,0.0,0
1771964900.703,46.1,30.0,-30.19,PILOTING,SYS_GO,17.5874,1.39,0.0,0.0,250,0.0,0
1771964900.7693,40.6,30.0,-30.06,PILOTING,SYS_GO,17.607,1.39,0.0,0.0,250,0.0,0
1771964900.814,41.8,30.0,-29.94,PILOTING,SYS_GO,17.6147,1.39,0.0,0.0,250,0.0,0
1771964900.9057,35.8,30.0,-30.14,PILOTING,SYS_GO,17.5646,1.39,0.0,0.0,250,0.0,0
1771964900.9528,35.0,30.0,-30.21,PILOTING,SYS_GO,17.576,1.39,0.0,0.0,250,0.0,0
1771964901.0299,32.3,30.0,-30.15,PILOTING,SYS_GO,17.5927,1.39,0.0,0.0,250,0.0,0
1771964901.0757,42.7,30.0,-30.1,PILOTING,SYS_GO,17.597,1.39,0.0,0.0,250,0.0,0
1771964901.1827,36.3,30.0,-29.86,PILOTING,SYS_GO,17.6301,1.39,0.0,0.0,250,0.0,0
1771964901.2281,48.2,30.0,-29.7,PILOTING,SYS_GO,17.6339,1.39,0.0,0.0,250,0.0,0
1771964901.2743,49.3,30.0,-30.03,PILOTING,SYS_GO,17.5575,1.39,0.0,0.0,250,0.0,0
1771964901.3201,48.9,30.0,-30.2,PILOTING,SYS_GO,17.5651,1.39,0.0,0.0,250,0.0,0
1771964901.3649,47.9,30.0,-30.25,PILOTING,SYS_GO,17.5733,1.39,0.0,0.0,250,0.0,0
1771964901.411,47.9,30.0,-30.25,PILOTING,SYS_GO,17.5808,1.39,0.0,0.0,250,0.0,0
1771964901.4571,48.2,30.0,-30.2,PILOTING,SYS_GO,17.5882,1.39,0.0,0.0,250,0.0,0
1771964901.5029,48.3,30.0,-30.14,PILOTING,SYS_GO,17.5956,1.39,0.0,0.0,250,0.0,0
1771964901.5476,53.3,30.0,-30.44,PILOTING,SYS_GO,17.5231,1.39,0.0,0.0,250,0.0,0
1771964901.5929,56.1,30.0,-30.6,PILOTING,SYS_GO,17.5285,1.39,0.0,0.0,250,0.0,0
1771964901.6395,54.5,30.0,-30.67,PILOTING,SYS_GO,17.536,1.39,0.0,0.0,250,0.0,0
1771964901.6883,48.7,30.0,-30.65,PILOTING,SYS_GO,17.55,1.39,0.0,0.0,250,0.0,0
1771964901.7903,41.1,30.0,-30.47,PILOTING,SYS_GO,17.5833,1.39,0.0,0.0,250,0.0,0
1771964901.8361,51.0,30.0,-30.34,PILOTING,SYS_GO,17.5873,1.39,0.0,0.0,250,0.0,0
1771964901.9422,42.9,30.0,-30.47,PILOTING,SYS_GO,17.5466,1.39,0.0,0.0,250,0.0,0
1771964901.9893,53.9,30.0,-30.53,PILOTING,SYS_GO,17.5502,1.39,0.0,0.0,250,0.0,0
1771964902.0498,47.7,30.0,-30.49,PILOTING,SYS_GO,17.5659,1.39,0.0,0.0,250,0.0,0
1771964902.1108,42.6,30.0,-30.38,PILOTING,SYS_GO,17.5821,1.39,0.0,0.0,250,0.0,0
1771964902.1578,41.1,30.0,-30.26,PILOTING,SYS_GO,17.5923,1.39,0.0,0.0,250,0.0,0
1771964902.2336,36.1,30.0,-30.06,PILOTING,SYS_GO,17.6146,1.39,0.0,0.0,250,0.0,0
1771964902.2781,45.8,30.0,-30.33,PILOTING,SYS_GO,17.5387,1.39,0.0,0.0,250,0.0,0
1771964902.3243,46.6,30.0,-30.46,PILOTING,SYS_GO,17.5459,1.39,0.0,0.0,250,0.0,0
1771964902.37,47.3,30.0,-30.51,PILOTING,SYS_GO,17.5531,1.39,0.0,0.0,250,0.0,0
1771964902.4159,47.5,30.0,-30.51,PILOTING,SYS_GO,17.5605,1.39,0.0,0.0,250,0.0,0
1771964902.4618,48.2,30.0,-30.47,PILOTING,SYS_GO,17.5676,1.39,0.0,0.0,250,0.0,0
1771964902.5072,47.7,30.0,-30.4,PILOTING,SYS_GO,17.5755,1.39,0.0,0.0,250,0.0,0
1771964902.5532,48.1,30.0,-30.64,PILOTING,SYS_GO,17.5084,1.39,0.0,0.0,250,0.0,0
1771964902.5986,49.1,30.0,-30.77,PILOTING,SYS_GO,17.5152,1.39,0.0,0.0,250,0.0,0
1771964902.6442,48.9,30.0,-30.82,PILOTING,SYS_GO,17.5227,1.39,0.0,0.0,250,0.0,0
1771964902.692,46.6,30.0,-30.81,PILOTING,SYS_GO,17.5323,1.39,0.0,0.0,250,0.0,0
1771964902.7366,47.4,30.0,-30.78,PILOTING,SYS_GO,17.5394,1.39,0.0,0.0,250,0.0,0
1771964902.7972,42.2,30.0,-30.69,PILOTING,SYS_GO,17.5561,1.39,0.0,0.0,250,0.0,0
1771964902.8599,42.3,30.0,-30.85,PILOTING,SYS_GO,17.4932,1.39,0.0,0.0,250,0.0,0
1771964902.9477,36.2,30.0,-30.86,PILOTING,SYS_GO,17.5237,1.39,0.0,0.0,250,0.0,0
1771964902.9932,44.5,30.0,-30.85,PILOTING,SYS_GO,17.5284,1.39,0.0,0.0,250,0.0,0
1771964903.0856,37.9,30.0,-30.71,PILOTING,SYS_GO,17.5602,1.39,0.0,0.0,250,0.0,0
1771964903.1314,48.5,30.0,-30.61,PILOTING,SYS_GO,17.5642,1.39,0.0,0.0,250,0.0,0
1771964903.2235,41.4,30.0,-30.4,PILOTING,SYS_GO,17.5917,1.39,0.0,0.0,250,0.0,0
1771964903.2758,46.8,30.0,-30.61,PILOTING,SYS_GO,17.5202,1.39,0.0,0.0,250,0.0,0
1771964903.3452,40.6,30.0,-30.64,PILOTING,SYS_GO,17.5434,1.39,0.0,0.0,250,0.0,0
1771964903.3908,50.6,30.0,-30.64,PILOTING,SYS_GO,17.5473,1.39,0.0,0.0,250,0.0,0
1771964903.4367,51.7,30.0,-30.62,PILOTING,SYS_GO,17.5538,1.39,0.0,0.0,250,0.0,0
1771964903.4824,52.7,30.0,-30.57,PILOTING,SYS_GO,17.5602,1.39,0.0,0.0,250,0.0,0
1771964903.5282,53.3,30.0,-30.51,PILOTING,SYS_GO,17.5666,1.39,0.0,0.0,250,0.0,0
1771964903.5738,50.9,30.0,-30.72,PILOTING,SYS_GO,17.5023,1.39,0.0,0.0,250,0.0,0
1771964903.6191,49.9,30.0,-30.83,PILOTING,SYS_GO,17.5102,1.39,0.0,0.0,250,0.0,0
1771964903.6653,50.1,30.0,-30.87,PILOTING,SYS_GO,17.5172,1.39,0.0,0.0,250,0.0,0
1771964903.7109,50.2,30.0,-30.87,PILOTING,SYS_GO,17.5244,1.39,0.0,0.0,250,0.0,0
1771964903.7573,45.3,30.0,-30.82,PILOTING,SYS_GO,17.5382,1.39,0.0,0.0,250,0.0,0
1771964903.8481,38.8,30.0,-30.66,PILOTING,SYS_GO,17.5669,1.39,0.0,0.0,250,0.0,0
1771964903.8944,42.9,30.0,-30.82,PILOTING,SYS_GO,17.4999,1.39,0.0,0.0,250,0.0,0
1771964903.9854,36.8,30.0,-30.82,PILOTING,SYS_GO,17.5292,1.39,0.0,0.0,250,0.0,0
1771964904.0369,37.1,30.0,-30.79,PILOTING,SYS_GO,17.5386,1.39,0.0,0.0,250,0.0,0
1771964904.1198,32.9,30.0,-30.67,PILOTING,SYS_GO,17.5605,1.39,0.0,0.0,250,0.0,0
1771964904.1831,30.5,30.0,-30.51,PILOTING,SYS_GO,17.5779,1.39,0.0,0.0,250,0.0,0
1771964904.2419,30.9,30.0,-30.36,PILOTING,SYS_GO,17.589,1.39,0.0,0.0,250,0.0,0
1771964904.3038,28.0,30.0,-30.53,PILOTING,SYS_GO,17.5343,1.39,0.0,0.0,250,0.0,0
1771964904.3537,40.8,30.0,-30.62,PILOTING,SYS_GO,17.5383,1.39,0.0,0.0,250,0.0,0
1771964904.4722,34.7,30.0,-30.5,PILOTING,SYS_GO,17.574,1.39,0.0,0.0,250,0.0,0
1771964904.5182,43.0,30.0,-30.41,PILOTING,SYS_GO,17.5787,1.39,0.0,0.0,250,0.0,0
1771964904.6199,37.1,30.0,-30.2,PILOTING,SYS_GO,17.6048,1.39,0.0,0.0,250,0.0,0
1771964904.6557,35.6,30.0,-30.01,PILOTING,SYS_GO,17.617,1.39,0.0,0.0,250,0.0,0
1771964904.7015,45.1,30.0,-30.29,PILOTING,SYS_GO,17.5408,1.39,0.0,0.0,250,0.0,0
1771964904.8071,38.1,30.0,-30.3,PILOTING,SYS_GO,17.5759,1.39,0.0,0.0,250,0.0,0
1771964904.853,36.6,30.0,-30.24,PILOTING,SYS_GO,17.5876,1.39,0.0,0.0,250,0.0,0
1771964904.8995,42.5,30.0,-30.17,PILOTING,SYS_GO,17.5931,1.39,0.0,0.0,250,0.0,0
1771964904.9456,43.6,30.0,-30.09,PILOTING,SYS_GO,17.6006,1.39,0.0,0.0,250,0.0,0
1771964904.9907,44.5,30.0,-29.99,PILOTING,SYS_GO,17.6081,1.39,0.0,0.0,250,0.0,0
1771964905.0363,45.0,30.0,-30.3,PILOTING,SYS_GO,17.5365,1.39,0.0,0.0,250,0.0,0
1771964905.0809,45.0,30.0,-30.45,PILOTING,SYS_GO,17.5445,1.39,0.0,0.0,250,0.0,0
1771964905.1268,47.7,30.0,-30.52,PILOTING,SYS_GO,17.5507,1.39,0.0,0.0,250,0.0,0
1771964905.1716,47.5,30.0,-30.52,PILOTING,SYS_GO,17.5584,1.39,0.0,0.0,250,0.0,0
1771964905.2172,48.8,30.0,-30.49,PILOTING,SYS_GO,17.5651,1.39,0.0,0.0,250,0.0,0
1771964905.266,50.2,30.0,-30.44,PILOTING,SYS_GO,17.5715,1.39,0.0,0.0,250,0.0,0
1771964905.3118,45.5,30.0,-30.65,PILOTING,SYS_GO,17.5113,1.39,0.0,0.0,250,0.0,0
1771964905.4315,38.1,30.0,-30.63,PILOTING,SYS_GO,17.5522,1.39,0.0,0.0,250,0.0,0
1771964905.4789,42.4,30.0,-30.59,PILOTING,SYS_GO,17.5582,1.39,0.0,0.0,250,0.0,0
1771964905.5635,37.1,30.0,-30.45,PILOTING,SYS_GO,17.5806,1.39,0.0,0.0,250,0.0,0
1771964905.6012,35.3,30.0,-30.29,PILOTING,SYS_GO,17.5936,1.39,0.0,0.0,250,0.0,0
1771964905.6545,38.2,30.0,-30.16,PILOTING,SYS_GO,17.6007,1.39,0.0,0.0,250,0.0,0
1771964905.7374,33.2,30.0,-30.35,PILOTING,SYS_GO,17.5497,1.39,0.0,0.0,250,0.0,0
1771964905.7831,38.0,30.0,-30.43,PILOTING,SYS_GO,17.556,1.39,0.0,0.0,250,0.0,0
1771964905.9069,32.2,30.0,-30.27,PILOTING,SYS_GO,17.5952,1.39,0.0,0.0,250,0.0,0
1771964905.9559,42.4,30.0,-30.15,PILOTING,SYS_GO,17.5995,1.39,0.0,0.0,250,0.0,0
1771964906.06,35.9,30.0,-29.86,PILOTING,SYS_GO,17.6365,1.39,0.0,0.0,250,0.0,0
1771964906.1081,39.3,30.0,-29.64,PILOTING,SYS_GO,17.6433,1.39,0.0,0.0,250,0.0,0
1771964906.2014,34.2,30.0,-29.85,PILOTING,SYS_GO,17.5854,1.39,0.0,0.0,250,0.0,0
1771964906.2488,45.4,30.0,-29.96,PILOTING,SYS_GO,17.5894,1.39,0.0,0.0,250,0.0,0
1771964906.3009,43.4,30.0,-29.97,PILOTING,SYS_GO,17.5996,1.39,0.0,0.0,250,0.0,0
1771964906.3661,38.5,30.0,-29.86,PILOTING,SYS_GO,17.6185,1.39,0.0,0.0,250,0.0,0
1771964906.4154,39.3,30.0,-29.74,PILOTING,SYS_GO,17.627,1.39,0.0,0.0,250,0.0,0
1771964906.4589,40.4,30.0,-29.62,PILOTING,SYS_GO,17.635,1.39,0.0,0.0,250,0.0,0
1771964906.5779,34.0,30.0,-29.79,PILOTING,SYS_GO,17.5941,1.39,0.0,0.0,250,0.0,0
1771964906.6234,39.2,30.0,-29.86,PILOTING,SYS_GO,17.6001,1.39,0.0,0.0,250,0.0,0
1771964906.6684,40.8,30.0,-29.86,PILOTING,SYS_GO,17.6077,1.39,0.0,0.0,250,0.0,0
1771964906.7148,42.4,30.0,-29.82,PILOTING,SYS_GO,17.6151,1.39,0.0,0.0,250,0.0,0
1771964906.7609,43.5,30.0,-29.74,PILOTING,SYS_GO,17.6226,1.39,0.0,0.0,250,0.0,0
1771964906.8072,44.2,30.0,-29.65,PILOTING,SYS_GO,17.6303,1.39,0.0,0.0,250,0.0,0
1771964906.8674,39.9,30.0,-29.97,PILOTING,SYS_GO,17.5635,1.39,0.0,0.0,250,0.0,0
1771964906.9737,33.9,30.0,-29.97,PILOTING,SYS_GO,17.6001,1.39,0.0,0.0,250,0.0,0
1771964907.0214,40.0,30.0,-29.94,PILOTING,SYS_GO,17.6057,1.39,0.0,0.0,250,0.0,0
1771964907.1418,33.8,30.0,-29.67,PILOTING,SYS_GO,17.6446,1.39,0.0,0.0,250,0.0,0
1771964907.1879,41.4,30.0,-29.48,PILOTING,SYS_GO,17.6496,1.39,0.0,0.0,250,0.0,0
1771964907.2801,35.6,30.0,-29.17,PILOTING,SYS_GO,17.679,1.39,0.0,0.0,250,0.0,0
1771964907.34,32.3,30.0,-29.44,PILOTING,SYS_GO,17.608,1.39,0.0,0.0,250,0.0,0
1771964907.3866,36.1,30.0,-29.57,PILOTING,SYS_GO,17.615,1.39,0.0,0.0,250,0.0,0
1771964907.4327,39.2,30.0,-29.6,PILOTING,SYS_GO,17.622,1.39,0.0,0.0,250,0.0,0
1771964907.4779,41.4,30.0,-29.57,PILOTING,SYS_GO,17.6292,1.39,0.0,0.0,250,0.0,0
1771964907.5237,41.8,30.0,-29.5,PILOTING,SYS_GO,17.6375,1.39,0.0,0.0,250,0.0,0
1771964907.5695,42.5,30.0,-29.41,PILOTING,SYS_GO,17.6455,1.39,0.0,0.0,250,0.0,0
1771964907.6151,43.5,30.0,-29.8,PILOTING,SYS_GO,17.5682,1.39,0.0,0.0,250,0.0,0
1771964907.6611,44.3,30.0,-30.0,PILOTING,SYS_GO,17.5758,1.39,0.0,0.0,250,0.0,0
1771964907.7073,45.0,30.0,-30.08,PILOTING,SYS_GO,17.5833,1.39,0.0,0.0,250,0.0,0
1771964907.753,46.6,30.0,-30.09,PILOTING,SYS_GO,17.5901,1.39,0.0,0.0,250,0.0,0
1771964907.7985,48.4,30.0,-30.06,PILOTING,SYS_GO,17.5966,1.39,0.0,0.0,250,0.0,0
1771964907.852,50.5,30.0,-30.01,PILOTING,SYS_GO,17.6027,1.39,0.0,0.0,250,0.0,0
1771964907.9659,42.2,30.0,-30.19,PILOTING,SYS_GO,17.5634,1.39,0.0,0.0,250,0.0,0
1771964908.013,47.6,30.0,-30.27,PILOTING,SYS_GO,17.5686,1.39,0.0,0.0,250,0.0,0
1771964908.0569,42.9,30.0,-30.25,PILOTING,SYS_GO,17.5835,1.39,0.0,0.0,250,0.0,0
1771964908.1798,36.1,30.0,-29.99,PILOTING,SYS_GO,17.6238,1.39,0.0,0.0,250,0.0,0
1771964908.2317,42.5,30.0,-29.81,PILOTING,SYS_GO,17.6291,1.39,0.0,0.0,250,0.0,0
1771964908.3203,36.8,30.0,-29.53,PILOTING,SYS_GO,17.6546,1.39,0.0,0.0,250,0.0,0
1771964908.4095,32.2,30.0,-29.73,PILOTING,SYS_GO,17.5951,1.39,0.0,0.0,250,0.0,0
1771964908.4584,36.4,30.0,-29.82,PILOTING,SYS_GO,17.6018,1.39,0.0,0.0,250,0.0,0
1771964908.5253,33.3,30.0,-29.76,PILOTING,SYS_GO,17.6193,1.39,0.0,0.0,250,0.0,0
1771964908.5787,30.9,30.0,-29.63,PILOTING,SYS_GO,17.636,1.39,0.0,0.0,250,0.0,0
1771964908.6252,35.8,30.0,-29.5,PILOTING,SYS_GO,17.6424,1.39,0.0,0.0,250,0.0,0
1771964908.6706,38.4,30.0,-29.38,PILOTING,SYS_GO,17.6499,1.39,0.0,0.0,250,0.0,0
1771964908.7159,40.1,30.0,-29.77,PILOTING,SYS_GO,17.5721,1.39,0.0,0.0,250,0.0,0
1771964908.7613,41.6,30.0,-29.96,PILOTING,SYS_GO,17.5796,1.39,0.0,0.0,250,0.0,0
1771964908.8071,43.1,30.0,-30.04,PILOTING,SYS_GO,17.587,1.39,0.0,0.0,250,0.0,0
1771964908.8531,44.3,30.0,-30.04,PILOTING,SYS_GO,17.5943,1.39,0.0,0.0,250,0.0,0
1771964908.901,42.0,30.0,-29.98,PILOTING,SYS_GO,17.6053,1.39,0.0,0.0,250,0.0,0
1771964908.9558,43.9,30.0,-29.91,PILOTING,SYS_GO,17.6122,1.39,0.0,0.0,250,0.0,0
1771964909.0366,38.0,30.0,-30.16,PILOTING,SYS_GO,17.5572,1.39,0.0,0.0,250,0.0,0
1771964909.0822,35.5,30.0,-30.24,PILOTING,SYS_GO,17.5714,1.39,0.0,0.0,250,0.0,0
1771964909.1703,31.5,30.0,-30.16,PILOTING,SYS_GO,17.5946,1.39,0.0,0.0,250,0.0,0
1771964909.2361,29.2,30.0,-30.01,PILOTING,SYS_GO,17.6127,1.39,0.0,0.0,250,0.0,0
1771964909.282,30.2,30.0,-29.86,PILOTING,SYS_GO,17.6232,1.39,0.0,0.0,250,0.0,0
1771964909.3884,26.2,30.0,-29.54,PILOTING,SYS_GO,17.6581,1.39,0.0,0.0,250,0.0,0
1771964909.4336,33.7,30.0,-29.84,PILOTING,SYS_GO,17.577,1.39,0.0,0.0,250,0.0,0
1771964909.4802,36.3,30.0,-29.98,PILOTING,SYS_GO,17.5847,1.39,0.0,0.0,250,0.0,0
1771964909.5272,37.7,30.0,-30.01,PILOTING,SYS_GO,17.593,1.39,0.0,0.0,250,0.0,0
1771964909.5723,39.1,30.0,-29.99,PILOTING,SYS_GO,17.6011,1.39,0.0,0.0,250,0.0,0
1771964909.6176,41.0,30.0,-29.93,PILOTING,SYS_GO,17.6085,1.39,0.0,0.0,250,0.0,0
1771964909.6649,42.0,30.0,-29.85,PILOTING,SYS_GO,17.6164,1.39,0.0,0.0,250,0.0,0
1771964909.7108,44.1,30.0,-30.19,PILOTING,SYS_GO,17.5427,1.39,0.0,0.0,250,0.0,0
1771964909.7572,44.5,30.0,-30.36,PILOTING,SYS_GO,17.5505,1.39,0.0,0.0,250,0.0,0
1771964909.8021,45.4,30.0,-30.43,PILOTING,SYS_GO,17.5579,1.39,0.0,0.0,250,0.0,0
1771964909.8483,46.1,30.0,-30.43,PILOTING,SYS_GO,17.5653,1.39,0.0,0.0,250,0.0,0
1771964909.8959,46.3,30.0,-30.4,PILOTING,SYS_GO,17.5729,1.39,0.0,0.0,250,0.0,0
1771964909.9406,43.4,30.0,-30.31,PILOTING,SYS_GO,17.5842,1.39,0.0,0.0,250,0.0,0
1771964910.0305,37.4,30.0,-30.5,PILOTING,SYS_GO,17.5354,1.39,0.0,0.0,250,0.0,0
1771964910.066,38.7,30.0,-30.57,PILOTING,SYS_GO,17.5436,1.39,0.0,0.0,250,0.0,0
1771964910.1146,38.4,30.0,-30.58,PILOTING,SYS_GO,17.5533,1.39,0.0,0.0,250,0.0,0
1771964910.1711,34.4,30.0,-30.49,PILOTING,SYS_GO,17.5725,1.39,0.0,0.0,250,0.0,0
1771964910.2216,45.5,30.0,-30.41,PILOTING,SYS_GO,17.5766,1.39,0.0,0.0,250,0.0,0
1771964910.3403,38.2,30.0,-30.14,PILOTING,SYS_GO,17.6165,1.39,0.0,0.0,250,0.0,0
1771964910.3874,52.3,30.0,-30.37,PILOTING,SYS_GO,17.5393,1.39,0.0,0.0,250,0.0,0
1771964910.481,44.5,30.0,-30.39,PILOTING,SYS_GO,17.5667,1.39,0.0,0.0,250,0.0,0
1771964910.5295,45.5,30.0,-30.37,PILOTING,SYS_GO,17.574,1.39,0.0,0.0,250,0.0,0
1771964910.603,39.8,30.0,-30.24,PILOTING,SYS_GO,17.595,1.39,0.0,0.0,250,0.0,0
1771964910.6493,43.7,30.0,-30.12,PILOTING,SYS_GO,17.6011,1.39,0.0,0.0,250,0.0,0
1771964910.6963,44.4,30.0,-30.01,PILOTING,SYS_GO,17.6087,1.39,0.0,0.0,250,0.0,0
1771964910.742,44.8,30.0,-30.31,PILOTING,SYS_GO,17.5372,1.39,0.0,0.0,250,0.0,0
1771964910.788,45.7,30.0,-30.46,PILOTING,SYS_GO,17.5444,1.39,0.0,0.0,250,0.0,0
1771964910.8337,46.3,30.0,-30.51,PILOTING,SYS_GO,17.5518,1.39,0.0,0.0,250,0.0,0
1771964910.8802,47.2,30.0,-30.51,PILOTING,SYS_GO,17.5589,1.39,0.0,0.0,250,0.0,0
1771964910.927,47.1,30.0,-30.48,PILOTING,SYS_GO,17.5666,1.39,0.0,0.0,250,0.0,0
1771964910.9729,42.8,30.0,-30.38,PILOTING,SYS_GO,17.5807,1.39,0.0,0.0,250,0.0,0
1771964911.065,36.9,30.0,-30.55,PILOTING,SYS_GO,17.5328,1.39,0.0,0.0,250,0.0,0
1771964911.1171,37.7,30.0,-30.61,PILOTING,SYS_GO,17.5415,1.39,0.0,0.0,250,0.0,0
1771964911.1883,33.3,30.0,-30.55,PILOTING,SYS_GO,17.5647,1.39,0.0,0.0,250,0.0,0
1771964911.2373,37.9,30.0,-30.47,PILOTING,SYS_GO,17.5711,1.39,0.0,0.0,250,0.0,0
1771964911.3247,33.0,30.0,-30.29,PILOTING,SYS_GO,17.5975,1.39,0.0,0.0,250,0.0,0
1771964911.3868,34.0,30.0,-30.12,PILOTING,SYS_GO,17.607,1.39,0.0,0.0,250,0.0,0
1771964911.4945,29.2,30.0,-30.25,PILOTING,SYS_GO,17.5643,1.39,0.0,0.0,250,0.0,0
1771964911.5402,36.2,30.0,-30.3,PILOTING,SYS_GO,17.5699,1.39,0.0,0.0,250,0.0,0
1771964911.646,31.3,30.0,-30.16,PILOTING,SYS_GO,17.6017,1.39,0.0,0.0,250,0.0,0
1771964911.6909,35.4,30.0,-30.03,PILOTING,SYS_GO,17.6087,1.39,0.0,0.0,250,0.0,0
1771964911.7358,37.9,30.0,-29.91,PILOTING,SYS_GO,17.6162,1.39,0.0,0.0,250,0.0,0
1771964911.7817,40.2,30.0,-29.79,PILOTING,SYS_GO,17.6234,1.39,0.0,0.0,250,0.0,0
1771964911.8289,41.4,30.0,-30.13,PILOTING,SYS_GO,17.5497,1.39,0.0,0.0,250,0.0,0
1771964911.8754,42.8,30.0,-30.29,PILOTING,SYS_GO,17.5572,1.39,0.0,0.0,250,0.0,0
1771964911.9214,44.1,30.0,-30.35,PILOTING,SYS_GO,17.5645,1.39,0.0,0.0,250,0.0,0
1771964911.9685,44.4,30.0,-30.35,PILOTING,SYS_GO,17.5723,1.39,0.0,0.0,250,0.0,0
1771964912.0286,40.1,30.0,-30.27,PILOTING,SYS_GO,17.588,1.39,0.0,0.0,250,0.0,0
1771964912.135,34.2,30.0,-30.01,PILOTING,SYS_GO,17.623,1.39,0.0,0.0,250,0.0,0
1771964912.1822,34.9,30.0,-30.25,PILOTING,SYS_GO,17.551,1.39,0.0,0.0,250,0.0,0
1771964912.2877,30.1,30.0,-30.23,PILOTING,SYS_GO,17.5837,1.39,0.0,0.0,250,0.0,0
1771964912.3354,30.2,30.0,-30.15,PILOTING,SYS_GO,17.5954,1.39,0.0,0.0,250,0.0,0
1771964912.424,26.7,30.0,-29.94,PILOTING,SYS_GO,17.6238,1.39,0.0,0.0,250,0.0,0
1771964912.4695,33.2,30.0,-29.77,PILOTING,SYS_GO,17.6299,1.39,0.0,0.0,250,0.0,0
1771964912.5469,29.3,30.0,-29.49,PILOTING,SYS_GO,17.6567,1.39,0.0,0.0,250,0.0,0
1771964912.5962,41.0,30.0,-29.83,PILOTING,SYS_GO,17.5743,1.39,0.0,0.0,250,0.0,0
1771964912.7147,34.7,30.0,-29.81,PILOTING,SYS_GO,17.6119,1.39,0.0,0.0,250,0.0,0
1771964912.7621,40.9,30.0,-29.77,PILOTING,SYS_GO,17.6174,1.39,0.0,0.0,250,0.0,0
1771964912.8684,34.7,30.0,-29.52,PILOTING,SYS_GO,17.6525,1.39,0.0,0.0,250,0.0,0
1771964912.9138,46.3,30.0,-29.35,PILOTING,SYS_GO,17.6564,1.39,0.0,0.0,250,0.0,0
1771964913.0046,39.6,30.0,-29.05,PILOTING,SYS_GO,17.6846,1.39,0.0,0.0,250,0.0,0
1771964913.0572,43.9,30.0,-29.42,PILOTING,SYS_GO,17.5998,1.39,0.0,0.0,250,0.0,0
1771964913.1567,38.0,30.0,-29.49,PILOTING,SYS_GO,17.6248,1.39,0.0,0.0,250,0.0,0
1771964913.2037,47.7,30.0,-29.51,PILOTING,SYS_GO,17.629,1.39,0.0,0.0,250,0.0,0
1771964913.2495,47.3,30.0,-29.47,PILOTING,SYS_GO,17.6368,1.39,0.0,0.0,250,0.0,0
1771964913.2954,47.9,30.0,-29.4,PILOTING,SYS_GO,17.644,1.39,0.0,0.0,250,0.0,0
1771964913.3412,47.5,30.0,-29.3,PILOTING,SYS_GO,17.6519,1.39,0.0,0.0,250,0.0,0
1771964913.3871,46.9,30.0,-29.71,PILOTING,SYS_GO,17.5742,1.39,0.0,0.0,250,0.0,0
1771964913.4325,47.5,30.0,-29.92,PILOTING,SYS_GO,17.5814,1.39,0.0,0.0,250,0.0,0
1771964913.4785,47.7,30.0,-30.0,PILOTING,SYS_GO,17.5888,1.39,0.0,0.0,250,0.0,0
1771964913.525,44.9,30.0,-29.99,PILOTING,SYS_GO,17.5995,1.39,0.0,0.0,250,0.0,0
1771964913.6238,38.2,30.0,-29.79,PILOTING,SYS_GO,17.6318,1.39,0.0,0.0,250,0.0,0
1771964913.6635,47.0,30.0,-29.64,PILOTING,SYS_GO,17.6362,1.39,0.0,0.0,250,0.0,0
1771964913.7108,42.8,30.0,-29.95,PILOTING,SYS_GO,17.5667,1.39,0.0,0.0,250,0.0,0
1771964913.7992,36.8,30.0,-29.99,PILOTING,SYS_GO,17.5945,1.39,0.0,0.0,250,0.0,0
1771964913.8464,39.4,30.0,-29.97,PILOTING,SYS_GO,17.6017,1.39,0.0,0.0,250,0.0,0
1771964913.9687,33.4,30.0,-29.73,PILOTING,SYS_GO,17.6396,1.39,0.0,0.0,250,0.0,0
1771964914.0136,33.2,30.0,-29.51,PILOTING,SYS_GO,17.6508,1.39,0.0,0.0,250,0.0,0
1771964914.1368,28.3,30.0,-29.1,PILOTING,SYS_GO,17.6923,1.39,0.0,0.0,250,0.0,0
1771964914.1853,34.8,30.0,-29.41,PILOTING,SYS_GO,17.6063,1.39,0.0,0.0,250,0.0,0
1771964914.2419,33.5,30.0,-29.52,PILOTING,SYS_GO,17.6191,1.39,0.0,0.0,250,0.0,0
1771964914.3211,29.8,30.0,-29.43,PILOTING,SYS_GO,17.6435,1.39,0.0,0.0,250,0.0,0
1771964914.3699,33.7,30.0,-29.33,PILOTING,SYS_GO,17.6508,1.39,0.0,0.0,250,0.0,0
1771964914.4737,29.1,30.0,-29.04,PILOTING,SYS_GO,17.6844,1.39,0.0,0.0,250,0.0,0
1771964914.5234,36.1,30.0,-28.83,PILOTING,SYS_GO,17.69,1.39,0.0,0.0,250,0.0,0
1771964914.5997,31.8,30.0,-29.15,PILOTING,SYS_GO,17.6233,1.39,0.0,0.0,250,0.0,0
1771964914.6567,29.4,30.0,-29.22,PILOTING,SYS_GO,17.6416,1.39,0.0,0.0,250,0.0,0
1771964914.7072,29.4,30.0,-29.18,PILOTING,SYS_GO,17.6538,1.39,0.0,0.0,250,0.0,0
1771964914.792,27.1,30.0,-29.03,PILOTING,SYS_GO,17.674,1.39,0.0,0.0,250,0.0,0
1771964914.8467,33.7,30.0,-28.89,PILOTING,SYS_GO,17.68,1.39,0.0,0.0,250,0.0,0
1771964914.9324,30.4,30.0,-28.66,PILOTING,SYS_GO,17.7013,1.39,0.0,0.0,250,0.0,0
1771964914.9805,31.9,30.0,-29.08,PILOTING,SYS_GO,17.6175,1.39,0.0,0.0,250,0.0,0
1771964915.0421,32.8,30.0,-29.27,PILOTING,SYS_GO,17.6274,1.39,0.0,0.0,250,0.0,0
1771964915.1474,28.4,30.0,-29.17,PILOTING,SYS_GO,17.6599,1.39,0.0,0.0,250,0.0,0
1771964915.1938,41.8,30.0,-29.09,PILOTING,SYS_GO,17.6637,1.39,0.0,0.0,250,0.0,0
1771964915.2404,42.8,30.0,-28.99,PILOTING,SYS_GO,17.6714,1.39,0.0,0.0,250,0.0,0
1771964915.2858,43.7,30.0,-28.87,PILOTING,SYS_GO,17.679,1.39,0.0,0.0,250,0.0,0
1771964915.3322,45.7,30.0,-29.34,PILOTING,SYS_GO,17.5958,1.39,0.0,0.0,250,0.0,0
1771964915.3779,46.6,30.0,-29.57,PILOTING,SYS_GO,17.603,1.39,0.0,0.0,250,0.0,0
1771964915.4233,47.0,30.0,-29.67,PILOTING,SYS_GO,17.6104,1.39,0.0,0.0,250,0.0,0
1771964915.4689,47.1,30.0,-29.68,PILOTING,SYS_GO,17.618,1.39,0.0,0.0,250,0.0,0
1771964915.5149,47.0,30.0,-29.64,PILOTING,SYS_GO,17.6257,1.39,0.0,0.0,250,0.0,0
1771964915.562,47.3,30.0,-29.57,PILOTING,SYS_GO,17.6331,1.39,0.0,0.0,250,0.0,0
1771964915.6084,43.5,30.0,-29.93,PILOTING,SYS_GO,17.5628,1.39,0.0,0.0,250,0.0,0
1771964915.7137,37.0,30.0,-29.97,PILOTING,SYS_GO,17.5954,1.39,0.0,0.0,250,0.0,0
1771964915.7597,43.4,30.0,-29.97,PILOTING,SYS_GO,17.6006,1.39,0.0,0.0,250,0.0,0
1771964915.8303,41.9,30.0,-29.91,PILOTING,SYS_GO,17.6106,1.39,0.0,0.0,250,0.0,0
1771964915.8962,37.3,30.0,-29.75,PILOTING,SYS_GO,17.6299,1.39,0.0,0.0,250,0.0,0
1771964915.9462,37.0,30.0,-29.59,PILOTING,SYS_GO,17.64,1.39,0.0,0.0,250,0.0,0
1771964916.0482,31.8,30.0,-29.81,PILOTING,SYS_GO,17.5877,1.39,0.0,0.0,250,0.0,0
1771964916.0977,34.6,30.0,-29.9,PILOTING,SYS_GO,17.5956,1.39,0.0,0.0,250,0.0,0
1771964916.2165,29.6,30.0,-29.73,PILOTING,SYS_GO,17.6329,1.39,0.0,0.0,250,0.0,0
1771964916.2637,36.1,30.0,-29.59,PILOTING,SYS_GO,17.6387,1.39,0.0,0.0,250,0.0,0
1771964916.3696,31.4,30.0,-29.32,PILOTING,SYS_GO,17.6668,1.39,0.0,0.0,250,0.0,0
1771964916.4162,30.3,30.0,-29.06,PILOTING,SYS_GO,17.6808,1.39,0.0,0.0,250,0.0,0
1771964916.4623,30.6,30.0,-29.41,PILOTING,SYS_GO,17.602,1.39,0.0,0.0,250,0.0,0
1771964916.5381,27.5,30.0,-29.48,PILOTING,SYS_GO,17.626,1.39,0.0,0.0,250,0.0,0
1771964916.5854,35.1,30.0,-29.48,PILOTING,SYS_GO,17.6315,1.39,0.0,0.0,250,0.0,0
1771964916.6758,30.4,30.0,-29.29,PILOTING,SYS_GO,17.6621,1.39,0.0,0.0,250,0.0,0
1771964916.7232,37.8,30.0,-29.13,PILOTING,SYS_GO,17.6674,1.39,0.0,0.0,250,0.0,0
1771964916.7837,33.8,30.0,-28.9,PILOTING,SYS_GO,17.6875,1.39,0.0,0.0,250,0.0,0
1771964916.8606,29.8,30.0,-29.19,PILOTING,SYS_GO,17.6224,1.39,0.0,0.0,250,0.0,0
1771964916.9062,32.1,30.0,-29.32,PILOTING,SYS_GO,17.6311,1.39,0.0,0.0,250,0.0,0
1771964917.0116,27.9,30.0,-29.18,PILOTING,SYS_GO,17.6637,1.39,0.0,0.0,250,0.0,0
1771964917.0633,33.5,30.0,-29.05,PILOTING,SYS_GO,17.6701,1.39,0.0,0.0,250,0.0,0
1771964917.1484,29.2,30.0,-28.77,PILOTING,SYS_GO,17.6993,1.39,0.0,0.0,250,0.0,0
1771964917.1946,42.1,30.0,-28.57,PILOTING,SYS_GO,17.7032,1.39,0.0,0.0,250,0.0,0
1771964917.2395,44.9,30.0,-29.04,PILOTING,SYS_GO,17.6161,1.39,0.0,0.0,250,0.0,0
1771964917.2846,46.7,30.0,-29.27,PILOTING,SYS_GO,17.6228,1.39,0.0,0.0,250,0.0,0
1771964917.33,48.1,30.0,-29.37,PILOTING,SYS_GO,17.6295,1.39,0.0,0.0,250,0.0,0
1771964917.3756,50.2,30.0,-29.39,PILOTING,SYS_GO,17.6357,1.39,0.0,0.0,250,0.0,0
1771964917.4211,50.1,30.0,-29.36,PILOTING,SYS_GO,17.6429,1.39,0.0,0.0,250,0.0,0
1771964917.4658,48.8,30.0,-29.28,PILOTING,SYS_GO,17.6512,1.39,0.0,0.0,250,0.0,0
1771964917.511,46.3,30.0,-29.69,PILOTING,SYS_GO,17.5754,1.39,0.0,0.0,250,0.0,0
1771964917.5587,47.1,30.0,-29.9,PILOTING,SYS_GO,17.5826,1.39,0.0,0.0,250,0.0,0
1771964917.6073,47.4,30.0,-29.99,PILOTING,SYS_GO,17.59,1.39,0.0,0.0,250,0.0,0
1771964917.651,44.8,30.0,-29.98,PILOTING,SYS_GO,17.6004,1.39,0.0,0.0,250,0.0,0
1771964917.7585,37.9,30.0,-29.75,PILOTING,SYS_GO,17.6366,1.39,0.0,0.0,250,0.0,0
1771964917.8044,42.5,30.0,-29.58,PILOTING,SYS_GO,17.6425,1.39,0.0,0.0,250,0.0,0
1771964917.8956,36.3,30.0,-29.8,PILOTING,SYS_GO,17.5891,1.39,0.0,0.0,250,0.0,0
1771964917.9414,43.0,30.0,-29.9,PILOTING,SYS_GO,17.5942,1.39,0.0,0.0,250,0.0,0
1771964918.0323,37.0,30.0,-29.79,PILOTING,SYS_GO,17.6224,1.39,0.0,0.0,250,0.0,0
1771964918.0805,43.5,30.0,-29.7,PILOTING,SYS_GO,17.6275,1.39,0.0,0.0,250,0.0,0
1771964918.1709,37.4,30.0,-29.46,PILOTING,SYS_GO,17.6553,1.39,0.0,0.0,250,0.0,0
1771964918.2182,46.5,30.0,-29.29,PILOTING,SYS_GO,17.6597,1.39,0.0,0.0,250,0.0,0
1771964918.2635,46.9,30.0,-29.67,PILOTING,SYS_GO,17.5801,1.39,0.0,0.0,250,0.0,0
1771964918.31,47.3,30.0,-29.86,PILOTING,SYS_GO,17.5875,1.39,0.0,0.0,250,0.0,0
1771964918.3561,47.5,30.0,-29.93,PILOTING,SYS_GO,17.595,1.39,0.0,0.0,250,0.0,0
1771964918.4012,49.7,30.0,-29.94,PILOTING,SYS_GO,17.6011,1.39,0.0,0.0,250,0.0,0
1771964918.4468,50.7,30.0,-29.91,PILOTING,SYS_GO,17.6077,1.39,0.0,0.0,250,0.0,0
1771964918.4924,50.0,30.0,-29.84,PILOTING,SYS_GO,17.6154,1.39,0.0,0.0,250,0.0,0
1771964918.5384,49.5,30.0,-30.18,PILOTING,SYS_GO,17.5426,1.39,0.0,0.0,250,0.0,0
1771964918.5839,48.6,30.0,-30.36,PILOTING,SYS_GO,17.5506,1.39,0.0,0.0,250,0.0,0
1771964918.6355,48.5,30.0,-30.42,PILOTING,SYS_GO,17.5581,1.39,0.0,0.0,250,0.0,0
1771964918.6994,43.4,30.0,-30.39,PILOTING,SYS_GO,17.5738,1.39,0.0,0.0,250,0.0,0
1771964918.7824,37.5,30.0,-30.22,PILOTING,SYS_GO,17.5992,1.39,0.0,0.0,250,0.0,0
1771964918.8281,37.8,30.0,-30.07,PILOTING,SYS_GO,17.6085,1.39,0.0,0.0,250,0.0,0
1771964918.9184,32.7,30.0,-30.25,PILOTING,SYS_GO,17.5589,1.39,0.0,0.0,250,0.0,0
1771964918.9638,36.8,30.0,-30.32,PILOTING,SYS_GO,17.5657,1.39,0.0,0.0,250,0.0,0
1771964919.0397,32.2,30.0,-30.23,PILOTING,SYS_GO,17.5915,1.39,0.0,0.0,250,0.0,0
1771964919.086,45.1,30.0,-30.15,PILOTING,SYS_GO,17.5952,1.39,0.0,0.0,250,0.0,0
1771964919.1905,38.2,30.0,-29.9,PILOTING,SYS_GO,17.6291,1.39,0.0,0.0,250,0.0,0
1771964919.2371,43.6,30.0,-29.72,PILOTING,SYS_GO,17.6346,1.39,0.0,0.0,250,0.0,0
1771964919.3122,37.8,30.0,-29.95,PILOTING,SYS_GO,17.5763,1.39,0.0,0.0,250,0.0,0
1771964919.358,43.9,30.0,-30.06,PILOTING,SYS_GO,17.5815,1.39,0.0,0.0,250,0.0,0
1771964919.4035,44.8,30.0,-30.09,PILOTING,SYS_GO,17.5889,1.39,0.0,0.0,250,0.0,0
1771964919.449,49.4,30.0,-30.07,PILOTING,SYS_GO,17.5942,1.39,0.0,0.0,250,0.0,0
1771964919.4944,49.4,30.0,-30.02,PILOTING,SYS_GO,17.6016,1.39,0.0,0.0,250,0.0,0
1771964919.5396,50.8,30.0,-29.96,PILOTING,SYS_GO,17.6079,1.39,0.0,0.0,250,0.0,0
1771964919.5866,51.3,30.0,-30.28,PILOTING,SYS_GO,17.5355,1.39,0.0,0.0,250,0.0,0
1771964919.6324,50.9,30.0,-30.45,PILOTING,SYS_GO,17.5428,1.39,0.0,0.0,250,0.0,0
1771964919.6816,49.8,30.0,-30.51,PILOTING,SYS_GO,17.5507,1.39,0.0,0.0,250,0.0,0
1771964919.7252,44.8,30.0,-30.48,PILOTING,SYS_GO,17.5652,1.39,0.0,0.0,250,0.0,0
1771964919.8341,38.0,30.0,-30.28,PILOTING,SYS_GO,17.5992,1.39,0.0,0.0,250,0.0,0
1771964919.8807,36.0,30.0,-30.09,PILOTING,SYS_GO,17.612,1.39,0.0,0.0,250,0.0,0
1771964919.9729,31.0,30.0,-30.23,PILOTING,SYS_GO,17.5643,1.39,0.0,0.0,250,0.0,0
1771964920.0182,45.5,30.0,-30.3,PILOTING,SYS_GO,17.5678,1.39,0.0,0.0,250,0.0,0
1771964920.1251,38.5,30.0,-30.16,PILOTING,SYS_GO,17.6022,1.39,0.0,0.0,250,0.0,0
1771964920.1727,39.0,30.0,-30.02,PILOTING,SYS_GO,17.611,1.39,0.0,0.0,250,0.0,0
1771964920.2172,37.5,30.0,-29.86,PILOTING,SYS_GO,17.6225,1.39,0.0,0.0,250,0.0,0
1771964920.3096,32.5,30.0,-29.59,PILOTING,SYS_GO,17.6515,1.39,0.0,0.0,250,0.0,0
1771964920.3617,34.6,30.0,-29.88,PILOTING,SYS_GO,17.5741,1.39,0.0,0.0,250,0.0,0
1771964920.4467,30.3,30.0,-29.91,PILOTING,SYS_GO,17.6018,1.39,0.0,0.0,250,0.0,0
1771964920.4936,31.3,30.0,-29.86,PILOTING,SYS_GO,17.612,1.39,0.0,0.0,250,0.0,0
1771964920.6134,26.9,30.0,-29.6,PILOTING,SYS_GO,17.6493,1.39,0.0,0.0,250,0.0,0
1771964920.6612,31.8,30.0,-29.39,PILOTING,SYS_GO,17.6563,1.39,0.0,0.0,250,0.0,0
1771964920.7373,28.3,30.0,-29.1,PILOTING,SYS_GO,17.6818,1.39,0.0,0.0,250,0.0,0
1771964920.7857,42.0,30.0,-29.47,PILOTING,SYS_GO,17.5953,1.39,0.0,0.0,250,0.0,0
1771964920.892,35.7,30.0,-29.5,PILOTING,SYS_GO,17.6292,1.39,0.0,0.0,250,0.0,0
1771964920.9373,45.9,30.0,-29.48,PILOTING,SYS_GO,17.6334,1.39,0.0,0.0,250,0.0,0
1771964920.9826,50.2,30.0,-29.44,PILOTING,SYS_GO,17.6388,1.39,0.0,0.0,250,0.0,0
1771964921.0283,49.7,30.0,-29.36,PILOTING,SYS_GO,17.6463,1.39,0.0,0.0,250,0.0,0
1771964921.0745,49.9,30.0,-29.27,PILOTING,SYS_GO,17.6534,1.39,0.0,0.0,250,0.0,0
1771964921.1202,54.2,30.0,-29.7,PILOTING,SYS_GO,17.5724,1.39,0.0,0.0,250,0.0,0
1771964921.1652,56.0,30.0,-29.93,PILOTING,SYS_GO,17.5781,1.39,0.0,0.0,250,0.0,0
1771964921.2114,54.2,30.0,-30.03,PILOTING,SYS_GO,17.5857,1.39,0.0,0.0,250,0.0,0
1771964921.2573,49.1,30.0,-30.01,PILOTING,SYS_GO,17.5984,1.39,0.0,0.0,250,0.0,0
1771964921.379,40.9,30.0,-29.74,PILOTING,SYS_GO,17.6415,1.39,0.0,0.0,250,0.0,0
1771964921.4255,44.8,30.0,-29.54,PILOTING,SYS_GO,17.6475,1.39,0.0,0.0,250,0.0,0
1771964921.4925,40.4,30.0,-29.83,PILOTING,SYS_GO,17.5781,1.39,0.0,0.0,250,0.0,0
1771964921.6221,34.0,30.0,-29.77,PILOTING,SYS_GO,17.6198,1.39,0.0,0.0,250,0.0,0
1771964921.6676,37.3,30.0,-29.69,PILOTING,SYS_GO,17.627,1.39,0.0,0.0,250,0.0,0
1771964921.7139,35.6,30.0,-29.56,PILOTING,SYS_GO,17.6394,1.39,0.0,0.0,250,0.0,0
1771964921.8353,30.4,30.0,-29.22,PILOTING,SYS_GO,17.6781,1.39,0.0,0.0,250,0.0,0
1771964921.8815,33.7,30.0,-28.97,PILOTING,SYS_GO,17.6858,1.39,0.0,0.0,250,0.0,0
1771964921.9269,38.3,30.0,-29.36,PILOTING,SYS_GO,17.6012,1.39,0.0,0.0,250,0.0,0
1771964921.9727,42.0,30.0,-29.56,PILOTING,SYS_GO,17.6076,1.39,0.0,0.0,250,0.0,0
1771964922.0185,43.8,30.0,-29.64,PILOTING,SYS_GO,17.6146,1.39,0.0,0.0,250,0.0,0
1771964922.0639,46.1,30.0,-29.64,PILOTING,SYS_GO,17.6212,1.39,0.0,0.0,250,0.0,0
1771964922.1094,47.5,30.0,-29.61,PILOTING,SYS_GO,17.6279,1.39,0.0,0.0,250,0.0,0
1771964922.1558,47.2,30.0,-29.53,PILOTING,SYS_GO,17.6358,1.39,0.0,0.0,250,0.0,0
1771964922.2016,48.6,30.0,-29.93,PILOTING,SYS_GO,17.559,1.39,0.0,0.0,250,0.0,0
1771964922.2487,48.1,30.0,-30.12,PILOTING,SYS_GO,17.5669,1.39,0.0,0.0,250,0.0,0
1771964922.303,44.3,30.0,-30.18,PILOTING,SYS_GO,17.5792,1.39,0.0,0.0,250,0.0,0
1771964922.3701,38.7,30.0,-30.09,PILOTING,SYS_GO,17.601,1.39,0.0,0.0,250,0.0,0
1771964922.4162,40.9,30.0,-29.99,PILOTING,SYS_GO,17.6083,1.39,0.0,0.0,250,0.0,0
1771964922.523,34.7,30.0,-29.7,PILOTING,SYS_GO,17.6453,1.39,0.0,0.0,250,0.0,0
1771964922.5686,41.0,30.0,-29.99,PILOTING,SYS_GO,17.5659,1.39,0.0,0.0,250,0.0,0
1771964922.6609,35.4,30.0,-30.02,PILOTING,SYS_GO,17.5937,1.39,0.0,0.0,250,0.0,0
1771964922.7077,35.8,30.0,-29.98,PILOTING,SYS_GO,17.6033,1.39,0.0,0.0,250,0.0,0
1771964922.8001,31.1,30.0,-29.78,PILOTING,SYS_GO,17.6322,1.39,0.0,0.0,250,0.0,0
1771964922.8455,43.0,30.0,-29.64,PILOTING,SYS_GO,17.6362,1.39,0.0,0.0,250,0.0,0
1771964922.8919,44.2,30.0,-29.5,PILOTING,SYS_GO,17.6436,1.39,0.0,0.0,250,0.0,0
1771964922.9375,53.0,30.0,-29.89,PILOTING,SYS_GO,17.5631,1.39,0.0,0.0,250,0.0,0
1771964922.9828,51.8,30.0,-30.08,PILOTING,SYS_GO,17.5707,1.39,0.0,0.0,250,0.0,0
1771964923.0279,51.3,30.0,-30.16,PILOTING,SYS_GO,17.5781,1.39,0.0,0.0,250,0.0,0
1771964923.0738,51.3,30.0,-30.17,PILOTING,SYS_GO,17.5851,1.39,0.0,0.0,250,0.0,0
1771964923.1195,50.8,30.0,-30.13,PILOTING,SYS_GO,17.5925,1.39,0.0,0.0,250,0.0,0
1771964923.1663,50.6,30.0,-30.07,PILOTING,SYS_GO,17.5997,1.39,0.0,0.0,250,0.0,0
1771964923.2117,50.1,30.0,-30.37,PILOTING,SYS_GO,17.5292,1.39,0.0,0.0,250,0.0,0
1771964923.2588,50.8,30.0,-30.53,PILOTING,SYS_GO,17.536,1.39,0.0,0.0,250,0.0,0
1771964923.3183,44.4,30.0,-30.54,PILOTING,SYS_GO,17.5551,1.39,0.0,0.0,250,0.0,0
1771964923.3989,39.5,30.0,-30.46,PILOTING,SYS_GO,17.5731,1.39,0.0,0.0,250,0.0,0
1771964923.4426,49.0,30.0,-30.39,PILOTING,SYS_GO,17.5772,1.39,0.0,0.0,250,0.0,0
1771964923.5336,41.6,30.0,-30.17,PILOTING,SYS_GO,17.6083,1.39,0.0,0.0,250,0.0,0
1771964923.5802,51.6,30.0,-30.42,PILOTING,SYS_GO,17.533,1.39,0.0,0.0,250,0.0,0
1771964923.6873,43.3,30.0,-30.41,PILOTING,SYS_GO,17.5683,1.39,0.0,0.0,250,0.0,0
1771964923.7381,46.0,30.0,-30.38,PILOTING,SYS_GO,17.5746,1.39,0.0,0.0,250,0.0,0
1771964923.8222,40.2,30.0,-30.24,PILOTING,SYS_GO,17.596,1.39,0.0,0.0,250,0.0,0
1771964923.8841,36.6,30.0,-30.06,PILOTING,SYS_GO,17.6124,1.39,0.0,0.0,250,0.0,0
1771964923.9307,33.9,30.0,-29.85,PILOTING,SYS_GO,17.6278,1.39,0.0,0.0,250,0.0,0
1771964924.0384,29.3,30.0,-30.02,PILOTING,SYS_GO,17.5786,1.39,0.0,0.0,250,0.0,0
1771964924.0836,35.9,30.0,-30.09,PILOTING,SYS_GO,17.5844,1.39,0.0,0.0,250,0.0,0
1771964924.1303,38.4,30.0,-30.09,PILOTING,SYS_GO,17.5918,1.39,0.0,0.0,250,0.0,0
1771964924.1761,40.9,30.0,-30.05,PILOTING,SYS_GO,17.5989,1.39,0.0,0.0,250,0.0,0
1771964924.2222,41.8,30.0,-29.98,PILOTING,SYS_GO,17.6069,1.39,0.0,0.0,250,0.0,0
1771964924.267,42.4,30.0,-29.89,PILOTING,SYS_GO,17.6149,1.39,0.0,0.0,250,0.0,0
1771964924.3123,42.5,30.0,-30.21,PILOTING,SYS_GO,17.5431,1.39,0.0,0.0,250,0.0,0
1771964924.3735,37.6,30.0,-30.31,PILOTING,SYS_GO,17.5629,1.39,0.0,0.0,250,0.0,0
1771964924.4651,32.5,30.0,-30.21,PILOTING,SYS_GO,17.5933,1.39,0.0,0.0,250,0.0,0
1771964924.5138,38.1,30.0,-30.12,PILOTING,SYS_GO,17.5992,1.39,0.0,0.0,250,0.0,0
1771964924.5855,36.5,30.0,-29.99,PILOTING,SYS_GO,17.6112,1.39,0.0,0.0,250,0.0,0
1771964924.6636,32.3,30.0,-29.78,PILOTING,SYS_GO,17.6343,1.39,0.0,0.0,250,0.0,0
1771964924.7125,30.8,30.0,-30.04,PILOTING,SYS_GO,17.5656,1.39,0.0,0.0,250,0.0,0
1771964924.7892,28.0,30.0,-30.08,PILOTING,SYS_GO,17.5871,1.39,0.0,0.0,250,0.0,0
1771964924.8477,26.5,30.0,-30.01,PILOTING,SYS_GO,17.6049,1.39,0.0,0.0,250,0.0,0
1771964924.8949,37.6,30.0,-29.94,PILOTING,SYS_GO,17.6093,1.39,0.0,0.0,250,0.0,0
1771964924.9856,32.6,30.0,-29.72,PILOTING,SYS_GO,17.6381,1.39,0.0,0.0,250,0.0,0
1771964925.0327,43.5,30.0,-29.56,PILOTING,SYS_GO,17.6422,1.39,0.0,0.0,250,0.0,0
1771964925.0788,45.1,30.0,-29.91,PILOTING,SYS_GO,17.5649,1.39,0.0,0.0,250,0.0,0
1771964925.1254,45.6,30.0,-30.09,PILOTING,SYS_GO,17.5724,1.39,0.0,0.0,250,0.0,0
1771964925.1711,46.0,30.0,-30.15,PILOTING,SYS_GO,17.58,1.39,0.0,0.0,250,0.0,0
1771964925.2176,46.3,30.0,-30.15,PILOTING,SYS_GO,17.5876,1.39,0.0,0.0,250,0.0,0
1771964925.2636,47.0,30.0,-30.11,PILOTING,SYS_GO,17.5948,1.39,0.0,0.0,250,0.0,0
1771964925.3096,47.5,30.0,-30.04,PILOTING,SYS_GO,17.6021,1.39,0.0,0.0,250,0.0,0
1771964925.3562,46.9,30.0,-30.35,PILOTING,SYS_GO,17.5319,1.39,0.0,0.0,250,0.0,0
1771964925.4172,41.1,30.0,-30.45,PILOTING,SYS_GO,17.5517,1.39,0.0,0.0,250,0.0,0
1771964925.507,35.3,30.0,-30.36,PILOTING,SYS_GO,17.5814,1.39,0.0,0.0,250,0.0,0
1771964925.5535,41.0,30.0,-30.28,PILOTING,SYS_GO,17.587,1.39,0.0,0.0,250,0.0,0
1771964925.6143,38.6,30.0,-30.16,PILOTING,SYS_GO,17.5995,1.39,0.0,0.0,250,0.0,0
1771964925.6901,34.0,30.0,-29.95,PILOTING,SYS_GO,17.6226,1.39,0.0,0.0,250,0.0,0
1771964925.7394,43.7,30.0,-30.24,PILOTING,SYS_GO,17.5455,1.39,0.0,0.0,250,0.0,0
1771964925.8268,37.6,30.0,-30.28,PILOTING,SYS_GO,17.5731,1.39,0.0,0.0,250,0.0,0
1771964925.8739,49.3,30.0,-30.28,PILOTING,SYS_GO,17.5769,1.39,0.0,0.0,250,0.0,0
1771964925.9507,44.0,30.0,-30.2,PILOTING,SYS_GO,17.5926,1.39,0.0,0.0,250,0.0,0
1771964925.9943,44.6,30.0,-30.11,PILOTING,SYS_GO,17.6003,1.39,0.0,0.0,250,0.0,0
1771964926.0519,42.5,30.0,-29.99,PILOTING,SYS_GO,17.6108,1.39,0.0,0.0,250,0.0,0
1771964926.1154,37.3,30.0,-30.23,PILOTING,SYS_GO,17.5533,1.39,0.0,0.0,250,0.0,0
1771964926.1629,45.0,30.0,-30.35,PILOTING,SYS_GO,17.558,1.39,0.0,0.0,250,0.0,0
1771964926.2521,38.5,30.0,-30.27,PILOTING,SYS_GO,17.5872,1.39,0.0,0.0,250,0.0,0
1771964926.3041,47.5,30.0,-30.2,PILOTING,SYS_GO,17.5915,1.39,0.0,0.0,250,0.0,0
1771964926.3849,42.8,30.0,-30.07,PILOTING,SYS_GO,17.6065,1.39,0.0,0.0,250,0.0,0
1771964926.4662,37.2,30.0,-29.84,PILOTING,SYS_GO,17.6314,1.39,0.0,0.0,250,0.0,0
1771964926.512,38.7,30.0,-30.12,PILOTING,SYS_GO,17.5567,1.39,0.0,0.0,250,0.0,0
1771964926.557,40.1,30.0,-30.25,PILOTING,SYS_GO,17.5645,1.39,0.0,0.0,250,0.0,0
1771964926.6022,42.2,30.0,-30.29,PILOTING,SYS_GO,17.5717,1.39,0.0,0.0,250,0.0,0
1771964926.6477,45.3,30.0,-30.29,PILOTING,SYS_GO,17.5779,1.39,0.0,0.0,250,0.0,0
1771964926.6944,46.9,30.0,-30.25,PILOTING,SYS_GO,17.5846,1.39,0.0,0.0,250,0.0,0
1771964926.7403,48.8,30.0,-30.19,PILOTING,SYS_GO,17.5911,1.39,0.0,0.0,250,0.0,0
1771964926.786,49.0,30.0,-30.47,PILOTING,SYS_GO,17.5216,1.39,0.0,0.0,250,0.0,0
1771964926.8323,48.7,30.0,-30.62,PILOTING,SYS_GO,17.5292,1.39,0.0,0.0,250,0.0,0
1771964926.8785,48.5,30.0,-30.67,PILOTING,SYS_GO,17.5367,1.39,0.0,0.0,250,0.0,0
1771964926.9226,43.8,30.0,-30.65,PILOTING,SYS_GO,17.5512,1.39,0.0,0.0,250,0.0,0
1771964927.0443,36.9,30.0,-30.43,PILOTING,SYS_GO,17.5904,1.39,0.0,0.0,250,0.0,0
1771964927.0932,40.8,30.0,-30.26,PILOTING,SYS_GO,17.5968,1.39,0.0,0.0,250,0.0,0
1771964927.165,38.1,30.0,-30.48,PILOTING,SYS_GO,17.5326,1.39,0.0,0.0,250,0.0,0
1771964927.2406,33.6,30.0,-30.51,PILOTING,SYS_GO,17.5556,1.39,0.0,0.0,250,0.0,0
1771964927.2875,34.4,30.0,-30.48,PILOTING,SYS_GO,17.5652,1.39,0.0,0.0,250,0.0,0
1771964927.408,29.3,30.0,-30.25,PILOTING,SYS_GO,17.6039,1.39,0.0,0.0,250,0.0,0
1771964927.4534,31.5,30.0,-30.07,PILOTING,SYS_GO,17.6128,1.39,0.0,0.0,250,0.0,0
1771964927.5105,32.9,30.0,-29.89,PILOTING,SYS_GO,17.6222,1.39,0.0,0.0,250,0.0,0
1771964927.5615,30.6,30.0,-30.15,PILOTING,SYS_GO,17.5576,1.39,0.0,0.0,250,0.0,0
1771964927.6078,38.2,30.0,-30.28,PILOTING,SYS_GO,17.5629,1.39,0.0,0.0,250,0.0,0
1771964927.6542,38.6,30.0,-30.31,PILOTING,SYS_GO,17.5718,1.39,0.0,0.0,250,0.0,0
1771964927.6994,40.1,30.0,-30.29,PILOTING,SYS_GO,17.5796,1.39,0.0,0.0,250,0.0,0
1771964927.7454,42.3,30.0,-30.24,PILOTING,SYS_GO,17.5867,1.39,0.0,0.0,250,0.0,0
1771964927.7918,47.5,30.0,-30.18,PILOTING,SYS_GO,17.5919,1.39,0.0,0.0,250,0.0,0
1771964927.8372,53.5,30.0,-30.47,PILOTING,SYS_GO,17.5198,1.39,0.0,0.0,250,0.0,0
1771964927.8835,53.5,30.0,-30.63,PILOTING,SYS_GO,17.5266,1.39,0.0,0.0,250,0.0,0
1771964927.9329,52.3,30.0,-30.69,PILOTING,SYS_GO,17.5341,1.39,0.0,0.0,250,0.0,0
1771964927.977,48.5,30.0,-30.68,PILOTING,SYS_GO,17.5449,1.39,0.0,0.0,250,0.0,0
1771964928.0671,41.3,30.0,-30.54,PILOTING,SYS_GO,17.5735,1.39,0.0,0.0,250,0.0,0
1771964928.1147,42.9,30.0,-30.42,PILOTING,SYS_GO,17.5808,1.39,0.0,0.0,250,0.0,0
1771964928.2032,36.9,30.0,-30.57,PILOTING,SYS_GO,17.5331,1.39,0.0,0.0,250,0.0,0
1771964928.2488,39.2,30.0,-30.63,PILOTING,SYS_GO,17.5406,1.39,0.0,0.0,250,0.0,0
1771964928.3268,34.4,30.0,-30.56,PILOTING,SYS_GO,17.5643,1.39,0.0,0.0,250,0.0,0
1771964928.3739,40.0,30.0,-30.49,PILOTING,SYS_GO,17.5701,1.39,0.0,0.0,250,0.0,0
1771964928.4799,34.1,30.0,-30.26,PILOTING,SYS_GO,17.6042,1.39,0.0,0.0,250,0.0,0
1771964928.528,38.9,30.0,-30.08,PILOTING,SYS_GO,17.6104,1.39,0.0,0.0,250,0.0,0
1771964928.6492,33.0,30.0,-30.2,PILOTING,SYS_GO,17.5696,1.39,0.0,0.0,250,0.0,0
1771964928.6952,40.3,30.0,-30.25,PILOTING,SYS_GO,17.5747,1.39,0.0,0.0,250,0.0,0
1771964928.7417,41.6,30.0,-30.24,PILOTING,SYS_GO,17.5824,1.39,0.0,0.0,250,0.0,0
1771964928.7886,43.1,30.0,-30.19,PILOTING,SYS_GO,17.5897,1.39,0.0,0.0,250,0.0,0
1771964928.8337,44.0,30.0,-30.12,PILOTING,SYS_GO,17.5973,1.39,0.0,0.0,250,0.0,0
1771964928.8801,45.6,30.0,-30.03,PILOTING,SYS_GO,17.6042,1.39,0.0,0.0,250,0.0,0
1771964928.926,46.7,30.0,-30.34,PILOTING,SYS_GO,17.5326,1.39,0.0,0.0,250,0.0,0
1771964928.977,45.8,30.0,-30.49,PILOTING,SYS_GO,17.5412,1.39,0.0,0.0,250,0.0,0
1771964929.0187,42.4,30.0,-30.52,PILOTING,SYS_GO,17.5537,1.39,0.0,0.0,250,0.0,0
1771964929.1231,36.0,30.0,-30.37,PILOTING,SYS_GO,17.5884,1.39,0.0,0.0,250,0.0,0
1771964929.1684,38.3,30.0,-30.23,PILOTING,SYS_GO,17.596,1.39,0.0,0.0,250,0.0,0
1771964929.2447,33.6,30.0,-30.01,PILOTING,SYS_GO,17.6202,1.39,0.0,0.0,250,0.0,0
1771964929.2945,36.7,30.0,-30.27,PILOTING,SYS_GO,17.5465,1.39,0.0,0.0,250,0.0,0
1771964929.3577,33.5,30.0,-30.34,PILOTING,SYS_GO,17.5639,1.39,0.0,0.0,250,0.0,0
1771964929.4595,29.1,30.0,-30.22,PILOTING,SYS_GO,17.5946,1.39,0.0,0.0,250,0.0,0
1771964929.5062,37.3,30.0,-30.12,PILOTING,SYS_GO,17.5997,1.39,0.0,0.0,250,0.0,0
1771964929.6136,32.0,30.0,-29.85,PILOTING,SYS_GO,17.6342,1.39,0.0,0.0,250,0.0,0
1771964929.6595,40.8,30.0,-29.66,PILOTING,SYS_GO,17.639,1.39,0.0,0.0,250,0.0,0
1771964929.7048,42.1,30.0,-29.98,PILOTING,SYS_GO,17.5627,1.39,0.0,0.0,250,0.0,0
1771964929.7511,43.5,30.0,-30.14,PILOTING,SYS_GO,17.57,1.39,0.0,0.0,250,0.0,0
1771964929.7958,44.4,30.0,-30.2,PILOTING,SYS_GO,17.5776,1.39,0.0,0.0,250,0.0,0
1771964929.8407,45.2,30.0,-30.19,PILOTING,SYS_GO,17.585,1.39,0.0,0.0,250,0.0,0
1771964929.8859,45.6,30.0,-30.15,PILOTING,SYS_GO,17.5926,1.39,0.0,0.0,250,0.0,0
1771964929.9323,46.3,30.0,-30.08,PILOTING,SYS_GO,17.6,1.39,0.0,0.0,250,0.0,0
1771964929.9775,46.3,30.0,-30.38,PILOTING,SYS_GO,17.5298,1.39,0.0,0.0,250,0.0,0
1771964930.0395,40.6,30.0,-30.48,PILOTING,SYS_GO,17.5496,1.39,0.0,0.0,250,0.0,0
1771964930.1474,34.5,30.0,-30.36,PILOTING,SYS_GO,17.585,1.39,0.0,0.0,250,0.0,0
1771964930.1967,35.1,30.0,-30.23,PILOTING,SYS_GO,17.5946,1.39,0.0,0.0,250,0.0,0
1771964930.27,31.1,30.0,-30.02,PILOTING,SYS_GO,17.6187,1.39,0.0,0.0,250,0.0,0
1771964930.3164,38.9,30.0,-29.85,PILOTING,SYS_GO,17.6239,1.39,0.0,0.0,250,0.0,0
1771964930.3918,34.0,30.0,-30.08,PILOTING,SYS_GO,17.5672,1.39,0.0,0.0,250,0.0,0
1771964930.4379,42.9,30.0,-30.19,PILOTING,SYS_GO,17.5718,1.39,0.0,0.0,250,0.0,0
1771964930.5279,36.6,30.0,-30.08,PILOTING,SYS_GO,17.6033,1.39,0.0,0.0,250,0.0,0
1771964930.574,44.2,30.0,-29.99,PILOTING,SYS_GO,17.6081,1.39,0.0,0.0,250,0.0,0
1771964930.6513,38.1,30.0,-29.77,PILOTING,SYS_GO,17.6348,1.39,0.0,0.0,250,0.0,0
1771964930.6968,47.1,30.0,-29.61,PILOTING,SYS_GO,17.6391,1.39,0.0,0.0,250,0.0,0
1771964930.742,46.9,30.0,-29.95,PILOTING,SYS_GO,17.563,1.39,0.0,0.0,250,0.0,0
1771964930.7875,48.5,30.0,-30.13,PILOTING,SYS_GO,17.5695,1.39,0.0,0.0,250,0.0,0
1771964930.8325,49.3,30.0,-30.19,PILOTING,SYS_GO,17.5764,1.39,0.0,0.0,250,0.0,0
1771964930.8782,51.2,30.0,-30.2,PILOTING,SYS_GO,17.5825,1.39,0.0,0.0,250,0.0,0
1771964930.9231,53.5,30.0,-30.18,PILOTING,SYS_GO,17.5883,1.39,0.0,0.0,250,0.0,0
1771964930.968,55.3,30.0,-30.13,PILOTING,SYS_GO,17.594,1.39,0.0,0.0,250,0.0,0
1771964931.0134,54.1,30.0,-30.43,PILOTING,SYS_GO,17.5242,1.39,0.0,0.0,250,0.0,0
1771964931.0751,50.8,30.0,-30.57,PILOTING,SYS_GO,17.5338,1.39,0.0,0.0,250,0.0,0
1771964931.1216,46.2,30.0,-30.61,PILOTING,SYS_GO,17.5467,1.39,0.0,0.0,250,0.0,0
1771964931.1847,45.6,30.0,-30.59,PILOTING,SYS_GO,17.555,1.39,0.0,0.0,250,0.0,0
1771964931.2633,39.7,30.0,-30.47,PILOTING,SYS_GO,17.5774,1.39,0.0,0.0,250,0.0,0
1771964931.3154,41.6,30.0,-30.35,PILOTING,SYS_GO,17.5848,1.39,0.0,0.0,250,0.0,0
1771964931.3702,37.3,30.0,-30.55,PILOTING,SYS_GO,17.5269,1.39,0.0,0.0,250,0.0,0
1771964931.4223,39.6,30.0,-30.65,PILOTING,SYS_GO,17.5343,1.39,0.0,0.0,250,0.0,0
1771964931.5135,35.9,30.0,-30.63,PILOTING,SYS_GO,17.5513,1.39,0.0,0.0,250,0.0,0
1771964931.5533,39.9,30.0,-30.59,PILOTING,SYS_GO,17.5577,1.39,0.0,0.0,250,0.0,0
1771964931.601,39.9,30.0,-30.52,PILOTING,SYS_GO,17.5668,1.39,0.0,0.0,250,0.0,0
1771964931.6604,35.7,30.0,-30.38,PILOTING,SYS_GO,17.5856,1.39,0.0,0.0,250,0.0,0
1771964931.7073,44.7,30.0,-30.61,PILOTING,SYS_GO,17.5142,1.39,0.0,0.0,250,0.0,0
1771964931.7522,47.1,30.0,-30.73,PILOTING,SYS_GO,17.5206,1.39,0.0,0.0,250,0.0,0
1771964931.7974,47.5,30.0,-30.78,PILOTING,SYS_GO,17.5279,1.39,0.0,0.0,250,0.0,0
1771964931.8442,47.8,30.0,-30.78,PILOTING,SYS_GO,17.5353,1.39,0.0,0.0,250,0.0,0
1771964931.8901,48.6,30.0,-30.75,PILOTING,SYS_GO,17.5422,1.39,0.0,0.0,250,0.0,0
1771964931.9371,48.7,30.0,-30.7,PILOTING,SYS_GO,17.5496,1.39,0.0,0.0,250,0.0,0
1771964931.9843,48.8,30.0,-30.87,PILOTING,SYS_GO,17.4865,1.39,0.0,0.0,250,0.0,0
1771964932.0304,48.2,30.0,-30.96,PILOTING,SYS_GO,17.4943,1.39,0.0,0.0,250,0.0,0
1771964932.079,43.7,30.0,-30.98,PILOTING,SYS_GO,17.5083,1.39,0.0,0.0,250,0.0,0
1771964932.1834,37.6,30.0,-30.89,PILOTING,SYS_GO,17.5361,1.39,0.0,0.0,250,0.0,0
1771964932.2321,39.1,30.0,-30.81,PILOTING,SYS_GO,17.544,1.39,0.0,0.0,250,0.0,0
1771964932.2801,42.7,30.0,-30.73,PILOTING,SYS_GO,17.5503,1.39,0.0,0.0,250,0.0,0
1771964932.3523,37.5,30.0,-30.86,PILOTING,SYS_GO,17.5013,1.39,0.0,0.0,250,0.0,0
1771964932.3993,39.6,30.0,-30.92,PILOTING,SYS_GO,17.5088,1.39,0.0,0.0,250,0.0,0
1771964932.5048,33.7,30.0,-30.82,PILOTING,SYS_GO,17.5438,1.39,0.0,0.0,250,0.0,0
1771964932.5514,40.6,30.0,-30.75,PILOTING,SYS_GO,17.5491,1.39,0.0,0.0,250,0.0,0
1771964932.6419,35.1,30.0,-30.56,PILOTING,SYS_GO,17.5772,1.39,0.0,0.0,250,0.0,0
1771964932.6942,37.9,30.0,-30.41,PILOTING,SYS_GO,17.5845,1.39,0.0,0.0,250,0.0,0
1771964932.7802,32.9,30.0,-30.55,PILOTING,SYS_GO,17.5368,1.39,0.0,0.0,250,0.0,0
1771964932.8291,34.1,30.0,-30.6,PILOTING,SYS_GO,17.546,1.39,0.0,0.0,250,0.0,0
1771964932.9488,29.3,30.0,-30.44,PILOTING,SYS_GO,17.5832,1.39,0.0,0.0,250,0.0,0
1771964932.9952,38.8,30.0,-30.32,PILOTING,SYS_GO,17.5878,1.39,0.0,0.0,250,0.0,0
1771964933.1033,33.1,30.0,-30.04,PILOTING,SYS_GO,17.6239,1.39,0.0,0.0,250,0.0,0
1771964933.1483,38.1,30.0,-29.83,PILOTING,SYS_GO,17.6301,1.39,0.0,0.0,250,0.0,0
1771964933.1942,40.0,30.0,-30.12,PILOTING,SYS_GO,17.5551,1.39,0.0,0.0,250,0.0,0
1771964933.2404,41.1,30.0,-30.26,PILOTING,SYS_GO,17.563,1.39,0.0,0.0,250,0.0,0
1771964933.2854,42.3,30.0,-30.3,PILOTING,SYS_GO,17.5707,1.39,0.0,0.0,250,0.0,0
1771964933.3319,45.7,30.0,-30.3,PILOTING,SYS_GO,17.5767,1.39,0.0,0.0,250,0.0,0
1771964933.3787,48.9,30.0,-30.27,PILOTING,SYS_GO,17.5826,1.39,0.0,0.0,250,0.0,0
1771964933.4252,48.8,30.0,-30.2,PILOTING,SYS_GO,17.59,1.39,0.0,0.0,250,0.0,0
1771964933.4711,48.5,30.0,-30.48,PILOTING,SYS_GO,17.5211,1.39,0.0,0.0,250,0.0,0
1771964933.5183,48.4,30.0,-30.63,PILOTING,SYS_GO,17.5286,1.39,0.0,0.0,250,0.0,0
1771964933.5652,47.8,30.0,-30.68,PILOTING,SYS_GO,17.5366,1.39,0.0,0.0,250,0.0,0
1771964933.6141,44.2,30.0,-30.66,PILOTING,SYS_GO,17.5485,1.39,0.0,0.0,250,0.0,0
1771964933.7477,37.1,30.0,-30.44,PILOTING,SYS_GO,17.5911,1.39,0.0,0.0,250,0.0,0
1771964933.7963,41.1,30.0,-30.26,PILOTING,SYS_GO,17.5974,1.39,0.0,0.0,250,0.0,0
1771964933.8546,39.5,30.0,-30.49,PILOTING,SYS_GO,17.5306,1.39,0.0,0.0,250,0.0,0
1771964933.9597,33.8,30.0,-30.47,PILOTING,SYS_GO,17.5641,1.39,0.0,0.0,250,0.0,0
1771964934.0105,34.3,30.0,-30.42,PILOTING,SYS_GO,17.574,1.39,0.0,0.0,250,0.0,0
1771964934.1352,29.3,30.0,-30.16,PILOTING,SYS_GO,17.6136,1.39,0.0,0.0,250,0.0,0
1771964934.1773,38.6,30.0,-29.97,PILOTING,SYS_GO,17.6184,1.39,0.0,0.0,250,0.0,0
1771964934.2218,40.6,30.0,-29.82,PILOTING,SYS_GO,17.6258,1.39,0.0,0.0,250,0.0,0
1771964934.2672,41.3,30.0,-30.13,PILOTING,SYS_GO,17.552,1.39,0.0,0.0,250,0.0,0
1771964934.3127,42.4,30.0,-30.28,PILOTING,SYS_GO,17.5597,1.39,0.0,0.0,250,0.0,0
1771964934.3573,43.3,30.0,-30.33,PILOTING,SYS_GO,17.5674,1.39,0.0,0.0,250,0.0,0
1771964934.4036,44.8,30.0,-30.33,PILOTING,SYS_GO,17.5745,1.39,0.0,0.0,250,0.0,0
1771964934.4501,45.2,30.0,-30.28,PILOTING,SYS_GO,17.5822,1.39,0.0,0.0,250,0.0,0
1771964934.4955,45.7,30.0,-30.22,PILOTING,SYS_GO,17.5897,1.39,0.0,0.0,250,0.0,0
1771964934.5418,45.9,30.0,-30.49,PILOTING,SYS_GO,17.521,1.39,0.0,0.0,250,0.0,0
1771964934.5876,46.8,30.0,-30.63,PILOTING,SYS_GO,17.5281,1.39,0.0,0.0,250,0.0,0
1771964934.6534,41.0,30.0,-30.63,PILOTING,SYS_GO,17.5483,1.39,0.0,0.0,250,0.0,0
1771964934.7864,34.4,30.0,-30.41,PILOTING,SYS_GO,17.5931,1.39,0.0,0.0,250,0.0,0
1771964934.833,38.0,30.0,-30.23,PILOTING,SYS_GO,17.6,1.39,0.0,0.0,250,0.0,0
1771964934.8796,35.5,30.0,-30.04,PILOTING,SYS_GO,17.6141,1.39,0.0,0.0,250,0.0,0
1771964934.9887,30.5,30.0,-30.19,PILOTING,SYS_GO,17.568,1.39,0.0,0.0,250,0.0,0
1771964935.0476,33.6,30.0,-30.24,PILOTING,SYS_GO,17.5758,1.39,0.0,0.0,250,0.0,0
1771964935.1265,29.6,30.0,-30.11,PILOTING,SYS_GO,17.6029,1.39,0.0,0.0,250,0.0,0
1771964935.1706,42.4,30.0,-30.02,PILOTING,SYS_GO,17.6068,1.39,0.0,0.0,250,0.0,0
1771964935.2162,40.7,30.0,-29.89,PILOTING,SYS_GO,17.6174,1.39,0.0,0.0,250,0.0,0
1771964935.2919,35.6,30.0,-29.67,PILOTING,SYS_GO,17.6411,1.39,0.0,0.0,250,0.0,0
1771964935.3376,48.6,30.0,-30.0,PILOTING,SYS_GO,17.5605,1.39,0.0,0.0,250,0.0,0
1771964935.3833,49.4,30.0,-30.17,PILOTING,SYS_GO,17.5674,1.39,0.0,0.0,250,0.0,0
1771964935.4287,51.5,30.0,-30.23,PILOTING,SYS_GO,17.5734,1.39,0.0,0.0,250,0.0,0
1771964935.4742,51.8,30.0,-30.24,PILOTING,SYS_GO,17.5802,1.39,0.0,0.0,250,0.0,0
1771964935.5203,53.6,30.0,-30.21,PILOTING,SYS_GO,17.5861,1.39,0.0,0.0,250,0.0,0
1771964935.5665,55.1,30.0,-30.16,PILOTING,SYS_GO,17.592,1.39,0.0,0.0,250,0.0,0
1771964935.6119,55.1,30.0,-30.46,PILOTING,SYS_GO,17.5217,1.39,0.0,0.0,250,0.0,0
1771964935.662,55.2,30.0,-30.61,PILOTING,SYS_GO,17.5282,1.39,0.0,0.0,250,0.0,0
1771964935.7053,49.5,30.0,-30.65,PILOTING,SYS_GO,17.5416,1.39,0.0,0.0,250,0.0,0
1771964935.7629,43.5,30.0,-30.59,PILOTING,SYS_GO,17.5601,1.39,0.0,0.0,250,0.0,0
1771964935.8089,45.4,30.0,-30.52,PILOTING,SYS_GO,17.5669,1.39,0.0,0.0,250,0.0,0
1771964935.9008,38.8,30.0,-30.32,PILOTING,SYS_GO,17.5967,1.39,0.0,0.0,250,0.0,0
1771964935.9463,50.2,30.0,-30.55,PILOTING,SYS_GO,17.5229,1.39,0.0,0.0,250,0.0,0
1771964936.0373,42.7,30.0,-30.57,PILOTING,SYS_GO,17.5519,1.39,0.0,0.0,250,0.0,0
1771964936.0886,49.1,30.0,-30.56,PILOTING,SYS_GO,17.5567,1.39,0.0,0.0,250,0.0,0
1771964936.1731,42.2,30.0,-30.43,PILOTING,SYS_GO,17.5816,1.39,0.0,0.0,250,0.0,0
1771964936.2349,37.4,30.0,-30.23,PILOTING,SYS_GO,17.6015,1.39,0.0,0.0,250,0.0,0
1771964936.2795,47.4,30.0,-30.1,PILOTING,SYS_GO,17.6056,1.39,0.0,0.0,250,0.0,0
1771964936.3245,47.8,30.0,-30.37,PILOTING,SYS_GO,17.5341,1.39,0.0,0.0,250,0.0,0
1771964936.3692,47.8,30.0,-30.51,PILOTING,SYS_GO,17.5416,1.39,0.0,0.0,250,0.0,0
1771964936.4163,48.0,30.0,-30.56,PILOTING,SYS_GO,17.549,1.39,0.0,0.0,250,0.0,0
1771964936.4626,47.4,30.0,-30.55,PILOTING,SYS_GO,17.557,1.39,0.0,0.0,250,0.0,0
1771964936.5084,47.6,30.0,-30.51,PILOTING,SYS_GO,17.5644,1.39,0.0,0.0,250,0.0,0
1771964936.5531,49.1,30.0,-30.45,PILOTING,SYS_GO,17.571,1.39,0.0,0.0,250,0.0,0
1771964936.5989,49.6,30.0,-30.68,PILOTING,SYS_GO,17.5043,1.39,0.0,0.0,250,0.0,0
1771964936.6441,50.7,30.0,-30.8,PILOTING,SYS_GO,17.5108,1.39,0.0,0.0,250,0.0,0
1771964936.6928,45.6,30.0,-30.83,PILOTING,SYS_GO,17.5251,1.39,0.0,0.0,250,0.0,0
1771964936.7509,42.3,30.0,-30.8,PILOTING,SYS_GO,17.5375,1.39,0.0,0.0,250,0.0,0
1771964936.8284,36.5,30.0,-30.66,PILOTING,SYS_GO,17.5648,1.39,0.0,0.0,250,0.0,0
1771964936.8737,41.5,30.0,-30.54,PILOTING,SYS_GO,17.5707,1.39,0.0,0.0,250,0.0,0
1771964936.95,37.8,30.0,-30.71,PILOTING,SYS_GO,17.5128,1.39,0.0,0.0,250,0.0,0
1771964937.0109,34.2,30.0,-30.76,PILOTING,SYS_GO,17.5307,1.39,0.0,0.0,250,0.0,0
1771964937.058,35.2,30.0,-30.74,PILOTING,SYS_GO,17.5399,1.39,0.0,0.0,250,0.0,0
1771964937.178,30.0,30.0,-30.55,PILOTING,SYS_GO,17.5791,1.39,0.0,0.0,250,0.0,0
1771964937.2237,38.5,30.0,-30.41,PILOTING,SYS_GO,17.584,1.39,0.0,0.0,250,0.0,0
1771964937.2695,40.4,30.0,-30.28,PILOTING,SYS_GO,17.5915,1.39,0.0,0.0,250,0.0,0
1771964937.3153,41.9,30.0,-30.53,PILOTING,SYS_GO,17.5223,1.39,0.0,0.0,250,0.0,0
1771964937.3613,43.0,30.0,-30.65,PILOTING,SYS_GO,17.5299,1.39,0.0,0.0,250,0.0,0
1771964937.4066,44.0,30.0,-30.69,PILOTING,SYS_GO,17.5374,1.39,0.0,0.0,250,0.0,0
1771964937.4532,44.3,30.0,-30.68,PILOTING,SYS_GO,17.5453,1.39,0.0,0.0,250,0.0,0
1771964937.4992,45.5,30.0,-30.65,PILOTING,SYS_GO,17.5525,1.39,0.0,0.0,250,0.0,0
1771964937.5441,46.3,30.0,-30.59,PILOTING,SYS_GO,17.5597,1.39,0.0,0.0,250,0.0,0
1771964937.5902,46.7,30.0,-30.79,PILOTING,SYS_GO,17.4952,1.39,0.0,0.0,250,0.0,0
1771964937.6355,48.7,30.0,-30.89,PILOTING,SYS_GO,17.5016,1.39,0.0,0.0,250,0.0,0
1771964937.6813,49.2,30.0,-30.94,PILOTING,SYS_GO,17.5086,1.39,0.0,0.0,250,0.0,0
1771964937.7309,44.3,30.0,-30.92,PILOTING,SYS_GO,17.5231,1.39,0.0,0.0,250,0.0,0
1771964937.85,37.2,30.0,-30.73,PILOTING,SYS_GO,17.5638,1.39,0.0,0.0,250,0.0,0
1771964937.8946,44.1,30.0,-30.6,PILOTING,SYS_GO,17.5688,1.39,0.0,0.0,250,0.0,0
1771964937.9581,39.2,30.0,-30.74,PILOTING,SYS_GO,17.5139,1.39,0.0,0.0,250,0.0,0
1771964938.0318,34.5,30.0,-30.75,PILOTING,SYS_GO,17.5366,1.39,0.0,0.0,250,0.0,0
1771964938.0788,37.0,30.0,-30.72,PILOTING,SYS_GO,17.5443,1.39,0.0,0.0,250,0.0,0
1771964938.1694,32.2,30.0,-30.57,PILOTING,SYS_GO,17.5727,1.39,0.0,0.0,250,0.0,0
1771964938.2147,36.3,30.0,-30.45,PILOTING,SYS_GO,17.5795,1.39,0.0,0.0,250,0.0,0
1771964938.3059,31.3,30.0,-30.19,PILOTING,SYS_GO,17.6114,1.39,0.0,0.0,250,0.0,0
1771964938.3516,44.2,30.0,-30.42,PILOTING,SYS_GO,17.5354,1.39,0.0,0.0,250,0.0,0
1771964938.4427,38.1,30.0,-30.44,PILOTING,SYS_GO,17.5623,1.39,0.0,0.0,250,0.0,0
1771964938.5048,34.0,30.0,-30.35,PILOTING,SYS_GO,17.5828,1.39,0.0,0.0,250,0.0,0
1771964938.5504,36.1,30.0,-30.25,PILOTING,SYS_GO,17.5908,1.39,0.0,0.0,250,0.0,0
1771964938.6726,30.6,30.0,-29.94,PILOTING,SYS_GO,17.6325,1.39,0.0,0.0,250,0.0,0
1771964938.7206,43.1,30.0,-29.73,PILOTING,SYS_GO,17.6363,1.39,0.0,0.0,250,0.0,0
1771964938.8095,37.1,30.0,-29.94,PILOTING,SYS_GO,17.5799,1.39,0.0,0.0,250,0.0,0
1771964938.8588,37.5,30.0,-30.01,PILOTING,SYS_GO,17.5891,1.39,0.0,0.0,250,0.0,0
1771964938.9607,32.3,30.0,-29.88,PILOTING,SYS_GO,17.62,1.39,0.0,0.0,250,0.0,0
1771964939.0097,32.7,30.0,-29.73,PILOTING,SYS_GO,17.6305,1.39,0.0,0.0,250,0.0,0
1771964939.0828,29.2,30.0,-29.49,PILOTING,SYS_GO,17.654,1.39,0.0,0.0,250,0.0,0
1771964939.1301,36.8,30.0,-29.31,PILOTING,SYS_GO,17.6593,1.39,0.0,0.0,250,0.0,0
1771964939.2182,31.9,30.0,-29.56,PILOTING,SYS_GO,17.6019,1.39,0.0,0.0,250,0.0,0
1771964939.265,46.0,30.0,-29.69,PILOTING,SYS_GO,17.6054,1.39,0.0,0.0,250,0.0,0
1771964939.3557,39.2,30.0,-29.59,PILOTING,SYS_GO,17.6356,1.39,0.0,0.0,250,0.0,0
1771964939.4019,50.6,30.0,-29.5,PILOTING,SYS_GO,17.6394,1.39,0.0,0.0,250,0.0,0
1771964939.5097,42.7,30.0,-29.22,PILOTING,SYS_GO,17.6728,1.39,0.0,0.0,250,0.0,0
1771964939.5577,51.0,30.0,-29.03,PILOTING,SYS_GO,17.6771,1.39,0.0,0.0,250,0.0,0
1771964939.6473,43.5,30.0,-29.32,PILOTING,SYS_GO,17.6148,1.39,0.0,0.0,250,0.0,0
1771964939.6934,49.7,30.0,-29.46,PILOTING,SYS_GO,17.6196,1.39,0.0,0.0,250,0.0,0
1771964939.7989,41.8,30.0,-29.31,PILOTING,SYS_GO,17.6561,1.39,0.0,0.0,250,0.0,0
1771964939.8444,46.4,30.0,-29.19,PILOTING,SYS_GO,17.6616,1.39,0.0,0.0,250,0.0,0
1771964939.8906,47.0,30.0,-29.06,PILOTING,SYS_GO,17.6689,1.39,0.0,0.0,250,0.0,0
1771964939.9362,49.0,30.0,-28.95,PILOTING,SYS_GO,17.6752,1.39,0.0,0.0,250,0.0,0
1771964939.982,49.9,30.0,-29.4,PILOTING,SYS_GO,17.5927,1.39,0.0,0.0,250,0.0,0
1771964940.0274,50.7,30.0,-29.63,PILOTING,SYS_GO,17.5993,1.39,0.0,0.0,250,0.0,0
1771964940.0726,50.6,30.0,-29.73,PILOTING,SYS_GO,17.6065,1.39,0.0,0.0,250,0.0,0
1771964940.1186,51.3,30.0,-29.75,PILOTING,SYS_GO,17.6131,1.39,0.0,0.0,250,0.0,0
1771964940.1645,51.7,30.0,-29.72,PILOTING,SYS_GO,17.6199,1.39,0.0,0.0,250,0.0,0
1771964940.2106,50.9,30.0,-29.65,PILOTING,SYS_GO,17.6274,1.39,0.0,0.0,250,0.0,0
1771964940.2558,51.5,30.0,-30.03,PILOTING,SYS_GO,17.552,1.39,0.0,0.0,250,0.0,0
1771964940.3021,52.2,30.0,-30.23,PILOTING,SYS_GO,17.5585,1.39,0.0,0.0,250,0.0,0
1771964940.3465,47.9,30.0,-30.29,PILOTING,SYS_GO,17.5703,1.39,0.0,0.0,250,0.0,0
1771964940.4372,40.7,30.0,-30.16,PILOTING,SYS_GO,17.6003,1.39,0.0,0.0,250,0.0,0
1771964940.4873,45.7,30.0,-30.05,PILOTING,SYS_GO,17.6058,1.39,0.0,0.0,250,0.0,0
1771964940.5308,43.4,30.0,-29.92,PILOTING,SYS_GO,17.6164,1.39,0.0,0.0,250,0.0,0
1771964940.579,46.1,30.0,-30.23,PILOTING,SYS_GO,17.5422,1.39,0.0,0.0,250,0.0,0
1771964940.6212,46.5,30.0,-30.39,PILOTING,SYS_GO,17.5497,1.39,0.0,0.0,250,0.0,0
1771964940.6822,40.7,30.0,-30.38,PILOTING,SYS_GO,17.5706,1.39,0.0,0.0,250,0.0,0
1771964940.7323,61.0,30.0,-30.36,PILOTING,SYS_GO,17.5731,1.39,0.0,0.0,250,0.0,0
1771964940.7903,53.7,30.0,-30.28,PILOTING,SYS_GO,17.588,1.39,0.0,0.0,250,0.0,0
1771964940.8358,54.4,30.0,-30.19,PILOTING,SYS_GO,17.5943,1.39,0.0,0.0,250,0.0,0
1771964940.8817,52.5,30.0,-30.46,PILOTING,SYS_GO,17.5251,1.39,0.0,0.0,250,0.0,0
1771964940.927,69.8,30.0,-30.61,PILOTING,SYS_GO,17.5277,1.39,0.0,0.0,250,0.0,0
1771964940.9727,83.4,30.0,-30.7,PILOTING,SYS_GO,17.5303,1.39,0.0,0.0,250,0.0,0
1771964941.0192,93.4,30.0,-30.74,PILOTING,SYS_GO,17.5331,1.39,0.0,0.0,250,0.0,0
1771964941.0661,101.3,30.0,-30.75,PILOTING,SYS_GO,17.5358,1.39,0.0,0.0,250,0.0,0
1771964941.1134,109.5,30.0,-30.75,PILOTING,SYS_GO,17.5383,1.39,0.0,0.0,250,0.0,0
1771964941.1584,115.5,30.0,-30.92,PILOTING,SYS_GO,17.4721,1.39,0.0,0.0,250,0.0,0
1771964941.2036,123.1,30.0,-31.02,PILOTING,SYS_GO,17.4745,1.39,0.0,0.0,250,0.0,0
1771964941.2513,127.0,30.0,-31.07,PILOTING,SYS_GO,17.477,1.39,0.0,0.0,250,0.0,0
1771964941.2977,131.0,30.0,-31.11,PILOTING,SYS_GO,17.4794,1.39,0.0,0.0,250,0.0,0
1771964941.3429,133.2,30.0,-31.12,PILOTING,SYS_GO,17.482,1.39,0.0,0.0,250,0.0,0
1771964941.3885,135.1,30.0,-31.13,PILOTING,SYS_GO,17.4845,1.39,0.0,0.0,250,0.0,0
1771964941.4338,136.6,30.0,-31.11,PILOTING,SYS_GO,17.4264,1.39,0.0,0.0,250,0.0,0
1771964941.4802,137.8,30.0,-31.1,PILOTING,SYS_GO,17.4289,1.39,0.0,0.0,250,0.0,0
1771964941.5265,138.5,30.0,-31.1,PILOTING,SYS_GO,17.4314,1.39,0.0,0.0,250,0.0,0
1771964941.5726,137.4,30.0,-31.11,PILOTING,SYS_GO,17.4341,1.39,0.0,0.0,250,0.0,0
1771964941.6184,137.9,30.0,-31.12,PILOTING,SYS_GO,17.4367,1.39,0.0,0.0,250,0.0,0
1771964941.6649,135.7,30.0,-31.13,PILOTING,SYS_GO,17.4395,1.39,0.0,0.0,250,0.0,0
1771964941.7113,137.0,30.0,-30.93,PILOTING,SYS_GO,17.3881,1.39,0.0,0.0,250,0.0,0
1771964941.7575,138.2,30.0,-30.83,PILOTING,SYS_GO,17.3907,1.39,0.0,0.0,250,0.0,0
1771964941.8034,137.2,30.0,-30.78,PILOTING,SYS_GO,17.3934,1.39,0.0,0.0,250,0.0,0
1771964941.8489,136.4,30.0,-30.77,PILOTING,SYS_GO,17.3961,1.39,0.0,0.0,250,0.0,0
1771964941.8943,137.1,30.0,-30.78,PILOTING,SYS_GO,17.3986,1.39,0.0,0.0,250,0.0,0
1771964941.9403,137.7,30.0,-30.8,PILOTING,SYS_GO,17.4012,1.39,0.0,0.0,250,0.0,0
1771964941.9869,136.8,30.0,-30.45,PILOTING,SYS_GO,17.3557,1.39,0.0,0.0,250,0.0,0
1771964942.0469,119.4,30.0,-30.31,PILOTING,SYS_GO,17.363,1.39,0.0,0.0,250,0.0,0
1771964942.0942,115.6,30.0,-30.27,PILOTING,SYS_GO,17.3665,1.39,0.0,0.0,250,0.0,0
1771964942.154,96.6,30.0,-30.38,PILOTING,SYS_GO,17.3839,1.39,0.0,0.0,250,0.0,0
1771964942.2078,102.1,30.0,-30.47,PILOTING,SYS_GO,17.3868,1.39,0.0,0.0,250,0.0,0
1771964942.2598,87.0,30.0,-30.61,PILOTING,SYS_GO,17.4005,1.39,0.0,0.0,250,0.0,0
1771964942.3135,79.5,30.0,-30.38,PILOTING,SYS_GO,17.3596,1.39,0.0,0.0,250,0.0,0
1771964942.3529,75.5,30.0,-30.3,PILOTING,SYS_GO,17.3657,1.39,0.0,0.0,250,0.0,0
1771964942.4095,72.0,30.0,-30.31,PILOTING,SYS_GO,17.3719,1.39,0.0,0.0,250,0.0,0
1771964942.4449,80.1,30.0,-30.34,PILOTING,SYS_GO,17.3751,1.39,0.0,0.0,250,0.0,0
1771964942.5055,67.9,30.0,-30.49,PILOTING,SYS_GO,17.3938,1.39,0.0,0.0,250,0.0,0
1771964942.5844,81.8,30.0,-30.6,PILOTING,SYS_GO,17.3964,1.39,0.0,0.0,250,0.0,0
1771964942.6444,87.6,30.0,-30.29,PILOTING,SYS_GO,17.3522,1.39,0.0,0.0,250,0.0,0
1771964942.6901,76.0,30.0,-30.23,PILOTING,SYS_GO,17.3644,1.39,0.0,0.0,250,0.0,0
1771964942.7355,74.8,30.0,-30.24,PILOTING,SYS_GO,17.3695,1.39,0.0,0.0,250,0.0,0
1771964942.7816,66.4,30.0,-30.34,PILOTING,SYS_GO,17.3804,1.39,0.0,0.0,250,0.0,0
1771964942.8401,64.7,30.0,-30.45,PILOTING,SYS_GO,17.3867,1.39,0.0,0.0,250,0.0,0
1771964942.8749,66.7,30.0,-30.55,PILOTING,SYS_GO,17.3915,1.39,0.0,0.0,250,0.0,0
1771964942.9249,58.0,30.0,-30.34,PILOTING,SYS_GO,17.3604,1.39,0.0,0.0,250,0.0,0
1771964942.9666,58.2,30.0,-30.29,PILOTING,SYS_GO,17.3665,1.39,0.0,0.0,250,0.0,0
1771964943.0122,51.4,30.0,-30.38,PILOTING,SYS_GO,17.3812,1.39,0.0,0.0,250,0.0,0
1771964943.058,50.6,30.0,-30.48,PILOTING,SYS_GO,17.3888,1.39,0.0,0.0,250,0.0,0
1771964943.1108,45.3,30.0,-30.63,PILOTING,SYS_GO,17.4036,1.39,0.0,0.0,250,0.0,0
1771964943.1488,52.1,30.0,-30.75,PILOTING,SYS_GO,17.4082,1.39,0.0,0.0,250,0.0,0
1771964943.2107,45.2,30.0,-30.63,PILOTING,SYS_GO,17.379,1.39,0.0,0.0,250,0.0,0
1771964943.2571,59.6,30.0,-30.59,PILOTING,SYS_GO,17.3821,1.39,0.0,0.0,250,0.0,0
1771964943.3023,52.8,30.0,-30.66,PILOTING,SYS_GO,17.396,1.39,0.0,0.0,250,0.0,0
1771964943.3476,61.3,30.0,-30.72,PILOTING,SYS_GO,17.3998,1.39,0.0,0.0,250,0.0,0
1771964943.394,54.1,30.0,-30.82,PILOTING,SYS_GO,17.4141,1.39,0.0,0.0,250,0.0,0
1771964943.4441,57.6,30.0,-30.9,PILOTING,SYS_GO,17.4191,1.39,0.0,0.0,250,0.0,0
1771964943.4875,52.1,30.0,-30.74,PILOTING,SYS_GO,17.3803,1.39,0.0,0.0,250,0.0,0
1771964943.5322,54.2,30.0,-30.68,PILOTING,SYS_GO,17.386,1.39,0.0,0.0,250,0.0,0
1771964943.5776,49.5,30.0,-30.72,PILOTING,SYS_GO,17.3977,1.39,0.0,0.0,250,0.0,0
1771964943.6287,49.5,30.0,-30.78,PILOTING,SYS_GO,17.4049,1.39,0.0,0.0,250,0.0,0
1771964943.6716,47.8,30.0,-30.86,PILOTING,SYS_GO,17.4138,1.39,0.0,0.0,250,0.0,0
1771964943.7197,50.2,30.0,-30.93,PILOTING,SYS_GO,17.4197,1.39,0.0,0.0,250,0.0,0
1771964943.762,49.1,30.0,-30.73,PILOTING,SYS_GO,17.3768,1.39,0.0,0.0,250,0.0,0
1771964943.8108,51.2,30.0,-30.65,PILOTING,SYS_GO,17.3829,1.39,0.0,0.0,250,0.0,0
1771964943.8535,48.4,30.0,-30.67,PILOTING,SYS_GO,17.3926,1.39,0.0,0.0,250,0.0,0
1771964943.9029,49.4,30.0,-30.73,PILOTING,SYS_GO,17.3993,1.39,0.0,0.0,250,0.0,0
1771964943.9467,46.1,30.0,-30.81,PILOTING,SYS_GO,17.4102,1.39,0.0,0.0,250,0.0,0
1771964943.9918,46.2,30.0,-30.89,PILOTING,SYS_GO,17.418,1.39,0.0,0.0,250,0.0,0
1771964944.0384,43.2,30.0,-30.72,PILOTING,SYS_GO,17.3787,1.39,0.0,0.0,250,0.0,0
1771964944.0992,45.5,30.0,-30.67,PILOTING,SYS_GO,17.3853,1.39,0.0,0.0,250,0.0,0
1771964944.1516,56.7,30.0,-30.66,PILOTING,SYS_GO,17.3888,1.39,0.0,0.0,250,0.0,0
1771964944.2057,50.6,30.0,-30.73,PILOTING,SYS_GO,17.4028,1.39,0.0,0.0,250,0.0,0
1771964944.2522,48.7,30.0,-30.82,PILOTING,SYS_GO,17.4115,1.39,0.0,0.0,250,0.0,0
1771964944.2994,46.4,30.0,-30.91,PILOTING,SYS_GO,17.4212,1.39,0.0,0.0,250,0.0,0
1771964944.3441,51.0,30.0,-30.7,PILOTING,SYS_GO,17.3752,1.39,0.0,0.0,250,0.0,0
1771964944.3896,48.9,30.0,-30.65,PILOTING,SYS_GO,17.384,1.39,0.0,0.0,250,0.0,0
1771964944.451,42.7,30.0,-30.73,PILOTING,SYS_GO,17.4041,1.39,0.0,0.0,250,0.0,0
1771964944.4952,47.3,30.0,-30.81,PILOTING,SYS_GO,17.4096,1.39,0.0,0.0,250,0.0,0
1771964944.5572,41.2,30.0,-30.93,PILOTING,SYS_GO,17.431,1.39,0.0,0.0,250,0.0,0
1771964944.6032,58.2,30.0,-31.01,PILOTING,SYS_GO,17.4339,1.39,0.0,0.0,250,0.0,0
1771964944.6489,51.3,30.0,-30.91,PILOTING,SYS_GO,17.396,1.39,0.0,0.0,250,0.0,0
1771964944.6951,67.4,30.0,-30.86,PILOTING,SYS_GO,17.3987,1.39,0.0,0.0,250,0.0,0
1771964944.7403,58.6,30.0,-30.91,PILOTING,SYS_GO,17.4142,1.39,0.0,0.0,250,0.0,0
1771964944.7863,68.8,30.0,-30.95,PILOTING,SYS_GO,17.4175,1.39,0.0,0.0,250,0.0,0
1771964944.8317,59.7,30.0,-31.01,PILOTING,SYS_GO,17.4327,1.39,0.0,0.0,250,0.0,0
1771964944.8786,65.9,30.0,-31.06,PILOTING,SYS_GO,17.4367,1.39,0.0,0.0,250,0.0,0
1771964944.9255,58.4,30.0,-30.94,PILOTING,SYS_GO,17.3959,1.39,0.0,0.0,250,0.0,0
1771964944.9715,59.8,30.0,-30.9,PILOTING,SYS_GO,17.4014,1.39,0.0,0.0,250,0.0,0
1771964945.0174,54.6,30.0,-30.92,PILOTING,SYS_GO,17.412,1.39,0.0,0.0,250,0.0,0
1771964945.0674,52.9,30.0,-30.96,PILOTING,SYS_GO,17.4199,1.39,0.0,0.0,250,0.0,0
1771964945.1138,49.3,30.0,-31.02,PILOTING,SYS_GO,17.4301,1.39,0.0,0.0,250,0.0,0
1771964945.1601,51.5,30.0,-31.06,PILOTING,SYS_GO,17.4361,1.39,0.0,0.0,250,0.0,0
1771964945.2021,50.6,30.0,-30.91,PILOTING,SYS_GO,17.3904,1.39,0.0,0.0,250,0.0,0
1771964945.2488,54.6,30.0,-30.84,PILOTING,SYS_GO,17.3955,1.39,0.0,0.0,250,0.0,0
1771964945.2953,55.9,30.0,-30.84,PILOTING,SYS_GO,17.4013,1.39,0.0,0.0,250,0.0,0
1771964945.3569,48.1,30.0,-30.92,PILOTING,SYS_GO,17.4226,1.39,0.0,0.0,250,0.0,0
1771964945.4031,62.0,30.0,-30.98,PILOTING,SYS_GO,17.4257,1.39,0.0,0.0,250,0.0,0
1771964945.4637,53.3,30.0,-31.05,PILOTING,SYS_GO,17.4449,1.39,0.0,0.0,250,0.0,0
1771964945.51,54.8,30.0,-30.94,PILOTING,SYS_GO,17.3961,1.39,0.0,0.0,250,0.0,0
1771964945.556,53.5,30.0,-30.91,PILOTING,SYS_GO,17.4036,1.39,0.0,0.0,250,0.0,0
1771964945.6024,52.1,30.0,-30.92,PILOTING,SYS_GO,17.4113,1.39,0.0,0.0,250,0.0,0
