timestamp,fps,speed_pwm,steer_angle,nav_state,traffic_state,x_est,y_est,yaw_est,imu_yaw_raw,nearest_node,curvature,estop
1771963558.9803,0.0,50.0,0.0,PILOTING,SYS_GO,15.48,3.83,0.0,0.0,57,0.0,0
1771963559.1595,1.2,50.0,0.0,PILOTING,SYS_GO,15.5813,3.83,0.0,0.0,57,0.0,0
1771963559.2105,15.6,50.0,0.0,PILOTING,SYS_GO,15.5895,3.83,0.0,0.0,57,0.0,0
1771963559.2559,20.3,50.0,0.0,PILOTING,SYS_GO,15.6049,3.83,0.0,0.0,57,0.0,0
1771963559.3738,18.1,50.0,0.0,PILOTING,SYS_GO,15.6694,3.83,0.0,0.0,57,0.0,0
1771963559.4202,26.7,50.0,0.0,PILOTING,SYS_GO,15.6792,3.83,0.0,0.0,57,0.0,0
1771963559.4674,26.9,50.0,0.0,PILOTING,SYS_GO,15.7006,3.83,0.0,0.0,57,0.0,0
1771963559.5405,25.3,50.0,0.0,PILOTING,SYS_GO,15.7325,3.83,0.0,0.0,57,0.0,0
1771963559.6046,24.1,50.0,0.0,PILOTING,SYS_GO,15.7638,3.83,0.0,0.0,57,0.0,0
1771963559.6537,26.3,50.0,0.0,PILOTING,SYS_GO,15.7807,3.83,0.0,0.0,57,0.0,0
1771963559.7036,27.3,50.0,0.0,PILOTING,SYS_GO,15.7999,3.83,0.0,0.0,57,0.0,0
1771963559.7718,25.1,50.0,0.0,PILOTING,SYS_GO,15.8365,3.83,0.0,0.0,57,0.0,0
1771963559.8252,33.5,50.0,0.0,PILOTING,SYS_GO,15.8455,3.83,0.0,0.0,57,0.0,0
1771963559.9095,29.3,50.0,0.0,PILOTING,SYS_GO,15.8939,3.83,0.0,0.0,54,0.0,0
1771963559.956,39.3,50.0,0.0,PILOTING,SYS_GO,15.9014,3.83,0.0,0.0,54,0.0,0
1771963560.0497,34.1,50.0,0.0,PILOTING,SYS_GO,15.9472,3.83,0.0,0.0,54,0.0,0
1771963560.0928,43.0,50.0,0.0,PILOTING,SYS_GO,15.9548,3.83,0.0,0.0,54,0.0,0
1771963560.1851,37.1,50.0,0.0,PILOTING,SYS_GO,16.0,3.83,0.0,0.0,54,0.0,0
1771963560.229,43.1,50.0,0.0,PILOTING,SYS_GO,16.009,3.83,0.0,0.0,54,0.0,0
1771963560.2925,38.3,50.0,0.0,PILOTING,SYS_GO,16.0403,3.83,0.0,0.0,54,0.0,0
1771963560.3675,33.7,50.0,0.0,PILOTING,SYS_GO,16.0794,3.83,0.0,0.0,54,0.0,0
1771963560.416,32.6,50.0,0.0,PILOTING,SYS_GO,16.1008,3.83,0.0,0.0,54,0.0,0
1771963560.4854,31.1,50.0,0.0,PILOTING,SYS_GO,16.1246,3.83,0.0,0.0,54,0.0,0
1771963560.5549,28.6,50.0,0.0,PILOTING,SYS_GO,16.1573,3.83,0.0,0.0,54,0.0,0
1771963560.6069,30.8,50.0,0.0,PILOTING,SYS_GO,16.1723,3.83,0.0,0.0,54,0.0,0
1771963560.6769,28.3,50.0,0.0,PILOTING,SYS_GO,16.2053,3.83,0.0,0.0,54,0.0,0
1771963560.7294,30.2,50.0,0.0,PILOTING,SYS_GO,16.2211,3.83,0.0,0.0,54,0.0,0
1771963560.8148,26.9,50.0,0.0,PILOTING,SYS_GO,16.2645,3.83,0.0,0.0,54,0.0,0
1771963560.8628,28.9,50.0,0.0,PILOTING,SYS_GO,16.2809,3.83,0.0,0.0,54,0.0,0
1771963560.9531,25.5,50.0,0.0,PILOTING,SYS_GO,16.3309,3.83,0.0,0.0,54,0.0,0
1771963560.9994,37.5,50.0,0.0,PILOTING,SYS_GO,16.3379,3.83,0.0,0.0,54,0.0,0
1771963561.0962,33.1,50.0,0.0,PILOTING,SYS_GO,16.3763,3.83,0.0,0.0,54,0.0,0
1771963561.1369,31.9,50.0,0.0,PILOTING,SYS_GO,16.3986,3.83,0.0,0.0,54,0.0,0
1771963561.1826,34.2,50.0,0.0,PILOTING,SYS_GO,16.4125,3.83,0.0,0.0,54,0.0,0
1771963561.2739,29.8,50.0,0.0,PILOTING,SYS_GO,16.4611,3.83,0.0,0.0,257,0.0,0
1771963561.3203,31.1,50.0,0.0,PILOTING,SYS_GO,16.4777,3.83,0.0,0.0,257,0.0,0
1771963561.3969,27.7,50.0,0.0,PILOTING,SYS_GO,16.5196,3.83,0.0,0.0,257,0.0,0
1771963561.4425,31.7,50.0,0.0,PILOTING,SYS_GO,16.5322,3.83,0.0,0.0,257,0.0,0
1771963561.5338,27.9,50.0,0.0,PILOTING,SYS_GO,16.5802,3.83,0.0,0.0,257,0.0,0
1771963561.5849,31.1,50.0,0.0,PILOTING,SYS_GO,16.5938,3.83,0.0,0.0,257,0.0,0
1771963561.6581,27.8,50.0,0.0,PILOTING,SYS_GO,16.635,3.83,0.0,0.0,257,0.0,0
1771963561.7033,37.9,50.0,0.0,PILOTING,SYS_GO,16.6427,3.83,0.0,0.0,257,0.0,0
1771963561.7495,40.3,50.0,0.0,PILOTING,SYS_GO,16.6547,3.83,0.0,0.0,257,0.0,0
1771963561.7954,43.4,50.0,0.0,PILOTING,SYS_GO,16.6655,3.83,0.0,0.0,257,0.0,0
1771963561.8418,44.5,50.0,0.0,PILOTING,SYS_GO,16.6777,3.83,0.0,0.0,257,0.0,0
1771963561.8874,45.8,50.0,0.0,PILOTING,SYS_GO,16.6895,3.83,0.0,0.0,257,0.0,0
1771963561.9323,46.7,50.0,0.0,PILOTING,SYS_GO,16.7015,3.83,0.0,0.0,257,0.0,0
1771963561.9782,42.9,50.0,0.0,PILOTING,SYS_GO,16.7232,3.83,0.0,0.0,257,0.0,0
1771963562.0686,36.6,50.0,0.0,PILOTING,SYS_GO,16.7754,3.83,0.0,0.0,257,0.0,0
1771963562.1164,46.3,50.0,0.0,PILOTING,SYS_GO,16.7824,3.83,0.0,0.0,257,0.0,0
1771963562.2528,38.6,50.0,0.0,PILOTING,SYS_GO,16.8612,3.83,0.0,0.0,257,0.0,0
1771963562.2993,41.5,50.0,0.0,PILOTING,SYS_GO,16.8725,3.83,0.0,0.0,257,0.0,0
1771963562.3433,39.5,50.0,0.0,PILOTING,SYS_GO,16.8915,3.83,0.0,0.0,257,0.0,0
1771963562.4333,34.3,50.0,0.0,PILOTING,SYS_GO,16.9359,3.83,0.0,0.0,256,0.0,0
1771963562.4804,34.7,50.0,0.0,PILOTING,SYS_GO,16.9524,3.83,0.0,0.0,256,0.0,0
1771963562.57,30.1,50.0,0.0,PILOTING,SYS_GO,17.0042,3.83,0.0,0.0,256,0.0,0
1771963562.6191,41.1,50.0,0.0,PILOTING,SYS_GO,17.0113,3.83,0.0,0.0,256,0.0,0
1771963562.7234,35.1,50.0,0.0,PILOTING,SYS_GO,17.0644,3.83,0.0,0.0,256,0.0,0
1771963562.7682,36.7,50.0,0.0,PILOTING,SYS_GO,17.0784,3.83,0.0,0.0,256,0.0,0
1771963562.8753,31.4,50.0,0.0,PILOTING,SYS_GO,17.1378,3.83,0.0,0.0,256,0.0,0
1771963562.9214,40.3,50.0,0.0,PILOTING,SYS_GO,17.1457,3.83,0.0,0.0,256,0.0,0
1771963563.0125,34.6,50.0,0.0,PILOTING,SYS_GO,17.1976,3.83,0.0,0.0,256,0.0,0
1771963563.0623,45.5,50.0,0.0,PILOTING,SYS_GO,17.2043,3.83,0.0,0.0,256,0.0,0
1771963563.1824,38.2,50.0,0.0,PILOTING,SYS_GO,17.2718,3.83,0.0,0.0,256,0.0,0
1771963563.2307,41.2,50.0,0.0,PILOTING,SYS_GO,17.2831,3.83,0.0,0.0,256,0.0,0
1771963563.2741,39.5,50.0,0.0,PILOTING,SYS_GO,17.3015,3.83,0.0,0.0,256,0.0,0
1771963563.3502,34.6,50.0,0.0,PILOTING,SYS_GO,17.3417,3.83,0.0,0.0,256,0.0,0
1771963563.3964,34.8,50.0,0.0,PILOTING,SYS_GO,17.3584,3.83,0.0,0.0,256,0.0,0
1771963563.503,29.8,50.0,0.0,PILOTING,SYS_GO,17.4214,3.83,0.0,0.0,256,0.0,0
1771963563.5484,42.6,50.0,0.0,PILOTING,SYS_GO,17.4278,3.83,0.0,0.0,256,0.0,0
1771963563.6407,36.6,50.0,0.0,PILOTING,SYS_GO,17.4745,3.83,0.0,0.0,256,0.0,0
1771963563.6875,38.2,50.0,0.0,PILOTING,SYS_GO,17.4881,3.83,0.0,0.0,256,0.0,0
1771963563.7932,32.5,50.0,0.0,PILOTING,SYS_GO,17.55,3.83,0.0,0.0,256,0.0,0
1771963563.8396,44.2,50.0,0.0,PILOTING,SYS_GO,17.5565,3.83,0.0,0.0,256,0.0,0
1771963563.9301,38.0,50.0,0.0,PILOTING,SYS_GO,17.6024,3.83,0.0,0.0,256,0.0,0
1771963563.9856,37.9,50.0,0.0,PILOTING,SYS_GO,17.6184,3.83,0.0,0.0,256,0.0,0
1771963564.0815,32.6,50.0,0.0,PILOTING,SYS_GO,17.672,3.83,0.0,0.0,256,0.0,0
1771963564.1318,37.2,50.0,0.0,PILOTING,SYS_GO,17.6828,3.83,0.0,0.0,256,0.0,0
1771963564.2936,31.0,50.0,0.0,PILOTING,SYS_GO,17.7784,3.83,0.0,0.0,256,0.0,0
1771963564.3469,35.7,50.0,0.0,PILOTING,SYS_GO,17.7894,3.83,0.0,0.0,256,0.0,0
1771963564.4498,31.1,50.0,0.0,PILOTING,SYS_GO,17.837,3.83,0.0,0.0,256,0.0,0
1771963564.5109,29.6,50.0,0.0,PILOTING,SYS_GO,17.8624,3.83,0.0,0.0,256,0.0,0
1771963564.5536,30.3,50.0,0.0,PILOTING,SYS_GO,17.8804,3.83,0.0,0.0,256,0.0,0
1771963564.6443,26.8,50.0,0.0,PILOTING,SYS_GO,17.9272,3.83,0.0,0.0,256,0.0,0
1771963564.689,28.9,50.0,0.0,PILOTING,SYS_GO,17.9433,3.83,0.0,0.0,256,0.0,0
1771963564.7355,30.1,50.0,0.0,PILOTING,SYS_GO,17.9605,3.83,0.0,0.0,256,0.0,0
1771963564.8271,26.5,50.0,0.0,PILOTING,SYS_GO,18.0102,3.83,0.0,0.0,256,0.0,0
1771963564.8729,28.1,50.0,0.0,PILOTING,SYS_GO,18.0275,3.83,0.0,0.0,256,0.0,0
1771963564.9675,25.1,50.0,0.0,PILOTING,SYS_GO,18.0748,3.83,0.0,0.0,256,0.0,0
1771963565.0105,25.5,50.0,0.0,PILOTING,SYS_GO,18.097,3.83,0.0,0.0,256,0.0,0
1771963565.0737,24.8,50.0,0.0,PILOTING,SYS_GO,18.1243,3.83,0.0,0.0,256,0.0,0
1771963565.1801,21.8,50.0,0.0,PILOTING,SYS_GO,18.185,3.83,0.0,0.0,256,0.0,0
1771963565.2265,36.9,50.0,0.0,PILOTING,SYS_GO,18.1912,3.83,0.0,0.0,256,0.0,0
1771963565.3175,32.1,50.0,0.0,PILOTING,SYS_GO,18.2376,3.83,0.0,0.0,256,0.0,0
1771963565.3639,35.8,50.0,0.0,PILOTING,SYS_GO,18.2495,3.83,0.0,0.0,256,0.0,0
1771963565.4635,30.8,50.0,0.0,PILOTING,SYS_GO,18.3031,3.83,0.0,0.0,256,0.0,0
1771963565.5063,33.9,50.0,0.0,PILOTING,SYS_GO,18.3161,3.83,0.0,0.0,256,0.0,0
1771963565.5536,32.2,50.0,0.0,PILOTING,SYS_GO,18.3397,3.83,0.0,0.0,256,0.0,0
1771963565.6561,27.8,50.0,0.0,PILOTING,SYS_GO,18.3982,3.83,0.0,0.0,256,0.0,0
1771963565.7021,39.4,50.0,0.0,PILOTING,SYS_GO,18.4052,3.83,0.0,0.0,256,0.0,0
1771963565.8234,33.4,50.0,0.0,PILOTING,SYS_GO,18.471,3.83,0.0,0.0,256,0.0,0
1771963565.8684,39.4,50.0,0.0,PILOTING,SYS_GO,18.4805,3.83,0.0,0.0,256,0.0,0
1771963565.9153,36.8,50.0,0.0,PILOTING,SYS_GO,18.5031,3.83,0.0,0.0,256,0.0,0
1771963566.0373,31.2,50.0,0.0,PILOTING,SYS_GO,18.57,3.83,0.0,0.0,256,0.0,0
1771963566.0831,37.5,50.0,0.0,PILOTING,SYS_GO,18.5796,3.83,0.0,0.0,256,0.0,0
1771963566.176,32.3,50.0,0.0,PILOTING,SYS_GO,18.6308,3.83,0.0,0.0,256,0.0,0
1771963566.2219,39.8,50.0,0.0,PILOTING,SYS_GO,18.6394,3.83,0.0,0.0,256,0.0,0
1771963566.2692,39.9,50.0,0.0,PILOTING,SYS_GO,18.6543,3.83,0.0,0.0,256,0.0,0
1771963566.3728,34.1,50.0,0.0,PILOTING,SYS_GO,18.7078,3.83,0.0,0.0,256,0.0,0
1771963566.4341,31.7,50.0,0.0,PILOTING,SYS_GO,18.7352,3.83,0.0,0.0,256,0.0,0
1771963566.5574,27.1,50.0,0.0,PILOTING,SYS_GO,18.8029,3.83,0.0,0.0,256,0.0,0
1771963566.604,29.4,50.0,0.0,PILOTING,SYS_GO,18.8184,3.83,0.0,0.0,256,0.0,0
1771963566.673,27.6,50.0,0.0,PILOTING,SYS_GO,18.848,3.83,0.0,0.0,256,0.0,0
1771963566.7713,24.5,50.0,0.0,PILOTING,SYS_GO,18.8971,3.83,0.0,0.0,256,0.0,0
1771963566.8173,27.7,50.0,0.0,PILOTING,SYS_GO,18.9119,3.83,0.0,0.0,256,0.0,0
1771963566.874,27.4,50.0,0.0,PILOTING,SYS_GO,18.935,3.83,0.0,0.0,256,0.0,0
1771963566.9403,25.0,50.0,0.0,PILOTING,SYS_GO,18.9732,3.83,0.0,0.0,256,0.0,0
1771963567.0493,22.1,50.0,0.0,PILOTING,SYS_GO,19.0315,3.83,0.0,0.0,256,0.0,0
1771963567.1033,28.1,50.0,0.0,PILOTING,SYS_GO,19.043,3.83,0.0,0.0,256,0.0,0
1771963567.1886,25.2,50.0,0.0,PILOTING,SYS_GO,19.0873,3.83,0.0,0.0,256,0.0,0
1771963567.251,24.8,50.0,0.0,PILOTING,SYS_GO,19.1133,3.83,0.0,0.0,256,0.0,0
1771963567.2943,26.1,50.0,0.0,PILOTING,SYS_GO,19.1322,3.83,0.0,0.0,256,0.0,0
1771963567.387,23.2,50.0,0.0,PILOTING,SYS_GO,19.1851,3.83,0.0,0.0,255,0.0,0
1771963567.4317,33.8,50.0,0.0,PILOTING,SYS_GO,19.193,3.83,0.0,0.0,255,0.0,0
1771963567.5466,29.0,50.0,0.0,PILOTING,SYS_GO,19.2541,3.83,0.0,0.0,255,0.0,0
1771963567.5855,31.6,50.0,0.0,PILOTING,SYS_GO,19.2684,3.83,0.0,0.0,255,0.0,0
1771963567.6462,32.6,50.0,0.0,PILOTING,SYS_GO,19.2848,3.83,0.0,0.0,255,0.0,0
1771963567.7523,28.3,50.0,0.0,PILOTING,SYS_GO,19.3395,3.83,0.0,0.0,255,0.0,0
1771963567.7972,28.3,50.0,0.0,PILOTING,SYS_GO,19.3608,3.83,0.0,0.0,255,0.0,0
1771963567.8803,26.0,50.0,0.0,PILOTING,SYS_GO,19.3967,3.83,0.0,0.0,255,0.0,0
1771963567.9212,27.1,50.0,0.0,PILOTING,SYS_GO,19.4157,3.83,0.0,0.0,255,0.0,0
1771963567.968,28.4,50.0,0.0,PILOTING,SYS_GO,19.4336,3.83,0.0,0.0,255,0.0,0
1771963568.1057,24.2,50.0,0.0,PILOTING,SYS_GO,19.5113,3.83,0.0,0.0,255,0.0,0
1771963568.154,28.0,50.0,0.0,PILOTING,SYS_GO,19.5252,3.83,0.0,0.0,255,0.0,0
1771963568.2726,24.2,50.0,0.0,PILOTING,SYS_GO,19.5929,3.83,0.0,0.0,255,0.0,0
1771963568.3171,25.5,50.0,0.0,PILOTING,SYS_GO,19.6123,3.83,0.0,0.0,255,0.0,0
1771963568.3643,25.1,50.0,0.0,PILOTING,SYS_GO,19.6378,3.83,0.0,0.0,255,0.0,0
1771963568.4854,21.8,50.0,0.0,PILOTING,SYS_GO,19.7083,3.83,0.0,0.0,255,0.0,0
1771963568.538,29.8,50.0,0.0,PILOTING,SYS_GO,19.718,3.83,0.0,0.0,255,0.0,0
1771963568.6254,27.3,50.0,0.0,PILOTING,SYS_GO,19.7531,3.83,0.0,0.0,255,0.0,0
1771963568.6715,27.0,50.0,0.0,PILOTING,SYS_GO,19.7765,3.83,0.0,0.0,255,0.0,0
1771963568.7197,28.8,50.0,0.0,PILOTING,SYS_GO,19.7931,3.83,0.0,0.0,255,0.0,0
1771963568.8085,25.6,50.0,0.0,PILOTING,SYS_GO,19.84,3.83,0.0,0.0,255,0.0,0
1771963568.8608,35.2,50.0,0.0,PILOTING,SYS_GO,19.8482,3.83,0.0,0.0,255,0.0,0
1771963568.9773,30.1,50.0,0.0,PILOTING,SYS_GO,19.9088,3.83,0.0,0.0,255,0.0,0
1771963569.0223,34.6,50.0,0.0,PILOTING,SYS_GO,19.9202,3.83,0.0,0.0,255,0.0,0
1771963569.1752,29.1,50.0,0.0,PILOTING,SYS_GO,20.0029,3.83,0.0,0.0,255,0.0,0
1771963569.2282,41.8,50.0,0.0,PILOTING,SYS_GO,20.0094,3.83,0.0,0.0,255,0.0,0
1771963569.3126,36.0,50.0,0.0,PILOTING,SYS_GO,20.0567,3.83,0.0,0.0,255,0.0,0
1771963569.3625,37.7,50.0,0.0,PILOTING,SYS_GO,20.0702,3.83,0.0,0.0,255,0.0,0
1771963569.4511,32.5,50.0,0.0,PILOTING,SYS_GO,20.1214,3.83,0.0,0.0,255,0.0,0
1771963569.4999,41.4,50.0,0.0,PILOTING,SYS_GO,20.1292,3.83,0.0,0.0,255,0.0,0
1771963569.6046,35.3,50.0,0.0,PILOTING,SYS_GO,20.1851,3.83,0.0,0.0,255,0.0,0
1771963569.6559,40.1,50.0,0.0,PILOTING,SYS_GO,20.1953,3.83,0.0,0.0,255,0.0,0
1771963569.7271,35.4,50.0,0.0,PILOTING,SYS_GO,20.2313,3.83,0.0,0.0,255,0.0,0
1771963569.7736,39.3,50.0,0.0,PILOTING,SYS_GO,20.2422,3.83,0.0,0.0,255,0.0,0
1771963569.865,33.9,50.0,0.0,PILOTING,SYS_GO,20.2909,3.83,0.0,0.0,255,0.0,0
1771963569.9139,34.2,50.0,0.0,PILOTING,SYS_GO,20.3077,3.83,0.0,0.0,255,0.0,0
1771963569.9555,35.2,50.0,0.0,PILOTING,SYS_GO,20.3232,3.83,0.0,0.0,255,0.0,0
1771963570.0299,31.0,50.0,0.0,PILOTING,SYS_GO,20.365,3.83,0.0,0.0,255,0.0,0
1771963570.077,31.9,50.0,0.0,PILOTING,SYS_GO,20.382,3.83,0.0,0.0,255,0.0,0
1771963570.1526,28.5,50.0,0.0,PILOTING,SYS_GO,20.4212,3.83,0.0,0.0,255,0.0,0
1771963570.1993,30.6,50.0,0.0,PILOTING,SYS_GO,20.4367,3.83,0.0,0.0,255,0.0,0
1771963570.2928,26.8,50.0,0.0,PILOTING,SYS_GO,20.4886,3.83,0.0,0.0,255,0.0,0
1771963570.3384,30.6,50.0,0.0,PILOTING,SYS_GO,20.5017,3.83,0.0,0.0,255,0.0,0
1771963570.3855,31.7,50.0,0.0,PILOTING,SYS_GO,20.5184,3.83,0.0,0.0,255,0.0,0
1771963570.4572,28.6,50.0,0.0,PILOTING,SYS_GO,20.5555,3.83,0.0,0.0,255,0.0,0
1771963570.505,34.8,50.0,0.0,PILOTING,SYS_GO,20.5655,3.83,0.0,0.0,255,0.0,0
1771963570.6079,30.1,50.0,0.0,PILOTING,SYS_GO,20.6204,3.83,0.0,0.0,255,0.0,0
1771963570.6572,32.5,50.0,0.0,PILOTING,SYS_GO,20.6346,3.83,0.0,0.0,255,0.0,0
1771963570.7444,28.5,50.0,0.0,PILOTING,SYS_GO,20.6817,3.83,0.0,0.0,255,0.0,0
1771963570.7905,32.6,50.0,0.0,PILOTING,SYS_GO,20.6941,3.83,0.0,0.0,255,0.0,0
1771963570.8853,28.7,50.0,0.0,PILOTING,SYS_GO,20.7393,3.83,0.0,0.0,255,0.0,0
1771963570.9334,32.0,50.0,0.0,PILOTING,SYS_GO,20.7526,3.83,0.0,0.0,255,0.0,0
1771963571.0215,28.3,50.0,0.0,PILOTING,SYS_GO,20.797,3.83,0.0,0.0,255,0.0,0
1771963571.0753,28.9,50.0,0.0,PILOTING,SYS_GO,20.8162,3.83,0.0,0.0,255,0.0,0
1771963571.1608,26.0,50.0,0.0,PILOTING,SYS_GO,20.8584,3.83,0.0,0.0,255,0.0,0
1771963571.2133,27.9,50.0,0.0,PILOTING,SYS_GO,20.8753,3.83,0.0,0.0,255,0.0,0
1771963571.2989,24.8,50.0,0.0,PILOTING,SYS_GO,20.9245,3.83,0.0,0.0,255,0.0,0
1771963571.3434,32.0,50.0,0.0,PILOTING,SYS_GO,20.9343,3.83,0.0,0.0,255,0.0,0
1771963571.4371,28.2,50.0,0.0,PILOTING,SYS_GO,20.9794,3.83,0.0,0.0,255,0.0,0
1771963571.4838,29.5,50.0,0.0,PILOTING,SYS_GO,20.9968,3.83,0.0,0.0,255,0.0,0
1771963571.5399,30.5,50.0,0.0,PILOTING,SYS_GO,21.0141,3.83,0.0,0.0,255,0.0,0
1771963571.6033,28.0,50.0,0.0,PILOTING,SYS_GO,21.0481,3.83,0.0,0.0,255,0.0,0
1771963571.6673,32.7,50.0,0.0,PILOTING,SYS_GO,21.0598,3.83,0.0,0.0,255,0.0,0
1771963571.7419,29.4,50.0,0.0,PILOTING,SYS_GO,21.0968,3.83,0.0,0.0,255,0.0,0
1771963571.7897,31.6,50.0,0.0,PILOTING,SYS_GO,21.1115,3.83,0.0,0.0,255,0.0,0
1771963571.8635,28.3,50.0,0.0,PILOTING,SYS_GO,21.1517,3.83,0.0,0.0,255,0.0,0
1771963571.9138,32.9,50.0,0.0,PILOTING,SYS_GO,21.1635,3.83,0.0,0.0,255,0.0,0
1771963572.0013,28.9,50.0,0.0,PILOTING,SYS_GO,21.2091,3.83,0.0,0.0,255,0.0,0
1771963572.0466,30.4,50.0,0.0,PILOTING,SYS_GO,21.2257,3.83,0.0,0.0,255,0.0,0
1771963572.1522,26.2,50.0,0.0,PILOTING,SYS_GO,21.2875,3.83,0.0,0.0,255,0.0,0
1771963572.1981,38.2,50.0,0.0,PILOTING,SYS_GO,21.2945,3.83,0.0,0.0,255,0.0,0
1771963572.2902,33.2,50.0,0.0,PILOTING,SYS_GO,21.3405,3.83,0.0,0.0,255,0.0,0
1771963572.3368,33.9,50.0,0.0,PILOTING,SYS_GO,21.3567,3.83,0.0,0.0,255,0.0,0
1771963572.4419,29.2,50.0,0.0,PILOTING,SYS_GO,21.4134,3.83,0.0,0.0,255,0.0,0
1771963572.4906,32.7,50.0,0.0,PILOTING,SYS_GO,21.4263,3.83,0.0,0.0,255,0.0,0
1771963572.5958,28.3,50.0,0.0,PILOTING,SYS_GO,21.4814,3.83,0.0,0.0,255,0.0,0
1771963572.6407,29.9,50.0,0.0,PILOTING,SYS_GO,21.4979,3.83,0.0,0.0,255,0.0,0
1771963572.7164,26.8,50.0,0.0,PILOTING,SYS_GO,21.5398,3.83,0.0,0.0,255,0.0,0
1771963572.7662,31.9,50.0,0.0,PILOTING,SYS_GO,21.5513,3.83,0.0,0.0,255,0.0,0
1771963572.8838,27.4,50.0,0.0,PILOTING,SYS_GO,21.6134,3.83,0.0,0.0,255,0.0,0
1771963572.9306,29.7,50.0,0.0,PILOTING,SYS_GO,21.6289,3.83,0.0,0.0,255,0.0,0
1771963573.0372,25.9,50.0,0.0,PILOTING,SYS_GO,21.6841,3.83,0.0,0.0,255,0.0,0
1771963573.0828,27.9,50.0,0.0,PILOTING,SYS_GO,21.7009,3.83,0.0,0.0,255,0.0,0
1771963573.1904,24.2,50.0,0.0,PILOTING,SYS_GO,21.7643,3.83,0.0,0.0,255,0.0,0
1771963573.2409,29.1,50.0,0.0,PILOTING,SYS_GO,21.7766,3.83,0.0,0.0,255,0.0,0
1771963573.2821,29.4,50.0,0.0,PILOTING,SYS_GO,21.7961,3.83,0.0,0.0,255,0.0,0
1771963573.3583,26.2,50.0,0.0,PILOTING,SYS_GO,21.8406,3.83,0.0,0.0,255,0.0,0
1771963573.404,37.3,50.0,0.0,PILOTING,SYS_GO,21.848,3.83,0.0,0.0,255,0.0,0
1771963573.5109,31.9,50.0,0.0,PILOTING,SYS_GO,21.9064,3.83,0.0,0.0,255,0.0,0
1771963573.5573,36.6,50.0,0.0,PILOTING,SYS_GO,21.9172,3.83,0.0,0.0,255,0.0,0
1771963573.6184,33.3,50.0,0.0,PILOTING,SYS_GO,21.947,3.83,0.0,0.0,255,0.0,0
1771963573.7403,28.3,50.0,0.0,PILOTING,SYS_GO,22.019,3.83,0.0,0.0,255,0.0,0
1771963573.7872,41.1,50.0,0.0,PILOTING,SYS_GO,22.0255,3.83,0.0,0.0,255,0.0,0
1771963573.8767,35.2,50.0,0.0,PILOTING,SYS_GO,22.0771,3.83,0.0,0.0,255,0.0,0
1771963573.9219,44.8,50.0,0.0,PILOTING,SYS_GO,22.0844,3.83,0.0,0.0,255,0.0,0
1771963574.0431,37.6,50.0,0.0,PILOTING,SYS_GO,22.1496,3.83,0.0,0.0,255,0.0,0
1771963574.0904,40.8,50.0,0.0,PILOTING,SYS_GO,22.1609,3.83,0.0,0.0,255,0.0,0
1771963574.1658,35.9,50.0,0.0,PILOTING,SYS_GO,22.1972,3.83,0.0,0.0,255,0.0,0
1771963574.273,30.8,50.0,0.0,PILOTING,SYS_GO,22.2558,3.83,0.0,0.0,255,0.0,0
1771963574.3184,34.8,50.0,0.0,PILOTING,SYS_GO,22.2676,3.83,0.0,0.0,255,0.0,0
1771963574.3735,32.3,50.0,0.0,PILOTING,SYS_GO,22.2947,3.83,0.0,0.0,255,0.0,0
1771963574.4554,28.5,50.0,0.0,PILOTING,SYS_GO,22.3391,3.83,0.0,0.0,255,0.0,0
1771963574.5011,39.6,50.0,0.0,PILOTING,SYS_GO,22.3463,3.83,0.0,0.0,255,0.0,0
1771963574.6218,33.4,50.0,0.0,PILOTING,SYS_GO,22.4141,3.83,0.0,0.0,255,0.0,0
1771963574.6706,39.7,50.0,0.0,PILOTING,SYS_GO,22.4233,3.83,0.0,0.0,255,0.0,0
1771963574.7148,36.9,50.0,0.0,PILOTING,SYS_GO,22.4468,3.83,0.0,0.0,255,0.0,0
1771963574.7901,32.3,50.0,0.0,PILOTING,SYS_GO,22.4892,3.83,0.0,0.0,255,0.0,0
1771963574.8354,42.7,50.0,0.0,PILOTING,SYS_GO,22.4963,3.83,0.0,0.0,255,0.0,0
1771963574.957,35.9,50.0,0.0,PILOTING,SYS_GO,22.5672,3.83,0.0,0.0,255,0.0,0
1771963575.004,46.0,50.0,0.0,PILOTING,SYS_GO,22.5741,3.83,0.0,0.0,255,0.0,0
1771963575.1268,38.7,50.0,0.0,PILOTING,SYS_GO,22.6374,3.83,0.0,0.0,255,0.0,0
1771963575.1733,40.2,50.0,0.0,PILOTING,SYS_GO,22.6504,3.83,0.0,0.0,255,0.0,0
1771963575.2268,36.9,50.0,0.0,PILOTING,SYS_GO,22.6758,3.83,0.0,0.0,255,0.0,0
1771963575.3251,31.7,50.0,0.0,PILOTING,SYS_GO,22.7308,3.83,0.0,0.0,255,0.0,0
1771963575.3769,41.8,50.0,0.0,PILOTING,SYS_GO,22.7381,3.83,0.0,0.0,255,0.0,0
1771963575.4781,35.6,50.0,0.0,PILOTING,SYS_GO,22.794,3.83,0.0,0.0,255,0.0,0
1771963575.5232,44.2,50.0,0.0,PILOTING,SYS_GO,22.8016,3.83,0.0,0.0,255,0.0,0
1771963575.66,37.0,50.0,0.0,PILOTING,SYS_GO,22.8754,3.83,0.0,0.0,255,0.0,0
1771963575.7139,35.4,50.0,0.0,PILOTING,SYS_GO,22.8959,3.83,0.0,0.0,255,0.0,0
1771963575.8429,30.0,50.0,0.0,PILOTING,SYS_GO,22.9673,3.83,0.0,0.0,255,0.0,0
1771963575.8922,36.5,50.0,0.0,PILOTING,SYS_GO,22.9769,3.83,0.0,0.0,255,0.0,0
1771963576.0113,31.0,50.0,0.0,PILOTING,SYS_GO,23.0434,3.83,0.0,0.0,255,0.0,0
1771963576.0583,34.7,50.0,0.0,PILOTING,SYS_GO,23.0556,3.83,0.0,0.0,255,0.0,0
1771963576.1083,33.0,50.0,0.0,PILOTING,SYS_GO,23.0785,3.83,0.0,0.0,255,0.0,0
1771963576.2097,28.5,50.0,0.0,PILOTING,SYS_GO,23.1366,3.83,0.0,0.0,255,0.0,0
1771963576.2582,37.4,50.0,0.0,PILOTING,SYS_GO,23.1448,3.83,0.0,0.0,255,0.0,0
1771963576.3334,33.3,50.0,0.0,PILOTING,SYS_GO,23.1805,3.83,0.0,0.0,255,0.0,0
1771963576.407,29.5,50.0,0.0,PILOTING,SYS_GO,23.2229,3.83,0.0,0.0,255,0.0,0
1771963576.4545,34.4,50.0,0.0,PILOTING,SYS_GO,23.234,3.83,0.0,0.0,255,0.0,0
1771963576.558,29.8,50.0,0.0,PILOTING,SYS_GO,23.2868,3.83,0.0,0.0,255,0.0,0
1771963576.6045,34.0,50.0,0.0,PILOTING,SYS_GO,23.2986,3.83,0.0,0.0,255,0.0,0
1771963576.6498,35.1,50.0,0.0,PILOTING,SYS_GO,23.3138,3.83,0.0,0.0,255,0.0,0
1771963576.7404,30.6,50.0,0.0,PILOTING,SYS_GO,23.3616,3.83,0.0,0.0,255,0.0,0
1771963576.7876,34.1,50.0,0.0,PILOTING,SYS_GO,23.3741,3.83,0.0,0.0,255,0.0,0
1771963576.8617,30.1,50.0,0.0,PILOTING,SYS_GO,23.4158,3.83,0.0,0.0,255,0.0,0
1771963576.914,36.3,50.0,0.0,PILOTING,SYS_GO,23.4257,3.83,0.0,0.0,255,0.0,0
1771963577.0318,31.0,50.0,0.0,PILOTING,SYS_GO,23.4863,3.83,0.0,0.0,255,0.0,0
1771963577.0785,32.1,50.0,0.0,PILOTING,SYS_GO,23.5029,3.83,0.0,0.0,255,0.0,0
1771963577.1826,27.7,50.0,0.0,PILOTING,SYS_GO,23.561,3.83,0.0,0.0,255,0.0,0
1771963577.2294,38.4,50.0,0.0,PILOTING,SYS_GO,23.5684,3.83,0.0,0.0,255,0.0,0
1771963577.3518,32.6,50.0,0.0,PILOTING,SYS_GO,23.632,3.83,0.0,0.0,255,0.0,0
1771963577.3991,32.9,50.0,0.0,PILOTING,SYS_GO,23.6496,3.83,0.0,0.0,255,0.0,0
1771963577.4885,29.0,50.0,0.0,PILOTING,SYS_GO,23.6942,3.83,0.0,0.0,255,0.0,0
1771963577.5338,30.7,50.0,0.0,PILOTING,SYS_GO,23.7103,3.83,0.0,0.0,255,0.0,0
1771963577.6257,27.2,50.0,0.0,PILOTING,SYS_GO,23.7562,3.83,0.0,0.0,255,0.0,0
1771963577.6748,30.9,50.0,0.0,PILOTING,SYS_GO,23.7693,3.83,0.0,0.0,255,0.0,0
1771963577.7608,27.2,50.0,0.0,PILOTING,SYS_GO,23.8181,3.83,0.0,0.0,255,0.0,0
1771963577.8078,35.9,50.0,0.0,PILOTING,SYS_GO,23.8266,3.83,0.0,0.0,255,0.0,0
1771963577.9599,30.1,50.0,0.0,PILOTING,SYS_GO,23.9113,3.83,0.0,0.0,255,0.0,0
1771963578.0066,34.2,50.0,0.0,PILOTING,SYS_GO,23.9231,3.83,0.0,0.0,255,0.0,0
1771963578.128,29.1,50.0,0.0,PILOTING,SYS_GO,23.9922,3.83,0.0,0.0,255,0.0,0
1771963578.1743,37.4,50.0,0.0,PILOTING,SYS_GO,24.0007,3.83,0.0,0.0,255,0.0,0
1771963578.2469,33.3,50.0,0.0,PILOTING,SYS_GO,24.0363,3.83,0.0,0.0,255,0.0,0
1771963578.2977,32.7,50.0,0.0,PILOTING,SYS_GO,24.0562,3.83,0.0,0.0,255,0.0,0
1771963578.3573,31.2,50.0,0.0,PILOTING,SYS_GO,24.0798,3.83,0.0,0.0,255,0.0,0
1771963578.4184,28.5,50.0,0.0,PILOTING,SYS_GO,24.1135,3.83,0.0,0.0,255,0.0,0
1771963578.4643,39.5,50.0,0.0,PILOTING,SYS_GO,24.1207,3.83,0.0,0.0,255,0.0,0
1771963578.5702,33.6,50.0,0.0,PILOTING,SYS_GO,24.181,3.83,0.0,0.0,255,0.0,0
1771963578.6183,41.4,50.0,0.0,PILOTING,SYS_GO,24.1893,3.83,0.0,0.0,255,0.0,0
1771963578.7084,35.6,50.0,0.0,PILOTING,SYS_GO,24.2369,3.83,0.0,0.0,255,0.0,0
1771963578.7535,47.6,50.0,0.0,PILOTING,SYS_GO,24.2432,3.83,0.0,0.0,255,0.0,0
1771963578.8516,40.6,50.0,0.0,PILOTING,SYS_GO,24.2908,3.83,0.0,0.0,255,0.0,0
1771963578.8918,44.1,50.0,0.0,PILOTING,SYS_GO,24.3011,3.83,0.0,0.0,255,0.0,0
1771963578.9531,40.9,50.0,0.0,PILOTING,SYS_GO,24.3224,3.83,0.0,0.0,255,0.0,0
1771963579.0143,36.7,50.0,0.0,PILOTING,SYS_GO,24.3527,3.83,0.0,0.0,255,0.0,0
1771963579.0638,38.6,50.0,0.0,PILOTING,SYS_GO,24.3657,3.83,0.0,0.0,255,0.0,0
1771963579.1836,32.8,50.0,0.0,PILOTING,SYS_GO,24.4299,3.83,0.0,0.0,255,0.0,0
1771963579.2307,38.6,50.0,0.0,PILOTING,SYS_GO,24.4396,3.83,0.0,0.0,255,0.0,0
1771963579.314,34.2,50.0,0.0,PILOTING,SYS_GO,24.4759,3.83,0.0,0.0,255,0.0,0
1771963579.3536,35.4,50.0,0.0,PILOTING,SYS_GO,24.4908,3.83,0.0,0.0,255,0.0,0
1771963579.3984,36.4,50.0,0.0,PILOTING,SYS_GO,24.5056,3.83,0.0,0.0,255,0.0,0
1771963579.4749,32.3,50.0,0.0,PILOTING,SYS_GO,24.544,3.83,0.0,0.0,255,0.0,0
1771963579.521,33.7,50.0,0.0,PILOTING,SYS_GO,24.5592,3.83,0.0,0.0,255,0.0,0
1771963579.627,29.0,50.0,0.0,PILOTING,SYS_GO,24.6173,3.83,0.0,0.0,255,0.0,0
1771963579.6731,40.6,50.0,0.0,PILOTING,SYS_GO,24.6242,3.83,0.0,0.0,255,0.0,0
1771963579.7648,34.9,50.0,0.0,PILOTING,SYS_GO,24.6732,3.83,0.0,0.0,255,0.0,0
1771963579.8109,38.4,50.0,0.0,PILOTING,SYS_GO,24.6846,3.83,0.0,0.0,255,0.0,0
1771963579.9033,33.2,50.0,0.0,PILOTING,SYS_GO,24.7337,3.83,0.0,0.0,255,0.0,0
1771963579.9596,41.4,50.0,0.0,PILOTING,SYS_GO,24.7418,3.83,0.0,0.0,255,0.0,0
1771963580.0405,35.8,50.0,0.0,PILOTING,SYS_GO,24.7872,3.83,0.0,0.0,255,0.0,0
1771963580.0873,45.6,50.0,0.0,PILOTING,SYS_GO,24.7942,3.83,0.0,0.0,255,0.0,0
1771963580.2236,38.2,50.0,0.0,PILOTING,SYS_GO,24.8671,3.83,0.0,0.0,255,0.0,0
1771963580.2696,43.0,50.0,0.0,PILOTING,SYS_GO,24.8768,3.83,0.0,0.0,255,0.0,0
1771963580.3618,36.6,50.0,0.0,PILOTING,SYS_GO,24.9305,3.83,0.0,0.0,255,0.0,0
1771963580.4068,44.5,50.0,0.0,PILOTING,SYS_GO,24.9384,3.83,0.0,0.0,255,0.0,0
1771963580.5009,37.9,50.0,0.0,PILOTING,SYS_GO,24.9904,3.83,0.0,0.0,255,0.0,0
1771963580.5437,42.7,50.0,0.0,PILOTING,SYS_GO,25.0001,3.83,0.0,0.0,255,0.0,0
1771963580.6513,36.2,50.0,0.0,PILOTING,SYS_GO,25.0588,3.83,0.0,0.0,255,0.0,0
1771963580.701,39.2,50.0,0.0,PILOTING,SYS_GO,25.0705,3.83,0.0,0.0,255,0.0,0
1771963580.7919,34.9,50.0,0.0,PILOTING,SYS_GO,25.1049,3.83,0.0,0.0,255,0.0,0
1771963580.8369,45.0,50.0,0.0,PILOTING,SYS_GO,25.1119,3.83,0.0,0.0,255,0.0,0
1771963580.9124,39.4,50.0,0.0,PILOTING,SYS_GO,25.1476,3.83,0.0,0.0,255,0.0,0
1771963580.973,36.1,50.0,0.0,PILOTING,SYS_GO,25.1736,3.83,0.0,0.0,255,0.0,0
1771963581.0175,37.0,50.0,0.0,PILOTING,SYS_GO,25.1885,3.83,0.0,0.0,255,0.0,0
1771963581.0934,32.4,50.0,0.0,PILOTING,SYS_GO,25.231,3.83,0.0,0.0,255,0.0,0
1771963581.1431,44.1,50.0,0.0,PILOTING,SYS_GO,25.2376,3.83,0.0,0.0,255,0.0,0
1771963581.2476,37.3,50.0,0.0,PILOTING,SYS_GO,25.2948,3.83,0.0,0.0,255,0.0,0
1771963581.2934,41.5,50.0,0.0,PILOTING,SYS_GO,25.3051,3.83,0.0,0.0,255,0.0,0
1771963581.4008,35.2,50.0,0.0,PILOTING,SYS_GO,25.3651,3.83,0.0,0.0,255,0.0,0
1771963581.4495,46.9,50.0,0.0,PILOTING,SYS_GO,25.3715,3.83,0.0,0.0,255,0.0,0
1771963581.5539,39.5,50.0,0.0,PILOTING,SYS_GO,25.4327,3.83,0.0,0.0,255,0.0,0
1771963581.6023,44.2,50.0,0.0,PILOTING,SYS_GO,25.4422,3.83,0.0,0.0,255,0.0,0
1771963581.6637,39.0,50.0,0.0,PILOTING,SYS_GO,25.4756,3.83,0.0,0.0,255,0.0,0
1771963581.7367,34.2,50.0,0.0,PILOTING,SYS_GO,25.5147,3.83,0.0,0.0,255,0.0,0
1771963581.7884,41.2,50.0,0.0,PILOTING,SYS_GO,25.5233,3.83,0.0,0.0,255,0.0,0
1771963581.9034,34.8,50.0,0.0,PILOTING,SYS_GO,25.5882,3.83,0.0,0.0,255,0.0,0
1771963581.9491,38.0,50.0,0.0,PILOTING,SYS_GO,25.6001,3.83,0.0,0.0,255,0.0,0
1771963582.0408,32.7,50.0,0.0,PILOTING,SYS_GO,25.6532,3.83,0.0,0.0,255,0.0,0
1771963582.092,39.1,50.0,0.0,PILOTING,SYS_GO,25.6624,3.83,0.0,0.0,255,0.0,0
1771963582.1628,34.9,50.0,0.0,PILOTING,SYS_GO,25.6957,3.83,0.0,0.0,255,0.0,0
1771963582.2402,30.7,50.0,0.0,PILOTING,SYS_GO,25.7383,3.83,0.0,0.0,255,0.0,0
1771963582.2868,32.5,50.0,0.0,PILOTING,SYS_GO,25.7534,3.83,0.0,0.0,255,0.0,0
1771963582.3803,28.3,50.0,0.0,PILOTING,SYS_GO,25.8055,3.83,0.0,0.0,255,0.0,0
1771963582.4257,38.7,50.0,0.0,PILOTING,SYS_GO,25.813,3.83,0.0,0.0,255,0.0,0
1771963582.5478,32.8,50.0,0.0,PILOTING,SYS_GO,25.878,3.83,0.0,0.0,255,0.0,0
1771963582.6001,36.2,50.0,0.0,PILOTING,SYS_GO,25.8899,3.83,0.0,0.0,255,0.0,0
1771963582.6447,35.9,50.0,0.0,PILOTING,SYS_GO,25.9074,3.83,0.0,0.0,255,0.0,0
1771963582.7472,31.0,50.0,0.0,PILOTING,SYS_GO,25.9591,3.83,0.0,0.0,255,0.0,0
1771963582.7944,32.0,50.0,0.0,PILOTING,SYS_GO,25.9758,3.83,0.0,0.0,255,0.0,0
1771963582.8855,28.2,50.0,0.0,PILOTING,SYS_GO,26.0216,3.83,0.0,0.0,255,0.0,0
1771963582.9573,26.9,50.0,0.0,PILOTING,SYS_GO,26.0493,3.83,0.0,0.0,255,0.0,0
1771963583.0529,23.8,50.0,0.0,PILOTING,SYS_GO,26.1028,3.83,0.0,0.0,255,0.0,0
1771963583.0981,36.9,50.0,0.0,PILOTING,SYS_GO,26.1096,3.83,0.0,0.0,255,0.0,0
1771963583.2057,31.5,50.0,0.0,PILOTING,SYS_GO,26.1684,3.83,0.0,0.0,255,0.0,0
1771963583.2512,37.9,50.0,0.0,PILOTING,SYS_GO,26.1778,3.83,0.0,0.0,255,0.0,0
1771963583.3726,32.1,50.0,0.0,PILOTING,SYS_GO,26.2458,3.83,0.0,0.0,255,0.0,0
1771963583.4192,42.5,50.0,0.0,PILOTING,SYS_GO,26.253,3.83,0.0,0.0,255,0.0,0
1771963583.5105,36.3,50.0,0.0,PILOTING,SYS_GO,26.3051,3.83,0.0,0.0,255,0.0,0
1771963583.5559,47.5,50.0,0.0,PILOTING,SYS_GO,26.3116,3.83,0.0,0.0,255,0.0,0
1771963583.6606,40.2,50.0,0.0,PILOTING,SYS_GO,26.366,3.83,0.0,0.0,255,0.0,0
1771963583.7061,44.6,50.0,0.0,PILOTING,SYS_GO,26.3756,3.83,0.0,0.0,255,0.0,0
1771963583.843,37.3,50.0,0.0,PILOTING,SYS_GO,26.4485,3.83,0.0,0.0,255,0.0,0
1771963583.8905,46.6,50.0,0.0,PILOTING,SYS_GO,26.4557,3.83,0.0,0.0,255,0.0,0
1771963583.9958,39.3,50.0,0.0,PILOTING,SYS_GO,26.5138,3.83,0.0,0.0,376,0.0,0
1771963584.0473,47.3,50.0,0.0,PILOTING,SYS_GO,26.5213,3.83,0.0,0.0,376,0.0,0
1771963584.1032,42.2,50.0,0.0,PILOTING,SYS_GO,26.5488,3.83,0.0,0.0,376,0.0,0
1771963584.1791,37.0,50.0,0.0,PILOTING,SYS_GO,26.5867,3.83,0.0,0.0,376,0.0,0
1771963584.2271,37.2,50.0,0.0,PILOTING,SYS_GO,26.6025,3.83,0.0,0.0,376,0.0,0
1771963584.3023,32.9,50.0,0.0,PILOTING,SYS_GO,26.6407,3.83,0.0,0.0,376,0.0,0
1771963584.351,33.3,50.0,0.0,PILOTING,SYS_GO,26.6577,3.83,0.0,0.0,376,0.0,0
1771963584.4143,31.3,50.0,0.0,PILOTING,SYS_GO,26.6839,3.83,0.0,0.0,376,0.0,0
1771963584.4856,28.1,50.0,0.0,PILOTING,SYS_GO,26.7227,3.83,0.0,0.0,376,0.0,0
1771963584.5308,32.0,50.0,0.0,PILOTING,SYS_GO,26.7353,3.83,0.0,0.0,376,0.0,0
1771963584.6236,27.8,50.0,0.0,PILOTING,SYS_GO,26.7901,3.83,0.0,0.0,376,0.0,0
1771963584.6735,39.0,50.0,0.0,PILOTING,SYS_GO,26.7972,3.83,0.0,0.0,376,0.0,0
1771963584.7627,33.5,50.0,0.0,PILOTING,SYS_GO,26.8479,3.83,0.0,0.0,376,0.0,0
1771963584.8114,44.6,50.0,0.0,PILOTING,SYS_GO,26.8547,3.83,0.0,0.0,376,0.0,0
1771963584.8707,41.1,50.0,0.0,PILOTING,SYS_GO,26.8765,3.83,0.0,0.0,376,0.0,0
1771963584.9617,35.2,50.0,0.0,PILOTING,SYS_GO,26.9293,3.83,0.0,0.0,376,0.0,0
1771963585.0073,47.0,50.0,0.0,PILOTING,SYS_GO,26.9356,3.83,0.0,0.0,376,0.0,0
1771963585.0987,40.1,50.0,0.0,PILOTING,SYS_GO,26.9843,3.83,0.0,0.0,376,0.0,0
1771963585.148,42.1,50.0,0.0,PILOTING,SYS_GO,26.9963,3.83,0.0,0.0,376,0.0,0
1771963585.1905,41.9,50.0,0.0,PILOTING,SYS_GO,27.0109,3.83,0.0,0.0,376,0.0,0
1771963585.2809,36.1,50.0,0.0,PILOTING,SYS_GO,27.0578,3.83,0.0,0.0,376,0.0,0
1771963585.3278,39.2,50.0,0.0,PILOTING,SYS_GO,27.0694,3.83,0.0,0.0,376,0.0,0
1771963585.4202,33.8,50.0,0.0,PILOTING,SYS_GO,27.1198,3.83,0.0,0.0,376,0.0,0
1771963585.4663,42.5,50.0,0.0,PILOTING,SYS_GO,27.1276,3.83,0.0,0.0,376,0.0,0
1771963585.5749,36.0,50.0,0.0,PILOTING,SYS_GO,27.187,3.83,0.0,0.0,376,0.0,0
1771963585.6202,44.2,50.0,0.0,PILOTING,SYS_GO,27.1948,3.83,0.0,0.0,376,0.0,0
1771963585.6697,41.0,50.0,0.0,PILOTING,SYS_GO,27.216,3.83,0.0,0.0,376,0.0,0
1771963585.7417,36.2,50.0,0.0,PILOTING,SYS_GO,27.252,3.83,0.0,0.0,376,0.0,0
1771963585.7877,35.6,50.0,0.0,PILOTING,SYS_GO,27.2701,3.83,0.0,0.0,376,0.0,0
1771963585.8946,30.7,50.0,0.0,PILOTING,SYS_GO,27.3239,3.83,0.0,0.0,376,0.0,0
1771963585.9421,32.5,50.0,0.0,PILOTING,SYS_GO,27.3389,3.83,0.0,0.0,376,0.0,0
1771963585.9862,33.3,50.0,0.0,PILOTING,SYS_GO,27.3553,3.83,0.0,0.0,376,0.0,0
1771963586.0778,28.9,50.0,0.0,PILOTING,SYS_GO,27.4081,3.83,0.0,0.0,376,0.0,0
1771963586.1274,31.6,50.0,0.0,PILOTING,SYS_GO,27.4224,3.83,0.0,0.0,376,0.0,0
1771963586.1837,29.9,50.0,0.0,PILOTING,SYS_GO,27.4484,3.83,0.0,0.0,376,0.0,0
1771963586.2927,26.1,50.0,0.0,PILOTING,SYS_GO,27.5023,3.83,0.0,0.0,376,0.0,0
1771963586.3373,29.1,50.0,0.0,PILOTING,SYS_GO,27.517,3.83,0.0,0.0,376,0.0,0
1771963586.4134,26.4,50.0,0.0,PILOTING,SYS_GO,27.5554,3.83,0.0,0.0,376,0.0,0
1771963586.4614,32.2,50.0,0.0,PILOTING,SYS_GO,27.5662,3.83,0.0,0.0,376,0.0,0
1771963586.5524,28.0,50.0,0.0,PILOTING,SYS_GO,27.6192,3.83,0.0,0.0,376,0.0,0
1771963586.5985,40.2,50.0,0.0,PILOTING,SYS_GO,27.6259,3.83,0.0,0.0,376,0.0,0
1771963586.6907,34.6,50.0,0.0,PILOTING,SYS_GO,27.6753,3.83,0.0,0.0,376,0.0,0
1771963586.7433,40.0,50.0,0.0,PILOTING,SYS_GO,27.6851,3.83,0.0,0.0,376,0.0,0
1771963586.833,34.7,50.0,0.0,PILOTING,SYS_GO,27.7306,3.83,0.0,0.0,376,0.0,0
1771963586.8755,35.5,50.0,0.0,PILOTING,SYS_GO,27.7461,3.83,0.0,0.0,376,0.0,0
1771963586.9406,32.0,50.0,0.0,PILOTING,SYS_GO,27.7788,3.83,0.0,0.0,376,0.0,0
1771963587.0751,27.3,50.0,0.0,PILOTING,SYS_GO,27.8518,3.83,0.0,0.0,376,0.0,0
1771963587.1216,36.1,50.0,0.0,PILOTING,SYS_GO,27.8602,3.83,0.0,0.0,376,0.0,0
1771963587.1682,37.9,50.0,0.0,PILOTING,SYS_GO,27.8734,3.83,0.0,0.0,376,0.0,0
1771963587.2523,34.2,50.0,0.0,PILOTING,SYS_GO,27.9043,3.83,0.0,0.0,376,0.0,0
1771963587.2886,33.4,50.0,0.0,PILOTING,SYS_GO,27.9241,3.83,0.0,0.0,376,0.0,0
1771963587.3372,42.8,50.0,0.0,PILOTING,SYS_GO,27.9316,3.83,0.0,0.0,376,0.0,0
1771963587.3943,40.8,50.0,0.0,PILOTING,SYS_GO,27.9499,3.83,0.0,0.0,376,0.0,0
1771963587.4719,35.2,50.0,0.0,PILOTING,SYS_GO,27.9953,3.83,0.0,0.0,376,0.0,0
1771963587.5175,40.3,50.0,0.0,PILOTING,SYS_GO,28.0052,3.83,0.0,0.0,376,0.0,0
1771963587.6163,34.9,50.0,0.0,PILOTING,SYS_GO,28.0505,3.83,0.0,0.0,376,0.0,0
1771963587.6685,33.2,50.0,0.0,PILOTING,SYS_GO,28.0732,3.83,0.0,0.0,376,0.0,0
1771963587.7196,35.0,50.0,0.0,PILOTING,SYS_GO,28.0874,3.83,0.0,0.0,376,0.0,0
1771963587.8213,30.2,50.0,0.0,PILOTING,SYS_GO,28.1406,3.83,0.0,0.0,376,0.0,0
1771963587.8671,31.4,50.0,0.0,PILOTING,SYS_GO,28.1573,3.83,0.0,0.0,376,0.0,0
1771963587.9573,27.6,50.0,0.0,PILOTING,SYS_GO,28.2054,3.83,0.0,0.0,376,0.0,0
1771963588.0106,32.3,50.0,0.0,PILOTING,SYS_GO,28.2172,3.83,0.0,0.0,376,0.0,0
1771963588.0575,33.0,50.0,0.0,PILOTING,SYS_GO,28.2339,3.83,0.0,0.0,376,0.0,0
1771963588.143,29.1,50.0,0.0,PILOTING,SYS_GO,28.2779,3.83,0.0,0.0,376,0.0,0
1771963588.1879,29.3,50.0,0.0,PILOTING,SYS_GO,28.2978,3.83,0.0,0.0,376,0.0,0
1771963588.2945,25.5,50.0,0.0,PILOTING,SYS_GO,28.3568,3.83,0.0,0.0,376,0.0,0
1771963588.342,36.3,50.0,0.0,PILOTING,SYS_GO,28.3644,3.83,0.0,0.0,376,0.0,0
1771963588.4306,31.5,50.0,0.0,PILOTING,SYS_GO,28.4123,3.83,0.0,0.0,376,0.0,0
1771963588.4779,41.6,50.0,0.0,PILOTING,SYS_GO,28.4196,3.83,0.0,0.0,376,0.0,0
1771963588.5683,35.8,50.0,0.0,PILOTING,SYS_GO,28.4677,3.83,0.0,0.0,376,0.0,0
1771963588.6181,44.4,50.0,0.0,PILOTING,SYS_GO,28.4753,3.83,0.0,0.0,376,0.0,0
1771963588.7527,37.1,50.0,0.0,PILOTING,SYS_GO,28.5499,3.83,0.0,0.0,376,0.0,0
1771963588.798,44.7,50.0,0.0,PILOTING,SYS_GO,28.5579,3.83,0.0,0.0,376,0.0,0
1771963588.8652,39.9,50.0,0.0,PILOTING,SYS_GO,28.5872,3.83,0.0,0.0,376,0.0,0
1771963588.9209,36.4,50.0,0.0,PILOTING,SYS_GO,28.6141,3.83,0.0,0.0,376,0.0,0
1771963588.9671,33.6,50.0,0.0,PILOTING,SYS_GO,28.6408,3.83,0.0,0.0,376,0.0,0
1771963589.0121,31.8,50.0,0.0,PILOTING,SYS_GO,28.6651,3.83,0.0,0.0,376,0.0,0
1771963589.1322,27.3,50.0,0.0,PILOTING,SYS_GO,28.73,3.83,0.0,0.0,376,0.0,0
1771963589.1817,31.8,50.0,0.0,PILOTING,SYS_GO,28.742,3.83,0.0,0.0,376,0.0,0
1771963589.2254,31.3,50.0,0.0,PILOTING,SYS_GO,28.7627,3.83,0.0,0.0,376,0.0,0
1771963589.3151,27.4,50.0,0.0,PILOTING,SYS_GO,28.8131,3.83,0.0,0.0,376,0.0,0
1771963589.3636,38.8,50.0,0.0,PILOTING,SYS_GO,28.8202,3.83,0.0,0.0,376,0.0,0
1771963589.4825,32.8,50.0,0.0,PILOTING,SYS_GO,28.8879,3.83,0.0,0.0,376,0.0,0
1771963589.5338,39.1,50.0,0.0,PILOTING,SYS_GO,28.8972,3.83,0.0,0.0,376,0.0,0
1771963589.61,34.2,50.0,0.0,PILOTING,SYS_GO,28.939,3.83,0.0,0.0,376,0.0,0
1771963589.7125,29.4,50.0,0.0,PILOTING,SYS_GO,28.9971,3.83,0.0,0.0,376,0.0,0
1771963589.7572,36.9,50.0,0.0,PILOTING,SYS_GO,29.006,3.83,0.0,0.0,376,0.0,0
1771963589.8481,32.2,50.0,0.0,PILOTING,SYS_GO,29.0513,3.83,0.0,0.0,376,0.0,0
1771963589.8943,36.2,50.0,0.0,PILOTING,SYS_GO,29.0627,3.83,0.0,0.0,376,0.0,0
1771963590.032,30.6,50.0,0.0,PILOTING,SYS_GO,29.1396,3.83,0.0,0.0,376,0.0,0
1771963590.0789,35.5,50.0,0.0,PILOTING,SYS_GO,29.1505,3.83,0.0,0.0,376,0.0,0
1771963590.1863,30.6,50.0,0.0,PILOTING,SYS_GO,29.2053,3.83,0.0,0.0,376,0.0,0
1771963590.2318,32.2,50.0,0.0,PILOTING,SYS_GO,29.2207,3.83,0.0,0.0,376,0.0,0
1771963590.3242,28.1,50.0,0.0,PILOTING,SYS_GO,29.2714,3.83,0.0,0.0,376,0.0,0
1771963590.3715,31.3,50.0,0.0,PILOTING,SYS_GO,29.2851,3.83,0.0,0.0,376,0.0,0
1771963590.4628,27.4,50.0,0.0,PILOTING,SYS_GO,29.3362,3.83,0.0,0.0,376,0.0,0
1771963590.508,38.0,50.0,0.0,PILOTING,SYS_GO,29.3436,3.83,0.0,0.0,376,0.0,0
1771963590.5723,37.2,50.0,0.0,PILOTING,SYS_GO,29.3615,3.83,0.0,0.0,376,0.0,0
1771963590.6291,34.7,50.0,0.0,PILOTING,SYS_GO,29.3857,3.83,0.0,0.0,376,0.0,0
1771963590.6756,35.9,50.0,0.0,PILOTING,SYS_GO,29.4005,3.83,0.0,0.0,376,0.0,0
1771963590.751,31.8,50.0,0.0,PILOTING,SYS_GO,29.4393,3.83,0.0,0.0,376,0.0,0
1771963590.7976,33.8,50.0,0.0,PILOTING,SYS_GO,29.4537,3.83,0.0,0.0,376,0.0,0
1771963590.9052,29.2,50.0,0.0,PILOTING,SYS_GO,29.508,3.83,0.0,0.0,376,0.0,0
1771963590.9526,29.1,50.0,0.0,PILOTING,SYS_GO,29.5291,3.83,0.0,0.0,376,0.0,0
1771963591.0387,26.4,50.0,0.0,PILOTING,SYS_GO,29.5669,3.83,0.0,0.0,376,0.0,0
1771963591.1355,23.3,50.0,0.0,PILOTING,SYS_GO,29.6222,3.83,0.0,0.0,376,0.0,0
1771963591.1816,31.5,50.0,0.0,PILOTING,SYS_GO,29.6316,3.83,0.0,0.0,376,0.0,0
1771963591.2271,42.3,50.0,0.0,PILOTING,SYS_GO,29.6386,3.83,0.0,0.0,376,0.0,0
1771963591.2717,42.6,50.0,0.0,PILOTING,SYS_GO,29.6523,3.83,0.0,0.0,376,0.0,0
1771963591.3175,41.3,50.0,0.0,PILOTING,SYS_GO,29.669,3.83,0.0,0.0,376,0.0,0
1771963591.364,37.9,50.0,0.0,PILOTING,SYS_GO,29.6937,3.83,0.0,0.0,376,0.0,0
1771963591.4705,32.4,50.0,0.0,PILOTING,SYS_GO,29.7518,3.83,0.0,0.0,376,0.0,0
1771963591.5169,42.4,50.0,0.0,PILOTING,SYS_GO,29.7591,3.83,0.0,0.0,376,0.0,0
1771963591.6394,35.6,50.0,0.0,PILOTING,SYS_GO,29.8291,3.83,0.0,0.0,376,0.0,0
1771963591.6853,40.9,50.0,0.0,PILOTING,SYS_GO,29.8388,3.83,0.0,0.0,376,0.0,0
1771963591.7677,35.9,50.0,0.0,PILOTING,SYS_GO,29.8772,3.83,0.0,0.0,376,0.0,0
1771963591.8098,44.1,50.0,0.0,PILOTING,SYS_GO,29.885,3.83,0.0,0.0,376,0.0,0
1771963591.9011,37.6,50.0,0.0,PILOTING,SYS_GO,29.9368,3.83,0.0,0.0,376,0.0,0
1771963591.9492,48.7,50.0,0.0,PILOTING,SYS_GO,29.9432,3.83,0.0,0.0,376,0.0,0
1771963592.0369,41.3,50.0,0.0,PILOTING,SYS_GO,29.9928,3.83,0.0,0.0,376,0.0,0
1771963592.0852,47.6,50.0,0.0,PILOTING,SYS_GO,30.001,3.83,0.0,0.0,376,0.0,0
1771963592.1735,40.6,50.0,0.0,PILOTING,SYS_GO,30.0487,3.83,0.0,0.0,376,0.0,0
1771963592.2201,48.4,50.0,0.0,PILOTING,SYS_GO,30.0563,3.83,0.0,0.0,376,0.0,0
1771963592.3104,41.4,50.0,0.0,PILOTING,SYS_GO,30.1011,3.83,0.0,0.0,376,0.0,0
1771963592.3601,40.8,50.0,0.0,PILOTING,SYS_GO,30.1167,3.83,0.0,0.0,376,0.0,0
1771963592.4334,35.7,50.0,0.0,PILOTING,SYS_GO,30.1567,3.83,0.0,0.0,376,0.0,0
1771963592.4821,43.6,50.0,0.0,PILOTING,SYS_GO,30.1647,3.83,0.0,0.0,376,0.0,0
1771963592.5564,37.7,50.0,0.0,PILOTING,SYS_GO,30.2077,3.83,0.0,0.0,376,0.0,0
1771963592.6015,47.3,50.0,0.0,PILOTING,SYS_GO,30.2147,3.83,0.0,0.0,376,0.0,0
1771963592.707,39.8,50.0,0.0,PILOTING,SYS_GO,30.276,3.83,0.0,0.0,376,0.0,0
1771963592.7523,46.2,50.0,0.0,PILOTING,SYS_GO,30.2844,3.83,0.0,0.0,376,0.0,0
1771963592.8059,44.8,50.0,0.0,PILOTING,SYS_GO,30.2997,3.83,0.0,0.0,376,0.0,0
1771963592.8883,38.7,50.0,0.0,PILOTING,SYS_GO,30.3412,3.83,0.0,0.0,376,0.0,0
1771963592.9374,46.0,50.0,0.0,PILOTING,SYS_GO,30.3492,3.83,0.0,0.0,376,0.0,0
1771963593.025,39.1,50.0,0.0,PILOTING,SYS_GO,30.4006,3.83,0.0,0.0,376,0.0,0
1771963593.0734,50.9,50.0,0.0,PILOTING,SYS_GO,30.4067,3.83,0.0,0.0,376,0.0,0
1771963593.1613,43.1,50.0,0.0,PILOTING,SYS_GO,30.4563,3.83,0.0,0.0,376,0.0,0
1771963593.2063,51.6,50.0,0.0,PILOTING,SYS_GO,30.4634,3.83,0.0,0.0,376,0.0,0
1771963593.2966,43.8,50.0,0.0,PILOTING,SYS_GO,30.5111,3.83,0.0,0.0,376,0.0,0
1771963593.3498,50.4,50.0,0.0,PILOTING,SYS_GO,30.5189,3.83,0.0,0.0,376,0.0,0
1771963593.4353,42.9,50.0,0.0,PILOTING,SYS_GO,30.5659,3.83,0.0,0.0,376,0.0,0
1771963593.4828,43.0,50.0,0.0,PILOTING,SYS_GO,30.5797,3.83,0.0,0.0,376,0.0,0
1771963593.6353,35.8,50.0,0.0,PILOTING,SYS_GO,30.6669,3.83,0.0,0.0,376,0.0,0
1771963593.686,41.8,50.0,0.0,PILOTING,SYS_GO,30.676,3.83,0.0,0.0,376,0.0,0
1771963593.7523,39.2,50.0,0.0,PILOTING,SYS_GO,30.6969,3.83,0.0,0.0,376,0.0,0
1771963593.8182,34.9,50.0,0.0,PILOTING,SYS_GO,30.731,3.83,0.0,0.0,376,0.0,0
1771963593.8656,35.8,50.0,0.0,PILOTING,SYS_GO,30.7463,3.83,0.0,0.0,376,0.0,0
1771963593.9718,30.8,50.0,0.0,PILOTING,SYS_GO,30.801,3.83,0.0,0.0,376,0.0,0
1771963594.0193,34.4,50.0,0.0,PILOTING,SYS_GO,30.8132,3.83,0.0,0.0,376,0.0,0
1771963594.142,29.5,50.0,0.0,PILOTING,SYS_GO,30.8761,3.83,0.0,0.0,376,0.0,0
1771963594.1903,32.6,50.0,0.0,PILOTING,SYS_GO,30.8894,3.83,0.0,0.0,376,0.0,0
1771963594.2516,30.2,50.0,0.0,PILOTING,SYS_GO,30.9187,3.83,0.0,0.0,376,0.0,0
1771963594.3549,26.2,50.0,0.0,PILOTING,SYS_GO,30.9764,3.83,0.0,0.0,376,0.0,0
1771963594.4017,39.4,50.0,0.0,PILOTING,SYS_GO,30.9829,3.83,0.0,0.0,376,0.0,0
1771963594.5076,33.6,50.0,0.0,PILOTING,SYS_GO,31.0397,3.83,0.0,0.0,376,0.0,0
1771963594.5532,33.2,50.0,0.0,PILOTING,SYS_GO,31.0587,3.83,0.0,0.0,376,0.0,0
1771963594.6012,36.8,50.0,0.0,PILOTING,SYS_GO,31.0704,3.83,0.0,0.0,376,0.0,0
1771963594.7069,31.7,50.0,0.0,PILOTING,SYS_GO,31.1247,3.83,0.0,0.0,376,0.0,0
1771963594.7564,30.2,50.0,0.0,PILOTING,SYS_GO,31.1495,3.83,0.0,0.0,376,0.0,0
1771963594.8748,26.0,50.0,0.0,PILOTING,SYS_GO,31.2138,3.83,0.0,0.0,376,0.0,0
1771963594.9216,34.1,50.0,0.0,PILOTING,SYS_GO,31.2229,3.83,0.0,0.0,376,0.0,0
1771963594.9992,30.8,50.0,0.0,PILOTING,SYS_GO,31.2567,3.83,0.0,0.0,376,0.0,0
1771963595.0724,27.8,50.0,0.0,PILOTING,SYS_GO,31.2949,3.83,0.0,0.0,376,0.0,0
1771963595.1176,35.2,50.0,0.0,PILOTING,SYS_GO,31.3042,3.83,0.0,0.0,376,0.0,0
1771963595.1738,33.7,50.0,0.0,PILOTING,SYS_GO,31.3258,3.83,0.0,0.0,376,0.0,0
1771963595.2391,30.6,50.0,0.0,PILOTING,SYS_GO,31.3589,3.83,0.0,0.0,376,0.0,0
1771963595.2853,37.3,50.0,0.0,PILOTING,SYS_GO,31.3683,3.83,0.0,0.0,376,0.0,0
1771963595.377,32.3,50.0,0.0,PILOTING,SYS_GO,31.4167,3.83,0.0,0.0,376,0.0,0
1771963595.4223,35.3,50.0,0.0,PILOTING,SYS_GO,31.4294,3.83,0.0,0.0,376,0.0,0
1771963595.5151,30.5,50.0,0.0,PILOTING,SYS_GO,31.4822,3.83,0.0,0.0,376,0.0,0
1771963595.5608,40.3,50.0,0.0,PILOTING,SYS_GO,31.4897,3.83,0.0,0.0,376,0.0,0
1771963595.6537,34.8,50.0,0.0,PILOTING,SYS_GO,31.5357,3.83,0.0,0.0,376,0.0,0
1771963595.6989,39.4,50.0,0.0,PILOTING,SYS_GO,31.5461,3.83,0.0,0.0,376,0.0,0
1771963595.7522,38.1,50.0,0.0,PILOTING,SYS_GO,31.5643,3.83,0.0,0.0,376,0.0,0
1771963595.8373,33.1,50.0,0.0,PILOTING,SYS_GO,31.6106,3.83,0.0,0.0,376,0.0,0
1771963595.8834,36.1,50.0,0.0,PILOTING,SYS_GO,31.623,3.83,0.0,0.0,376,0.0,0
1771963595.9456,32.6,50.0,0.0,PILOTING,SYS_GO,31.6552,3.83,0.0,0.0,376,0.0,0
1771963596.0062,29.6,50.0,0.0,PILOTING,SYS_GO,31.6898,3.83,0.0,0.0,376,0.0,0
1771963596.0522,39.5,50.0,0.0,PILOTING,SYS_GO,31.6974,3.83,0.0,0.0,376,0.0,0
1771963596.1578,33.7,50.0,0.0,PILOTING,SYS_GO,31.7546,3.83,0.0,0.0,376,0.0,0
1771963596.2046,38.1,50.0,0.0,PILOTING,SYS_GO,31.7654,3.83,0.0,0.0,376,0.0,0
1771963596.3102,34.4,50.0,0.0,PILOTING,SYS_GO,31.7961,3.83,0.0,0.0,376,0.0,0
1771963596.3561,34.6,50.0,0.0,PILOTING,SYS_GO,31.8129,3.83,0.0,0.0,376,0.0,0
1771963596.4108,33.5,50.0,0.0,PILOTING,SYS_GO,31.8336,3.83,0.0,0.0,376,0.0,0
1771963596.4921,29.5,50.0,0.0,PILOTING,SYS_GO,31.8785,3.83,0.0,0.0,376,0.0,0
1771963596.5685,26.9,50.0,0.0,PILOTING,SYS_GO,31.9151,3.83,0.0,0.0,376,0.0,0
1771963596.63,25.9,50.0,0.0,PILOTING,SYS_GO,31.9423,3.83,0.0,0.0,376,0.0,0
1771963596.7069,23.5,50.0,0.0,PILOTING,SYS_GO,31.9857,3.83,0.0,0.0,376,0.0,0
1771963596.7545,31.4,50.0,0.0,PILOTING,SYS_GO,31.9953,3.83,0.0,0.0,376,0.0,0
1771963596.8593,27.1,50.0,0.0,PILOTING,SYS_GO,32.0566,3.83,0.0,0.0,376,0.0,0
1771963596.9216,25.2,50.0,0.0,PILOTING,SYS_GO,32.0903,3.83,0.0,0.0,376,0.0,0
1771963596.9697,30.6,50.0,0.0,PILOTING,SYS_GO,32.1018,3.83,0.0,0.0,376,0.0,0
1771963597.0582,27.1,50.0,0.0,PILOTING,SYS_GO,32.1483,3.83,0.0,0.0,376,0.0,0
1771963597.106,29.8,50.0,0.0,PILOTING,SYS_GO,32.163,3.83,0.0,0.0,376,0.0,0
1771963597.2303,25.7,50.0,0.0,PILOTING,SYS_GO,32.2276,3.83,0.0,0.0,376,0.0,0
1771963597.2763,25.7,50.0,0.0,PILOTING,SYS_GO,32.2509,3.83,0.0,0.0,376,0.0,0
1771963597.3242,30.4,50.0,0.0,PILOTING,SYS_GO,32.2632,3.83,0.0,0.0,376,0.0,0
1771963597.4137,26.6,50.0,0.0,PILOTING,SYS_GO,32.3145,3.83,0.0,0.0,376,0.0,0
1771963597.4625,35.1,50.0,0.0,PILOTING,SYS_GO,32.3232,3.83,0.0,0.0,376,0.0,0
1771963597.5517,30.5,50.0,0.0,PILOTING,SYS_GO,32.3715,3.83,0.0,0.0,376,0.0,0
1771963597.604,43.1,50.0,0.0,PILOTING,SYS_GO,32.3779,3.83,0.0,0.0,376,0.0,0
1771963597.6904,36.9,50.0,0.0,PILOTING,SYS_GO,32.4285,3.83,0.0,0.0,376,0.0,0
1771963597.7393,48.2,50.0,0.0,PILOTING,SYS_GO,32.435,3.83,0.0,0.0,376,0.0,0
1771963597.8249,42.3,50.0,0.0,PILOTING,SYS_GO,32.4673,3.83,0.0,0.0,376,0.0,0
1771963597.8759,41.1,50.0,0.0,PILOTING,SYS_GO,32.4838,3.83,0.0,0.0,376,0.0,0
1771963597.9192,42.2,50.0,0.0,PILOTING,SYS_GO,32.4966,3.83,0.0,0.0,376,0.0,0
1771963598.0098,36.3,50.0,0.0,PILOTING,SYS_GO,32.5446,3.83,0.0,0.0,376,0.0,0
1771963598.0546,41.4,50.0,0.0,PILOTING,SYS_GO,32.5543,3.83,0.0,0.0,376,0.0,0
1771963598.1614,35.3,50.0,0.0,PILOTING,SYS_GO,32.609,3.83,0.0,0.0,376,0.0,0
1771963598.2096,36.3,50.0,0.0,PILOTING,SYS_GO,32.6239,3.83,0.0,0.0,376,0.0,0
1771963598.3141,31.0,50.0,0.0,PILOTING,SYS_GO,32.685,3.83,0.0,0.0,376,0.0,0
1771963598.3606,41.9,50.0,0.0,PILOTING,SYS_GO,32.692,3.83,0.0,0.0,376,0.0,0
1771963598.4512,35.8,50.0,0.0,PILOTING,SYS_GO,32.7444,3.83,0.0,0.0,376,0.0,0
1771963598.4967,44.2,50.0,0.0,PILOTING,SYS_GO,32.7522,3.83,0.0,0.0,376,0.0,0
1771963598.5883,37.7,50.0,0.0,PILOTING,SYS_GO,32.8032,3.83,0.0,0.0,376,0.0,0
1771963598.6336,42.2,50.0,0.0,PILOTING,SYS_GO,32.8132,3.83,0.0,0.0,376,0.0,0
1771963598.7226,37.5,50.0,0.0,PILOTING,SYS_GO,32.8455,3.83,0.0,0.0,376,0.0,0
1771963598.7859,33.5,50.0,0.0,PILOTING,SYS_GO,32.8797,3.83,0.0,0.0,376,0.0,0
1771963598.8318,36.7,50.0,0.0,PILOTING,SYS_GO,32.8917,3.83,0.0,0.0,376,0.0,0
1771963598.9106,32.4,50.0,0.0,PILOTING,SYS_GO,32.9313,3.83,0.0,0.0,376,0.0,0
1771963599.0148,28.1,50.0,0.0,PILOTING,SYS_GO,32.9857,3.83,0.0,0.0,376,0.0,0
1771963599.0666,27.7,50.0,0.0,PILOTING,SYS_GO,33.0089,3.83,0.0,0.0,376,0.0,0
1771963599.184,24.1,50.0,0.0,PILOTING,SYS_GO,33.0707,3.83,0.0,0.0,376,0.0,0
1771963599.2329,26.9,50.0,0.0,PILOTING,SYS_GO,33.0864,3.83,0.0,0.0,376,0.0,0
1771963599.2991,27.2,50.0,0.0,PILOTING,SYS_GO,33.1077,3.83,0.0,0.0,376,0.0,0
1771963599.3825,24.3,50.0,0.0,PILOTING,SYS_GO,33.1547,3.83,0.0,0.0,376,0.0,0
1771963599.4292,37.1,50.0,0.0,PILOTING,SYS_GO,33.1615,3.83,0.0,0.0,376,0.0,0
1771963599.5199,32.0,50.0,0.0,PILOTING,SYS_GO,33.2143,3.83,0.0,0.0,376,0.0,0
1771963599.5686,38.7,50.0,0.0,PILOTING,SYS_GO,33.2235,3.83,0.0,0.0,376,0.0,0
1771963599.6597,33.5,50.0,0.0,PILOTING,SYS_GO,33.2695,3.83,0.0,0.0,376,0.0,0
1771963599.7097,34.5,50.0,0.0,PILOTING,SYS_GO,33.2852,3.83,0.0,0.0,376,0.0,0
1771963599.78,30.9,50.0,0.0,PILOTING,SYS_GO,33.3218,3.83,0.0,0.0,376,0.0,0
1771963599.8272,38.0,50.0,0.0,PILOTING,SYS_GO,33.3308,3.83,0.0,0.0,376,0.0,0
1771963599.9164,33.0,50.0,0.0,PILOTING,SYS_GO,33.3773,3.83,0.0,0.0,376,0.0,0
1771963599.9676,36.9,50.0,0.0,PILOTING,SYS_GO,33.3887,3.83,0.0,0.0,376,0.0,0
1771963600.0706,31.8,50.0,0.0,PILOTING,SYS_GO,33.4411,3.83,0.0,0.0,376,0.0,0
1771963600.1197,42.1,50.0,0.0,PILOTING,SYS_GO,33.4483,3.83,0.0,0.0,376,0.0,0
1771963600.2068,36.1,50.0,0.0,PILOTING,SYS_GO,33.4993,3.83,0.0,0.0,376,0.0,0
1771963600.252,48.1,50.0,0.0,PILOTING,SYS_GO,33.5055,3.83,0.0,0.0,376,0.0,0
1771963600.3434,40.7,50.0,0.0,PILOTING,SYS_GO,33.5595,3.83,0.0,0.0,376,0.0,0
1771963600.3903,51.4,50.0,0.0,PILOTING,SYS_GO,33.5659,3.83,0.0,0.0,376,0.0,0
1771963600.4801,43.4,50.0,0.0,PILOTING,SYS_GO,33.6182,3.83,0.0,0.0,377,0.0,0
1771963600.5254,52.6,50.0,0.0,PILOTING,SYS_GO,33.6249,3.83,0.0,0.0,377,0.0,0
1771963600.633,44.2,50.0,0.0,PILOTING,SYS_GO,33.6801,3.83,0.0,0.0,377,0.0,0
1771963600.6822,41.8,50.0,0.0,PILOTING,SYS_GO,33.699,3.83,0.0,0.0,377,0.0,0
1771963600.7872,35.5,50.0,0.0,PILOTING,SYS_GO,33.7569,3.83,0.0,0.0,377,0.0,0
1771963600.8326,41.8,50.0,0.0,PILOTING,SYS_GO,33.7659,3.83,0.0,0.0,377,0.0,0
1771963600.9249,35.7,50.0,0.0,PILOTING,SYS_GO,33.8182,3.83,0.0,0.0,377,0.0,0
1771963600.9725,45.0,50.0,0.0,PILOTING,SYS_GO,33.8255,3.83,0.0,0.0,377,0.0,0
1771963601.0788,38.0,50.0,0.0,PILOTING,SYS_GO,33.887,3.83,0.0,0.0,377,0.0,0
1771963601.1294,49.5,50.0,0.0,PILOTING,SYS_GO,33.8933,3.83,0.0,0.0,377,0.0,0
1771963601.2319,41.7,50.0,0.0,PILOTING,SYS_GO,33.9497,3.83,0.0,0.0,377,0.0,0
1771963601.2802,41.3,50.0,0.0,PILOTING,SYS_GO,33.9649,3.83,0.0,0.0,377,0.0,0
1771963601.3692,35.5,50.0,0.0,PILOTING,SYS_GO,34.0142,3.83,0.0,0.0,377,0.0,0
1771963601.4154,39.1,50.0,0.0,PILOTING,SYS_GO,34.0253,3.83,0.0,0.0,377,0.0,0
1771963601.4853,34.9,50.0,0.0,PILOTING,SYS_GO,34.0593,3.83,0.0,0.0,377,0.0,0
1771963601.5546,31.5,50.0,0.0,PILOTING,SYS_GO,34.092,3.83,0.0,0.0,377,0.0,0
1771963601.6184,32.8,50.0,0.0,PILOTING,SYS_GO,34.108,3.83,0.0,0.0,377,0.0,0
1771963601.6906,29.7,50.0,0.0,PILOTING,SYS_GO,34.1423,3.83,0.0,0.0,377,0.0,0
1771963601.7358,37.8,50.0,0.0,PILOTING,SYS_GO,34.1509,3.83,0.0,0.0,377,0.0,0
1771963601.8442,32.4,50.0,0.0,PILOTING,SYS_GO,34.2059,3.83,0.0,0.0,377,0.0,0
1771963601.8991,39.2,50.0,0.0,PILOTING,SYS_GO,34.2149,3.83,0.0,0.0,377,0.0,0
1771963601.9661,34.5,50.0,0.0,PILOTING,SYS_GO,34.2535,3.83,0.0,0.0,377,0.0,0
1771963602.0136,43.9,50.0,0.0,PILOTING,SYS_GO,34.2609,3.83,0.0,0.0,377,0.0,0
1771963602.1484,36.8,50.0,0.0,PILOTING,SYS_GO,34.3328,3.83,0.0,0.0,377,0.0,0
1771963602.1957,42.1,50.0,0.0,PILOTING,SYS_GO,34.3423,3.83,0.0,0.0,377,0.0,0
1771963602.2923,36.9,50.0,0.0,PILOTING,SYS_GO,34.3792,3.83,0.0,0.0,377,0.0,0
1771963602.332,43.1,50.0,0.0,PILOTING,SYS_GO,34.388,3.83,0.0,0.0,377,0.0,0
1771963602.3782,40.4,50.0,0.0,PILOTING,SYS_GO,34.4084,3.83,0.0,0.0,377,0.0,0
1771963602.4829,34.4,50.0,0.0,PILOTING,SYS_GO,34.4657,3.83,0.0,0.0,377,0.0,0
1771963602.5312,34.9,50.0,0.0,PILOTING,SYS_GO,34.4819,3.83,0.0,0.0,377,0.0,0
1771963602.6214,30.4,50.0,0.0,PILOTING,SYS_GO,34.5302,3.83,0.0,0.0,377,0.0,0
1771963602.6678,36.8,50.0,0.0,PILOTING,SYS_GO,34.5399,3.83,0.0,0.0,377,0.0,0
1771963602.757,31.8,50.0,0.0,PILOTING,SYS_GO,34.5899,3.83,0.0,0.0,377,0.0,0
1771963602.8032,41.2,50.0,0.0,PILOTING,SYS_GO,34.5975,3.83,0.0,0.0,377,0.0,0
1771963602.8807,35.7,50.0,0.0,PILOTING,SYS_GO,34.6418,3.83,0.0,0.0,377,0.0,0
1771963602.9279,45.9,50.0,0.0,PILOTING,SYS_GO,34.6487,3.83,0.0,0.0,377,0.0,0
1771963603.0326,38.9,50.0,0.0,PILOTING,SYS_GO,34.7028,3.83,0.0,0.0,377,0.0,0
1771963603.0802,40.2,50.0,0.0,PILOTING,SYS_GO,34.716,3.83,0.0,0.0,377,0.0,0
1771963603.1713,34.5,50.0,0.0,PILOTING,SYS_GO,34.7688,3.83,0.0,0.0,377,0.0,0
1771963603.2221,44.2,50.0,0.0,PILOTING,SYS_GO,34.776,3.83,0.0,0.0,377,0.0,0
1771963603.3239,37.4,50.0,0.0,PILOTING,SYS_GO,34.8352,3.83,0.0,0.0,377,0.0,0
1771963603.3725,47.6,50.0,0.0,PILOTING,SYS_GO,34.842,3.83,0.0,0.0,377,0.0,0
1771963603.4418,42.0,50.0,0.0,PILOTING,SYS_GO,34.8731,3.83,0.0,0.0,377,0.0,0
1771963603.5204,36.4,50.0,0.0,PILOTING,SYS_GO,34.9158,3.83,0.0,0.0,377,0.0,0
1771963603.5699,35.0,50.0,0.0,PILOTING,SYS_GO,34.9362,3.83,0.0,0.0,377,0.0,0
1771963603.6582,30.4,50.0,0.0,PILOTING,SYS_GO,34.9867,3.83,0.0,0.0,377,0.0,0
1771963603.7183,28.6,50.0,0.0,PILOTING,SYS_GO,35.0148,3.83,0.0,0.0,377,0.0,0
1771963603.7799,27.3,50.0,0.0,PILOTING,SYS_GO,35.0416,3.83,0.0,0.0,377,0.0,0
1771963603.8712,24.4,50.0,0.0,PILOTING,SYS_GO,35.0887,3.83,0.0,0.0,377,0.0,0
1771963603.9199,32.8,50.0,0.0,PILOTING,SYS_GO,35.0978,3.83,0.0,0.0,377,0.0,0
1771963604.0102,28.7,50.0,0.0,PILOTING,SYS_GO,35.1458,3.83,0.0,0.0,377,0.0,0
1771963604.0566,39.7,50.0,0.0,PILOTING,SYS_GO,35.1529,3.83,0.0,0.0,377,0.0,0
1771963604.1026,37.1,50.0,0.0,PILOTING,SYS_GO,35.1756,3.83,0.0,0.0,377,0.0,0
1771963604.1947,32.2,50.0,0.0,PILOTING,SYS_GO,35.2237,3.83,0.0,0.0,377,0.0,0
1771963604.2415,36.2,50.0,0.0,PILOTING,SYS_GO,35.2351,3.83,0.0,0.0,377,0.0,0
1771963604.3475,30.9,50.0,0.0,PILOTING,SYS_GO,35.296,3.83,0.0,0.0,377,0.0,0
1771963604.3949,41.5,50.0,0.0,PILOTING,SYS_GO,35.3032,3.83,0.0,0.0,377,0.0,0
1771963604.4992,35.3,50.0,0.0,PILOTING,SYS_GO,35.3584,3.83,0.0,0.0,377,0.0,0
1771963604.5499,38.3,50.0,0.0,PILOTING,SYS_GO,35.3705,3.83,0.0,0.0,377,0.0,0
1771963604.6372,33.1,50.0,0.0,PILOTING,SYS_GO,35.4194,3.83,0.0,0.0,377,0.0,0
1771963604.6837,39.8,50.0,0.0,PILOTING,SYS_GO,35.4284,3.83,0.0,0.0,377,0.0,0
1771963604.7884,34.0,50.0,0.0,PILOTING,SYS_GO,35.4847,3.83,0.0,0.0,377,0.0,0
1771963604.8337,40.1,50.0,0.0,PILOTING,SYS_GO,35.494,3.83,0.0,0.0,377,0.0,0
1771963604.927,34.6,50.0,0.0,PILOTING,SYS_GO,35.5419,3.83,0.0,0.0,377,0.0,0
1771963604.9721,36.6,50.0,0.0,PILOTING,SYS_GO,35.5553,3.83,0.0,0.0,377,0.0,0
1771963605.0633,31.5,50.0,0.0,PILOTING,SYS_GO,35.6079,3.83,0.0,0.0,377,0.0,0
1771963605.1085,42.5,50.0,0.0,PILOTING,SYS_GO,35.6148,3.83,0.0,0.0,377,0.0,0
1771963605.1844,37.6,50.0,0.0,PILOTING,SYS_GO,35.6482,3.83,0.0,0.0,377,0.0,0
1771963605.2756,32.5,50.0,0.0,PILOTING,SYS_GO,35.6974,3.83,0.0,0.0,377,0.0,0
1771963605.3217,31.6,50.0,0.0,PILOTING,SYS_GO,35.7189,3.83,0.0,0.0,377,0.0,0
1771963605.4442,27.1,50.0,0.0,PILOTING,SYS_GO,35.7832,3.83,0.0,0.0,377,0.0,0
1771963605.4907,36.0,50.0,0.0,PILOTING,SYS_GO,35.7916,3.83,0.0,0.0,377,0.0,0
1771963605.5626,33.5,50.0,0.0,PILOTING,SYS_GO,35.8172,3.83,0.0,0.0,377,0.0,0
1771963605.5978,34.3,50.0,0.0,PILOTING,SYS_GO,35.8333,3.83,0.0,0.0,377,0.0,0
1771963605.6458,32.6,50.0,0.0,PILOTING,SYS_GO,35.8564,3.83,0.0,0.0,377,0.0,0
1771963605.7489,28.0,50.0,0.0,PILOTING,SYS_GO,35.9174,3.83,0.0,0.0,377,0.0,0
1771963605.7949,35.6,50.0,0.0,PILOTING,SYS_GO,35.9265,3.83,0.0,0.0,377,0.0,0
1771963605.8617,32.1,50.0,0.0,PILOTING,SYS_GO,35.9602,3.83,0.0,0.0,377,0.0,0
1771963605.9324,28.8,50.0,0.0,PILOTING,SYS_GO,35.9977,3.83,0.0,0.0,377,0.0,0
1771963605.9786,31.2,50.0,0.0,PILOTING,SYS_GO,36.0125,3.83,0.0,0.0,377,0.0,0
1771963606.0849,27.1,50.0,0.0,PILOTING,SYS_GO,36.0689,3.83,0.0,0.0,377,0.0,0
1771963606.1316,30.4,50.0,0.0,PILOTING,SYS_GO,36.0826,3.83,0.0,0.0,377,0.0,0
1771963606.2377,26.3,50.0,0.0,PILOTING,SYS_GO,36.1442,3.83,0.0,0.0,377,0.0,0
1771963606.2858,31.0,50.0,0.0,PILOTING,SYS_GO,36.1563,3.83,0.0,0.0,377,0.0,0
1771963606.3458,29.4,50.0,0.0,PILOTING,SYS_GO,36.1824,3.83,0.0,0.0,377,0.0,0
1771963606.4531,25.5,50.0,0.0,PILOTING,SYS_GO,36.2426,3.83,0.0,0.0,377,0.0,0
1771963606.4994,31.8,50.0,0.0,PILOTING,SYS_GO,36.2532,3.83,0.0,0.0,377,0.0,0
1771963606.5923,28.0,50.0,0.0,PILOTING,SYS_GO,36.2998,3.83,0.0,0.0,377,0.0,0
1771963606.6395,27.5,50.0,0.0,PILOTING,SYS_GO,36.3232,3.83,0.0,0.0,377,0.0,0
1771963606.7428,24.0,50.0,0.0,PILOTING,SYS_GO,36.3825,3.83,0.0,0.0,377,0.0,0
1771963606.7885,36.0,50.0,0.0,PILOTING,SYS_GO,36.3896,3.83,0.0,0.0,377,0.0,0
1771963606.8943,30.8,50.0,0.0,PILOTING,SYS_GO,36.4487,3.83,0.0,0.0,377,0.0,0
1771963606.9399,42.0,50.0,0.0,PILOTING,SYS_GO,36.4556,3.83,0.0,0.0,377,0.0,0
1771963607.031,36.1,50.0,0.0,PILOTING,SYS_GO,36.5037,3.83,0.0,0.0,377,0.0,0
1771963607.0773,37.4,50.0,0.0,PILOTING,SYS_GO,36.5178,3.83,0.0,0.0,377,0.0,0
1771963607.167,32.4,50.0,0.0,PILOTING,SYS_GO,36.5673,3.83,0.0,0.0,377,0.0,0
1771963607.2129,37.9,50.0,0.0,PILOTING,SYS_GO,36.5772,3.83,0.0,0.0,377,0.0,0
1771963607.2779,37.6,50.0,0.0,PILOTING,SYS_GO,36.5937,3.83,0.0,0.0,377,0.0,0
1771963607.3192,35.7,50.0,0.0,PILOTING,SYS_GO,36.6152,3.83,0.0,0.0,377,0.0,0
1771963607.3717,36.5,50.0,0.0,PILOTING,SYS_GO,36.6303,3.83,0.0,0.0,377,0.0,0
1771963607.4717,31.3,50.0,0.0,PILOTING,SYS_GO,36.687,3.83,0.0,0.0,377,0.0,0
1771963607.5237,35.6,50.0,0.0,PILOTING,SYS_GO,36.6983,3.83,0.0,0.0,377,0.0,0
1771963607.5791,34.7,50.0,0.0,PILOTING,SYS_GO,36.7177,3.83,0.0,0.0,377,0.0,0
1771963607.6685,30.3,50.0,0.0,PILOTING,SYS_GO,36.7643,3.83,0.0,0.0,377,0.0,0
1771963607.7188,36.3,50.0,0.0,PILOTING,SYS_GO,36.7743,3.83,0.0,0.0,377,0.0,0
1771963607.8355,31.0,50.0,0.0,PILOTING,SYS_GO,36.8349,3.83,0.0,0.0,377,0.0,0
1771963607.8873,31.2,50.0,0.0,PILOTING,SYS_GO,36.8535,3.83,0.0,0.0,377,0.0,0
1771963607.9552,29.5,50.0,0.0,PILOTING,SYS_GO,36.8799,3.83,0.0,0.0,377,0.0,0
1771963608.0338,26.6,50.0,0.0,PILOTING,SYS_GO,36.9209,3.83,0.0,0.0,377,0.0,0
1771963608.0837,29.8,50.0,0.0,PILOTING,SYS_GO,36.935,3.83,0.0,0.0,377,0.0,0
1771963608.1387,32.7,50.0,0.0,PILOTING,SYS_GO,36.9485,3.83,0.0,0.0,377,0.0,0
1771963608.2483,28.3,50.0,0.0,PILOTING,SYS_GO,37.0065,3.83,0.0,0.0,377,0.0,0
1771963608.2969,28.7,50.0,0.0,PILOTING,SYS_GO,37.0261,3.83,0.0,0.0,377,0.0,0
1771963608.4162,24.7,50.0,0.0,PILOTING,SYS_GO,37.0956,3.83,0.0,0.0,377,0.0,0
1771963608.4661,36.1,50.0,0.0,PILOTING,SYS_GO,37.1029,3.83,0.0,0.0,377,0.0,0
1771963608.5077,34.4,50.0,0.0,PILOTING,SYS_GO,37.1246,3.83,0.0,0.0,377,0.0,0
1771963608.599,30.1,50.0,0.0,PILOTING,SYS_GO,37.1717,3.83,0.0,0.0,377,0.0,0
1771963608.6471,35.2,50.0,0.0,PILOTING,SYS_GO,37.1825,3.83,0.0,0.0,377,0.0,0
1771963608.7384,30.4,50.0,0.0,PILOTING,SYS_GO,37.2357,3.83,0.0,0.0,377,0.0,0
1771963608.7854,30.8,50.0,0.0,PILOTING,SYS_GO,37.2544,3.83,0.0,0.0,377,0.0,0
1771963608.8301,33.4,50.0,0.0,PILOTING,SYS_GO,37.268,3.83,0.0,0.0,377,0.0,0
1771963608.9358,29.0,50.0,0.0,PILOTING,SYS_GO,37.3218,3.83,0.0,0.0,377,0.0,0
1771963608.9833,38.0,50.0,0.0,PILOTING,SYS_GO,37.3299,3.83,0.0,0.0,377,0.0,0
1771963609.1054,32.3,50.0,0.0,PILOTING,SYS_GO,37.3941,3.83,0.0,0.0,377,0.0,0
1771963609.1519,42.4,50.0,0.0,PILOTING,SYS_GO,37.4013,3.83,0.0,0.0,377,0.0,0
1771963609.2009,38.8,50.0,0.0,PILOTING,SYS_GO,37.4262,3.83,0.0,0.0,377,0.0,0
1771963609.2883,33.8,50.0,0.0,PILOTING,SYS_GO,37.4688,3.83,0.0,0.0,377,0.0,0
1771963609.3336,34.2,50.0,0.0,PILOTING,SYS_GO,37.4857,3.83,0.0,0.0,377,0.0,0
1771963609.4575,29.1,50.0,0.0,PILOTING,SYS_GO,37.554,3.83,0.0,0.0,377,0.0,0
1771963609.5034,35.7,50.0,0.0,PILOTING,SYS_GO,37.5637,3.83,0.0,0.0,377,0.0,0
1771963609.6252,30.3,50.0,0.0,PILOTING,SYS_GO,37.6329,3.83,0.0,0.0,377,0.0,0
1771963609.6727,36.1,50.0,0.0,PILOTING,SYS_GO,37.643,3.83,0.0,0.0,377,0.0,0
1771963609.7257,36.4,50.0,0.0,PILOTING,SYS_GO,37.6589,3.83,0.0,0.0,377,0.0,0
1771963609.8097,31.7,50.0,0.0,PILOTING,SYS_GO,37.7055,3.83,0.0,0.0,377,0.0,0
1771963609.856,33.7,50.0,0.0,PILOTING,SYS_GO,37.7199,3.83,0.0,0.0,377,0.0,0
1771963609.9788,28.8,50.0,0.0,PILOTING,SYS_GO,37.7848,3.83,0.0,0.0,377,0.0,0
1771963610.0281,37.3,50.0,0.0,PILOTING,SYS_GO,37.7933,3.83,0.0,0.0,377,0.0,0
1771963610.1465,31.8,50.0,0.0,PILOTING,SYS_GO,37.8552,3.83,0.0,0.0,377,0.0,0
1771963610.1921,41.8,50.0,0.0,PILOTING,SYS_GO,37.8625,3.83,0.0,0.0,377,0.0,0
1771963610.2978,35.7,50.0,0.0,PILOTING,SYS_GO,8.6636,4.01,0.0,0.0,286,0.0,0
1771963610.3484,38.1,50.0,0.0,PILOTING,SYS_GO,8.6761,4.01,0.0,0.0,286,0.0,0
1771963610.4816,32.1,50.0,0.0,PILOTING,SYS_GO,8.751,4.01,0.0,0.0,286,0.0,0
1771963610.5271,37.0,50.0,0.0,PILOTING,SYS_GO,8.7616,4.01,0.0,0.0,286,0.0,0
1771963610.5724,35.8,50.0,0.0,PILOTING,SYS_GO,8.781,4.01,0.0,0.0,286,0.0,0
1771963610.6493,31.9,50.0,0.0,PILOTING,SYS_GO,8.8178,4.01,0.0,0.0,285,0.0,0
1771963610.6953,31.1,50.0,0.0,PILOTING,SYS_GO,8.8395,4.01,0.0,0.0,285,0.0,0
1771963610.7875,27.5,50.0,0.0,PILOTING,SYS_GO,8.8846,4.01,0.0,0.0,285,0.0,0
1771963610.8342,27.5,50.0,0.0,PILOTING,SYS_GO,8.9063,4.01,0.0,0.0,285,0.0,0
1771963610.9712,23.6,50.0,0.0,PILOTING,SYS_GO,8.9812,4.01,0.0,0.0,285,0.0,0
1771963611.0164,33.4,50.0,0.0,PILOTING,SYS_GO,8.9895,4.01,0.0,0.0,285,0.0,0
1771963611.0944,30.7,50.0,0.0,PILOTING,SYS_GO,9.0192,4.01,0.0,0.0,285,0.0,0
1771963611.1559,28.7,50.0,0.0,PILOTING,SYS_GO,8.639,4.01,0.0,0.0,286,0.0,0
1771963611.2024,29.2,50.0,0.0,PILOTING,SYS_GO,8.6583,4.01,0.0,0.0,286,0.0,0
1771963611.3403,25.0,50.0,0.0,PILOTING,SYS_GO,8.7325,4.01,0.0,0.0,286,0.0,0
1771963611.3859,30.4,50.0,0.0,PILOTING,SYS_GO,8.7441,4.01,0.0,0.0,286,0.0,0
1771963611.4468,28.1,50.0,0.0,PILOTING,SYS_GO,8.7759,4.01,0.0,0.0,286,0.0,0
1771963611.5674,24.2,50.0,0.0,PILOTING,SYS_GO,8.8436,4.01,0.0,0.0,285,0.0,0
1771963611.6165,33.4,50.0,0.0,PILOTING,SYS_GO,8.8521,4.01,0.0,0.0,285,0.0,0
1771963611.6765,32.0,50.0,0.0,PILOTING,SYS_GO,8.8752,4.01,0.0,0.0,285,0.0,0
1771963611.7383,29.0,50.0,0.0,PILOTING,SYS_GO,8.9103,4.01,0.0,0.0,285,0.0,0
1771963611.7836,34.7,50.0,0.0,PILOTING,SYS_GO,8.9207,4.01,0.0,0.0,285,0.0,0
1771963611.8771,30.2,50.0,0.0,PILOTING,SYS_GO,8.9702,4.01,0.0,0.0,285,0.0,0
1771963611.9222,37.6,50.0,0.0,PILOTING,SYS_GO,8.9791,4.01,0.0,0.0,285,0.0,0
1771963612.0302,32.1,50.0,0.0,PILOTING,SYS_GO,9.0383,4.01,0.0,0.0,285,0.0,0
1771963612.0761,30.3,50.0,0.0,PILOTING,SYS_GO,9.0642,4.01,0.0,0.0,285,0.0,0
1771963612.1269,32.2,50.0,0.0,PILOTING,SYS_GO,9.0793,4.01,0.0,0.0,285,0.0,0
1771963612.2148,28.5,50.0,0.0,PILOTING,SYS_GO,9.1238,4.01,0.0,0.0,285,0.0,0
1771963612.2619,30.0,50.0,0.0,PILOTING,SYS_GO,9.1404,4.01,0.0,0.0,285,0.0,0
1771963612.3261,30.1,50.0,0.0,PILOTING,SYS_GO,9.1599,4.01,0.0,0.0,285,0.0,0
1771963612.3964,27.3,50.0,0.0,PILOTING,SYS_GO,9.1971,4.01,0.0,0.0,284,0.0,0
1771963612.4486,29.7,50.0,0.0,PILOTING,SYS_GO,9.2123,4.01,0.0,0.0,284,0.0,0
1771963612.534,26.6,50.0,0.0,PILOTING,SYS_GO,9.2554,4.01,0.0,0.0,284,0.0,0
1771963612.579,27.1,50.0,0.0,PILOTING,SYS_GO,9.2761,4.01,0.0,0.0,284,0.0,0
1771963612.6708,24.0,50.0,0.0,PILOTING,SYS_GO,9.3281,4.01,0.0,0.0,284,0.0,0
1771963612.7174,37.5,50.0,0.0,PILOTING,SYS_GO,9.3347,4.01,0.0,0.0,284,0.0,0
1771963612.8082,32.4,50.0,0.0,PILOTING,SYS_GO,9.3841,4.01,0.0,0.0,284,0.0,0
1771963612.857,43.9,50.0,0.0,PILOTING,SYS_GO,9.3908,4.01,0.0,0.0,284,0.0,0
1771963612.9316,38.0,50.0,0.0,PILOTING,SYS_GO,9.4328,4.01,0.0,0.0,284,0.0,0
1771963612.9781,48.2,50.0,0.0,PILOTING,SYS_GO,9.4395,4.01,0.0,0.0,284,0.0,0
1771963613.0675,41.0,50.0,0.0,PILOTING,SYS_GO,9.4874,4.01,0.0,0.0,284,0.0,0
1771963613.1128,39.4,50.0,0.0,PILOTING,SYS_GO,9.5056,4.01,0.0,0.0,284,0.0,0
1771963613.2198,33.5,50.0,0.0,PILOTING,SYS_GO,9.5678,4.01,0.0,0.0,283,0.0,0
1771963613.2729,44.2,50.0,0.0,PILOTING,SYS_GO,9.5747,4.01,0.0,0.0,283,0.0,0
1771963613.3657,38.2,50.0,0.0,PILOTING,SYS_GO,9.6179,4.01,0.0,0.0,283,0.0,0
1771963613.4074,46.7,50.0,0.0,PILOTING,SYS_GO,9.6254,4.01,0.0,0.0,283,0.0,0
1771963613.5269,39.2,50.0,0.0,PILOTING,SYS_GO,9.6906,4.01,0.0,0.0,283,0.0,0
1771963613.5733,42.1,50.0,0.0,PILOTING,SYS_GO,9.7018,4.01,0.0,0.0,283,0.0,0
1771963613.6354,38.2,50.0,0.0,PILOTING,SYS_GO,9.7282,4.01,0.0,0.0,283,0.0,0
1771963613.6941,34.5,50.0,0.0,PILOTING,SYS_GO,9.7586,4.01,0.0,0.0,283,0.0,0
1771963613.7393,35.7,50.0,0.0,PILOTING,SYS_GO,9.7735,4.01,0.0,0.0,283,0.0,0
1771963613.8454,30.6,50.0,0.0,PILOTING,SYS_GO,9.8324,4.01,0.0,0.0,283,0.0,0
1771963613.8942,31.1,50.0,0.0,PILOTING,SYS_GO,9.8504,4.01,0.0,0.0,283,0.0,0
1771963614.0014,27.1,50.0,0.0,PILOTING,SYS_GO,9.9056,4.01,0.0,0.0,283,0.0,0
1771963614.0475,28.2,50.0,0.0,PILOTING,SYS_GO,9.9239,4.01,0.0,0.0,283,0.0,0
1771963614.1407,25.1,50.0,0.0,PILOTING,SYS_GO,9.9717,4.01,0.0,0.0,282,0.0,0
1771963614.2154,23.0,50.0,0.0,PILOTING,SYS_GO,10.0122,4.01,0.0,0.0,282,0.0,0
1771963614.2608,27.7,50.0,0.0,PILOTING,SYS_GO,10.0253,4.01,0.0,0.0,282,0.0,0
1771963614.3072,29.0,50.0,0.0,PILOTING,SYS_GO,10.0426,4.01,0.0,0.0,282,0.0,0
1771963614.3834,26.5,50.0,0.0,PILOTING,SYS_GO,10.0798,4.01,0.0,0.0,282,0.0,0
1771963614.4321,26.9,50.0,0.0,PILOTING,SYS_GO,10.1006,4.01,0.0,0.0,282,0.0,0
1771963614.5358,23.7,50.0,0.0,PILOTING,SYS_GO,10.1569,4.01,0.0,0.0,282,0.0,0
1771963614.5883,31.0,50.0,0.0,PILOTING,SYS_GO,10.1668,4.01,0.0,0.0,282,0.0,0
1771963614.6885,27.2,50.0,0.0,PILOTING,SYS_GO,10.218,4.01,0.0,0.0,282,0.0,0
1771963614.734,26.4,50.0,0.0,PILOTING,SYS_GO,10.2437,4.01,0.0,0.0,282,0.0,0
1771963614.8569,22.8,50.0,0.0,PILOTING,SYS_GO,10.3167,4.01,0.0,0.0,282,0.0,0
1771963614.9044,31.6,50.0,0.0,PILOTING,SYS_GO,10.3257,4.01,0.0,0.0,281,0.0,0
1771963614.9703,29.4,50.0,0.0,PILOTING,SYS_GO,10.3546,4.01,0.0,0.0,281,0.0,0
1771963615.0873,25.4,50.0,0.0,PILOTING,SYS_GO,10.4196,4.01,0.0,0.0,281,0.0,0
1771963615.134,31.9,50.0,0.0,PILOTING,SYS_GO,10.43,4.01,0.0,0.0,281,0.0,0
1771963615.2214,29.7,50.0,0.0,PILOTING,SYS_GO,10.4587,4.01,0.0,0.0,281,0.0,0
1771963615.2692,28.4,50.0,0.0,PILOTING,SYS_GO,10.4848,4.01,0.0,0.0,281,0.0,0
1771963615.3157,39.4,50.0,0.0,PILOTING,SYS_GO,10.492,4.01,0.0,0.0,281,0.0,0
1771963615.411,33.8,50.0,0.0,PILOTING,SYS_GO,10.5454,4.01,0.0,0.0,281,0.0,0
1771963615.4532,32.5,50.0,0.0,PILOTING,SYS_GO,10.5674,4.01,0.0,0.0,281,0.0,0
1771963615.4999,33.4,50.0,0.0,PILOTING,SYS_GO,10.5836,4.01,0.0,0.0,281,0.0,0
1771963615.5917,29.0,50.0,0.0,PILOTING,SYS_GO,10.6366,4.01,0.0,0.0,281,0.0,0
1771963615.6373,40.0,50.0,0.0,PILOTING,SYS_GO,10.6437,4.01,0.0,0.0,281,0.0,0
1771963615.6829,38.7,50.0,0.0,PILOTING,SYS_GO,10.6617,4.01,0.0,0.0,281,0.0,0
1771963615.761,33.7,50.0,0.0,PILOTING,SYS_GO,10.7053,4.01,0.0,0.0,280,0.0,0
1771963615.8099,40.2,50.0,0.0,PILOTING,SYS_GO,10.7144,4.01,0.0,0.0,280,0.0,0
1771963615.8697,36.6,50.0,0.0,PILOTING,SYS_GO,10.7415,4.01,0.0,0.0,280,0.0,0
1771963615.9604,31.9,50.0,0.0,PILOTING,SYS_GO,10.7875,4.01,0.0,0.0,280,0.0,0
1771963616.0068,32.9,50.0,0.0,PILOTING,SYS_GO,10.8038,4.01,0.0,0.0,280,0.0,0
1771963616.0966,28.6,50.0,0.0,PILOTING,SYS_GO,10.855,4.01,0.0,0.0,280,0.0,0
1771963616.1422,33.1,50.0,0.0,PILOTING,SYS_GO,10.8668,4.01,0.0,0.0,280,0.0,0
1771963616.2491,28.6,50.0,0.0,PILOTING,SYS_GO,10.9217,4.01,0.0,0.0,280,0.0,0
1771963616.2958,29.9,50.0,0.0,PILOTING,SYS_GO,10.939,4.01,0.0,0.0,280,0.0,0
1771963616.4186,25.6,50.0,0.0,PILOTING,SYS_GO,11.0072,4.01,0.0,0.0,280,0.0,0
1771963616.4664,37.8,50.0,0.0,PILOTING,SYS_GO,11.0142,4.01,0.0,0.0,280,0.0,0
1771963616.5723,32.5,50.0,0.0,PILOTING,SYS_GO,11.0679,4.01,0.0,0.0,280,0.0,0
1771963616.6186,33.6,50.0,0.0,PILOTING,SYS_GO,11.0836,4.01,0.0,0.0,280,0.0,0
1771963616.7301,28.8,50.0,0.0,PILOTING,SYS_GO,11.1462,4.01,0.0,0.0,279,0.0,0
1771963616.7773,35.3,50.0,0.0,PILOTING,SYS_GO,11.156,4.01,0.0,0.0,279,0.0,0
1771963616.84,33.0,50.0,0.0,PILOTING,SYS_GO,11.1811,4.01,0.0,0.0,279,0.0,0
1771963616.9395,28.6,50.0,0.0,PILOTING,SYS_GO,11.2366,4.01,0.0,0.0,279,0.0,0
1771963616.9853,35.2,50.0,0.0,PILOTING,SYS_GO,11.2463,4.01,0.0,0.0,279,0.0,0
1771963617.1079,29.9,50.0,0.0,PILOTING,SYS_GO,11.3164,4.01,0.0,0.0,279,0.0,0
1771963617.1569,31.9,50.0,0.0,PILOTING,SYS_GO,11.3314,4.01,0.0,0.0,279,0.0,0
1771963617.2303,29.8,50.0,0.0,PILOTING,SYS_GO,11.3596,4.01,0.0,0.0,279,0.0,0
1771963617.3072,26.9,50.0,0.0,PILOTING,SYS_GO,11.399,4.01,0.0,0.0,279,0.0,0
1771963617.3561,30.6,50.0,0.0,PILOTING,SYS_GO,11.4122,4.01,0.0,0.0,279,0.0,0
1771963617.4596,26.5,50.0,0.0,PILOTING,SYS_GO,11.47,4.01,0.0,0.0,279,0.0,0
1771963617.5112,37.7,50.0,0.0,PILOTING,SYS_GO,11.4773,4.01,0.0,0.0,278,0.0,0
1771963617.6116,32.3,50.0,0.0,PILOTING,SYS_GO,11.5317,4.01,0.0,0.0,278,0.0,0
1771963617.6577,39.3,50.0,0.0,PILOTING,SYS_GO,11.5406,4.01,0.0,0.0,278,0.0,0
1771963617.7648,33.6,50.0,0.0,PILOTING,SYS_GO,11.5947,4.01,0.0,0.0,278,0.0,0
1771963617.8149,37.6,50.0,0.0,PILOTING,SYS_GO,11.6058,4.01,0.0,0.0,278,0.0,0
1771963617.8733,34.8,50.0,0.0,PILOTING,SYS_GO,11.6314,4.01,0.0,0.0,278,0.0,0
1771963617.9622,30.4,50.0,0.0,PILOTING,SYS_GO,11.6783,4.01,0.0,0.0,278,0.0,0
1771963618.0114,29.7,50.0,0.0,PILOTING,SYS_GO,11.7008,4.01,0.0,0.0,278,0.0,0
1771963618.1152,26.0,50.0,0.0,PILOTING,SYS_GO,11.7535,4.01,0.0,0.0,278,0.0,0
1771963618.1663,29.4,50.0,0.0,PILOTING,SYS_GO,11.7674,4.01,0.0,0.0,278,0.0,0
1771963618.2538,25.9,50.0,0.0,PILOTING,SYS_GO,11.8182,4.01,0.0,0.0,278,0.0,0
1771963618.3015,30.4,50.0,0.0,PILOTING,SYS_GO,11.8307,4.01,0.0,0.0,278,0.0,0
1771963618.4086,26.5,50.0,0.0,PILOTING,SYS_GO,11.8851,4.01,0.0,0.0,277,0.0,0
1771963618.4571,31.1,50.0,0.0,PILOTING,SYS_GO,11.8973,4.01,0.0,0.0,277,0.0,0
1771963618.5609,26.9,50.0,0.0,PILOTING,SYS_GO,11.9557,4.01,0.0,0.0,277,0.0,0
1771963618.6081,33.0,50.0,0.0,PILOTING,SYS_GO,11.9661,4.01,0.0,0.0,277,0.0,0
1771963618.673,30.8,50.0,0.0,PILOTING,SYS_GO,11.9933,4.01,0.0,0.0,277,0.0,0
1771963618.7137,31.3,50.0,0.0,PILOTING,SYS_GO,12.0115,4.01,0.0,0.0,277,0.0,0
1771963618.7625,32.5,50.0,0.0,PILOTING,SYS_GO,12.0275,4.01,0.0,0.0,277,0.0,0
1771963618.8524,28.4,50.0,0.0,PILOTING,SYS_GO,12.0769,4.01,0.0,0.0,277,0.0,0
1771963618.8982,35.7,50.0,0.0,PILOTING,SYS_GO,12.0862,4.01,0.0,0.0,277,0.0,0
1771963618.9894,31.1,50.0,0.0,PILOTING,SYS_GO,12.1326,4.01,0.0,0.0,277,0.0,0
1771963619.0366,31.0,50.0,0.0,PILOTING,SYS_GO,12.1522,4.01,0.0,0.0,277,0.0,0
1771963619.0893,31.3,50.0,0.0,PILOTING,SYS_GO,12.1707,4.01,0.0,0.0,277,0.0,0
1771963619.188,27.4,50.0,0.0,PILOTING,SYS_GO,12.221,4.01,0.0,0.0,277,0.0,0
1771963619.2421,28.3,50.0,0.0,PILOTING,SYS_GO,12.24,4.01,0.0,0.0,276,0.0,0
1771963619.3712,24.3,50.0,0.0,PILOTING,SYS_GO,12.3089,4.01,0.0,0.0,276,0.0,0
1771963619.4185,27.4,50.0,0.0,PILOTING,SYS_GO,12.3239,4.01,0.0,0.0,276,0.0,0
1771963619.5108,24.6,50.0,0.0,PILOTING,SYS_GO,12.3702,4.01,0.0,0.0,276,0.0,0
1771963619.5575,28.4,50.0,0.0,PILOTING,SYS_GO,12.3839,4.01,0.0,0.0,276,0.0,0
1771963619.6483,25.2,50.0,0.0,PILOTING,SYS_GO,12.4319,4.01,0.0,0.0,276,0.0,0
1771963619.6941,27.4,50.0,0.0,PILOTING,SYS_GO,12.4484,4.01,0.0,0.0,276,0.0,0
1771963619.7619,26.4,50.0,0.0,PILOTING,SYS_GO,12.4754,4.01,0.0,0.0,276,0.0,0
1771963619.8014,32.1,50.0,0.0,PILOTING,SYS_GO,12.4864,4.01,0.0,0.0,276,0.0,0
1771963619.8485,31.8,50.0,0.0,PILOTING,SYS_GO,12.506,4.01,0.0,0.0,276,0.0,0
1771963619.9556,27.4,50.0,0.0,PILOTING,SYS_GO,12.565,4.01,0.0,0.0,276,0.0,0
1771963620.0039,36.5,50.0,0.0,PILOTING,SYS_GO,12.5732,4.01,0.0,0.0,276,0.0,0
1771963620.1098,31.3,50.0,0.0,PILOTING,SYS_GO,12.6305,4.01,0.0,0.0,275,0.0,0
1771963620.1558,33.0,50.0,0.0,PILOTING,SYS_GO,12.6457,4.01,0.0,0.0,275,0.0,0
1771963620.2585,28.8,50.0,0.0,PILOTING,SYS_GO,12.6953,4.01,0.0,0.0,275,0.0,0
1771963620.2948,41.9,50.0,0.0,PILOTING,SYS_GO,12.7016,4.01,0.0,0.0,275,0.0,0
1771963620.3394,44.3,50.0,0.0,PILOTING,SYS_GO,12.7128,4.01,0.0,0.0,275,0.0,0
1771963620.4161,38.4,50.0,0.0,PILOTING,SYS_GO,12.7534,4.01,0.0,0.0,275,0.0,0
1771963620.4618,40.0,50.0,0.0,PILOTING,SYS_GO,12.7663,4.01,0.0,0.0,275,0.0,0
1771963620.5535,34.6,50.0,0.0,PILOTING,SYS_GO,12.8118,4.01,0.0,0.0,275,0.0,0
1771963620.6025,35.2,50.0,0.0,PILOTING,SYS_GO,12.8278,4.01,0.0,0.0,275,0.0,0
1771963620.7062,30.4,50.0,0.0,PILOTING,SYS_GO,12.8816,4.01,0.0,0.0,275,0.0,0
1771963620.7511,30.3,50.0,0.0,PILOTING,SYS_GO,12.9016,4.01,0.0,0.0,275,0.0,0
1771963620.8421,26.6,50.0,0.0,PILOTING,SYS_GO,12.9534,4.01,0.0,0.0,275,0.0,0
1771963620.8886,33.7,50.0,0.0,PILOTING,SYS_GO,12.9631,4.01,0.0,0.0,275,0.0,0
1771963621.0094,28.8,50.0,0.0,PILOTING,SYS_GO,13.0265,4.01,0.0,0.0,274,0.0,0
1771963621.0564,39.7,50.0,0.0,PILOTING,SYS_GO,13.0338,4.01,0.0,0.0,274,0.0,0
1771963621.1793,33.6,50.0,0.0,PILOTING,SYS_GO,13.0981,4.01,0.0,0.0,274,0.0,0
1771963621.2271,37.6,50.0,0.0,PILOTING,SYS_GO,13.1092,4.01,0.0,0.0,274,0.0,0
1771963621.2711,36.5,50.0,0.0,PILOTING,SYS_GO,13.128,4.01,0.0,0.0,274,0.0,0
1771963621.3906,31.1,50.0,0.0,PILOTING,SYS_GO,13.1928,4.01,0.0,0.0,274,0.0,0
1771963621.4381,34.5,50.0,0.0,PILOTING,SYS_GO,13.2052,4.01,0.0,0.0,274,0.0,0
1771963621.4848,36.0,50.0,0.0,PILOTING,SYS_GO,13.2194,4.01,0.0,0.0,274,0.0,0
1771963621.5598,31.8,50.0,0.0,PILOTING,SYS_GO,13.2602,4.01,0.0,0.0,274,0.0,0
1771963621.6137,32.3,50.0,0.0,PILOTING,SYS_GO,13.2776,4.01,0.0,0.0,274,0.0,0
1771963621.7112,28.3,50.0,0.0,PILOTING,SYS_GO,13.3272,4.01,0.0,0.0,274,0.0,0
1771963621.7571,29.5,50.0,0.0,PILOTING,SYS_GO,13.3446,4.01,0.0,0.0,274,0.0,0
1771963621.8253,27.0,50.0,0.0,PILOTING,SYS_GO,13.3798,4.01,0.0,0.0,273,0.0,0
1771963621.8783,25.7,50.0,0.0,PILOTING,SYS_GO,13.4091,4.01,0.0,0.0,273,0.0,0
1771963621.925,34.4,50.0,0.0,PILOTING,SYS_GO,13.4178,4.01,0.0,0.0,273,0.0,0
1771963622.0166,30.1,50.0,0.0,PILOTING,SYS_GO,13.4639,4.01,0.0,0.0,273,0.0,0
1771963622.0903,30.9,50.0,0.0,PILOTING,SYS_GO,13.4816,4.01,0.0,0.0,273,0.0,0
1771963622.1676,28.0,50.0,0.0,PILOTING,SYS_GO,13.5181,4.01,0.0,0.0,273,0.0,0
1771963622.2148,31.2,50.0,0.0,PILOTING,SYS_GO,13.5318,4.01,0.0,0.0,273,0.0,0
1771963622.323,27.0,50.0,0.0,PILOTING,SYS_GO,13.5916,4.01,0.0,0.0,273,0.0,0
1771963622.3754,30.4,50.0,0.0,PILOTING,SYS_GO,13.6052,4.01,0.0,0.0,273,0.0,0
1771963622.4767,26.4,50.0,0.0,PILOTING,SYS_GO,13.664,4.01,0.0,0.0,273,0.0,0
1771963622.5228,28.0,50.0,0.0,PILOTING,SYS_GO,13.6813,4.01,0.0,0.0,273,0.0,0
1771963622.5677,27.1,50.0,0.0,PILOTING,SYS_GO,13.707,4.01,0.0,0.0,273,0.0,0
1771963622.6777,23.9,50.0,0.0,PILOTING,SYS_GO,13.7622,4.01,0.0,0.0,272,0.0,0
1771963622.7225,35.1,50.0,0.0,PILOTING,SYS_GO,13.7697,4.01,0.0,0.0,272,0.0,0
1771963622.7699,33.2,50.0,0.0,PILOTING,SYS_GO,13.7932,4.01,0.0,0.0,272,0.0,0
1771963622.904,28.1,50.0,0.0,PILOTING,SYS_GO,13.8696,4.01,0.0,0.0,272,0.0,0
1771963622.9547,31.2,50.0,0.0,PILOTING,SYS_GO,13.8833,4.01,0.0,0.0,272,0.0,0
1771963623.0226,28.9,50.0,0.0,PILOTING,SYS_GO,13.9139,4.01,0.0,0.0,272,0.0,0
1771963623.0736,27.2,50.0,0.0,PILOTING,SYS_GO,13.9435,4.01,0.0,0.0,272,0.0,0
1771963623.1199,34.7,50.0,0.0,PILOTING,SYS_GO,13.9528,4.01,0.0,0.0,272,0.0,0
1771963623.1971,30.5,50.0,0.0,PILOTING,SYS_GO,13.9967,4.01,0.0,0.0,272,0.0,0
1771963623.243,30.5,50.0,0.0,PILOTING,SYS_GO,14.0164,4.01,0.0,0.0,272,0.0,0
1771963623.2887,29.8,50.0,0.0,PILOTING,SYS_GO,14.0386,4.01,0.0,0.0,272,0.0,0
1771963623.3958,25.9,50.0,0.0,PILOTING,SYS_GO,14.0963,4.01,0.0,0.0,272,0.0,0
1771963623.4432,27.5,50.0,0.0,PILOTING,SYS_GO,14.1139,4.01,0.0,0.0,272,0.0,0
1771963623.5597,24.3,50.0,0.0,PILOTING,SYS_GO,14.1676,4.01,0.0,0.0,271,0.0,0
1771963623.599,34.6,50.0,0.0,PILOTING,SYS_GO,14.1756,4.01,0.0,0.0,271,0.0,0
1771963623.6576,31.4,50.0,0.0,PILOTING,SYS_GO,14.2076,4.01,0.0,0.0,271,0.0,0
1771963623.7511,27.6,50.0,0.0,PILOTING,SYS_GO,14.2554,4.01,0.0,0.0,271,0.0,0
1771963623.7997,27.9,50.0,0.0,PILOTING,SYS_GO,14.2762,4.01,0.0,0.0,271,0.0,0
1771963623.9035,25.1,50.0,0.0,PILOTING,SYS_GO,14.3193,4.01,0.0,0.0,271,0.0,0
1771963623.9494,28.6,50.0,0.0,PILOTING,SYS_GO,14.3334,4.01,0.0,0.0,271,0.0,0
1771963623.998,28.4,50.0,0.0,PILOTING,SYS_GO,14.355,4.01,0.0,0.0,271,0.0,0
1771963624.1336,24.4,50.0,0.0,PILOTING,SYS_GO,14.4273,4.01,0.0,0.0,271,0.0,0
1771963624.1808,24.5,50.0,0.0,PILOTING,SYS_GO,14.4515,4.01,0.0,0.0,271,0.0,0
1771963624.2356,25.5,50.0,0.0,PILOTING,SYS_GO,14.472,4.01,0.0,0.0,271,0.0,0
1771963624.3467,22.2,50.0,0.0,PILOTING,SYS_GO,14.5372,4.01,0.0,0.0,49,0.0,0
1771963624.3922,29.2,50.0,0.0,PILOTING,SYS_GO,14.5477,4.01,0.0,0.0,49,0.0,0
1771963624.4663,27.8,50.0,0.0,PILOTING,SYS_GO,14.5748,4.01,0.0,0.0,49,0.0,0
1771963624.5293,26.1,50.0,0.0,PILOTING,SYS_GO,14.6057,4.01,0.0,0.0,49,0.0,0
1771963624.5779,28.5,50.0,0.0,PILOTING,SYS_GO,14.6214,4.01,0.0,0.0,49,0.0,0
1771963624.6829,25.0,50.0,0.0,PILOTING,SYS_GO,14.6753,4.01,0.0,0.0,49,0.0,0
1771963624.7402,26.5,50.0,0.0,PILOTING,SYS_GO,14.694,4.01,0.0,0.0,49,0.0,0
1771963624.8332,23.4,50.0,0.0,PILOTING,SYS_GO,14.7473,4.01,0.0,0.0,49,0.0,0
1771963624.8808,35.7,50.0,0.0,PILOTING,SYS_GO,14.7544,4.01,0.0,0.0,49,0.0,0
1771963624.9705,31.0,50.0,0.0,PILOTING,SYS_GO,14.8039,4.01,0.0,0.0,49,0.0,0
1771963625.0172,36.6,50.0,0.0,PILOTING,SYS_GO,14.8141,4.01,0.0,0.0,49,0.0,0
1771963625.1079,31.8,50.0,0.0,PILOTING,SYS_GO,14.8622,4.01,0.0,0.0,49,0.0,0
1771963625.156,41.0,50.0,0.0,PILOTING,SYS_GO,14.8699,4.01,0.0,0.0,49,0.0,0
1771963625.2304,35.5,50.0,0.0,PILOTING,SYS_GO,14.9133,4.01,0.0,0.0,49,0.0,0
1771963625.2769,47.4,50.0,0.0,PILOTING,SYS_GO,14.9196,4.01,0.0,0.0,49,0.0,0
1771963625.3821,40.0,50.0,0.0,PILOTING,SYS_GO,14.9762,4.01,0.0,0.0,49,0.0,0
1771963625.4269,45.6,50.0,0.0,PILOTING,SYS_GO,14.9851,4.01,0.0,0.0,49,0.0,0
1771963625.5186,38.9,50.0,0.0,PILOTING,SYS_GO,15.0338,4.01,0.0,0.0,49,0.0,0
1771963625.5666,38.8,50.0,0.0,PILOTING,SYS_GO,15.0495,4.01,0.0,0.0,49,0.0,0
1771963625.6722,33.1,50.0,0.0,PILOTING,SYS_GO,15.1075,4.01,0.0,0.0,49,0.0,0
1771963625.7203,43.5,50.0,0.0,PILOTING,SYS_GO,15.1146,4.01,0.0,0.0,49,0.0,0
1771963625.8249,36.8,50.0,0.0,PILOTING,SYS_GO,15.1756,4.01,0.0,0.0,57,0.0,0
1771963625.8751,42.3,50.0,0.0,PILOTING,SYS_GO,15.1849,4.01,0.0,0.0,57,0.0,0
1771963625.9176,40.7,50.0,0.0,PILOTING,SYS_GO,15.2025,4.01,0.0,0.0,57,0.0,0
1771963625.9938,35.8,50.0,0.0,PILOTING,SYS_GO,15.2393,4.01,0.0,0.0,57,0.0,0
1771963626.0401,35.2,50.0,0.0,PILOTING,SYS_GO,15.2575,4.01,0.0,0.0,57,0.0,0
1771963626.1753,29.8,50.0,0.0,PILOTING,SYS_GO,15.3332,4.01,0.0,0.0,57,0.0,0
1771963626.2272,34.2,50.0,0.0,PILOTING,SYS_GO,15.3448,4.01,0.0,0.0,57,0.0,0
1771963626.281,32.6,50.0,0.0,PILOTING,SYS_GO,15.3674,4.01,0.0,0.0,57,0.0,0
1771963626.3567,28.9,50.0,0.0,PILOTING,SYS_GO,15.4102,4.01,0.0,0.0,57,0.0,0
1771963626.4081,34.8,50.0,0.0,PILOTING,SYS_GO,15.4205,4.01,0.0,0.0,57,0.0,0
1771963626.4495,33.1,50.0,0.0,PILOTING,SYS_GO,15.4432,4.01,0.0,0.0,57,0.0,0
1771963626.5242,29.5,50.0,0.0,PILOTING,SYS_GO,15.4838,4.01,0.0,0.0,57,0.0,0
1771963626.5769,30.0,50.0,0.0,PILOTING,SYS_GO,15.5026,4.01,0.0,0.0,57,0.0,0
1771963626.6628,26.6,50.0,0.0,PILOTING,SYS_GO,15.549,4.01,0.0,0.0,57,0.0,0
1771963626.7187,27.5,50.0,0.0,PILOTING,SYS_GO,15.5681,4.01,0.0,0.0,57,0.0,0
1771963626.7994,25.1,50.0,0.0,PILOTING,SYS_GO,15.6068,4.01,0.0,0.0,57,0.0,0
1771963626.8456,27.1,50.0,0.0,PILOTING,SYS_GO,15.624,4.01,0.0,0.0,57,0.0,0
1771963626.9365,24.0,50.0,0.0,PILOTING,SYS_GO,15.6756,4.01,0.0,0.0,57,0.0,0
1771963626.9857,31.1,50.0,0.0,PILOTING,SYS_GO,15.6857,4.01,0.0,0.0,57,0.0,0
1771963627.1233,26.5,50.0,0.0,PILOTING,SYS_GO,15.757,4.01,0.0,0.0,57,0.0,0
1771963627.1648,36.8,50.0,0.0,PILOTING,SYS_GO,15.7647,4.01,0.0,0.0,57,0.0,0
1771963627.2198,37.7,50.0,0.0,PILOTING,SYS_GO,15.7791,4.01,0.0,0.0,57,0.0,0
1771963627.3009,33.1,50.0,0.0,PILOTING,SYS_GO,15.8201,4.01,0.0,0.0,57,0.0,0
1771963627.3496,32.6,50.0,0.0,PILOTING,SYS_GO,15.8398,4.01,0.0,0.0,57,0.0,0
1771963627.4686,27.9,50.0,0.0,PILOTING,SYS_GO,15.9064,4.01,0.0,0.0,54,0.0,0
1771963627.5169,30.4,50.0,0.0,PILOTING,SYS_GO,15.9212,4.01,0.0,0.0,54,0.0,0
1771963627.6213,26.6,50.0,0.0,PILOTING,SYS_GO,15.9738,4.01,0.0,0.0,54,0.0,0
1771963627.6669,26.0,50.0,0.0,PILOTING,SYS_GO,15.9993,4.01,0.0,0.0,54,0.0,0
1771963627.7582,23.0,50.0,0.0,PILOTING,SYS_GO,16.0524,4.01,0.0,0.0,54,0.0,0
1771963627.8048,34.8,50.0,0.0,PILOTING,SYS_GO,16.0598,4.01,0.0,0.0,54,0.0,0
1771963627.8957,30.3,50.0,0.0,PILOTING,SYS_GO,16.108,4.01,0.0,0.0,54,0.0,0
1771963627.9476,41.5,50.0,0.0,PILOTING,SYS_GO,16.1149,4.01,0.0,0.0,54,0.0,0
1771963628.0491,35.3,50.0,0.0,PILOTING,SYS_GO,16.1706,4.01,0.0,0.0,54,0.0,0
1771963628.0947,39.6,50.0,0.0,PILOTING,SYS_GO,16.1812,4.01,0.0,0.0,54,0.0,0
1771963628.1866,34.1,50.0,0.0,PILOTING,SYS_GO,16.2315,4.01,0.0,0.0,54,0.0,0
1771963628.2389,37.6,50.0,0.0,PILOTING,SYS_GO,16.243,4.01,0.0,0.0,54,0.0,0
1771963628.3684,31.8,50.0,0.0,PILOTING,SYS_GO,16.3139,4.01,0.0,0.0,54,0.0,0
1771963628.4152,37.2,50.0,0.0,PILOTING,SYS_GO,16.3241,4.01,0.0,0.0,54,0.0,0
1771963628.4838,33.8,50.0,0.0,PILOTING,SYS_GO,16.3538,4.01,0.0,0.0,54,0.0,0
1771963628.5664,29.8,50.0,0.0,PILOTING,SYS_GO,16.3971,4.01,0.0,0.0,54,0.0,0
1771963628.612,30.3,50.0,0.0,PILOTING,SYS_GO,16.4157,4.01,0.0,0.0,54,0.0,0
1771963628.7042,26.8,50.0,0.0,PILOTING,SYS_GO,16.4626,4.01,0.0,0.0,54,0.0,0
1771963628.7538,26.6,50.0,0.0,PILOTING,SYS_GO,16.4858,4.01,0.0,0.0,54,0.0,0
1771963628.8417,23.9,50.0,0.0,PILOTING,SYS_GO,16.5307,4.01,0.0,0.0,257,0.0,0
1771963628.8979,32.7,50.0,0.0,PILOTING,SYS_GO,16.5395,4.01,0.0,0.0,257,0.0,0
1771963628.9932,28.4,50.0,0.0,PILOTING,SYS_GO,16.5931,4.01,0.0,0.0,257,0.0,0
1771963629.0403,38.1,50.0,0.0,PILOTING,SYS_GO,16.6009,4.01,0.0,0.0,257,0.0,0
1771963629.1447,32.7,50.0,0.0,PILOTING,SYS_GO,16.6564,4.01,0.0,0.0,257,0.0,0
1771963629.1905,31.2,50.0,0.0,PILOTING,SYS_GO,16.6801,4.01,0.0,0.0,257,0.0,0
1771963629.2378,34.4,50.0,0.0,PILOTING,SYS_GO,16.6928,4.01,0.0,0.0,257,0.0,0
1771963629.3574,29.4,50.0,0.0,PILOTING,SYS_GO,16.756,4.01,0.0,0.0,257,0.0,0
1771963629.4063,31.3,50.0,0.0,PILOTING,SYS_GO,16.7715,4.01,0.0,0.0,257,0.0,0
1771963629.4964,27.4,50.0,0.0,PILOTING,SYS_GO,16.8221,4.01,0.0,0.0,257,0.0,0
1771963629.5425,31.9,50.0,0.0,PILOTING,SYS_GO,16.8342,4.01,0.0,0.0,257,0.0,0
1771963629.5931,30.3,50.0,0.0,PILOTING,SYS_GO,16.8591,4.01,0.0,0.0,257,0.0,0
1771963629.6805,26.8,50.0,0.0,PILOTING,SYS_GO,16.9058,4.01,0.0,0.0,257,0.0,0
1771963629.7293,31.3,50.0,0.0,PILOTING,SYS_GO,16.918,4.01,0.0,0.0,257,0.0,0
1771963629.8186,27.7,50.0,0.0,PILOTING,SYS_GO,16.964,4.01,0.0,0.0,257,0.0,0
1771963629.8658,29.4,50.0,0.0,PILOTING,SYS_GO,16.9804,4.01,0.0,0.0,257,0.0,0
1771963629.9717,25.5,50.0,0.0,PILOTING,SYS_GO,17.0421,4.01,0.0,0.0,256,0.0,0
1771963630.0206,34.5,50.0,0.0,PILOTING,SYS_GO,17.0507,4.01,0.0,0.0,256,0.0,0
1771963630.0946,31.8,50.0,0.0,PILOTING,SYS_GO,17.0787,4.01,0.0,0.0,256,0.0,0
1771963630.1895,27.9,50.0,0.0,PILOTING,SYS_GO,17.1275,4.01,0.0,0.0,256,0.0,0
1771963630.2524,26.1,50.0,0.0,PILOTING,SYS_GO,17.1598,4.01,0.0,0.0,256,0.0,0
1771963630.3429,23.3,50.0,0.0,PILOTING,SYS_GO,17.2086,4.01,0.0,0.0,256,0.0,0
1771963630.3898,30.5,50.0,0.0,PILOTING,SYS_GO,17.2187,4.01,0.0,0.0,256,0.0,0
1771963630.4549,28.1,50.0,0.0,PILOTING,SYS_GO,17.2508,4.01,0.0,0.0,256,0.0,0
1771963630.5572,24.6,50.0,0.0,PILOTING,SYS_GO,17.3087,4.01,0.0,0.0,256,0.0,0
1771963630.6064,30.6,50.0,0.0,PILOTING,SYS_GO,17.3197,4.01,0.0,0.0,256,0.0,0
1771963630.7414,26.1,50.0,0.0,PILOTING,SYS_GO,17.3947,4.01,0.0,0.0,256,0.0,0
1771963630.787,33.3,50.0,0.0,PILOTING,SYS_GO,17.4044,4.01,0.0,0.0,256,0.0,0
1771963630.8539,31.0,50.0,0.0,PILOTING,SYS_GO,17.4319,4.01,0.0,0.0,256,0.0,0
1771963630.9523,27.0,50.0,0.0,PILOTING,SYS_GO,17.4867,4.01,0.0,0.0,256,0.0,0
1771963631.0033,37.0,50.0,0.0,PILOTING,SYS_GO,17.4944,4.01,0.0,0.0,256,0.0,0
1771963631.0874,32.4,50.0,0.0,PILOTING,SYS_GO,17.537,4.01,0.0,0.0,256,0.0,0
1771963631.1342,30.6,50.0,0.0,PILOTING,SYS_GO,17.5627,4.01,0.0,0.0,256,0.0,0
1771963631.1894,32.6,50.0,0.0,PILOTING,SYS_GO,17.5776,4.01,0.0,0.0,256,0.0,0
1771963631.3174,27.7,50.0,0.0,PILOTING,SYS_GO,17.6488,4.01,0.0,0.0,256,0.0,0
1771963631.364,30.9,50.0,0.0,PILOTING,SYS_GO,17.6627,4.01,0.0,0.0,256,0.0,0
1771963631.4852,26.6,50.0,0.0,PILOTING,SYS_GO,17.7265,4.01,0.0,0.0,256,0.0,0
1771963631.5352,28.8,50.0,0.0,PILOTING,SYS_GO,17.7424,4.01,0.0,0.0,256,0.0,0
1771963631.6673,24.7,50.0,0.0,PILOTING,SYS_GO,17.8141,4.01,0.0,0.0,256,0.0,0
1771963631.7134,27.9,50.0,0.0,PILOTING,SYS_GO,17.8287,4.01,0.0,0.0,256,0.0,0
1771963631.8053,24.9,50.0,0.0,PILOTING,SYS_GO,17.8757,4.01,0.0,0.0,256,0.0,0
1771963631.8523,27.3,50.0,0.0,PILOTING,SYS_GO,17.8921,4.01,0.0,0.0,256,0.0,0
1771963631.9431,24.1,50.0,0.0,PILOTING,SYS_GO,17.9447,4.01,0.0,0.0,256,0.0,0
1771963631.9898,38.7,50.0,0.0,PILOTING,SYS_GO,17.9509,4.01,0.0,0.0,256,0.0,0
1771963632.0959,32.9,50.0,0.0,PILOTING,SYS_GO,18.0117,4.01,0.0,0.0,256,0.0,0
1771963632.1491,40.5,50.0,0.0,PILOTING,SYS_GO,18.0201,4.01,0.0,0.0,256,0.0,0
1771963632.2117,36.8,50.0,0.0,PILOTING,SYS_GO,18.0476,4.01,0.0,0.0,256,0.0,0
1771963632.2922,32.4,50.0,0.0,PILOTING,SYS_GO,18.0877,4.01,0.0,0.0,256,0.0,0
1771963632.3397,33.7,50.0,0.0,PILOTING,SYS_GO,18.103,4.01,0.0,0.0,256,0.0,0
1771963632.4297,29.3,50.0,0.0,PILOTING,SYS_GO,18.1557,4.01,0.0,0.0,256,0.0,0
1771963632.4792,37.9,50.0,0.0,PILOTING,SYS_GO,18.164,4.01,0.0,0.0,256,0.0,0
1771963632.5966,32.3,50.0,0.0,PILOTING,SYS_GO,18.2249,4.01,0.0,0.0,256,0.0,0
1771963632.6558,33.3,50.0,0.0,PILOTING,SYS_GO,18.241,4.01,0.0,0.0,256,0.0,0
1771963632.7337,29.7,50.0,0.0,PILOTING,SYS_GO,18.2808,4.01,0.0,0.0,256,0.0,0
1771963632.7809,30.5,50.0,0.0,PILOTING,SYS_GO,18.2986,4.01,0.0,0.0,256,0.0,0
1771963632.8884,26.3,50.0,0.0,PILOTING,SYS_GO,18.3615,4.01,0.0,0.0,256,0.0,0
1771963632.9352,36.6,50.0,0.0,PILOTING,SYS_GO,18.3692,4.01,0.0,0.0,256,0.0,0
1771963633.0252,31.7,50.0,0.0,PILOTING,SYS_GO,18.4189,4.01,0.0,0.0,256,0.0,0
1771963633.0707,43.9,50.0,0.0,PILOTING,SYS_GO,18.4254,4.01,0.0,0.0,256,0.0,0
1771963633.1617,37.4,50.0,0.0,PILOTING,SYS_GO,18.4787,4.01,0.0,0.0,256,0.0,0
1771963633.2093,46.8,50.0,0.0,PILOTING,SYS_GO,18.4858,4.01,0.0,0.0,256,0.0,0
1771963633.299,39.9,50.0,0.0,PILOTING,SYS_GO,18.5344,4.01,0.0,0.0,256,0.0,0
1771963633.3476,44.4,50.0,0.0,PILOTING,SYS_GO,18.5441,4.01,0.0,0.0,256,0.0,0
1771963633.4369,37.9,50.0,0.0,PILOTING,SYS_GO,18.5944,4.01,0.0,0.0,256,0.0,0
1771963633.4843,45.9,50.0,0.0,PILOTING,SYS_GO,18.6021,4.01,0.0,0.0,256,0.0,0
1771963633.5921,38.6,50.0,0.0,PILOTING,SYS_GO,18.6647,4.01,0.0,0.0,256,0.0,0
1771963633.6457,43.7,50.0,0.0,PILOTING,SYS_GO,18.674,4.01,0.0,0.0,256,0.0,0
1771963633.7301,37.7,50.0,0.0,PILOTING,SYS_GO,18.7181,4.01,0.0,0.0,256,0.0,0
1771963633.8058,33.4,50.0,0.0,PILOTING,SYS_GO,18.7557,4.01,0.0,0.0,256,0.0,0
1771963633.8524,31.5,50.0,0.0,PILOTING,SYS_GO,18.7808,4.01,0.0,0.0,256,0.0,0
1771963633.9615,27.3,50.0,0.0,PILOTING,SYS_GO,18.838,4.01,0.0,0.0,256,0.0,0
1771963634.0082,31.3,50.0,0.0,PILOTING,SYS_GO,18.8507,4.01,0.0,0.0,256,0.0,0
1771963634.0974,27.7,50.0,0.0,PILOTING,SYS_GO,18.8958,4.01,0.0,0.0,256,0.0,0
1771963634.1492,29.8,50.0,0.0,PILOTING,SYS_GO,18.9114,4.01,0.0,0.0,256,0.0,0
1771963634.2511,26.0,50.0,0.0,PILOTING,SYS_GO,18.9674,4.01,0.0,0.0,256,0.0,0
1771963634.3,36.2,50.0,0.0,PILOTING,SYS_GO,18.9752,4.01,0.0,0.0,256,0.0,0
1771963634.4023,31.2,50.0,0.0,PILOTING,SYS_GO,19.0289,4.01,0.0,0.0,256,0.0,0
1771963634.4484,38.1,50.0,0.0,PILOTING,SYS_GO,19.038,4.01,0.0,0.0,256,0.0,0
1771963634.5407,32.8,50.0,0.0,PILOTING,SYS_GO,19.0901,4.01,0.0,0.0,256,0.0,0
1771963634.5865,40.6,50.0,0.0,PILOTING,SYS_GO,19.0984,4.01,0.0,0.0,256,0.0,0
1771963634.7099,34.3,50.0,0.0,PILOTING,SYS_GO,19.1652,4.01,0.0,0.0,256,0.0,0
1771963634.759,33.1,50.0,0.0,PILOTING,SYS_GO,19.1865,4.01,0.0,0.0,256,0.0,0
1771963634.8616,28.6,50.0,0.0,PILOTING,SYS_GO,19.2411,4.01,0.0,0.0,256,0.0,0
1771963634.9082,35.7,50.0,0.0,PILOTING,SYS_GO,19.2504,4.01,0.0,0.0,256,0.0,0
1771963634.9546,33.3,50.0,0.0,PILOTING,SYS_GO,19.2761,4.01,0.0,0.0,256,0.0,0
1771963635.0605,28.8,50.0,0.0,PILOTING,SYS_GO,19.3312,4.01,0.0,0.0,256,0.0,0
1771963635.1095,31.7,50.0,0.0,PILOTING,SYS_GO,19.3451,4.01,0.0,0.0,256,0.0,0
1771963635.1985,27.8,50.0,0.0,PILOTING,SYS_GO,19.3949,4.01,0.0,0.0,256,0.0,0
1771963635.245,38.9,50.0,0.0,PILOTING,SYS_GO,19.4021,4.01,0.0,0.0,256,0.0,0
1771963635.3339,33.6,50.0,0.0,PILOTING,SYS_GO,19.4504,4.01,0.0,0.0,256,0.0,0
1771963635.3831,39.4,50.0,0.0,PILOTING,SYS_GO,19.46,4.01,0.0,0.0,256,0.0,0
1771963635.5005,33.3,50.0,0.0,PILOTING,SYS_GO,19.5265,4.01,0.0,0.0,256,0.0,0
1771963635.5514,40.0,50.0,0.0,PILOTING,SYS_GO,19.5355,4.01,0.0,0.0,256,0.0,0
1771963635.6227,36.4,50.0,0.0,PILOTING,SYS_GO,19.5627,4.01,0.0,0.0,256,0.0,0
1771963635.7256,31.4,50.0,0.0,PILOTING,SYS_GO,19.6165,4.01,0.0,0.0,256,0.0,0
1771963635.7739,30.1,50.0,0.0,PILOTING,SYS_GO,19.6404,4.01,0.0,0.0,256,0.0,0
1771963635.877,26.1,50.0,0.0,PILOTING,SYS_GO,19.6995,4.01,0.0,0.0,256,0.0,0
1771963635.923,33.0,50.0,0.0,PILOTING,SYS_GO,19.7094,4.01,0.0,0.0,256,0.0,0
1771963635.97,31.7,50.0,0.0,PILOTING,SYS_GO,19.732,4.01,0.0,0.0,256,0.0,0
1771963636.0764,27.5,50.0,0.0,PILOTING,SYS_GO,19.7889,4.01,0.0,0.0,256,0.0,0
1771963636.1222,38.3,50.0,0.0,PILOTING,SYS_GO,19.7962,4.01,0.0,0.0,256,0.0,0
1771963636.229,32.7,50.0,0.0,PILOTING,SYS_GO,19.8527,4.01,0.0,0.0,256,0.0,0
1771963636.2794,36.3,50.0,0.0,PILOTING,SYS_GO,19.8646,4.01,0.0,0.0,256,0.0,0
1771963636.3833,31.1,50.0,0.0,PILOTING,SYS_GO,19.9236,4.01,0.0,0.0,256,0.0,0
1771963636.4339,39.3,50.0,0.0,PILOTING,SYS_GO,19.932,4.01,0.0,0.0,256,0.0,0
1771963636.4872,36.6,50.0,0.0,PILOTING,SYS_GO,19.9549,4.01,0.0,0.0,256,0.0,0
1771963636.5638,32.1,50.0,0.0,PILOTING,SYS_GO,19.9984,4.01,0.0,0.0,256,0.0,0
1771963636.6101,41.1,50.0,0.0,PILOTING,SYS_GO,20.0062,4.01,0.0,0.0,256,0.0,0
1771963636.7009,35.5,50.0,0.0,PILOTING,SYS_GO,20.0529,4.01,0.0,0.0,256,0.0,0
1771963636.747,34.1,50.0,0.0,PILOTING,SYS_GO,20.0739,4.01,0.0,0.0,256,0.0,0
1771963636.8539,29.3,50.0,0.0,PILOTING,SYS_GO,20.1321,4.01,0.0,0.0,256,0.0,0
1771963636.9026,33.9,50.0,0.0,PILOTING,SYS_GO,20.1436,4.01,0.0,0.0,256,0.0,0
1771963636.9483,32.8,50.0,0.0,PILOTING,SYS_GO,20.165,4.01,0.0,0.0,256,0.0,0
1771963637.0219,29.0,50.0,0.0,PILOTING,SYS_GO,20.2073,4.01,0.0,0.0,256,0.0,0
1771963637.0684,33.8,50.0,0.0,PILOTING,SYS_GO,20.2187,4.01,0.0,0.0,256,0.0,0
1771963637.1976,28.8,50.0,0.0,PILOTING,SYS_GO,20.2839,4.01,0.0,0.0,256,0.0,0
1771963637.242,32.0,50.0,0.0,PILOTING,SYS_GO,20.2973,4.01,0.0,0.0,255,0.0,0
1771963637.2807,32.6,50.0,0.0,PILOTING,SYS_GO,20.3145,4.01,0.0,0.0,255,0.0,0
1771963637.3722,28.6,50.0,0.0,PILOTING,SYS_GO,20.3628,4.01,0.0,0.0,255,0.0,0
1771963637.4174,38.4,50.0,0.0,PILOTING,SYS_GO,20.3705,4.01,0.0,0.0,255,0.0,0
1771963637.4885,34.6,50.0,0.0,PILOTING,SYS_GO,20.4012,4.01,0.0,0.0,255,0.0,0
1771963637.5531,31.8,50.0,0.0,PILOTING,SYS_GO,20.4303,4.01,0.0,0.0,255,0.0,0
1771963637.5996,33.5,50.0,0.0,PILOTING,SYS_GO,20.4452,4.01,0.0,0.0,255,0.0,0
1771963637.7061,28.8,50.0,0.0,PILOTING,SYS_GO,20.5064,4.01,0.0,0.0,255,0.0,0
1771963637.7538,33.2,50.0,0.0,PILOTING,SYS_GO,20.5181,4.01,0.0,0.0,255,0.0,0
1771963637.8434,29.8,50.0,0.0,PILOTING,SYS_GO,20.555,4.01,0.0,0.0,255,0.0,0
1771963637.8921,35.5,50.0,0.0,PILOTING,SYS_GO,20.5653,4.01,0.0,0.0,255,0.0,0
1771963637.9335,33.5,50.0,0.0,PILOTING,SYS_GO,20.5889,4.01,0.0,0.0,255,0.0,0
1771963638.0252,29.1,50.0,0.0,PILOTING,SYS_GO,20.6403,4.01,0.0,0.0,255,0.0,0
1771963638.0707,35.2,50.0,0.0,PILOTING,SYS_GO,20.6505,4.01,0.0,0.0,255,0.0,0
1771963638.161,30.6,50.0,0.0,PILOTING,SYS_GO,20.6994,4.01,0.0,0.0,255,0.0,0
1771963638.2072,38.8,50.0,0.0,PILOTING,SYS_GO,20.7078,4.01,0.0,0.0,255,0.0,0
1771963638.2874,34.3,50.0,0.0,PILOTING,SYS_GO,20.745,4.01,0.0,0.0,255,0.0,0
1771963638.3604,30.7,50.0,0.0,PILOTING,SYS_GO,20.781,4.01,0.0,0.0,255,0.0,0
1771963638.4162,31.5,50.0,0.0,PILOTING,SYS_GO,20.7983,4.01,0.0,0.0,255,0.0,0
1771963638.4827,28.3,50.0,0.0,PILOTING,SYS_GO,20.8371,4.01,0.0,0.0,255,0.0,0
1771963638.5293,34.6,50.0,0.0,PILOTING,SYS_GO,20.8471,4.01,0.0,0.0,255,0.0,0
1771963638.6354,30.0,50.0,0.0,PILOTING,SYS_GO,20.9004,4.01,0.0,0.0,255,0.0,0
1771963638.6809,28.6,50.0,0.0,PILOTING,SYS_GO,20.9266,4.01,0.0,0.0,255,0.0,0
1771963638.7871,24.9,50.0,0.0,PILOTING,SYS_GO,20.9841,4.01,0.0,0.0,255,0.0,0
1771963638.8325,33.0,50.0,0.0,PILOTING,SYS_GO,20.9933,4.01,0.0,0.0,255,0.0,0
1771963638.8916,31.8,50.0,0.0,PILOTING,SYS_GO,21.0157,4.01,0.0,0.0,255,0.0,0
1771963638.9384,29.9,50.0,0.0,PILOTING,SYS_GO,21.0426,4.01,0.0,0.0,255,0.0,0
1771963638.9839,38.9,50.0,0.0,PILOTING,SYS_GO,21.0505,4.01,0.0,0.0,255,0.0,0
1771963639.0909,33.2,50.0,0.0,PILOTING,SYS_GO,21.1102,4.01,0.0,0.0,255,0.0,0
1771963639.1401,39.9,50.0,0.0,PILOTING,SYS_GO,21.1192,4.01,0.0,0.0,255,0.0,0
1771963639.1897,40.8,50.0,0.0,PILOTING,SYS_GO,21.1326,4.01,0.0,0.0,255,0.0,0
1771963639.2596,36.0,50.0,0.0,PILOTING,SYS_GO,21.1685,4.01,0.0,0.0,255,0.0,0
1771963639.3151,37.2,50.0,0.0,PILOTING,SYS_GO,21.1827,4.01,0.0,0.0,255,0.0,0
1771963639.3975,32.5,50.0,0.0,PILOTING,SYS_GO,21.2279,4.01,0.0,0.0,255,0.0,0
1771963639.4427,35.4,50.0,0.0,PILOTING,SYS_GO,21.2406,4.01,0.0,0.0,255,0.0,0
1771963639.5501,30.4,50.0,0.0,PILOTING,SYS_GO,21.3008,4.01,0.0,0.0,255,0.0,0
1771963639.5974,35.9,50.0,0.0,PILOTING,SYS_GO,21.3111,4.01,0.0,0.0,255,0.0,0
1771963639.6877,31.1,50.0,0.0,PILOTING,SYS_GO,21.3617,4.01,0.0,0.0,255,0.0,0
1771963639.7388,37.4,50.0,0.0,PILOTING,SYS_GO,21.3712,4.01,0.0,0.0,255,0.0,0
1771963639.8563,31.9,50.0,0.0,PILOTING,SYS_GO,21.4325,4.01,0.0,0.0,255,0.0,0
1771963639.9022,42.8,50.0,0.0,PILOTING,SYS_GO,21.4394,4.01,0.0,0.0,255,0.0,0
1771963640.0253,36.1,50.0,0.0,PILOTING,SYS_GO,21.5049,4.01,0.0,0.0,255,0.0,0
1771963640.0709,40.2,50.0,0.0,PILOTING,SYS_GO,21.5155,4.01,0.0,0.0,255,0.0,0
1771963640.1628,35.6,50.0,0.0,PILOTING,SYS_GO,21.5502,4.01,0.0,0.0,255,0.0,0
1771963640.2074,33.9,50.0,0.0,PILOTING,SYS_GO,21.5721,4.01,0.0,0.0,255,0.0,0
1771963640.2542,32.3,50.0,0.0,PILOTING,SYS_GO,21.5953,4.01,0.0,0.0,255,0.0,0
1771963640.4098,27.2,50.0,0.0,PILOTING,SYS_GO,21.6853,4.01,0.0,0.0,255,0.0,0
1771963640.4576,31.2,50.0,0.0,PILOTING,SYS_GO,21.6981,4.01,0.0,0.0,255,0.0,0
1771963640.5017,30.8,50.0,0.0,PILOTING,SYS_GO,21.7187,4.01,0.0,0.0,255,0.0,0
1771963640.5774,27.3,50.0,0.0,PILOTING,SYS_GO,21.7626,4.01,0.0,0.0,255,0.0,0
1771963640.6327,31.0,50.0,0.0,PILOTING,SYS_GO,21.7757,4.01,0.0,0.0,255,0.0,0
1771963640.7174,27.6,50.0,0.0,PILOTING,SYS_GO,21.8184,4.01,0.0,0.0,255,0.0,0
1771963640.7647,28.6,50.0,0.0,PILOTING,SYS_GO,21.8369,4.01,0.0,0.0,255,0.0,0
1771963640.8695,24.9,50.0,0.0,PILOTING,SYS_GO,21.8971,4.01,0.0,0.0,255,0.0,0
1771963640.9166,37.7,50.0,0.0,PILOTING,SYS_GO,21.9038,4.01,0.0,0.0,255,0.0,0
1771963641.0218,32.4,50.0,0.0,PILOTING,SYS_GO,21.9581,4.01,0.0,0.0,255,0.0,0
1771963641.0895,33.6,50.0,0.0,PILOTING,SYS_GO,21.9736,4.01,0.0,0.0,255,0.0,0
1771963641.1754,29.4,50.0,0.0,PILOTING,SYS_GO,22.0209,4.01,0.0,0.0,255,0.0,0
1771963641.2202,34.1,50.0,0.0,PILOTING,SYS_GO,22.0322,4.01,0.0,0.0,255,0.0,0
1771963641.3267,29.5,50.0,0.0,PILOTING,SYS_GO,22.0866,4.01,0.0,0.0,255,0.0,0
1771963641.3719,30.5,50.0,0.0,PILOTING,SYS_GO,22.104,4.01,0.0,0.0,255,0.0,0
1771963641.4217,29.6,50.0,0.0,PILOTING,SYS_GO,22.1271,4.01,0.0,0.0,255,0.0,0
1771963641.5559,25.4,50.0,0.0,PILOTING,SYS_GO,22.1986,4.01,0.0,0.0,255,0.0,0
1771963641.6017,37.6,50.0,0.0,PILOTING,SYS_GO,22.2055,4.01,0.0,0.0,255,0.0,0
1771963641.7105,32.1,50.0,0.0,PILOTING,SYS_GO,22.2659,4.01,0.0,0.0,255,0.0,0
1771963641.7562,42.4,50.0,0.0,PILOTING,SYS_GO,22.2731,4.01,0.0,0.0,255,0.0,0
1771963641.877,35.8,50.0,0.0,PILOTING,SYS_GO,22.3358,4.01,0.0,0.0,255,0.0,0
1771963641.922,39.8,50.0,0.0,PILOTING,SYS_GO,22.3465,4.01,0.0,0.0,255,0.0,0
1771963642.0289,33.8,50.0,0.0,PILOTING,SYS_GO,22.4067,4.01,0.0,0.0,255,0.0,0
1771963642.0759,43.8,50.0,0.0,PILOTING,SYS_GO,22.4139,4.01,0.0,0.0,255,0.0,0
1771963642.1835,37.1,50.0,0.0,PILOTING,SYS_GO,22.4718,4.01,0.0,0.0,255,0.0,0
1771963642.2327,45.5,50.0,0.0,PILOTING,SYS_GO,22.4793,4.01,0.0,0.0,255,0.0,0
1771963642.3385,38.5,50.0,0.0,PILOTING,SYS_GO,22.5358,4.01,0.0,0.0,255,0.0,0
1771963642.3822,43.5,50.0,0.0,PILOTING,SYS_GO,22.5453,4.01,0.0,0.0,255,0.0,0
1771963642.4288,39.8,50.0,0.0,PILOTING,SYS_GO,22.5691,4.01,0.0,0.0,255,0.0,0
1771963642.519,34.3,50.0,0.0,PILOTING,SYS_GO,22.6179,4.01,0.0,0.0,255,0.0,0
1771963642.567,36.8,50.0,0.0,PILOTING,SYS_GO,22.6307,4.01,0.0,0.0,255,0.0,0
1771963642.6568,31.7,50.0,0.0,PILOTING,SYS_GO,22.682,4.01,0.0,0.0,255,0.0,0
1771963642.704,42.9,50.0,0.0,PILOTING,SYS_GO,22.6889,4.01,0.0,0.0,255,0.0,0
1771963642.7957,36.7,50.0,0.0,PILOTING,SYS_GO,22.7396,4.01,0.0,0.0,255,0.0,0
1771963642.8418,47.0,50.0,0.0,PILOTING,SYS_GO,22.7464,4.01,0.0,0.0,255,0.0,0
1771963642.9336,39.9,50.0,0.0,PILOTING,SYS_GO,22.7983,4.01,0.0,0.0,255,0.0,0
1771963642.9814,49.0,50.0,0.0,PILOTING,SYS_GO,22.8054,4.01,0.0,0.0,255,0.0,0
1771963643.0716,41.6,50.0,0.0,PILOTING,SYS_GO,22.8564,4.01,0.0,0.0,255,0.0,0
1771963643.1178,43.1,50.0,0.0,PILOTING,SYS_GO,22.8686,4.01,0.0,0.0,255,0.0,0
1771963643.2385,36.4,50.0,0.0,PILOTING,SYS_GO,22.932,4.01,0.0,0.0,255,0.0,0
1771963643.2875,39.2,50.0,0.0,PILOTING,SYS_GO,22.9438,4.01,0.0,0.0,255,0.0,0
1771963643.4097,33.2,50.0,0.0,PILOTING,SYS_GO,23.0104,4.01,0.0,0.0,255,0.0,0
1771963643.4589,36.8,50.0,0.0,PILOTING,SYS_GO,23.0222,4.01,0.0,0.0,255,0.0,0
1771963643.5062,34.6,50.0,0.0,PILOTING,SYS_GO,23.0454,4.01,0.0,0.0,255,0.0,0
1771963643.61,29.9,50.0,0.0,PILOTING,SYS_GO,23.0991,4.01,0.0,0.0,255,0.0,0
1771963643.6598,28.8,50.0,0.0,PILOTING,SYS_GO,23.1235,4.01,0.0,0.0,255,0.0,0
1771963643.7791,24.8,50.0,0.0,PILOTING,SYS_GO,23.1906,4.01,0.0,0.0,255,0.0,0
1771963643.8305,31.8,50.0,0.0,PILOTING,SYS_GO,23.2007,4.01,0.0,0.0,255,0.0,0
1771963643.9637,27.2,50.0,0.0,PILOTING,SYS_GO,23.2705,4.01,0.0,0.0,255,0.0,0
1771963644.0097,29.1,50.0,0.0,PILOTING,SYS_GO,23.2867,4.01,0.0,0.0,255,0.0,0
1771963644.0579,31.9,50.0,0.0,PILOTING,SYS_GO,23.3006,4.01,0.0,0.0,255,0.0,0
1771963644.1474,28.1,50.0,0.0,PILOTING,SYS_GO,23.3475,4.01,0.0,0.0,255,0.0,0
1771963644.198,33.2,50.0,0.0,PILOTING,SYS_GO,23.3587,4.01,0.0,0.0,255,0.0,0
1771963644.3,28.6,50.0,0.0,PILOTING,SYS_GO,23.4172,4.01,0.0,0.0,255,0.0,0
1771963644.3463,33.3,50.0,0.0,PILOTING,SYS_GO,23.4287,4.01,0.0,0.0,255,0.0,0
1771963644.4673,28.7,50.0,0.0,PILOTING,SYS_GO,23.4853,4.01,0.0,0.0,255,0.0,0
1771963644.5138,28.9,50.0,0.0,PILOTING,SYS_GO,23.5058,4.01,0.0,0.0,255,0.0,0
1771963644.5596,31.6,50.0,0.0,PILOTING,SYS_GO,23.5199,4.01,0.0,0.0,255,0.0,0
1771963644.6821,27.1,50.0,0.0,PILOTING,SYS_GO,23.5846,4.01,0.0,0.0,255,0.0,0
1771963644.7277,38.1,50.0,0.0,PILOTING,SYS_GO,23.5919,4.01,0.0,0.0,255,0.0,0
1771963644.8193,32.9,50.0,0.0,PILOTING,SYS_GO,23.6414,4.01,0.0,0.0,255,0.0,0
1771963644.8703,32.4,50.0,0.0,PILOTING,SYS_GO,23.6612,4.01,0.0,0.0,255,0.0,0
1771963644.9583,28.3,50.0,0.0,PILOTING,SYS_GO,23.7112,4.01,0.0,0.0,255,0.0,0
1771963645.0044,36.0,50.0,0.0,PILOTING,SYS_GO,23.7202,4.01,0.0,0.0,255,0.0,0
1771963645.0582,34.5,50.0,0.0,PILOTING,SYS_GO,23.7412,4.01,0.0,0.0,255,0.0,0
1771963645.1573,29.8,50.0,0.0,PILOTING,SYS_GO,23.7961,4.01,0.0,0.0,255,0.0,0
1771963645.2051,33.9,50.0,0.0,PILOTING,SYS_GO,23.8081,4.01,0.0,0.0,255,0.0,0
1771963645.2525,36.9,50.0,0.0,PILOTING,SYS_GO,23.8204,4.01,0.0,0.0,255,0.0,0
1771963645.3272,32.7,50.0,0.0,PILOTING,SYS_GO,23.8577,4.01,0.0,0.0,255,0.0,0
1771963645.3739,32.1,50.0,0.0,PILOTING,SYS_GO,23.8778,4.01,0.0,0.0,255,0.0,0
1771963645.4816,27.8,50.0,0.0,PILOTING,SYS_GO,23.9339,4.01,0.0,0.0,255,0.0,0
1771963645.5291,27.8,50.0,0.0,PILOTING,SYS_GO,23.9555,4.01,0.0,0.0,255,0.0,0
1771963645.6178,24.6,50.0,0.0,PILOTING,SYS_GO,24.0074,4.01,0.0,0.0,255,0.0,0
1771963645.6639,29.7,50.0,0.0,PILOTING,SYS_GO,24.0194,4.01,0.0,0.0,255,0.0,0
1771963645.7174,32.4,50.0,0.0,PILOTING,SYS_GO,24.0332,4.01,0.0,0.0,255,0.0,0
1771963645.8013,28.7,50.0,0.0,PILOTING,SYS_GO,24.0759,4.01,0.0,0.0,255,0.0,0
1771963645.8619,26.9,50.0,0.0,PILOTING,SYS_GO,24.1064,4.01,0.0,0.0,255,0.0,0
1771963645.9691,23.5,50.0,0.0,PILOTING,SYS_GO,24.1689,4.01,0.0,0.0,255,0.0,0
1771963646.0174,30.8,50.0,0.0,PILOTING,SYS_GO,24.1789,4.01,0.0,0.0,255,0.0,0
1771963646.1363,26.4,50.0,0.0,PILOTING,SYS_GO,24.2452,4.01,0.0,0.0,255,0.0,0
1771963646.1816,30.6,50.0,0.0,PILOTING,SYS_GO,24.2578,4.01,0.0,0.0,255,0.0,0
1771963646.2882,27.6,50.0,0.0,PILOTING,SYS_GO,24.2968,4.01,0.0,0.0,255,0.0,0
1771963646.3479,25.6,50.0,0.0,PILOTING,SYS_GO,24.3308,4.01,0.0,0.0,255,0.0,0
1771963646.3946,35.3,50.0,0.0,PILOTING,SYS_GO,24.3389,4.01,0.0,0.0,255,0.0,0
1771963646.4873,30.5,50.0,0.0,PILOTING,SYS_GO,24.3921,4.01,0.0,0.0,255,0.0,0
1771963646.5315,41.2,50.0,0.0,PILOTING,SYS_GO,24.3993,4.01,0.0,0.0,255,0.0,0
1771963646.5992,38.2,50.0,0.0,PILOTING,SYS_GO,24.4221,4.01,0.0,0.0,255,0.0,0
1771963646.6556,35.7,50.0,0.0,PILOTING,SYS_GO,24.4456,4.01,0.0,0.0,255,0.0,0
1771963646.7139,33.4,50.0,0.0,PILOTING,SYS_GO,24.4703,4.01,0.0,0.0,255,0.0,0
1771963646.7907,29.5,50.0,0.0,PILOTING,SYS_GO,24.5145,4.01,0.0,0.0,255,0.0,0
1771963646.8374,36.6,50.0,0.0,PILOTING,SYS_GO,24.5237,4.01,0.0,0.0,255,0.0,0
1771963646.9291,31.6,50.0,0.0,PILOTING,SYS_GO,24.5746,4.01,0.0,0.0,255,0.0,0
1771963646.9784,36.6,50.0,0.0,PILOTING,SYS_GO,24.5853,4.01,0.0,0.0,255,0.0,0
1771963647.0524,32.4,50.0,0.0,PILOTING,SYS_GO,24.6233,4.01,0.0,0.0,255,0.0,0
1771963647.1111,30.3,50.0,0.0,PILOTING,SYS_GO,24.6505,4.01,0.0,0.0,255,0.0,0
1771963647.1573,30.3,50.0,0.0,PILOTING,SYS_GO,24.6706,4.01,0.0,0.0,255,0.0,0
1771963647.2351,26.9,50.0,0.0,PILOTING,SYS_GO,24.7155,4.01,0.0,0.0,255,0.0,0
1771963647.2835,39.9,50.0,0.0,PILOTING,SYS_GO,24.722,4.01,0.0,0.0,255,0.0,0
1771963647.3752,34.4,50.0,0.0,PILOTING,SYS_GO,24.7708,4.01,0.0,0.0,255,0.0,0
1771963647.422,47.0,50.0,0.0,PILOTING,SYS_GO,24.777,4.01,0.0,0.0,255,0.0,0
1771963647.5274,39.8,50.0,0.0,PILOTING,SYS_GO,24.8321,4.01,0.0,0.0,255,0.0,0
1771963647.5738,40.3,50.0,0.0,PILOTING,SYS_GO,24.8463,4.01,0.0,0.0,255,0.0,0
1771963647.6651,34.5,50.0,0.0,PILOTING,SYS_GO,24.8989,4.01,0.0,0.0,255,0.0,0
1771963647.7116,44.2,50.0,0.0,PILOTING,SYS_GO,24.9061,4.01,0.0,0.0,255,0.0,0
1771963647.8027,37.9,50.0,0.0,PILOTING,SYS_GO,24.9529,4.01,0.0,0.0,255,0.0,0
1771963647.8499,43.0,50.0,0.0,PILOTING,SYS_GO,24.9623,4.01,0.0,0.0,255,0.0,0
1771963647.9866,36.0,50.0,0.0,PILOTING,SYS_GO,25.0374,4.01,0.0,0.0,255,0.0,0
1771963648.0338,36.3,50.0,0.0,PILOTING,SYS_GO,25.0534,4.01,0.0,0.0,255,0.0,0
1771963648.1232,31.5,50.0,0.0,PILOTING,SYS_GO,25.1017,4.01,0.0,0.0,255,0.0,0
1771963648.1685,30.9,50.0,0.0,PILOTING,SYS_GO,25.1226,4.01,0.0,0.0,255,0.0,0
1771963648.2596,27.1,50.0,0.0,PILOTING,SYS_GO,25.1732,4.01,0.0,0.0,255,0.0,0
1771963648.3106,34.1,50.0,0.0,PILOTING,SYS_GO,25.1829,4.01,0.0,0.0,255,0.0,0
1771963648.4126,29.4,50.0,0.0,PILOTING,SYS_GO,25.2408,4.01,0.0,0.0,255,0.0,0
1771963648.4604,40.6,50.0,0.0,PILOTING,SYS_GO,25.2478,4.01,0.0,0.0,255,0.0,0
1771963648.5642,34.6,50.0,0.0,PILOTING,SYS_GO,25.3029,4.01,0.0,0.0,255,0.0,0
1771963648.6123,34.0,50.0,0.0,PILOTING,SYS_GO,25.322,4.01,0.0,0.0,255,0.0,0
1771963648.7328,29.0,50.0,0.0,PILOTING,SYS_GO,25.3888,4.01,0.0,0.0,255,0.0,0
1771963648.7834,34.0,50.0,0.0,PILOTING,SYS_GO,25.3999,4.01,0.0,0.0,255,0.0,0
1771963648.8567,31.0,50.0,0.0,PILOTING,SYS_GO,25.431,4.01,0.0,0.0,255,0.0,0
1771963648.8999,30.6,50.0,0.0,PILOTING,SYS_GO,25.4518,4.01,0.0,0.0,255,0.0,0
1771963648.9462,31.3,50.0,0.0,PILOTING,SYS_GO,25.4694,4.01,0.0,0.0,255,0.0,0
1771963649.0509,27.0,50.0,0.0,PILOTING,SYS_GO,25.5304,4.01,0.0,0.0,255,0.0,0
1771963649.0965,32.4,50.0,0.0,PILOTING,SYS_GO,25.5415,4.01,0.0,0.0,255,0.0,0
1771963649.1844,30.0,50.0,0.0,PILOTING,SYS_GO,25.5709,4.01,0.0,0.0,255,0.0,0
1771963649.233,28.7,50.0,0.0,PILOTING,SYS_GO,25.5965,4.01,0.0,0.0,255,0.0,0
1771963649.2841,32.6,50.0,0.0,PILOTING,SYS_GO,25.609,4.01,0.0,0.0,255,0.0,0
1771963649.4019,28.0,50.0,0.0,PILOTING,SYS_GO,25.6711,4.01,0.0,0.0,255,0.0,0
1771963649.4498,29.5,50.0,0.0,PILOTING,SYS_GO,25.6879,4.01,0.0,0.0,255,0.0,0
1771963649.5079,28.1,50.0,0.0,PILOTING,SYS_GO,25.7148,4.01,0.0,0.0,255,0.0,0
1771963649.6461,24.1,50.0,0.0,PILOTING,SYS_GO,25.7875,4.01,0.0,0.0,255,0.0,0
1771963649.6919,28.8,50.0,0.0,PILOTING,SYS_GO,25.8,4.01,0.0,0.0,255,0.0,0
1771963649.7404,28.3,50.0,0.0,PILOTING,SYS_GO,25.8232,4.01,0.0,0.0,255,0.0,0
1771963649.8446,24.8,50.0,0.0,PILOTING,SYS_GO,25.8776,4.01,0.0,0.0,255,0.0,0
1771963649.8899,28.6,50.0,0.0,PILOTING,SYS_GO,25.8913,4.01,0.0,0.0,255,0.0,0
1771963649.9973,24.8,50.0,0.0,PILOTING,SYS_GO,25.9528,4.01,0.0,0.0,255,0.0,0
1771963650.0441,38.5,50.0,0.0,PILOTING,SYS_GO,25.9593,4.01,0.0,0.0,255,0.0,0
1771963650.1048,35.7,50.0,0.0,PILOTING,SYS_GO,25.984,4.01,0.0,0.0,255,0.0,0
1771963650.1651,32.3,50.0,0.0,PILOTING,SYS_GO,26.016,4.01,0.0,0.0,255,0.0,0
1771963650.2117,40.3,50.0,0.0,PILOTING,SYS_GO,26.0243,4.01,0.0,0.0,255,0.0,0
1771963650.3033,34.5,50.0,0.0,PILOTING,SYS_GO,26.0771,4.01,0.0,0.0,376,0.0,0
1771963650.3557,41.1,50.0,0.0,PILOTING,SYS_GO,26.086,4.01,0.0,0.0,376,0.0,0
1771963650.4886,34.5,50.0,0.0,PILOTING,SYS_GO,26.1579,4.01,0.0,0.0,376,0.0,0
1771963650.5305,39.3,50.0,0.0,PILOTING,SYS_GO,26.1682,4.01,0.0,0.0,376,0.0,1
