schema_ver,timestamp,fps,yolo_ms,vis_ms,speed_pwm,velocity_ms,steer_angle,nav_state,traffic_state,x_est,y_est,yaw_est,imu_yaw_raw,nearest_node,curvature,lane_l_conf,lane_r_conf,estop
3,1771968691.5439,0.0,1.0,130.8,20.0,0.0,0.0,PILOTING,SYS_GO,15.48,3.83,0.0,0.0,57,0.0,0.0,0.0,0
3,1771968691.6944,1.5,1.6,16.3,20.0,0.112,0.0,PILOTING,SYS_GO,15.4949,3.83,0.0,0.0,57,0.0,0.0,0.0,0
3,1771968691.7404,12.4,1.0,14.1,20.0,0.112,0.0,PILOTING,SYS_GO,15.497,3.83,0.0,0.0,57,0.0,0.0,0.0,0
3,1771968691.7901,21.8,1.0,37.4,20.0,0.112,0.0,PILOTING,SYS_GO,15.4988,3.83,0.0,0.0,57,0.0,0.0,0.0,0
3,1771968691.8483,22.4,18.6,18.9,20.0,0.112,0.0,PILOTING,SYS_GO,15.5034,3.83,0.0,0.0,57,0.0,0.0,0.0,0
3,1771968691.8919,22.9,0.0,12.6,20.0,0.112,0.0,PILOTING,SYS_GO,15.5079,3.83,0.0,0.0,57,0.0,0.0,0.0,0
3,1771968691.94,34.2,2.0,35.1,20.0,0.112,0.0,PILOTING,SYS_GO,15.5093,3.83,0.0,0.0,57,0.0,0.0,0.0,0
3,1771968691.9852,32.8,3.5,22.7,20.0,0.112,0.0,PILOTING,SYS_GO,15.5134,3.83,0.0,0.0,57,0.0,0.0,0.0,0
3,1771968692.0313,33.3,13.0,28.6,20.0,0.112,0.0,PILOTING,SYS_GO,15.5166,3.83,0.0,0.0,57,0.0,0.0,0.0,0
3,1771968692.0918,30.9,0.0,16.5,20.0,0.112,0.0,PILOTING,SYS_GO,15.5219,3.83,0.0,0.0,57,0.0,0.0,0.0,0
3,1771968692.1392,36.8,1.0,23.2,20.0,0.112,0.0,PILOTING,SYS_GO,15.5237,3.83,0.0,0.0,57,0.0,0.0,0.0,0
3,1771968692.193,37.2,1.5,18.6,20.0,0.112,0.0,PILOTING,SYS_GO,15.5266,3.83,0.0,0.0,57,0.0,0.0,0.0,0
3,1771968692.2303,37.6,0.3,13.0,20.0,0.112,0.0,PILOTING,SYS_GO,15.5295,3.83,0.0,0.0,57,0.0,0.0,0.0,0
3,1771968692.2756,45.0,0.0,40.7,20.0,0.112,0.0,PILOTING,SYS_GO,15.531,3.83,0.0,0.0,57,0.0,0.0,0.0,0
3,1771968692.3261,40.6,5.3,49.9,20.0,0.112,0.0,PILOTING,SYS_GO,15.5359,3.83,0.0,0.0,57,0.0,0.0,0.0,0
3,1771968692.4012,35.8,0.0,10.8,20.0,0.112,0.0,PILOTING,SYS_GO,15.5426,3.83,0.0,0.0,57,0.0,0.0,0.0,0
3,1771968692.4461,43.0,3.0,31.1,20.0,0.112,0.0,PILOTING,SYS_GO,15.5441,3.83,0.0,0.0,57,0.0,0.0,0.0,0
3,1771968692.4924,40.1,1.0,29.6,20.0,0.112,0.0,PILOTING,SYS_GO,15.548,3.83,0.0,0.0,57,0.0,0.0,0.0,0
3,1771968692.5371,38.4,0.0,26.5,20.0,0.112,0.0,PILOTING,SYS_GO,15.5516,3.83,0.0,0.0,57,0.0,0.0,0.0,0
3,1771968692.5875,38.0,1.0,42.2,20.0,0.112,0.0,PILOTING,SYS_GO,15.5546,3.83,0.0,0.0,57,0.0,0.0,0.0,0
3,1771968692.6438,35.0,3.3,34.6,20.0,0.112,0.0,PILOTING,SYS_GO,15.5596,3.83,0.0,0.0,57,0.0,0.0,0.0,0
3,1771968692.6904,32.7,0.4,8.8,20.0,0.112,0.0,PILOTING,SYS_GO,15.5643,3.83,0.0,0.0,57,0.0,0.0,0.0,0
3,1771968692.7371,44.8,3.0,25.2,20.0,0.112,0.0,PILOTING,SYS_GO,15.5655,3.83,0.0,0.0,57,0.0,0.0,0.0,0
3,1771968692.7855,42.7,8.6,23.5,20.0,0.112,0.0,PILOTING,SYS_GO,15.5687,3.83,0.0,0.0,57,0.0,0.0,0.0,0
3,1771968692.8301,39.6,0.5,30.9,20.0,0.112,0.0,PILOTING,SYS_GO,15.5728,3.83,0.0,0.0,57,0.0,0.0,0.0,0
3,1771968692.8768,37.9,2.0,36.1,20.0,0.112,0.0,PILOTING,SYS_GO,15.5764,3.83,0.0,0.0,57,0.0,0.0,0.0,0
3,1771968692.951,35.0,12.3,18.8,20.0,0.112,0.0,PILOTING,SYS_GO,15.5812,3.83,0.0,0.0,57,0.0,0.0,0.0,0
3,1771968692.9965,34.5,0.0,28.6,20.0,0.112,0.0,PILOTING,SYS_GO,15.5847,3.83,0.0,0.0,57,0.0,0.0,0.0,0
3,1771968693.0454,34.6,4.5,46.4,20.0,0.112,0.0,PILOTING,SYS_GO,15.5879,3.83,0.0,0.0,57,0.0,0.0,0.0,0
3,1771968693.1173,31.3,7.8,11.2,20.0,0.112,0.0,PILOTING,SYS_GO,15.5941,3.83,0.0,0.0,57,0.0,0.0,0.0,0
3,1771968693.1634,35.5,0.6,23.4,20.0,0.112,0.0,PILOTING,SYS_GO,15.5962,3.83,0.0,0.0,57,0.0,0.0,0.0,0
3,1771968693.2133,36.5,5.5,37.1,20.0,0.112,0.0,PILOTING,SYS_GO,15.599,3.83,0.0,0.0,57,0.0,0.0,0.0,0
3,1771968693.2706,33.3,0.0,24.8,20.0,0.112,0.0,PILOTING,SYS_GO,15.6045,3.83,0.0,0.0,57,0.0,0.0,0.0,0
3,1771968693.3186,34.4,1.0,42.3,20.0,0.112,0.0,PILOTING,SYS_GO,15.6074,3.83,0.0,0.0,57,0.0,0.0,0.0,0
3,1771968693.3805,32.0,2.3,50.5,20.0,0.112,0.0,PILOTING,SYS_GO,15.6123,3.83,0.0,0.0,57,0.0,0.0,0.0,0
3,1771968693.4419,29.4,3.6,12.4,20.0,0.112,0.0,PILOTING,SYS_GO,15.6182,3.83,0.0,0.0,57,0.0,0.0,0.0,0
3,1771968693.4837,36.0,4.8,15.0,20.0,0.112,0.0,PILOTING,SYS_GO,15.62,3.83,0.0,0.0,57,0.0,0.0,0.0,0
3,1771968693.5309,38.7,13.2,67.4,20.0,0.112,0.0,PILOTING,SYS_GO,15.6223,3.83,0.0,0.0,57,0.0,0.0,0.0,0
3,1771968693.6204,33.4,0.0,22.1,20.0,0.112,0.0,PILOTING,SYS_GO,15.6314,3.83,0.0,0.0,57,0.0,0.0,0.0,0
3,1771968693.6702,35.1,1.0,46.6,20.0,0.112,0.0,PILOTING,SYS_GO,15.6341,3.83,0.0,0.0,57,0.0,0.0,0.0,0
3,1771968693.7286,32.3,3.4,57.8,20.0,0.112,0.0,PILOTING,SYS_GO,15.6395,3.83,0.0,0.0,57,0.0,0.0,0.0,0
3,1771968693.8186,28.2,0.3,12.7,20.0,0.112,0.0,PILOTING,SYS_GO,15.6487,3.83,0.0,0.0,57,0.0,0.0,0.0,0
3,1771968693.8677,37.9,6.3,80.3,20.0,0.112,0.0,PILOTING,SYS_GO,15.6502,3.83,0.0,0.0,57,0.0,0.0,0.0,0
3,1771968693.9724,32.6,0.6,19.3,20.0,0.112,0.0,PILOTING,SYS_GO,15.6601,3.83,0.0,0.0,57,0.0,0.0,0.0,0
3,1771968694.0212,36.2,7.0,95.0,20.0,0.112,0.0,PILOTING,SYS_GO,15.6623,3.83,0.0,0.0,57,0.0,0.0,0.0,0
3,1771968694.1402,30.8,0.5,9.3,20.0,0.112,0.0,PILOTING,SYS_GO,15.6742,3.83,0.0,0.0,57,0.0,0.0,0.0,0
3,1771968694.1857,43.1,0.0,95.9,20.0,0.112,0.0,PILOTING,SYS_GO,15.6754,3.83,0.0,0.0,57,0.0,0.0,0.0,0
3,1771968694.2929,36.5,0.8,22.9,50.0,0.112,0.0,PILOTING,SYS_GO,15.6862,3.83,0.0,0.0,57,0.0,0.0,0.0,0
3,1771968694.3394,37.7,4.4,62.9,50.0,0.532,0.0,PILOTING,SYS_GO,15.6988,3.83,0.0,0.0,57,0.0,0.0,0.0,0
3,1771968694.4138,33.0,1.0,16.7,50.0,0.532,0.0,PILOTING,SYS_GO,15.7363,3.83,0.0,0.0,57,0.0,0.0,0.0,0
3,1771968694.4601,35.7,0.0,45.4,50.0,0.532,0.0,PILOTING,SYS_GO,15.7478,3.83,0.0,0.0,57,0.0,0.0,0.0,0
3,1771968694.5217,32.9,1.6,31.1,50.0,0.532,0.0,PILOTING,SYS_GO,15.7723,3.83,0.0,0.0,57,0.0,0.0,0.0,0
3,1771968694.5694,31.8,2.0,38.7,50.0,0.532,0.0,PILOTING,SYS_GO,15.7916,3.83,0.0,0.0,57,0.0,0.0,0.0,0
3,1771968694.6291,29.9,0.0,23.3,50.0,0.532,0.0,PILOTING,SYS_GO,15.8153,3.83,0.0,0.0,57,0.0,0.0,0.0,0
3,1771968694.6754,32.6,1.6,70.7,50.0,0.532,0.0,PILOTING,SYS_GO,15.8277,3.83,0.0,0.0,57,0.0,0.0,0.0,0
3,1771968694.7678,28.7,0.0,15.2,50.0,0.532,0.0,PILOTING,SYS_GO,15.8679,3.83,0.0,0.0,57,0.0,0.0,0.0,0
3,1771968694.8135,35.3,7.7,61.3,50.0,0.532,0.0,PILOTING,SYS_GO,15.8765,3.83,0.0,0.0,57,0.0,0.0,0.0,0
3,1771968694.8892,31.1,0.0,10.6,50.0,0.532,0.0,PILOTING,SYS_GO,15.9137,3.83,0.0,0.0,54,0.0,0.0,0.0,0
3,1771968694.9352,43.7,0.0,46.4,20.0,0.532,0.0,PILOTING,SYS_GO,16.2556,4.01,0.0,0.0,54,0.0,0.0,0.0,0
3,1771968695.0043,39.3,1.1,10.5,20.0,0.112,0.0,PILOTING,SYS_GO,16.2608,4.01,0.0,0.0,54,0.0,0.0,0.0,0
3,1771968695.0446,43.1,1.0,23.9,20.0,0.112,0.0,PILOTING,SYS_GO,16.2627,4.01,0.0,0.0,54,0.0,0.0,0.0,0
3,1771968695.0887,42.4,1.3,48.4,20.0,0.112,0.0,PILOTING,SYS_GO,16.2656,4.01,0.0,0.0,54,0.0,0.0,0.0,0
3,1771968695.1491,38.0,0.6,20.9,20.0,0.112,0.0,PILOTING,SYS_GO,16.2711,4.01,0.0,0.0,54,0.0,0.0,0.0,0
3,1771968695.1984,39.7,0.0,62.4,20.0,0.112,0.0,PILOTING,SYS_GO,16.2735,4.01,0.0,0.0,54,0.0,0.0,0.0,0
3,1771968695.2738,35.0,19.0,48.6,20.0,0.112,0.0,PILOTING,SYS_GO,16.2805,4.01,0.0,0.0,54,0.0,0.0,0.0,0
3,1771968695.349,30.9,0.3,10.2,20.0,0.112,0.0,PILOTING,SYS_GO,16.2883,4.01,0.0,0.0,54,0.0,0.0,0.0,0
3,1771968695.3962,43.1,3.8,63.1,20.0,0.112,0.0,PILOTING,SYS_GO,16.2895,4.01,0.0,0.0,54,0.0,0.0,0.0,0
3,1771968695.4771,37.4,9.3,40.9,20.0,0.112,0.0,PILOTING,SYS_GO,16.2971,4.01,0.0,0.0,54,0.0,0.0,0.0,0
3,1771968695.5491,33.4,0.0,24.4,20.0,0.112,0.0,PILOTING,SYS_GO,16.3035,4.01,0.0,0.0,54,0.0,0.0,0.0,0
3,1771968695.5999,34.9,16.4,51.3,20.0,0.112,0.0,PILOTING,SYS_GO,16.3063,4.01,0.0,0.0,54,0.0,0.0,0.0,0
3,1771968695.6706,30.9,0.5,15.8,20.0,0.112,0.0,PILOTING,SYS_GO,16.3138,4.01,0.0,0.0,54,0.0,0.0,0.0,0
3,1771968695.7205,36.6,2.0,54.5,20.0,0.112,0.0,PILOTING,SYS_GO,16.3157,4.01,0.0,0.0,54,0.0,0.0,0.0,0
3,1771968695.8213,32.8,12.7,15.3,20.0,0.112,0.0,PILOTING,SYS_GO,16.3221,4.01,0.0,0.0,54,0.0,0.0,0.0,0
3,1771968695.8683,32.5,4.7,24.6,20.0,0.112,0.0,PILOTING,SYS_GO,16.3257,4.01,0.0,0.0,54,0.0,0.0,0.0,0
3,1771968695.9173,32.8,1.0,52.3,20.0,0.112,0.0,PILOTING,SYS_GO,16.329,4.01,0.0,0.0,54,0.0,0.0,0.0,0
3,1771968695.9768,29.8,0.0,11.0,20.0,0.112,0.0,PILOTING,SYS_GO,16.3353,4.01,0.0,0.0,54,0.0,0.0,0.0,0
3,1771968696.0217,42.1,0.9,23.8,20.0,0.112,0.0,PILOTING,SYS_GO,16.3366,4.01,0.0,0.0,54,0.0,0.0,0.0,0
3,1771968696.0784,41.8,14.8,12.8,20.0,0.112,0.0,PILOTING,SYS_GO,16.3393,4.01,0.0,0.0,54,0.0,0.0,0.0,0
3,1771968696.1308,38.6,3.0,25.7,20.0,0.112,0.0,PILOTING,SYS_GO,16.3436,4.01,0.0,0.0,54,0.0,0.0,0.0,0
3,1771968696.1772,37.9,13.9,38.4,20.0,0.112,0.0,PILOTING,SYS_GO,16.3468,4.01,0.0,0.0,54,0.0,0.0,0.0,0
3,1771968696.2387,33.9,0.0,10.0,20.0,0.112,0.0,PILOTING,SYS_GO,16.3531,4.01,0.0,0.0,54,0.0,0.0,0.0,0
3,1771968696.2839,46.1,5.2,24.2,20.0,0.112,0.0,PILOTING,SYS_GO,16.3543,4.01,0.0,0.0,54,0.0,0.0,0.0,0
3,1771968696.3314,43.3,13.5,32.1,20.0,0.112,0.0,PILOTING,SYS_GO,16.3577,4.01,0.0,0.0,54,0.0,0.0,0.0,0
3,1771968696.3919,39.0,3.6,27.0,20.0,0.112,0.0,PILOTING,SYS_GO,16.363,4.01,0.0,0.0,54,0.0,0.0,0.0,0
3,1771968696.4369,37.6,3.9,64.7,20.0,0.112,0.0,PILOTING,SYS_GO,16.3664,4.01,0.0,0.0,54,0.0,0.0,0.0,0
3,1771968696.5308,32.6,0.8,22.0,20.0,0.112,0.0,PILOTING,SYS_GO,16.3753,4.01,0.0,0.0,54,0.0,0.0,0.0,0
3,1771968696.5768,34.4,0.0,22.9,20.0,0.112,0.0,PILOTING,SYS_GO,16.378,4.01,0.0,0.0,54,0.0,0.0,0.0,0
3,1771968696.629,36.3,1.0,13.2,20.0,0.112,0.0,PILOTING,SYS_GO,16.3806,4.01,0.0,0.0,54,0.0,0.0,0.0,0
3,1771968696.6688,41.2,8.5,86.4,20.0,0.112,0.0,PILOTING,SYS_GO,16.3824,4.01,0.0,0.0,54,0.0,0.0,0.0,0
3,1771968696.777,35.0,0.0,10.5,20.0,0.112,0.0,PILOTING,SYS_GO,16.393,4.01,0.0,0.0,54,0.0,0.0,0.0,0
3,1771968696.8253,45.3,2.8,101.9,20.0,0.112,0.0,PILOTING,SYS_GO,16.3943,4.01,0.0,0.0,54,0.0,0.0,0.0,0
3,1771968696.9474,38.1,2.2,10.2,20.0,0.112,0.0,PILOTING,SYS_GO,16.4061,4.01,0.0,0.0,54,0.0,0.0,0.0,0
3,1771968696.9912,46.6,1.7,53.1,20.0,0.112,0.0,PILOTING,SYS_GO,16.4075,4.01,0.0,0.0,54,0.0,0.0,0.0,0
3,1771968697.0567,40.8,1.1,9.9,20.0,0.112,0.0,PILOTING,SYS_GO,16.4138,4.01,0.0,0.0,54,0.0,0.0,0.0,0
3,1771968697.0976,38.0,0.0,18.0,20.0,0.112,0.0,PILOTING,SYS_GO,16.418,4.01,0.0,0.0,54,0.0,0.0,0.0,0
3,1771968697.144,41.5,1.2,66.1,20.0,0.112,0.0,PILOTING,SYS_GO,16.42,4.01,0.0,0.0,54,0.0,0.0,0.0,0
3,1771968697.2183,36.1,0.0,14.6,20.0,0.112,0.0,PILOTING,SYS_GO,16.4277,4.01,0.0,0.0,54,0.0,0.0,0.0,0
3,1771968697.2647,42.6,0.0,54.6,20.0,0.112,0.0,PILOTING,SYS_GO,16.4293,4.01,0.0,0.0,54,0.0,0.0,0.0,0
3,1771968697.3302,37.7,0.0,11.9,20.0,0.112,0.0,PILOTING,SYS_GO,16.4355,4.01,0.0,0.0,54,0.0,0.0,0.0,0
3,1771968697.3722,41.7,2.9,28.9,20.0,0.112,0.0,PILOTING,SYS_GO,16.4375,4.01,0.0,0.0,54,0.0,0.0,0.0,0
3,1771968697.4158,39.5,1.0,32.3,20.0,0.112,0.0,PILOTING,SYS_GO,16.4411,4.01,0.0,0.0,54,0.0,0.0,0.0,0
3,1771968697.4608,36.7,0.0,15.1,20.0,0.112,0.0,PILOTING,SYS_GO,16.4455,4.01,0.0,0.0,54,0.0,0.0,0.0,0
3,1771968697.5126,42.0,0.0,39.7,20.0,0.112,0.0,PILOTING,SYS_GO,16.4473,4.01,0.0,0.0,54,0.0,0.0,0.0,0
3,1771968697.57,38.5,0.0,10.2,20.0,0.112,0.0,PILOTING,SYS_GO,16.4518,4.01,0.0,0.0,54,0.0,0.0,0.0,0
3,1771968697.6164,50.4,1.5,53.6,20.0,0.112,0.0,PILOTING,SYS_GO,16.453,4.01,0.0,0.0,54,0.0,0.0,0.0,0
3,1771968697.6799,43.8,2.0,10.3,50.0,0.112,0.0,PILOTING,SYS_GO,16.4594,4.01,0.0,0.0,54,0.0,0.0,0.0,0
3,1771968697.7215,44.6,0.7,19.8,50.0,0.532,0.0,PILOTING,SYS_GO,16.4705,4.01,0.0,0.0,54,0.0,0.0,0.0,0
3,1771968697.7686,45.1,4.1,23.8,50.0,0.532,0.0,PILOTING,SYS_GO,16.4818,4.01,0.0,0.0,54,0.0,0.0,0.0,0
3,1771968697.8143,43.0,2.5,11.0,20.0,0.532,0.0,PILOTING,SYS_GO,16.4971,4.01,0.0,0.0,257,0.0,0.0,0.0,0
3,1771968697.8595,49.2,0.0,23.0,20.0,0.112,0.0,PILOTING,SYS_GO,16.7115,3.9,0.0,0.0,257,0.0,0.0,0.0,0
3,1771968697.9046,48.1,5.6,33.7,20.0,0.112,0.0,PILOTING,SYS_GO,16.7141,3.9,0.0,0.0,257,0.0,0.0,0.0,0
3,1771968697.9662,42.9,0.0,27.8,20.0,0.112,0.0,PILOTING,SYS_GO,16.7191,3.9,0.0,0.0,257,0.0,0.0,0.0,0
3,1771968698.014,41.4,3.3,53.4,20.0,0.112,0.0,PILOTING,SYS_GO,16.7223,3.9,0.0,0.0,257,0.0,0.0,0.0,0
3,1771968698.0888,36.5,2.0,23.1,20.0,0.112,0.0,PILOTING,SYS_GO,16.7288,3.9,0.0,0.0,257,0.0,0.0,0.0,0
3,1771968698.1336,36.9,0.0,23.6,20.0,0.112,0.0,PILOTING,SYS_GO,16.7317,3.9,0.0,0.0,257,0.0,0.0,0.0,0
3,1771968698.1805,37.7,4.7,48.9,20.0,0.112,0.0,PILOTING,SYS_GO,16.7345,3.9,0.0,0.0,257,0.0,0.0,0.0,0
3,1771968698.2402,33.9,0.0,10.9,20.0,0.112,0.0,PILOTING,SYS_GO,16.7405,3.9,0.0,0.0,257,0.0,0.0,0.0,0
3,1771968698.2884,45.4,1.5,61.6,20.0,0.112,0.0,PILOTING,SYS_GO,16.7417,3.9,0.0,0.0,257,0.0,0.0,0.0,0
3,1771968698.3767,39.1,0.0,16.9,20.0,0.112,0.0,PILOTING,SYS_GO,16.7498,3.9,0.0,0.0,257,0.0,0.0,0.0,0
3,1771968698.4226,43.1,4.6,36.4,20.0,0.112,0.0,PILOTING,SYS_GO,16.7517,3.9,0.0,0.0,257,0.0,0.0,0.0,0
3,1771968698.4682,39.3,17.0,16.3,20.0,0.112,0.0,PILOTING,SYS_GO,16.7563,3.9,0.0,0.0,257,0.0,0.0,0.0,0
3,1771968698.5159,37.2,1.0,23.6,20.0,0.112,0.0,PILOTING,SYS_GO,16.7602,3.9,0.0,0.0,257,0.0,0.0,0.0,0
3,1771968698.5601,37.9,3.8,60.0,20.0,0.112,0.0,PILOTING,SYS_GO,16.763,3.9,0.0,0.0,257,0.0,0.0,0.0,0
3,1771968698.642,33.4,3.0,15.3,20.0,0.112,0.0,PILOTING,SYS_GO,16.7703,3.9,0.0,0.0,257,0.0,0.0,0.0,0
3,1771968698.6851,36.4,5.3,25.4,20.0,0.112,0.0,PILOTING,SYS_GO,16.7726,3.9,0.0,0.0,257,0.0,0.0,0.0,0
3,1771968698.733,35.6,0.5,29.3,20.0,0.112,0.0,PILOTING,SYS_GO,16.7761,3.9,0.0,0.0,257,0.0,0.0,0.0,0
3,1771968698.7754,34.6,1.0,10.9,20.0,0.112,0.0,PILOTING,SYS_GO,16.7797,3.9,0.0,0.0,257,0.0,0.0,0.0,0
3,1771968698.8213,43.5,4.8,54.6,20.0,0.112,0.0,PILOTING,SYS_GO,16.7811,3.9,0.0,0.0,257,0.0,0.0,0.0,0
3,1771968698.8966,38.1,13.0,38.4,20.0,0.112,0.0,PILOTING,SYS_GO,16.788,3.9,0.0,0.0,257,0.0,0.0,0.0,0
3,1771968698.9568,34.4,0.0,26.5,20.0,0.112,0.0,PILOTING,SYS_GO,16.7937,3.9,0.0,0.0,257,0.0,0.0,0.0,0
3,1771968699.0034,35.0,4.0,31.4,20.0,0.112,0.0,PILOTING,SYS_GO,16.7967,3.9,0.0,0.0,257,0.0,0.0,0.0,0
3,1771968699.0688,31.7,1.9,23.5,20.0,0.112,0.0,PILOTING,SYS_GO,16.8027,3.9,0.0,0.0,257,0.0,0.0,0.0,0
3,1771968699.1111,32.5,0.0,31.6,20.0,0.112,0.0,PILOTING,SYS_GO,16.8059,3.9,0.0,0.0,257,0.0,0.0,0.0,0
3,1771968699.1579,32.0,5.7,70.2,20.0,0.112,0.0,PILOTING,SYS_GO,16.8096,3.9,0.0,0.0,257,0.0,0.0,0.0,0
3,1771968699.2473,28.3,0.0,16.5,20.0,0.112,0.0,PILOTING,SYS_GO,16.8181,3.9,0.0,0.0,257,0.0,0.0,0.0,0
3,1771968699.2962,34.3,40.1,60.6,20.0,0.112,0.0,PILOTING,SYS_GO,16.82,3.9,0.0,0.0,257,0.0,0.0,0.0,0
3,1771968699.417,29.4,1.1,24.5,20.0,0.112,0.0,PILOTING,SYS_GO,16.8317,3.9,0.0,0.0,257,0.0,0.0,0.0,0
3,1771968699.4606,30.9,1.0,39.3,20.0,0.112,0.0,PILOTING,SYS_GO,16.8347,3.9,0.0,0.0,257,0.0,0.0,0.0,0
3,1771968699.515,29.6,8.3,11.8,20.0,0.112,0.0,PILOTING,SYS_GO,16.8393,3.9,0.0,0.0,257,0.0,0.0,0.0,0
3,1771968699.553,29.4,0.5,27.0,20.0,0.112,0.0,PILOTING,SYS_GO,16.8432,3.9,0.0,0.0,257,0.0,0.0,0.0,0
3,1771968699.601,30.7,2.5,65.8,20.0,0.112,0.0,PILOTING,SYS_GO,16.8463,3.9,0.0,0.0,257,0.0,0.0,0.0,0
3,1771968699.6857,27.5,6.7,9.6,20.0,0.112,0.0,PILOTING,SYS_GO,16.854,3.9,0.0,0.0,257,0.0,0.0,0.0,0
3,1771968699.7235,32.1,1.5,21.7,20.0,0.112,0.0,PILOTING,SYS_GO,16.8562,3.9,0.0,0.0,257,0.0,0.0,0.0,0
3,1771968699.7705,33.9,0.5,28.4,20.0,0.112,0.0,PILOTING,SYS_GO,16.8589,3.9,0.0,0.0,257,0.0,0.0,0.0,0
3,1771968699.8299,31.7,0.0,17.4,20.0,0.112,0.0,PILOTING,SYS_GO,16.8638,3.9,0.0,0.0,257,0.0,0.0,0.0,0
3,1771968699.8769,36.2,4.1,71.3,20.0,0.112,0.0,PILOTING,SYS_GO,16.8659,3.9,0.0,0.0,257,0.0,0.0,0.0,0
3,1771968699.9676,31.6,0.3,10.0,20.0,0.112,0.0,PILOTING,SYS_GO,16.8745,3.9,0.0,0.0,257,0.0,0.0,0.0,0
3,1771968700.0135,44.7,2.5,84.9,20.0,0.112,0.0,PILOTING,SYS_GO,16.8756,3.9,0.0,0.0,257,0.0,0.0,0.0,0
3,1771968700.1077,38.1,12.0,11.0,20.0,0.112,0.0,PILOTING,SYS_GO,16.8854,3.9,0.0,0.0,257,0.0,0.0,0.0,0
3,1771968700.1541,38.8,1.5,24.9,20.0,0.112,0.0,PILOTING,SYS_GO,16.8881,3.9,0.0,0.0,257,0.0,0.0,0.0,0
3,1771968700.1989,38.6,2.2,26.3,20.0,0.112,0.0,PILOTING,SYS_GO,16.8911,3.9,0.0,0.0,257,0.0,0.0,0.0,0
3,1771968700.2471,36.4,1.5,11.6,20.0,0.112,0.0,PILOTING,SYS_GO,16.8952,3.9,0.0,0.0,257,0.0,0.0,0.0,0
3,1771968700.2952,39.6,0.0,26.1,20.0,0.112,0.0,PILOTING,SYS_GO,16.8973,3.9,0.0,0.0,257,0.0,0.0,0.0,0
3,1771968700.3357,39.0,6.7,65.8,20.0,0.112,0.0,PILOTING,SYS_GO,16.9003,3.9,0.0,0.0,257,0.0,0.0,0.0,0
3,1771968700.412,33.9,0.0,16.9,20.0,0.112,0.0,PILOTING,SYS_GO,16.9086,3.9,0.0,0.0,257,0.0,0.0,0.0,0
3,1771968700.4606,37.9,2.0,62.4,20.0,0.112,0.0,PILOTING,SYS_GO,16.9107,3.9,0.0,0.0,257,0.0,0.0,0.0,0
3,1771968700.5492,33.5,15.3,22.0,20.0,0.112,0.0,PILOTING,SYS_GO,16.9179,3.9,0.0,0.0,257,0.0,0.0,0.0,0
3,1771968700.5955,32.0,0.4,30.3,20.0,0.112,0.0,PILOTING,SYS_GO,16.9222,3.9,0.0,0.0,257,0.0,0.0,0.0,0
3,1771968700.6418,32.0,1.0,42.1,20.0,0.112,0.0,PILOTING,SYS_GO,16.9257,3.9,0.0,0.0,257,0.0,0.0,0.0,0
3,1771968700.7176,28.5,0.0,10.4,20.0,0.112,0.0,PILOTING,SYS_GO,16.9335,3.9,0.0,0.0,257,0.0,0.0,0.0,0
3,1771968700.7649,40.4,10.3,69.1,20.0,0.112,0.0,PILOTING,SYS_GO,16.9348,3.9,0.0,0.0,257,0.0,0.0,0.0,0
3,1771968700.8562,34.8,3.3,15.1,20.0,0.112,0.0,PILOTING,SYS_GO,16.9438,3.9,0.0,0.0,257,0.0,0.0,0.0,0
3,1771968700.9031,37.1,0.0,36.3,20.0,0.112,0.0,PILOTING,SYS_GO,16.9462,3.9,0.0,0.0,257,0.0,0.0,0.0,0
3,1771968700.9534,35.1,49.6,34.6,20.0,0.112,0.0,PILOTING,SYS_GO,16.9504,3.9,0.0,0.0,256,0.0,0.0,0.0,0
3,1771968701.0406,30.4,0.0,16.7,20.0,0.112,-4.35,PILOTING,SYS_GO,17.0295,3.67,0.0,0.0,256,0.0,0.0,0.0,0
3,1771968701.0875,35.6,2.0,69.4,20.0,0.112,-8.26,PILOTING,SYS_GO,17.0315,3.67,-0.0031,-0.18,256,0.0,0.0,0.0,0
3,1771968701.1696,31.2,7.4,11.2,20.0,0.112,-11.77,PILOTING,SYS_GO,17.0396,3.6699,-0.0089,-0.51,256,0.0,0.0,0.0,0
3,1771968701.2101,35.3,8.8,32.0,16.0,0.112,-14.94,PILOTING,SYS_GO,17.0418,3.6699,-0.0173,-0.99,256,0.0,0.0,0.0,0
3,1771968701.2574,33.1,14.5,91.4,16.0,0.056,-17.8,PILOTING,SYS_GO,17.0441,3.6698,-0.0258,-1.48,256,0.0,0.0,0.0,0
3,1771968701.3768,28.4,0.0,12.6,16.0,0.056,-20.37,PILOTING,SYS_GO,17.05,3.6696,-0.0362,-2.07,256,0.0,0.0,0.0,0
3,1771968701.4244,38.6,4.7,91.8,16.0,0.056,-22.7,PILOTING,SYS_GO,17.0507,3.6696,-0.0481,-2.75,256,0.0,0.0,0.0,0
3,1771968701.5492,33.0,0.8,15.1,16.0,0.056,-24.8,PILOTING,SYS_GO,17.0561,3.6692,-0.0615,-3.53,256,0.0,0.0,0.0,0
3,1771968701.5941,38.9,3.0,42.8,12.0,0.056,-26.71,PILOTING,SYS_GO,17.057,3.6692,-0.0764,-4.38,256,0.0,0.0,0.0,0
3,1771968701.654,35.4,24.5,62.4,12.0,0.0,-26.65,PILOTING,SYS_GO,17.057,3.6692,-0.0885,-5.07,256,0.0,0.0,0.0,0
3,1771968701.7607,30.5,0.0,47.4,12.0,0.0,-26.65,PILOTING,SYS_GO,17.057,3.6692,-0.1006,-5.76,256,0.0,0.0,0.0,0
3,1771968701.8242,28.5,0.5,66.3,12.0,0.0,-26.68,PILOTING,SYS_GO,17.057,3.6692,-0.1127,-6.46,256,0.0,0.0,0.0,0
3,1771968701.8982,25.7,17.1,19.9,12.0,0.0,-26.73,PILOTING,SYS_GO,17.057,3.6692,-0.1248,-7.15,256,0.0,0.0,0.0,0
3,1771968701.9444,25.6,0.4,13.8,12.0,0.0,-26.8,PILOTING,SYS_GO,17.057,3.6692,-0.137,-7.85,256,0.0,0.0,0.0,0
3,1771968701.9903,33.6,6.9,70.4,12.0,0.0,-26.86,PILOTING,SYS_GO,17.057,3.6692,-0.1491,-8.54,256,0.0,0.0,0.0,0
3,1771968702.0974,28.9,0.0,21.2,12.0,0.0,-26.93,PILOTING,SYS_GO,17.057,3.6692,-0.1613,-9.24,256,0.0,0.0,0.0,0
3,1771968702.1494,32.2,1.2,65.0,16.0,0.0,-24.24,PILOTING,SYS_GO,17.057,3.6692,-0.1736,-9.95,256,0.0,0.0,0.0,0
3,1771968702.2505,28.7,12.5,13.7,16.0,0.056,-21.81,PILOTING,SYS_GO,17.0607,3.6685,-0.1881,-10.78,256,0.0,0.0,0.0,0
3,1771968702.296,30.4,1.0,24.5,16.0,0.056,-19.63,PILOTING,SYS_GO,17.0622,3.6682,-0.2009,-11.51,256,0.0,0.0,0.0,0
3,1771968702.3425,32.2,1.8,43.0,16.0,0.056,-17.67,PILOTING,SYS_GO,17.0636,3.6679,-0.2124,-12.17,256,0.0,0.0,0.0,0
3,1771968702.4023,30.1,0.0,26.3,16.0,0.056,-15.9,PILOTING,SYS_GO,17.0661,3.6673,-0.2226,-12.76,256,0.0,0.0,0.0,0
3,1771968702.4479,31.7,2.0,58.7,16.0,0.056,-14.31,PILOTING,SYS_GO,17.0676,3.667,-0.2318,-13.28,256,0.0,0.0,0.0,0
3,1771968702.5235,28.6,0.0,33.4,16.0,0.056,-12.88,PILOTING,SYS_GO,17.0709,3.6661,-0.24,-13.75,256,0.0,0.0,0.0,0
3,1771968702.5688,28.9,3.5,101.0,20.0,0.056,-11.59,PILOTING,SYS_GO,17.0727,3.6657,-0.2473,-14.17,256,0.0,0.0,0.0,0
3,1771968702.693,24.9,0.4,25.5,20.0,0.112,-6.96,PILOTING,SYS_GO,17.0846,3.6626,-0.2556,-14.64,256,0.0,0.0,0.0,0
3,1771968702.7395,27.4,1.0,19.9,20.0,0.112,-4.17,PILOTING,SYS_GO,17.0875,3.6618,-0.2605,-14.92,256,0.0,0.0,0.0,0
3,1771968702.786,30.7,7.3,32.9,20.0,0.112,-2.5,PILOTING,SYS_GO,17.09,3.6611,-0.2634,-15.09,256,0.0,0.0,0.0,0
3,1771968702.8323,29.1,0.0,15.6,20.0,0.112,-1.5,PILOTING,SYS_GO,17.0947,3.6599,-0.2652,-15.19,256,0.0,0.0,0.0,0
3,1771968702.8788,36.1,4.8,56.7,20.0,0.112,-0.9,PILOTING,SYS_GO,17.0964,3.6594,-0.2662,-15.25,256,0.0,0.0,0.0,0
3,1771968702.9731,32.2,3.0,11.0,20.0,0.112,-0.54,PILOTING,SYS_GO,17.103,3.6576,-0.2669,-15.29,256,0.0,0.0,0.0,0
3,1771968703.0163,35.9,0.0,21.3,20.0,0.112,-0.32,PILOTING,SYS_GO,17.1051,3.657,-0.2672,-15.31,256,0.0,0.0,0.0,0
3,1771968703.0702,38.1,33.6,11.1,20.0,0.112,-0.19,PILOTING,SYS_GO,17.1074,3.6564,-0.2675,-15.32,256,0.0,0.0,0.0,0
3,1771968703.1376,34.2,0.0,19.6,20.0,0.112,-0.12,PILOTING,SYS_GO,17.1133,3.6547,-0.2676,-15.33,256,0.0,0.0,0.0,0
3,1771968703.185,36.4,9.5,60.6,20.0,0.112,-0.07,PILOTING,SYS_GO,17.1157,3.6541,-0.2677,-15.34,256,0.0,0.0,0.0,0
3,1771968703.2753,31.7,0.5,28.7,20.0,0.112,-0.04,PILOTING,SYS_GO,17.1239,3.6519,-0.2677,-15.34,256,0.0,0.0,0.0,0
3,1771968703.3304,31.9,20.2,36.1,20.0,0.112,-0.03,PILOTING,SYS_GO,17.1272,3.6509,-0.2678,-15.34,256,0.0,0.0,0.0,0
3,1771968703.3976,29.0,0.0,10.5,20.0,0.112,-0.02,PILOTING,SYS_GO,17.1333,3.6493,-0.2678,-15.34,256,0.0,0.0,0.0,0
3,1771968703.4475,42.3,0.9,89.9,20.0,0.112,-0.01,PILOTING,SYS_GO,17.1345,3.649,-0.2678,-15.34,256,0.0,0.0,0.0,0
3,1771968703.5557,36.0,2.4,23.1,20.0,0.112,-0.01,PILOTING,SYS_GO,17.1445,3.6462,-0.2678,-15.34,256,0.0,0.0,0.0,0
3,1771968703.6011,36.6,9.1,28.0,20.0,0.112,-0.0,PILOTING,SYS_GO,17.1472,3.6454,-0.2678,-15.34,256,0.0,0.0,0.0,0
3,1771968703.6458,34.2,1.0,10.5,20.0,0.112,-0.0,PILOTING,SYS_GO,17.1516,3.6442,-0.2678,-15.34,256,0.0,0.0,0.0,0
3,1771968703.6914,43.3,1.5,27.8,20.0,0.112,-0.0,PILOTING,SYS_GO,17.153,3.6439,-0.2678,-15.34,256,0.0,0.0,0.0,0
3,1771968703.7388,41.3,1.0,35.4,20.0,0.112,-0.0,PILOTING,SYS_GO,17.1563,3.643,-0.2678,-15.34,256,0.0,0.0,0.0,0
3,1771968703.7839,38.4,0.0,25.7,20.0,0.112,-0.0,PILOTING,SYS_GO,17.1603,3.6419,-0.2678,-15.34,256,0.0,0.0,0.0,0
3,1771968703.8326,38.5,4.5,20.5,20.0,0.112,-0.0,PILOTING,SYS_GO,17.163,3.6411,-0.2678,-15.34,256,0.0,0.0,0.0,0
3,1771968703.8766,37.5,1.3,10.3,20.0,0.112,-0.0,PILOTING,SYS_GO,17.1663,3.6402,-0.2678,-15.34,256,0.0,0.0,0.0,0
3,1771968703.9248,45.8,4.7,52.0,20.0,0.112,-0.0,PILOTING,SYS_GO,17.1676,3.6398,-0.2678,-15.34,256,0.0,0.0,0.0,0
3,1771968703.9992,39.9,12.7,12.3,20.0,0.112,-0.0,PILOTING,SYS_GO,17.1743,3.638,-0.2678,-15.34,256,0.0,0.0,0.0,0
3,1771968704.0447,38.8,6.7,33.6,20.0,0.112,-0.0,PILOTING,SYS_GO,17.1774,3.6372,-0.2678,-15.34,256,0.0,0.0,0.0,0
3,1771968704.0892,35.9,6.0,46.8,20.0,0.112,-0.0,PILOTING,SYS_GO,17.1818,3.636,-0.2678,-15.34,256,0.0,0.0,0.0,0
3,1771968704.1499,32.2,0.0,17.0,20.0,0.112,-0.0,PILOTING,SYS_GO,17.1881,3.6342,-0.2678,-15.34,256,0.0,0.0,0.0,0
3,1771968704.1996,37.5,11.4,55.7,20.0,0.112,-0.0,PILOTING,SYS_GO,17.19,3.6337,-0.2678,-15.34,256,0.0,0.0,0.0,0
3,1771968704.2717,32.9,0.0,13.6,20.0,0.112,-0.0,PILOTING,SYS_GO,17.1973,3.6317,-0.2678,-15.34,256,0.0,0.0,0.0,0
3,1771968704.3175,41.0,10.6,86.0,20.0,0.112,-0.0,PILOTING,SYS_GO,17.1988,3.6313,-0.2678,-15.34,256,0.0,0.0,0.0,0
3,1771968704.4249,34.7,0.8,9.7,20.0,0.112,-0.0,PILOTING,SYS_GO,17.2101,3.6282,-0.2678,-15.34,256,0.0,0.0,0.0,0
3,1771968704.4777,46.8,2.1,77.5,20.0,0.112,-0.0,PILOTING,SYS_GO,17.2112,3.6279,-0.2678,-15.34,256,0.0,0.0,0.0,0
3,1771968704.565,39.9,0.0,13.8,20.0,0.112,-0.0,PILOTING,SYS_GO,17.22,3.6255,-0.2678,-15.34,256,0.0,0.0,0.0,0
3,1771968704.6112,46.4,2.5,50.0,20.0,0.112,-0.0,PILOTING,SYS_GO,17.2214,3.6251,-0.2678,-15.34,256,0.0,0.0,0.0,0
3,1771968704.6726,40.9,0.4,11.8,20.0,0.112,-0.0,PILOTING,SYS_GO,17.2272,3.6235,-0.2678,-15.34,256,0.0,0.0,0.0,0
3,1771968704.7177,48.0,2.0,59.4,20.0,0.112,-0.0,PILOTING,SYS_GO,17.2286,3.6231,-0.2678,-15.34,256,0.0,0.0,0.0,0
3,1771968704.7943,41.6,3.1,26.4,20.0,0.112,-0.0,PILOTING,SYS_GO,17.2354,3.6213,-0.2678,-15.34,256,0.0,0.0,0.0,0
3,1771968704.8404,39.6,0.9,19.7,20.0,0.112,-0.0,PILOTING,SYS_GO,17.2388,3.6203,-0.2678,-15.34,256,0.0,0.0,0.0,0
3,1771968704.8923,41.4,14.2,38.1,20.0,0.112,-0.0,PILOTING,SYS_GO,17.2411,3.6197,-0.2678,-15.34,256,0.0,0.0,0.0,0
3,1771968704.9466,36.9,0.0,10.4,20.0,0.112,-0.0,PILOTING,SYS_GO,17.2467,3.6182,-0.2678,-15.34,256,0.0,0.0,0.0,0
3,1771968705.0029,47.1,9.7,44.3,20.0,0.112,-0.0,PILOTING,SYS_GO,17.2479,3.6178,-0.2678,-15.34,256,0.0,0.0,0.0,0
3,1771968705.0685,41.1,0.0,25.5,20.0,0.112,-0.0,PILOTING,SYS_GO,17.2543,3.6161,-0.2678,-15.34,256,0.0,0.0,0.0,0
3,1771968705.1213,40.7,22.0,26.3,20.0,0.112,-0.0,PILOTING,SYS_GO,17.257,3.6153,-0.2678,-15.34,256,0.0,0.0,0.0,0
3,1771968705.1762,36.3,0.5,9.1,20.0,0.112,-0.0,PILOTING,SYS_GO,17.2627,3.6138,-0.2678,-15.34,256,0.0,0.0,0.0,0
3,1771968705.2251,44.0,1.5,32.1,20.0,0.112,-0.0,PILOTING,SYS_GO,17.2642,3.6134,-0.2678,-15.34,256,0.0,0.0,0.0,0
3,1771968705.2742,41.0,1.5,23.0,20.0,0.112,-0.0,PILOTING,SYS_GO,17.2679,3.6123,-0.2678,-15.34,256,0.0,0.0,0.0,0
3,1771968705.314,38.7,0.0,14.9,20.0,0.112,-0.0,PILOTING,SYS_GO,17.2716,3.6113,-0.2678,-15.34,256,0.0,0.0,0.0,0
3,1771968705.3619,44.4,1.5,78.5,20.0,0.112,-0.0,PILOTING,SYS_GO,17.2732,3.6109,-0.2678,-15.34,256,0.0,0.0,0.0,0
3,1771968705.4522,38.0,0.0,21.1,20.0,0.112,-0.0,PILOTING,SYS_GO,17.2819,3.6085,-0.2678,-15.34,256,0.0,0.0,0.0,0
3,1771968705.5055,39.9,43.0,19.3,20.0,0.112,-0.0,PILOTING,SYS_GO,17.2842,3.6079,-0.2678,-15.34,256,0.0,0.0,0.0,0
3,1771968705.5885,34.8,2.0,38.6,20.0,0.112,-0.0,PILOTING,SYS_GO,17.2917,3.6058,-0.2678,-15.34,256,0.0,0.0,0.0,0
3,1771968705.6343,32.7,1.6,28.1,20.0,0.112,-0.0,PILOTING,SYS_GO,17.2961,3.6046,-0.2678,-15.34,256,0.0,0.0,0.0,0
3,1771968705.6792,32.7,0.8,22.3,20.0,0.112,-0.0,PILOTING,SYS_GO,17.2994,3.6037,-0.2678,-15.34,256,0.0,0.0,0.0,0
3,1771968705.7305,33.7,2.4,33.4,20.0,0.112,-0.0,PILOTING,SYS_GO,17.3023,3.6029,-0.2678,-15.34,256,0.0,0.0,0.0,0
3,1771968705.7707,32.6,2.5,31.3,20.0,0.112,-0.0,PILOTING,SYS_GO,17.3062,3.6018,-0.2678,-15.34,256,0.0,0.0,0.0,0
3,1771968705.8162,31.8,1.0,46.2,20.0,0.112,-0.0,PILOTING,SYS_GO,17.3099,3.6008,-0.2678,-15.34,256,0.0,0.0,0.0,0
3,1771968705.8782,29.5,1.0,16.3,20.0,0.112,-0.0,PILOTING,SYS_GO,17.3152,3.5994,-0.2678,-15.34,256,0.0,0.0,0.0,0
3,1771968705.9252,32.8,3.9,28.0,20.0,0.112,-0.0,PILOTING,SYS_GO,17.3175,3.5987,-0.2678,-15.34,256,0.0,0.0,0.0,0
3,1771968705.9699,32.4,2.2,16.6,20.0,0.112,-0.0,PILOTING,SYS_GO,17.3211,3.5977,-0.2678,-15.34,256,0.0,0.0,0.0,0
3,1771968706.0153,35.7,14.1,25.2,20.0,0.112,-0.0,PILOTING,SYS_GO,17.3233,3.5971,-0.2678,-15.34,256,0.0,0.0,0.0,0
3,1771968706.0613,33.4,0.0,13.7,20.0,0.112,-0.0,PILOTING,SYS_GO,17.3277,3.5959,-0.2678,-15.34,256,0.0,0.0,0.0,0
3,1771968706.1071,41.3,8.9,45.6,20.0,0.112,-0.0,PILOTING,SYS_GO,17.3292,3.5955,-0.2678,-15.34,256,0.0,0.0,0.0,0
3,1771968706.1835,36.7,8.4,57.4,20.0,0.112,-0.0,PILOTING,SYS_GO,17.3352,3.5939,-0.2678,-15.34,256,0.0,0.0,0.0,0
3,1771968706.2604,32.3,0.0,21.1,20.0,0.112,-0.0,PILOTING,SYS_GO,17.3424,3.5919,-0.2678,-15.34,256,0.0,0.0,0.0,0
3,1771968706.3062,35.4,2.1,17.5,20.0,0.112,-0.0,PILOTING,SYS_GO,17.3447,3.5913,-0.2678,-15.34,256,0.0,0.0,0.0,0
3,1771968706.3575,38.5,1.6,15.4,20.0,0.112,-0.0,PILOTING,SYS_GO,17.3468,3.5907,-0.2678,-15.34,256,0.0,0.0,0.0,0
3,1771968706.4021,41.9,1.4,30.1,20.0,0.112,-0.0,PILOTING,SYS_GO,17.3487,3.5902,-0.2678,-15.34,256,0.0,0.0,0.0,0
3,1771968706.4444,39.5,4.2,27.9,20.0,0.112,-0.0,PILOTING,SYS_GO,17.3523,3.5892,-0.2678,-15.34,256,0.0,0.0,0.0,0
3,1771968706.4875,37.5,12.9,34.7,20.0,0.112,-0.0,PILOTING,SYS_GO,17.356,3.5882,-0.2678,-15.34,256,0.0,0.0,0.0,0
3,1771968706.549,34.1,0.3,19.4,20.0,0.112,-0.0,PILOTING,SYS_GO,17.3612,3.5867,-0.2678,-15.34,256,0.0,0.0,0.0,0
3,1771968706.5943,37.4,11.7,47.8,20.0,0.112,-0.0,PILOTING,SYS_GO,17.3633,3.5861,-0.2678,-15.34,256,0.0,0.0,0.0,0
3,1771968706.6715,33.3,1.0,25.6,20.0,0.112,-0.0,PILOTING,SYS_GO,17.3698,3.5844,-0.2678,-15.34,256,0.0,0.0,0.0,0
3,1771968706.7203,33.9,3.0,46.6,20.0,0.112,-0.0,PILOTING,SYS_GO,17.3728,3.5836,-0.2678,-15.34,256,0.0,0.0,0.0,0
3,1771968706.7883,31.1,12.8,31.6,20.0,0.112,-0.0,PILOTING,SYS_GO,17.3782,3.5821,-0.2678,-15.34,256,0.0,0.0,0.0,0
3,1771968706.8572,28.6,0.5,46.5,20.0,0.112,-0.0,PILOTING,SYS_GO,17.3841,3.5805,-0.2678,-15.34,256,0.0,0.0,0.0,0
3,1771968706.9174,27.1,4.9,20.2,20.0,0.112,-0.0,PILOTING,SYS_GO,17.3891,3.5791,-0.2678,-15.34,256,0.0,0.0,0.0,0
3,1771968706.9851,29.2,6.6,36.9,20.0,0.112,-0.0,PILOTING,SYS_GO,17.392,3.5783,-0.2678,-15.34,256,0.0,0.0,0.0,0
3,1771968707.0382,27.8,0.0,26.9,20.0,0.112,-0.0,PILOTING,SYS_GO,17.3969,3.5769,-0.2678,-15.34,256,0.0,0.0,0.0,0
3,1771968707.087,29.3,1.1,54.6,20.0,0.112,-0.0,PILOTING,SYS_GO,17.3999,3.5761,-0.2678,-15.34,256,0.0,0.0,0.0,0
3,1771968707.1625,27.0,10.7,17.2,20.0,0.112,-0.0,PILOTING,SYS_GO,17.406,3.5744,-0.2678,-15.34,256,0.0,0.0,0.0,0
3,1771968707.2033,28.8,0.0,42.9,20.0,0.112,-0.0,PILOTING,SYS_GO,17.409,3.5736,-0.2678,-15.34,256,0.0,0.0,0.0,0
3,1771968707.2499,27.6,1.1,63.3,20.0,0.112,-0.0,PILOTING,SYS_GO,17.4138,3.5723,-0.2678,-15.34,256,0.0,0.0,0.0,0
3,1771968707.3442,24.6,19.5,23.8,20.0,0.112,-0.0,PILOTING,SYS_GO,17.4224,3.5699,-0.2678,-15.34,256,0.0,0.0,0.0,0
3,1771968707.4029,24.3,1.7,19.4,20.0,0.112,-0.0,PILOTING,SYS_GO,17.4271,3.5687,-0.2678,-15.34,256,0.0,0.0,0.0,0
3,1771968707.4546,28.9,2.1,27.4,20.0,0.112,-0.0,PILOTING,SYS_GO,17.4294,3.568,-0.2678,-15.34,256,0.0,0.0,0.0,0
3,1771968707.4972,29.5,2.0,14.3,20.0,0.112,-0.0,PILOTING,SYS_GO,17.4328,3.5671,-0.2678,-15.34,256,0.0,0.0,0.0,0
3,1771968707.5445,35.6,1.6,33.9,20.0,0.112,-0.0,PILOTING,SYS_GO,17.4346,3.5666,-0.2678,-15.34,256,0.0,0.0,0.0,0
3,1771968707.589,33.5,1.0,15.0,20.0,0.112,-0.0,PILOTING,SYS_GO,17.4389,3.5654,-0.2678,-15.34,256,0.0,0.0,0.0,0
3,1771968707.6369,39.3,1.0,28.5,20.0,0.112,-0.0,PILOTING,SYS_GO,17.4406,3.565,-0.2678,-15.34,256,0.0,0.0,0.0,0
3,1771968707.6802,37.9,0.0,27.0,20.0,0.112,-0.0,PILOTING,SYS_GO,17.444,3.564,-0.2678,-15.34,256,0.0,0.0,0.0,0
3,1771968707.7269,37.5,4.1,25.5,20.0,0.112,-0.0,PILOTING,SYS_GO,17.447,3.5632,-0.2678,-15.34,256,0.0,0.0,0.0,0
3,1771968707.7944,36.7,5.6,21.2,20.0,0.112,-0.0,PILOTING,SYS_GO,17.4502,3.5623,-0.2678,-15.34,256,0.0,0.0,0.0,0
3,1771968707.8332,35.2,0.0,14.4,20.0,0.112,-0.0,PILOTING,SYS_GO,17.4539,3.5613,-0.2678,-15.34,256,0.0,0.0,0.0,0
3,1771968707.881,42.1,1.7,52.3,20.0,0.112,-0.0,PILOTING,SYS_GO,17.4554,3.5609,-0.2678,-15.34,256,0.0,0.0,0.0,0
3,1771968707.9456,37.4,17.0,10.4,20.0,0.112,-0.0,PILOTING,SYS_GO,17.4613,3.5593,-0.2678,-15.34,256,0.0,0.0,0.0,0
3,1771968707.9909,37.2,1.0,20.0,20.0,0.112,-0.0,PILOTING,SYS_GO,17.4642,3.5585,-0.2678,-15.34,256,0.0,0.0,0.0,0
3,1771968708.0322,38.6,0.0,35.6,20.0,0.112,-0.0,PILOTING,SYS_GO,17.4667,3.5578,-0.2678,-15.34,256,0.0,0.0,0.0,0
3,1771968708.0798,36.4,0.7,8.8,20.0,0.112,-0.0,PILOTING,SYS_GO,17.4706,3.5567,-0.2678,-15.34,256,0.0,0.0,0.0,0
3,1771968708.1254,45.7,1.8,33.7,20.0,0.112,-0.0,PILOTING,SYS_GO,17.4719,3.5564,-0.2678,-15.34,256,0.0,0.0,0.0,0
3,1771968708.1754,41.9,1.8,59.5,20.0,0.112,-0.0,PILOTING,SYS_GO,17.4759,3.5553,-0.2678,-15.34,256,0.0,0.0,0.0,0
3,1771968708.2468,36.7,0.0,26.5,20.0,0.112,-0.0,PILOTING,SYS_GO,17.4826,3.5534,-0.2678,-15.34,255,0.0,0.0,0.0,0
3,1771968708.292,36.9,5.1,62.1,20.0,0.112,-2.73,PILOTING,SYS_GO,17.0829,3.2992,-0.2678,-15.34,255,0.0,0.0,0.0,0
3,1771968708.3682,32.4,1.0,9.1,20.0,0.112,-5.27,PILOTING,SYS_GO,17.0906,3.2971,-0.2697,-15.45,255,0.0,0.0,0.0,0
3,1771968708.4159,42.3,3.2,19.2,20.0,0.112,-7.59,PILOTING,SYS_GO,17.0919,3.2967,-0.2734,-15.67,255,0.0,0.0,0.0,0
3,1771968708.4609,42.4,2.5,26.7,20.0,0.112,-9.72,PILOTING,SYS_GO,17.0944,3.296,-0.2788,-15.97,255,0.0,0.0,0.0,0
3,1771968708.5222,38.1,0.0,23.4,20.0,0.112,-11.71,PILOTING,SYS_GO,17.0995,3.2945,-0.2857,-16.37,255,0.0,0.0,0.0,0
3,1771968708.5726,38.4,2.5,28.0,16.0,0.112,-13.56,PILOTING,SYS_GO,17.1022,3.2937,-0.294,-16.84,255,0.0,0.0,0.0,0
3,1771968708.6134,36.7,4.7,20.0,16.0,0.056,-15.27,PILOTING,SYS_GO,17.104,3.2931,-0.3017,-17.29,255,0.0,0.0,0.0,0
3,1771968708.6575,35.2,0.3,35.3,16.0,0.056,-16.86,PILOTING,SYS_GO,17.1058,3.2925,-0.3105,-17.79,255,0.0,0.0,0.0,0
3,1771968708.7039,33.6,4.3,78.5,16.0,0.056,-18.34,PILOTING,SYS_GO,17.1078,3.2919,-0.3202,-18.35,255,0.0,0.0,0.0,0
3,1771968708.7954,29.3,0.0,10.7,16.0,0.056,-19.75,PILOTING,SYS_GO,17.1122,3.2904,-0.3309,-18.96,255,0.0,0.0,0.0,0
3,1771968708.8413,42.0,1.0,35.7,16.0,0.056,-21.06,PILOTING,SYS_GO,17.1128,3.2902,-0.3424,-19.62,255,0.0,0.0,0.0,0
3,1771968708.887,39.1,13.5,31.2,16.0,0.056,-22.3,PILOTING,SYS_GO,17.1147,3.2895,-0.3548,-20.33,255,0.0,0.0,0.0,0
3,1771968708.9474,35.5,0.0,33.4,12.0,0.056,-27.01,PILOTING,SYS_GO,17.1171,3.2885,-0.368,-21.08,255,0.0,0.0,0.0,0
3,1771968708.9962,34.3,1.0,16.3,12.0,0.0,-30.02,PILOTING,SYS_GO,17.1171,3.2885,-0.3803,-21.79,255,0.0,0.0,0.0,0
3,1771968709.0388,39.0,3.1,18.0,12.0,0.0,-32.03,PILOTING,SYS_GO,17.1171,3.2885,-0.3942,-22.59,255,0.0,0.0,0.0,0
3,1771968709.0844,40.2,0.7,65.9,12.0,0.0,-33.44,PILOTING,SYS_GO,17.1171,3.2885,-0.4093,-23.45,255,0.0,0.0,0.0,0
3,1771968709.1638,35.2,38.8,24.0,12.0,0.0,-34.51,PILOTING,SYS_GO,17.1171,3.2885,-0.4252,-24.36,255,0.0,0.0,0.0,0
3,1771968709.2385,31.0,0.3,21.7,12.0,0.0,-35.38,PILOTING,SYS_GO,17.1171,3.2885,-0.4418,-25.31,255,0.0,0.0,0.0,0
3,1771968709.2841,33.9,6.2,50.0,12.0,0.0,-36.12,PILOTING,SYS_GO,17.1171,3.2885,-0.4589,-26.29,255,0.0,0.0,0.0,0
3,1771968709.3608,30.4,0.0,14.4,12.0,0.0,-36.79,PILOTING,SYS_GO,17.1171,3.2885,-0.4765,-27.3,255,0.0,0.0,0.0,0
3,1771968709.4079,38.2,3.0,71.8,12.0,0.0,-37.42,PILOTING,SYS_GO,17.1171,3.2885,-0.4945,-28.33,255,0.0,0.0,0.0,0
3,1771968709.4973,33.2,0.0,28.6,12.0,0.0,-38.01,PILOTING,SYS_GO,17.1171,3.2885,-0.513,-29.39,255,0.0,0.0,0.0,0
3,1771968709.5444,33.5,28.7,44.0,12.0,0.0,-38.58,PILOTING,SYS_GO,17.1171,3.2885,-0.5318,-30.47,255,0.0,0.0,0.0,0
3,1771968709.6365,29.4,0.0,32.4,12.0,0.0,-39.14,PILOTING,SYS_GO,17.1171,3.2885,-0.551,-31.57,255,0.0,0.0,0.0,0
3,1771968709.6827,29.7,8.1,91.1,12.0,0.0,-39.69,PILOTING,SYS_GO,17.1171,3.2885,-0.5706,-32.7,255,0.0,0.0,0.0,0
3,1771968709.7902,25.8,0.0,13.5,12.0,0.0,-40.22,PILOTING,SYS_GO,17.1171,3.2885,-0.5907,-33.84,255,0.0,0.0,0.0,0
3,1771968709.8382,34.4,2.0,51.7,12.0,0.0,-40.75,PILOTING,SYS_GO,17.1171,3.2885,-0.611,-35.01,255,0.0,0.0,0.0,0
3,1771968709.8994,31.2,10.3,27.3,12.0,0.0,-41.26,PILOTING,SYS_GO,17.1171,3.2885,-0.6318,-36.2,255,0.0,0.0,0.0,0
3,1771968709.9444,30.3,0.5,18.8,12.0,0.0,-41.77,PILOTING,SYS_GO,17.1171,3.2885,-0.653,-37.41,255,0.0,0.0,0.0,0
3,1771968709.9898,34.6,5.1,49.4,12.0,0.0,-42.26,PILOTING,SYS_GO,17.1171,3.2885,-0.6745,-38.64,255,0.0,0.0,0.0,0
3,1771968710.0652,31.1,12.5,13.0,12.0,0.0,-42.74,PILOTING,SYS_GO,17.1171,3.2885,-0.6964,-39.9,255,0.0,0.0,0.0,0
3,1771968710.112,32.3,11.2,24.1,12.0,0.0,-43.21,PILOTING,SYS_GO,17.1171,3.2885,-0.7187,-41.18,255,0.0,0.0,0.0,0
3,1771968710.1575,31.5,10.7,51.0,12.0,0.0,-43.66,PILOTING,SYS_GO,17.1171,3.2885,-0.7413,-42.47,255,0.0,0.0,0.0,0
3,1771968710.2334,28.4,0.0,30.1,12.0,0.0,-44.1,PILOTING,SYS_GO,17.1171,3.2885,-0.7643,-43.79,255,0.0,0.0,0.0,0
3,1771968710.279,28.9,1.0,29.7,12.0,0.0,-44.53,PILOTING,SYS_GO,17.1171,3.2885,-0.7877,-45.13,255,0.0,0.0,0.0,0
3,1771968710.3237,29.4,7.0,23.2,12.0,0.0,-40.08,PILOTING,SYS_GO,17.1171,3.2885,-0.8114,-46.49,255,0.0,0.0,0.0,0
3,1771968710.3684,30.1,2.0,21.6,12.0,0.0,-36.07,PILOTING,SYS_GO,17.1171,3.2885,-0.8316,-47.65,255,0.0,0.0,0.0,0
3,1771968710.4146,32.5,2.7,60.6,12.0,0.0,-32.46,PILOTING,SYS_GO,17.1171,3.2885,-0.8492,-48.66,255,0.0,0.0,0.0,0
3,1771968710.4904,29.1,0.0,13.1,12.0,0.0,-29.22,PILOTING,SYS_GO,17.1171,3.2885,-0.8645,-49.53,255,0.0,0.0,0.0,0
3,1771968710.5374,37.4,6.4,56.8,12.0,0.0,-26.29,PILOTING,SYS_GO,17.1171,3.2885,-0.878,-50.31,255,0.0,0.0,0.0,0
3,1771968710.6289,32.5,0.0,23.5,16.0,0.0,-23.66,PILOTING,SYS_GO,17.1171,3.2885,-0.8899,-50.99,255,0.0,0.0,0.0,0
3,1771968710.6754,34.5,1.5,66.8,16.0,0.056,-21.3,PILOTING,SYS_GO,17.118,3.2875,-0.904,-51.8,255,0.0,0.0,0.0,0
3,1771968710.7675,30.1,1.0,15.3,16.0,0.056,-19.17,PILOTING,SYS_GO,17.1206,3.284,-0.9165,-52.51,255,0.0,0.0,0.0,0
3,1771968710.8157,36.4,0.4,69.1,16.0,0.056,-17.25,PILOTING,SYS_GO,17.1212,3.2832,-0.9277,-53.15,255,0.0,0.0,0.0,0
3,1771968710.8906,32.0,0.0,9.7,16.0,0.056,-15.53,PILOTING,SYS_GO,17.1235,3.2801,-0.9377,-53.73,255,0.0,0.0,0.0,0
3,1771968710.9422,44.8,2.1,22.5,16.0,0.056,-13.97,PILOTING,SYS_GO,17.1238,3.2796,-0.9466,-54.24,255,0.0,0.0,0.0,0
3,1771968710.9826,43.9,1.5,40.7,16.0,0.056,-12.58,PILOTING,SYS_GO,17.1246,3.2785,-0.9546,-54.7,255,0.0,0.0,0.0,0
3,1771968711.0283,39.7,0.4,13.3,20.0,0.056,-11.32,PILOTING,SYS_GO,17.126,3.2765,-0.9618,-55.11,255,0.0,0.0,0.0,0
3,1771968711.0806,45.4,27.9,37.7,20.0,0.112,-6.79,PILOTING,SYS_GO,17.127,3.2751,-0.9698,-55.57,255,0.0,0.0,0.0,0
3,1771968711.1674,38.8,0.0,33.7,20.0,0.112,-4.07,PILOTING,SYS_GO,17.1319,3.2679,-0.9746,-55.84,255,0.0,0.0,0.0,0
3,1771968711.2138,37.0,1.2,70.5,20.0,0.112,-2.44,PILOTING,SYS_GO,17.134,3.2647,-0.9775,-56.01,255,0.0,0.0,0.0,0
3,1771968711.2902,32.3,0.0,15.9,20.0,0.112,-1.47,PILOTING,SYS_GO,17.1386,3.2579,-0.9792,-56.1,255,0.0,0.0,0.0,0
3,1771968711.3387,38.4,3.1,24.9,20.0,0.112,-0.88,PILOTING,SYS_GO,17.1396,3.2564,-0.9802,-56.16,255,0.0,0.0,0.0,0
3,1771968711.3816,37.7,2.1,27.5,20.0,0.112,-0.53,PILOTING,SYS_GO,17.1414,3.2537,-0.9808,-56.2,255,0.0,0.0,0.0,0
3,1771968711.4269,36.7,0.7,16.7,20.0,0.112,-0.32,PILOTING,SYS_GO,17.1433,3.2509,-0.9812,-56.22,255,0.0,0.0,0.0,0
3,1771968711.4722,40.9,1.8,29.2,20.0,0.112,-0.19,PILOTING,SYS_GO,17.1444,3.2493,-0.9814,-56.23,255,0.0,0.0,0.0,0
3,1771968711.525,39.0,10.4,10.2,20.0,0.112,-0.11,PILOTING,SYS_GO,17.1463,3.2464,-0.9816,-56.24,255,0.0,0.0,0.0,0
3,1771968711.5653,38.5,0.6,20.4,20.0,0.112,-0.07,PILOTING,SYS_GO,17.148,3.2438,-0.9816,-56.24,255,0.0,0.0,0.0,0
3,1771968711.6117,39.9,1.9,76.2,20.0,0.112,-0.04,PILOTING,SYS_GO,17.1494,3.2418,-0.9817,-56.25,255,0.0,0.0,0.0,0
3,1771968711.7022,34.5,0.0,14.0,20.0,0.112,-0.02,PILOTING,SYS_GO,17.1543,3.2344,-0.9817,-56.25,255,0.0,0.0,0.0,0
3,1771968711.748,41.8,1.6,79.3,20.0,0.112,-0.01,PILOTING,SYS_GO,17.1552,3.2331,-0.9817,-56.25,255,0.0,0.0,0.0,0
3,1771968711.839,35.9,0.0,22.7,20.0,0.112,-0.01,PILOTING,SYS_GO,17.1602,3.2255,-0.9817,-56.25,255,0.0,0.0,0.0,0
3,1771968711.8872,37.2,2.4,39.2,20.0,0.112,-0.01,PILOTING,SYS_GO,17.1617,3.2233,-0.9818,-56.25,255,0.0,0.0,0.0,0
3,1771968711.9475,34.4,27.9,47.3,20.0,0.112,-0.0,PILOTING,SYS_GO,17.1644,3.2193,-0.9818,-56.25,255,0.0,0.0,0.0,0
3,1771968712.035,30.0,0.3,20.3,20.0,0.112,-0.0,PILOTING,SYS_GO,17.1695,3.2117,-0.9818,-56.25,255,0.0,0.0,0.0,0
3,1771968712.0808,33.7,1.4,21.2,20.0,0.112,-0.0,PILOTING,SYS_GO,17.1707,3.2098,-0.9818,-56.25,255,0.0,0.0,0.0,0
3,1771968712.1316,35.4,10.3,30.1,20.0,0.112,-0.0,PILOTING,SYS_GO,17.1722,3.2076,-0.9818,-56.25,255,0.0,0.0,0.0,0
3,1771968712.1889,33.1,1.0,31.6,20.0,0.112,-0.0,PILOTING,SYS_GO,17.1748,3.2038,-0.9818,-56.25,255,0.0,0.0,0.0,0
3,1771968712.2338,32.6,0.0,75.1,20.0,0.112,-0.0,PILOTING,SYS_GO,17.1768,3.2007,-0.9818,-56.25,255,0.0,0.0,0.0,0
3,1771968712.3248,28.7,0.0,25.3,20.0,0.112,-0.0,PILOTING,SYS_GO,17.1817,3.1935,-0.9818,-56.25,255,0.0,0.0,0.0,0
3,1771968712.3701,30.5,5.6,54.2,20.0,0.112,-0.0,PILOTING,SYS_GO,17.1833,3.191,-0.9818,-56.25,255,0.0,0.0,0.0,0
3,1771968712.4453,27.7,0.0,22.4,20.0,0.112,-0.0,PILOTING,SYS_GO,17.1871,3.1853,-0.9818,-56.25,255,0.0,0.0,0.0,0
3,1771968712.4965,31.1,15.2,60.6,20.0,0.112,-0.0,PILOTING,SYS_GO,17.1885,3.1832,-0.9818,-56.25,255,0.0,0.0,0.0,0
3,1771968712.5828,27.5,0.0,22.2,20.0,0.112,-0.0,PILOTING,SYS_GO,17.1933,3.1761,-0.9818,-56.25,255,0.0,0.0,0.0,0
3,1771968712.628,31.0,1.0,54.3,20.0,0.112,-0.0,PILOTING,SYS_GO,17.1946,3.174,-0.9818,-56.25,255,0.0,0.0,0.0,0
3,1771968712.6905,28.4,4.3,35.2,20.0,0.112,-0.0,PILOTING,SYS_GO,17.1981,3.1689,-0.9818,-56.25,255,0.0,0.0,0.0,0
3,1771968712.7351,27.5,0.0,27.5,20.0,0.112,-0.0,PILOTING,SYS_GO,17.2007,3.1649,-0.9818,-56.25,255,0.0,0.0,0.0,0
3,1771968712.7822,29.0,0.9,39.3,20.0,0.112,-0.0,PILOTING,SYS_GO,17.2025,3.1623,-0.9818,-56.25,255,0.0,0.0,0.0,0
3,1771968712.8419,28.0,32.1,8.8,20.0,0.112,-0.0,PILOTING,SYS_GO,17.2051,3.1584,-0.9818,-56.25,255,0.0,0.0,0.0,0
3,1771968712.9074,26.6,0.8,27.4,20.0,0.112,-0.0,PILOTING,SYS_GO,17.208,3.154,-0.9818,-56.25,255,0.0,0.0,0.0,0
3,1771968712.9659,27.7,3.5,40.0,20.0,0.112,-0.0,PILOTING,SYS_GO,17.21,3.1511,-0.9818,-56.25,255,0.0,0.0,0.0,0
3,1771968713.0126,26.7,0.0,10.8,20.0,0.112,-0.0,PILOTING,SYS_GO,17.2127,3.147,-0.9818,-56.25,255,0.0,0.0,0.0,0
3,1771968713.0683,39.9,6.8,36.5,20.0,0.112,-0.0,PILOTING,SYS_GO,17.2134,3.146,-0.9818,-56.25,255,0.0,0.0,0.0,0
3,1771968713.1249,36.4,1.1,21.5,20.0,0.112,-0.0,PILOTING,SYS_GO,17.2162,3.1418,-0.9818,-56.25,255,0.0,0.0,0.0,0
3,1771968713.1642,37.5,0.0,14.7,20.0,0.112,-0.0,PILOTING,SYS_GO,17.2177,3.1396,-0.9818,-56.25,255,0.0,0.0,0.0,0
3,1771968713.2098,42.9,22.4,49.4,20.0,0.112,-0.0,PILOTING,SYS_GO,17.2186,3.1382,-0.9818,-56.25,255,0.0,0.0,0.0,0
3,1771968713.2872,37.0,0.0,14.8,20.0,0.112,-0.0,PILOTING,SYS_GO,17.2232,3.1313,-0.9818,-56.25,255,0.0,0.0,0.0,0
3,1771968713.3352,43.1,1.8,76.3,20.0,0.112,-0.0,PILOTING,SYS_GO,17.2241,3.1299,-0.9818,-56.25,255,0.0,0.0,0.0,0
3,1771968713.4266,37.1,0.0,17.8,20.0,0.112,-0.0,PILOTING,SYS_GO,17.229,3.1226,-0.9818,-56.25,255,0.0,0.0,0.0,0
3,1771968713.4801,40.2,3.6,77.7,20.0,0.112,-0.0,PILOTING,SYS_GO,17.2302,3.1209,-0.9818,-56.25,255,0.0,0.0,0.0,0
3,1771968713.5774,34.6,0.0,37.4,20.0,0.112,-0.0,PILOTING,SYS_GO,17.2352,3.1133,-0.9818,-56.25,255,0.0,0.0,0.0,0
3,1771968713.6279,32.8,3.8,98.9,20.0,0.112,-0.0,PILOTING,SYS_GO,17.2377,3.1096,-0.9818,-56.25,255,0.0,0.0,0.0,0
3,1771968713.7557,28.1,3.2,13.6,20.0,0.112,-0.0,PILOTING,SYS_GO,17.2443,3.0997,-0.9818,-56.25,254,0.0,0.0,0.0,0
3,1771968713.7925,33.8,0.0,28.3,20.0,0.112,-4.44,PILOTING,SYS_GO,17.0811,2.9084,-0.9818,-56.25,254,0.0,0.0,0.0,0
3,1771968713.8363,33.8,2.0,28.9,20.0,0.112,-8.43,PILOTING,SYS_GO,17.0829,2.9056,-0.9849,-56.43,254,0.0,0.0,0.0,0
3,1771968713.8819,33.5,7.6,20.1,16.0,0.112,-12.01,PILOTING,SYS_GO,17.0848,2.9027,-0.9908,-56.77,254,0.0,0.0,0.0,0
3,1771968713.9269,33.9,1.1,23.7,16.0,0.056,-15.25,PILOTING,SYS_GO,17.0857,2.9014,-0.9977,-57.16,254,0.0,0.0,0.0,0
3,1771968713.9725,33.9,12.3,61.0,16.0,0.056,-18.17,PILOTING,SYS_GO,17.0866,2.9,-1.0064,-57.66,254,0.0,0.0,0.0,0
3,1771968714.0632,29.7,0.0,25.0,16.0,0.056,-20.8,PILOTING,SYS_GO,17.0888,2.8964,-1.017,-58.27,254,0.0,0.0,0.0,0
3,1771968714.1128,31.3,6.0,58.8,16.0,0.056,-23.18,PILOTING,SYS_GO,17.0896,2.8951,-1.0292,-58.97,254,0.0,0.0,0.0,0
3,1771968714.1863,28.1,0.0,13.9,12.0,0.056,-25.14,PILOTING,SYS_GO,17.0914,2.8919,-1.043,-59.76,254,0.0,0.0,0.0,0
3,1771968714.2337,36.4,1.5,48.7,12.0,0.0,-26.37,PILOTING,SYS_GO,17.0914,2.8919,-1.0543,-60.41,254,0.0,0.0,0.0,0
3,1771968714.2925,32.9,6.1,20.3,12.0,0.0,-27.15,PILOTING,SYS_GO,17.0914,2.8919,-1.0662,-61.09,254,0.0,0.0,0.0,0
3,1771968714.3375,31.8,0.0,23.8,12.0,0.0,-27.68,PILOTING,SYS_GO,17.0914,2.8919,-1.0786,-61.8,254,0.0,0.0,0.0,0
3,1771968714.3842,33.9,0.6,19.8,12.0,0.0,-28.04,PILOTING,SYS_GO,17.0914,2.8919,-1.0912,-62.52,254,0.0,0.0,0.0,0
3,1771968714.4306,36.9,1.5,10.0,12.0,0.0,-28.31,PILOTING,SYS_GO,17.0914,2.8919,-1.1041,-63.26,254,0.0,0.0,0.0,0
3,1771968714.4765,47.0,5.1,113.9,12.0,0.0,-28.52,PILOTING,SYS_GO,17.0914,2.8919,-1.117,-64.0,254,0.0,0.0,0.0,0
3,1771968714.6134,39.2,0.6,11.7,12.0,0.0,-28.69,PILOTING,SYS_GO,17.0914,2.8919,-1.1301,-64.75,254,0.0,0.0,0.0,0
3,1771968714.6597,47.6,0.0,71.1,12.0,0.0,-28.84,PILOTING,SYS_GO,17.0914,2.8919,-1.1433,-65.51,254,0.0,0.0,0.0,0
3,1771968714.7367,40.9,3.2,49.1,12.0,0.0,-28.97,PILOTING,SYS_GO,17.0914,2.8919,-1.1566,-66.27,254,0.0,0.0,0.0,0
3,1771968714.7968,36.5,0.3,21.0,12.0,0.0,-29.1,PILOTING,SYS_GO,17.0914,2.8919,-1.17,-67.03,254,0.0,0.0,0.0,0
3,1771968714.843,38.2,3.0,58.4,12.0,0.0,-29.21,PILOTING,SYS_GO,17.0914,2.8919,-1.1834,-67.8,254,0.0,0.0,0.0,0
3,1771968714.9181,33.7,3.0,34.1,12.0,0.0,-29.32,PILOTING,SYS_GO,17.0914,2.8919,-1.1969,-68.57,254,0.0,0.0,0.0,0
3,1771968714.9655,31.9,0.3,14.2,12.0,0.0,-29.42,PILOTING,SYS_GO,17.0914,2.8919,-1.2104,-69.35,254,0.0,0.0,0.0,0
3,1771968715.0104,39.3,1.1,32.0,12.0,0.0,-26.48,PILOTING,SYS_GO,17.0914,2.8919,-1.224,-70.13,254,0.0,0.0,0.0,0
3,1771968715.0567,36.8,3.0,28.8,16.0,0.0,-23.83,PILOTING,SYS_GO,17.0914,2.8919,-1.236,-70.82,254,0.0,0.0,0.0,0
3,1771968715.1071,35.5,1.0,13.3,16.0,0.056,-21.45,PILOTING,SYS_GO,17.092,2.8901,-1.2502,-71.63,254,0.0,0.0,0.0,0
3,1771968715.1482,36.5,5.0,44.1,16.0,0.056,-19.3,PILOTING,SYS_GO,17.0924,2.8888,-1.2628,-72.35,254,0.0,0.0,0.0,0
3,1771968715.2071,33.2,11.6,58.7,16.0,0.056,-17.37,PILOTING,SYS_GO,17.0933,2.8861,-1.2741,-73.0,254,0.0,0.0,0.0,0
3,1771968715.2859,29.4,1.5,15.0,16.0,0.056,-15.64,PILOTING,SYS_GO,17.0944,2.8824,-1.2841,-73.58,254,0.0,0.0,0.0,0
3,1771968715.3335,34.9,2.3,39.4,16.0,0.056,-14.07,PILOTING,SYS_GO,17.0946,2.8814,-1.2931,-74.09,254,0.0,0.0,0.0,0
3,1771968715.401,32.7,6.0,39.7,16.0,0.056,-12.67,PILOTING,SYS_GO,17.0953,2.8791,-1.3012,-74.55,254,0.0,0.0,0.0,0
3,1771968715.4663,30.2,0.0,17.1,20.0,0.056,-11.4,PILOTING,SYS_GO,17.096,2.8765,-1.3084,-74.97,254,0.0,0.0,0.0,0
3,1771968715.5122,35.9,1.0,43.5,20.0,0.112,-6.84,PILOTING,SYS_GO,17.0965,2.8746,-1.3165,-75.43,254,0.0,0.0,0.0,0
3,1771968715.5748,32.9,0.0,10.7,20.0,0.112,-4.1,PILOTING,SYS_GO,17.0978,2.8695,-1.3213,-75.71,254,0.0,0.0,0.0,0
3,1771968715.619,45.0,0.5,31.3,20.0,0.112,-2.46,PILOTING,SYS_GO,17.0981,2.8683,-1.3242,-75.87,254,0.0,0.0,0.0,0
3,1771968715.6647,42.3,17.0,14.1,20.0,0.112,-1.48,PILOTING,SYS_GO,17.0989,2.8649,-1.3259,-75.97,254,0.0,0.0,0.0,0
3,1771968715.7249,38.3,0.3,31.1,20.0,0.112,-0.89,PILOTING,SYS_GO,17.1001,2.86,-1.327,-76.03,254,0.0,0.0,0.0,0
3,1771968715.7719,36.7,1.0,18.7,20.0,0.112,-0.53,PILOTING,SYS_GO,17.101,2.8564,-1.3276,-76.07,254,0.0,0.0,0.0,0
3,1771968715.8183,38.3,2.8,25.7,20.0,0.112,-0.32,PILOTING,SYS_GO,17.1016,2.8539,-1.328,-76.09,254,0.0,0.0,0.0,0
3,1771968715.8651,37.4,0.0,18.1,20.0,0.112,-0.19,PILOTING,SYS_GO,17.1024,2.8507,-1.3282,-76.1,254,0.0,0.0,0.0,0
3,1771968715.9116,40.7,14.5,34.5,20.0,0.112,-0.11,PILOTING,SYS_GO,17.1029,2.8487,-1.3283,-76.11,254,0.0,0.0,0.0,0
3,1771968715.9716,36.6,0.0,21.7,20.0,0.112,-0.07,PILOTING,SYS_GO,17.1043,2.8433,-1.3284,-76.11,254,0.0,0.0,0.0,0
3,1771968716.021,38.5,4.0,46.4,20.0,0.112,-0.04,PILOTING,SYS_GO,17.1048,2.841,-1.3285,-76.11,254,0.0,0.0,0.0,0
3,1771968716.099,34.1,6.0,13.3,20.0,0.112,-0.02,PILOTING,SYS_GO,17.1065,2.8345,-1.3285,-76.12,254,0.0,0.0,0.0,0
3,1771968716.1421,36.4,4.6,16.1,20.0,0.112,-0.01,PILOTING,SYS_GO,17.107,2.8321,-1.3285,-76.12,254,0.0,0.0,0.0,0
3,1771968716.1891,38.5,8.1,33.3,20.0,0.112,-0.01,PILOTING,SYS_GO,17.1076,2.8298,-1.3285,-76.12,254,0.0,0.0,0.0,0
3,1771968716.249,35.3,7.0,23.3,20.0,0.112,-0.01,PILOTING,SYS_GO,17.1088,2.825,-1.3285,-76.12,254,0.0,0.0,0.0,0
3,1771968716.294,34.4,4.4,18.7,20.0,0.112,-0.0,PILOTING,SYS_GO,17.1097,2.8215,-1.3285,-76.12,254,0.0,0.0,0.0,0
3,1771968716.3394,35.6,0.0,11.4,20.0,0.112,-0.0,PILOTING,SYS_GO,17.1103,2.8188,-1.3285,-76.12,254,0.0,0.0,0.0,0
3,1771968716.3861,44.5,0.0,83.1,20.0,0.112,-0.0,PILOTING,SYS_GO,17.1107,2.8174,-1.3285,-76.12,254,0.0,0.0,0.0,0
3,1771968716.4772,38.0,0.0,12.2,20.0,0.112,-0.0,PILOTING,SYS_GO,17.1129,2.8084,-1.3285,-76.12,254,0.0,0.0,0.0,0
3,1771968716.523,46.7,35.5,46.4,20.0,0.112,-0.0,PILOTING,SYS_GO,17.1132,2.807,-1.3285,-76.12,254,0.0,0.0,0.0,0
3,1771968716.6147,39.8,0.0,21.0,20.0,0.112,-0.0,PILOTING,SYS_GO,17.1155,2.798,-1.3285,-76.12,254,0.0,0.0,0.0,0
3,1771968716.6608,41.4,1.9,55.3,20.0,0.112,-0.0,PILOTING,SYS_GO,17.116,2.7957,-1.3285,-76.12,254,0.0,0.0,0.0,0
3,1771968716.723,36.6,0.0,10.5,20.0,0.112,-0.0,PILOTING,SYS_GO,17.1176,2.7895,-1.3285,-76.12,254,0.0,0.0,0.0,0
3,1771968716.7708,48.3,1.0,51.5,20.0,0.112,-0.0,PILOTING,SYS_GO,17.1178,2.7884,-1.3285,-76.12,254,0.0,0.0,0.0,0
3,1771968716.8313,42.4,1.0,35.0,20.0,0.112,-0.0,PILOTING,SYS_GO,17.1193,2.7826,-1.3285,-76.12,254,0.0,0.0,0.0,0
3,1771968716.877,39.1,0.3,15.1,20.0,0.112,-0.0,PILOTING,SYS_GO,17.1203,2.7784,-1.3285,-76.12,254,0.0,0.0,0.0,0
3,1771968716.9228,44.2,1.0,19.2,20.0,0.112,-0.0,PILOTING,SYS_GO,17.1207,2.7767,-1.3285,-76.12,254,0.0,0.0,0.0,0
3,1771968716.9753,44.8,2.8,27.9,20.0,0.112,-0.0,PILOTING,SYS_GO,17.1213,2.7744,-1.3285,-76.12,254,0.0,0.0,0.0,0
3,1771968717.0153,42.4,3.6,14.6,20.0,0.112,-0.0,PILOTING,SYS_GO,17.1221,2.771,-1.3285,-76.12,254,0.0,0.0,0.0,0
3,1771968717.0611,44.1,5.7,33.9,20.0,0.112,-0.0,PILOTING,SYS_GO,17.1227,2.7689,-1.3285,-76.12,254,0.0,0.0,0.0,0
3,1771968717.111,39.9,0.0,27.3,20.0,0.112,-0.0,PILOTING,SYS_GO,17.1238,2.7643,-1.3285,-76.12,254,0.0,0.0,0.0,0
3,1771968717.1526,39.3,1.5,33.3,20.0,0.112,-0.0,PILOTING,SYS_GO,17.1245,2.7613,-1.3285,-76.12,254,0.0,0.0,0.0,0
3,1771968717.1992,37.1,0.0,14.0,20.0,0.112,-0.0,PILOTING,SYS_GO,17.1255,2.7575,-1.3285,-76.12,254,0.0,0.0,0.0,0
3,1771968717.2501,42.2,0.0,38.2,20.0,0.112,-0.0,PILOTING,SYS_GO,17.1259,2.7557,-1.3285,-76.12,254,0.0,0.0,0.0,0
3,1771968717.2928,38.9,5.0,19.4,20.0,0.112,-0.0,PILOTING,SYS_GO,17.127,2.7515,-1.3285,-76.12,254,0.0,0.0,0.0,0
3,1771968717.342,39.1,1.6,15.8,20.0,0.112,-0.0,PILOTING,SYS_GO,17.1276,2.7488,-1.3285,-76.12,254,0.0,0.0,0.0,0
3,1771968717.384,41.6,1.1,26.3,20.0,0.112,-0.0,PILOTING,SYS_GO,17.1282,2.7466,-1.3285,-76.12,254,0.0,0.0,0.0,0
3,1771968717.429,40.1,1.6,21.5,20.0,0.112,-0.0,PILOTING,SYS_GO,17.1289,2.7435,-1.3285,-76.12,254,0.0,0.0,0.0,0
3,1771968717.4816,40.4,2.1,28.6,20.0,0.112,-0.0,PILOTING,SYS_GO,17.1296,2.7408,-1.3285,-76.12,254,0.0,0.0,0.0,0
3,1771968717.5207,37.8,0.0,21.5,20.0,0.112,-0.0,PILOTING,SYS_GO,17.1306,2.7369,-1.3285,-76.12,254,0.0,0.0,0.0,0
3,1771968717.5662,39.6,0.9,27.8,20.0,0.112,-0.0,PILOTING,SYS_GO,17.1311,2.7346,-1.3285,-76.12,254,0.0,0.0,0.0,0
3,1771968717.6122,37.6,16.0,48.6,20.0,0.112,-0.0,PILOTING,SYS_GO,17.132,2.7309,-1.3285,-76.12,254,0.0,0.0,0.0,0
3,1771968717.6874,33.2,0.0,18.7,20.0,0.112,-0.0,PILOTING,SYS_GO,17.1338,2.7239,-1.3285,-76.12,254,0.0,0.0,0.0,0
3,1771968717.7383,36.7,0.9,44.3,20.0,0.112,-0.0,PILOTING,SYS_GO,17.1343,2.7218,-1.3285,-76.12,254,0.0,0.0,0.0,0
3,1771968717.7953,33.5,0.0,9.7,20.0,0.112,-0.0,PILOTING,SYS_GO,17.1356,2.7165,-1.3285,-76.12,253,0.0,0.0,0.0,0
3,1771968717.849,45.6,27.7,53.2,20.0,0.112,-2.16,PILOTING,SYS_GO,17.0803,2.5288,-1.3285,-76.12,253,0.0,0.0,0.0,0
3,1771968717.9351,38.9,0.0,15.8,20.0,0.112,-4.08,PILOTING,SYS_GO,17.0825,2.52,-1.33,-76.21,253,0.0,0.0,0.0,0
3,1771968717.9815,43.4,4.1,32.5,20.0,0.112,-5.82,PILOTING,SYS_GO,17.0829,2.5182,-1.3329,-76.37,253,0.0,0.0,0.0,0
3,1771968718.0285,40.2,2.0,13.2,20.0,0.112,-7.37,PILOTING,SYS_GO,17.0838,2.5142,-1.337,-76.6,253,0.0,0.0,0.0,0
3,1771968718.0761,44.4,2.1,19.1,20.0,0.112,-4.42,PILOTING,SYS_GO,17.0843,2.5124,-1.3422,-76.9,253,0.0,0.0,0.0,0
3,1771968718.1271,45.0,2.4,24.4,20.0,0.112,-2.65,PILOTING,SYS_GO,17.0848,2.5101,-1.3453,-77.08,253,0.0,0.0,0.0,0
3,1771968718.1635,42.7,0.0,13.5,20.0,0.112,-1.59,PILOTING,SYS_GO,17.0855,2.5069,-1.3472,-77.19,253,0.0,0.0,0.0,0
3,1771968718.21,49.0,2.0,40.3,20.0,0.112,-0.96,PILOTING,SYS_GO,17.0859,2.5054,-1.3483,-77.25,253,0.0,0.0,0.0,0
3,1771968718.2585,43.7,7.2,18.4,20.0,0.112,-0.57,PILOTING,SYS_GO,17.0869,2.5006,-1.349,-77.29,253,0.0,0.0,0.0,0
3,1771968718.3033,42.4,1.1,18.7,20.0,0.112,-0.34,PILOTING,SYS_GO,17.0876,2.4976,-1.3494,-77.31,253,0.0,0.0,0.0,0
3,1771968718.35,43.2,2.2,27.7,20.0,0.112,-0.21,PILOTING,SYS_GO,17.0881,2.4952,-1.3496,-77.33,253,0.0,0.0,0.0,0
3,1771968718.3967,40.6,0.7,15.3,20.0,0.112,-0.12,PILOTING,SYS_GO,17.089,2.4916,-1.3497,-77.33,253,0.0,0.0,0.0,0
3,1771968718.4424,44.2,5.1,27.8,20.0,0.112,-0.07,PILOTING,SYS_GO,17.0894,2.4898,-1.3498,-77.34,253,0.0,0.0,0.0,0
3,1771968718.4877,41.5,7.9,39.2,20.0,0.112,-0.04,PILOTING,SYS_GO,17.0902,2.4862,-1.3499,-77.34,253,0.0,0.0,0.0,0
3,1771968718.5493,36.5,0.0,10.7,20.0,0.112,-0.03,PILOTING,SYS_GO,17.0916,2.4797,-1.3499,-77.34,253,0.0,0.0,0.0,0
3,1771968718.595,47.0,1.0,17.8,20.0,0.112,-0.02,PILOTING,SYS_GO,17.0919,2.4785,-1.3499,-77.35,253,0.0,0.0,0.0,0
3,1771968718.6404,48.2,3.5,37.6,20.0,0.112,-0.01,PILOTING,SYS_GO,17.0924,2.4764,-1.3499,-77.35,253,0.0,0.0,0.0,0
3,1771968718.6874,43.2,0.0,28.1,20.0,0.112,-0.01,PILOTING,SYS_GO,17.0934,2.4717,-1.3499,-77.35,253,0.0,0.0,0.0,0
3,1771968718.7358,41.5,2.0,25.6,20.0,0.112,-0.0,PILOTING,SYS_GO,17.0941,2.4686,-1.3499,-77.35,253,0.0,0.0,0.0,0
3,1771968718.7903,39.8,17.7,18.9,20.0,0.112,-0.0,PILOTING,SYS_GO,17.0949,2.4652,-1.35,-77.35,253,0.0,0.0,0.0,0
3,1771968718.8414,37.1,1.0,24.3,20.0,0.112,-0.0,PILOTING,SYS_GO,17.0958,2.4611,-1.35,-77.35,253,0.0,0.0,0.0,0
3,1771968718.8906,37.4,1.0,42.9,20.0,0.112,-0.0,PILOTING,SYS_GO,17.0965,2.4582,-1.35,-77.35,253,0.0,0.0,0.0,0
3,1771968718.9473,34.4,0.0,19.1,20.0,0.112,-0.0,PILOTING,SYS_GO,17.0976,2.4533,-1.35,-77.35,253,0.0,0.0,0.0,0
3,1771968718.9931,37.9,1.7,30.6,20.0,0.112,-0.0,PILOTING,SYS_GO,17.098,2.4512,-1.35,-77.35,253,0.0,0.0,0.0,0
3,1771968719.0426,36.2,6.9,11.4,20.0,0.112,-0.0,PILOTING,SYS_GO,17.0989,2.4475,-1.35,-77.35,253,0.0,0.0,0.0,0
3,1771968719.0858,37.1,1.5,27.8,20.0,0.112,-0.0,PILOTING,SYS_GO,17.0995,2.4448,-1.35,-77.35,253,0.0,0.0,0.0,0
3,1771968719.1288,36.2,15.8,31.3,20.0,0.112,-0.0,PILOTING,SYS_GO,17.1002,2.4415,-1.35,-77.35,253,0.0,0.0,0.0,0
3,1771968719.1901,32.7,0.0,27.5,20.0,0.112,-0.0,PILOTING,SYS_GO,17.1015,2.4357,-1.35,-77.35,253,0.0,0.0,0.0,0
3,1771968719.2357,33.2,2.5,51.2,20.0,0.112,-0.0,PILOTING,SYS_GO,17.1022,2.4326,-1.35,-77.35,253,0.0,0.0,0.0,0
3,1771968719.2996,30.1,0.0,10.9,20.0,0.112,-0.0,PILOTING,SYS_GO,17.1036,2.4263,-1.35,-77.35,253,0.0,0.0,0.0,0
3,1771968719.3428,40.6,0.0,15.1,20.0,0.112,-0.0,PILOTING,SYS_GO,17.1039,2.425,-1.35,-77.35,253,0.0,0.0,0.0,0
3,1771968719.3922,45.8,29.2,10.4,20.0,0.112,-0.0,PILOTING,SYS_GO,17.1043,2.4234,-1.35,-77.35,253,0.0,0.0,0.0,0
3,1771968719.4504,41.3,3.6,30.1,20.0,0.112,-0.0,PILOTING,SYS_GO,17.1053,2.4186,-1.35,-77.35,253,0.0,0.0,0.0,0
3,1771968719.4943,38.7,1.5,55.6,20.0,0.112,-0.0,PILOTING,SYS_GO,17.1062,2.4148,-1.35,-77.35,253,0.0,0.0,0.0,0
3,1771968719.5694,34.2,12.3,14.9,20.0,0.112,-0.0,PILOTING,SYS_GO,17.1077,2.4081,-1.35,-77.35,253,0.0,0.0,0.0,0
3,1771968719.6181,33.1,1.1,30.6,20.0,0.112,-0.0,PILOTING,SYS_GO,17.1086,2.4042,-1.35,-77.35,253,0.0,0.0,0.0,0
3,1771968719.6636,32.4,2.8,28.3,20.0,0.112,-0.0,PILOTING,SYS_GO,17.1094,2.4006,-1.35,-77.35,253,0.0,0.0,0.0,0
3,1771968719.7074,32.2,1.0,24.1,20.0,0.112,-0.0,PILOTING,SYS_GO,17.1102,2.3971,-1.35,-77.35,253,0.0,0.0,0.0,0
3,1771968719.7523,33.4,1.2,25.2,20.0,0.112,-0.0,PILOTING,SYS_GO,17.1108,2.3942,-1.35,-77.35,253,0.0,0.0,0.0,0
3,1771968719.805,34.3,2.7,51.8,20.0,0.112,-0.0,PILOTING,SYS_GO,17.1115,2.3913,-1.35,-77.35,253,0.0,0.0,0.0,0
3,1771968719.875,31.0,0.0,22.2,20.0,0.112,-0.0,PILOTING,SYS_GO,17.1129,2.3852,-1.35,-77.35,253,0.0,0.0,0.0,0
3,1771968719.921,33.0,3.7,72.2,20.0,0.112,-0.0,PILOTING,SYS_GO,17.1134,2.3826,-1.35,-77.35,253,0.0,0.0,0.0,0
3,1771968720.0118,28.9,0.0,13.8,20.0,0.112,-0.0,PILOTING,SYS_GO,17.1154,2.3738,-1.35,-77.35,253,0.0,0.0,0.0,0
3,1771968720.057,36.6,4.1,85.6,20.0,0.112,-0.0,PILOTING,SYS_GO,17.1158,2.3722,-1.35,-77.35,253,0.0,0.0,0.0,0
3,1771968720.1498,31.5,0.0,10.8,20.0,0.112,-0.0,PILOTING,SYS_GO,17.118,2.3623,-1.35,-77.35,253,0.0,0.0,0.0,0
3,1771968720.1943,43.8,0.0,77.8,20.0,0.112,-0.0,PILOTING,SYS_GO,17.1183,2.3611,-1.35,-77.35,253,0.0,0.0,0.0,0
3,1771968720.2871,37.6,0.0,14.1,20.0,0.112,-0.0,PILOTING,SYS_GO,17.1202,2.3525,-1.35,-77.35,253,0.0,0.0,0.0,0
3,1771968720.3343,36.6,4.9,22.5,20.0,0.112,-0.0,PILOTING,SYS_GO,17.1209,2.3492,-1.35,-77.35,253,0.0,0.0,0.0,0
3,1771968720.3805,36.5,12.3,51.5,20.0,0.112,-0.0,PILOTING,SYS_GO,17.1216,2.3462,-1.35,-77.35,253,0.0,0.0,0.0,0
3,1771968720.4565,32.4,0.0,22.3,50.0,0.112,-0.0,PILOTING,SYS_GO,17.1232,2.3392,-1.35,-77.35,252,0.0,0.0,0.0,0
3,1771968720.503,34.9,11.6,46.5,50.0,0.532,-2.11,PILOTING,SYS_GO,17.0826,2.1384,-1.35,-77.35,252,0.0,0.0,0.0,0
3,1771968720.5778,31.2,0.0,25.4,50.0,0.532,-1.27,PILOTING,SYS_GO,17.0895,2.1069,-1.3537,-77.56,252,0.0,0.0,0.0,0
3,1771968720.6232,32.7,5.5,79.4,50.0,0.532,-0.76,PILOTING,SYS_GO,17.0925,2.0935,-1.3559,-77.69,252,0.0,0.0,0.0,0
3,1771968720.7161,28.4,0.0,11.0,50.0,0.532,-0.46,PILOTING,SYS_GO,17.1022,2.0486,-1.3572,-77.76,252,0.0,0.0,0.0,0
3,1771968720.7607,39.5,0.0,59.0,50.0,0.532,-0.27,PILOTING,SYS_GO,17.1036,2.0424,-1.358,-77.81,252,0.0,0.0,0.0,0
3,1771968720.8282,35.0,26.2,16.9,50.0,0.532,-0.16,PILOTING,SYS_GO,17.1103,2.0113,-1.3585,-77.84,252,0.0,0.0,0.0,0
3,1771968720.8828,31.8,0.5,17.5,50.0,0.532,-0.1,PILOTING,SYS_GO,17.1162,1.9839,-1.3588,-77.85,252,0.0,0.0,0.0,0
3,1771968720.9316,36.3,1.0,24.3,50.0,0.532,-0.06,PILOTING,SYS_GO,17.1182,1.9743,-1.359,-77.86,252,0.0,0.0,0.0,0
3,1771968720.9807,36.7,8.3,9.1,50.0,0.532,-0.04,PILOTING,SYS_GO,17.1212,1.9607,-1.3591,-77.87,252,0.0,0.0,0.0,0
3,1771968721.0236,37.7,0.0,23.7,50.0,0.532,-0.02,PILOTING,SYS_GO,17.1238,1.9482,-1.3591,-77.87,251,0.0,0.0,0.0,0
3,1771968721.0662,38.6,0.0,43.5,50.0,0.532,-2.15,PILOTING,SYS_GO,17.0826,1.7577,-1.3592,-77.87,251,0.0,0.0,0.0,0
3,1771968721.127,34.7,0.3,17.2,50.0,0.532,-1.29,PILOTING,SYS_GO,17.0884,1.7302,-1.3629,-78.09,251,0.0,0.0,0.0,0
3,1771968721.1725,38.5,7.1,73.4,50.0,0.532,-0.77,PILOTING,SYS_GO,17.0905,1.7206,-1.3652,-78.22,251,0.0,0.0,0.0,0
3,1771968721.2703,33.1,5.1,32.1,50.0,0.532,-0.46,PILOTING,SYS_GO,17.0997,1.6757,-1.3666,-78.3,251,0.0,0.0,0.0,0
3,1771968721.3258,30.6,0.0,19.8,50.0,0.532,-0.28,PILOTING,SYS_GO,17.105,1.6502,-1.3674,-78.34,251,0.0,0.0,0.0,0
3,1771968721.3721,34.1,3.0,35.7,50.0,0.532,-0.17,PILOTING,SYS_GO,17.1072,1.6394,-1.3679,-78.37,251,0.0,0.0,0.0,0
3,1771968721.4301,32.3,7.2,10.5,50.0,0.532,-0.1,PILOTING,SYS_GO,17.1115,1.6187,-1.3682,-78.39,251,0.0,0.0,0.0,0
3,1771968721.4669,37.2,0.0,21.3,50.0,0.532,-0.06,PILOTING,SYS_GO,17.1134,1.6095,-1.3683,-78.4,251,0.0,0.0,0.0,0
3,1771968721.5261,38.3,12.5,29.5,50.0,0.532,-0.04,PILOTING,SYS_GO,17.1159,1.5974,-1.3684,-78.41,251,0.0,0.0,0.0,0
3,1771968721.5711,35.3,0.4,14.7,50.0,0.532,-0.02,PILOTING,SYS_GO,17.1205,1.5749,-1.3685,-78.41,250,0.0,0.0,0.0,0
3,1771968721.6171,41.5,2.5,72.8,50.0,0.532,-2.16,PILOTING,SYS_GO,17.0816,1.3821,-1.3685,-78.41,250,0.0,0.0,0.0,0
3,1771968721.7088,35.8,0.0,31.2,50.0,0.532,-1.3,PILOTING,SYS_GO,17.0898,1.3416,-1.3723,-78.63,250,0.0,0.0,0.0,0
3,1771968721.7548,34.8,11.8,48.7,50.0,0.532,-0.78,PILOTING,SYS_GO,17.0931,1.3248,-1.3746,-78.76,250,0.0,0.0,0.0,0
3,1771968721.8315,31.1,1.0,18.7,50.0,0.532,-0.47,PILOTING,SYS_GO,17.0995,1.2926,-1.376,-78.84,250,0.0,0.0,0.0,0
3,1771968721.8769,34.1,1.0,35.2,50.0,0.532,-0.28,PILOTING,SYS_GO,17.1017,1.2812,-1.3768,-78.88,250,0.0,0.0,0.0,0
3,1771968721.9375,30.8,0.0,16.0,50.0,0.532,-0.17,PILOTING,SYS_GO,17.1075,1.2517,-1.3773,-78.91,250,0.0,0.0,0.0,0
3,1771968721.9863,36.4,1.3,73.7,50.0,0.532,-0.1,PILOTING,SYS_GO,17.1092,1.2428,-1.3776,-78.93,250,0.0,0.0,0.0,0
3,1771968722.078,31.7,2.5,19.3,50.0,0.532,-0.06,PILOTING,SYS_GO,17.117,1.2031,-1.3778,-78.94,250,0.0,0.0,0.0,0
3,1771968722.1259,34.6,2.0,50.5,50.0,0.532,-0.04,PILOTING,SYS_GO,17.1192,1.1918,-1.3779,-78.95,250,0.0,0.0,0.0,0
3,1771968722.1978,30.8,0.0,25.8,50.0,0.532,-0.02,PILOTING,SYS_GO,17.1256,1.1587,-1.3779,-78.95,250,0.0,0.0,0.0,0
3,1771968722.2433,32.4,4.2,94.0,50.0,0.532,-0.01,PILOTING,SYS_GO,17.1283,1.1452,-1.378,-78.95,250,0.0,0.0,0.0,0
3,1771968722.3651,27.7,0.3,15.4,20.0,0.532,-0.01,PILOTING,SYS_GO,17.1399,1.0859,-1.378,-78.95,249,0.0,0.0,0.0,0
3,1771968722.4172,34.2,4.0,109.4,20.0,0.112,-3.79,PILOTING,SYS_GO,16.8404,1.0982,-1.378,-78.95,249,0.0,0.0,0.0,0
3,1771968722.548,29.1,0.0,20.3,20.0,0.112,-7.22,PILOTING,SYS_GO,16.8428,1.0856,-1.3807,-79.11,249,0.0,0.0,0.0,0
3,1771968722.5935,32.7,5.0,50.7,20.0,0.112,-10.33,PILOTING,SYS_GO,16.8432,1.0832,-1.3857,-79.4,249,0.0,0.0,0.0,0
3,1771968722.6686,29.4,0.0,10.1,16.0,0.112,-13.16,PILOTING,SYS_GO,16.8444,1.0765,-1.3931,-79.82,249,0.0,0.0,0.0,0
3,1771968722.7212,40.5,2.2,41.5,16.0,0.056,-15.73,PILOTING,SYS_GO,16.8445,1.0758,-1.4006,-80.25,249,0.0,0.0,0.0,0
3,1771968722.7799,36.9,1.1,78.6,16.0,0.056,-18.06,PILOTING,SYS_GO,16.8449,1.0734,-1.4096,-80.77,249,0.0,0.0,0.0,0
3,1771968722.8672,32.0,0.4,17.7,16.0,0.056,-20.2,PILOTING,SYS_GO,16.8456,1.0689,-1.4201,-81.37,249,0.0,0.0,0.0,0
3,1771968722.9134,36.6,1.7,74.6,16.0,0.056,-22.15,PILOTING,SYS_GO,16.8458,1.0679,-1.4319,-82.04,249,0.0,0.0,0.0,0
3,1771968723.0059,31.9,5.5,24.8,16.0,0.056,-23.94,PILOTING,SYS_GO,16.8463,1.0636,-1.445,-82.79,249,0.0,0.0,0.0,0
3,1771968723.05,32.1,0.5,24.6,12.0,0.056,-25.59,PILOTING,SYS_GO,16.8465,1.062,-1.4593,-83.61,249,0.0,0.0,0.0,0
3,1771968723.0962,33.2,0.5,21.8,12.0,0.0,-27.1,PILOTING,SYS_GO,16.8465,1.062,-1.4708,-84.27,249,0.0,0.0,0.0,0
3,1771968723.1422,35.1,2.1,29.4,12.0,0.0,-28.49,PILOTING,SYS_GO,16.8465,1.062,-1.4832,-84.98,249,0.0,0.0,0.0,0
3,1771968723.187,34.2,0.0,27.9,12.0,0.0,-29.77,PILOTING,SYS_GO,16.8465,1.062,-1.4962,-85.73,249,0.0,0.0,0.0,0
3,1771968723.2328,34.6,4.4,33.1,12.0,0.0,-34.51,PILOTING,SYS_GO,16.8465,1.062,-1.51,-86.52,249,0.0,0.0,0.0,0
3,1771968723.2792,32.4,2.0,24.4,12.0,0.0,-37.51,PILOTING,SYS_GO,16.8465,1.062,-1.5266,-87.47,249,0.0,0.0,0.0,0
3,1771968723.3248,33.0,1.5,17.5,12.0,0.0,-39.47,PILOTING,SYS_GO,16.8465,1.062,-1.5451,-88.53,249,0.0,0.0,0.0,0
3,1771968723.3707,35.9,5.2,54.6,12.0,0.0,-40.81,PILOTING,SYS_GO,16.8465,1.062,-1.565,-89.67,249,0.0,0.0,0.0,0
3,1771968723.4459,31.9,0.5,28.9,12.0,0.0,-41.78,PILOTING,SYS_GO,16.8465,1.062,-1.5858,-90.86,249,0.0,0.0,0.0,0
3,1771968723.4956,32.3,1.0,45.4,12.0,0.0,-42.53,PILOTING,SYS_GO,16.8465,1.062,-1.6073,-92.09,249,0.0,0.0,0.0,0
3,1771968723.5568,30.1,4.7,44.4,12.0,0.0,-43.15,PILOTING,SYS_GO,16.8465,1.062,-1.6294,-93.36,249,0.0,0.0,0.0,0
3,1771968723.6147,28.0,0.5,10.8,12.0,0.0,-43.67,PILOTING,SYS_GO,16.8465,1.062,-1.652,-94.65,249,0.0,0.0,0.0,0
3,1771968723.6621,40.1,2.7,43.4,12.0,0.0,-39.31,PILOTING,SYS_GO,16.8465,1.062,-1.675,-95.97,249,0.0,0.0,0.0,0
3,1771968723.7239,36.4,5.1,33.5,12.0,0.0,-35.37,PILOTING,SYS_GO,16.8465,1.062,-1.6948,-97.1,249,0.0,0.0,0.0,0
3,1771968723.7809,32.8,0.0,13.6,12.0,0.0,-31.84,PILOTING,SYS_GO,16.8465,1.062,-1.7119,-98.08,249,0.0,0.0,0.0,0
3,1771968723.8271,41.0,1.0,31.7,12.0,0.0,-28.65,PILOTING,SYS_GO,16.8465,1.062,-1.7268,-98.94,249,0.0,0.0,0.0,0
3,1771968723.8814,38.7,1.5,9.4,12.0,0.0,-25.79,PILOTING,SYS_GO,16.8465,1.062,-1.74,-99.7,249,0.0,0.0,0.0,0
3,1771968723.9188,38.4,0.0,23.5,16.0,0.0,-23.21,PILOTING,SYS_GO,16.8465,1.062,-1.7517,-100.36,249,0.0,0.0,0.0,0
3,1771968723.9647,39.3,3.1,74.3,16.0,0.056,-20.89,PILOTING,SYS_GO,16.8462,1.0607,-1.7654,-101.15,249,0.0,0.0,0.0,0
3,1771968724.0572,34.0,5.2,11.1,16.0,0.056,-18.8,PILOTING,SYS_GO,16.8453,1.0563,-1.7777,-101.86,249,0.0,0.0,0.0,0
3,1771968724.104,37.7,1.1,23.2,16.0,0.056,-16.92,PILOTING,SYS_GO,16.8451,1.0553,-1.7887,-102.48,249,0.0,0.0,0.0,0
3,1771968724.1634,38.4,3.9,23.5,16.0,0.056,-15.23,PILOTING,SYS_GO,16.8448,1.054,-1.7984,-103.04,249,0.0,0.0,0.0,0
3,1771968724.2103,38.0,2.0,24.9,16.0,0.056,-13.7,PILOTING,SYS_GO,16.8444,1.0525,-1.8072,-103.54,249,0.0,0.0,0.0,0
3,1771968724.2576,37.6,7.7,54.3,16.0,0.056,-12.33,PILOTING,SYS_GO,16.8441,1.051,-1.815,-103.99,249,0.0,0.0,0.0,0
3,1771968724.3319,33.0,0.3,10.3,20.0,0.056,-11.1,PILOTING,SYS_GO,16.8431,1.0472,-1.822,-104.4,249,0.0,0.0,0.0,0
3,1771968724.3781,44.1,1.1,88.4,20.0,0.112,-6.66,PILOTING,SYS_GO,16.8428,1.046,-1.8299,-104.85,249,0.0,0.0,0.0,0
3,1771968724.4828,37.5,0.0,16.3,20.0,0.112,-4.0,PILOTING,SYS_GO,16.8401,1.0363,-1.8346,-105.12,249,0.0,0.0,0.0,0
3,1771968724.5326,42.0,1.0,45.6,20.0,0.112,-2.4,PILOTING,SYS_GO,16.8396,1.0345,-1.8374,-105.28,249,0.0,0.0,0.0,0
3,1771968724.5904,37.8,15.8,25.2,20.0,0.112,-1.44,PILOTING,SYS_GO,16.8382,1.0293,-1.8391,-105.37,249,0.0,0.0,0.0,0
3,1771968724.6349,35.1,0.0,10.7,20.0,0.112,-0.86,PILOTING,SYS_GO,16.837,1.0249,-1.8401,-105.43,249,0.0,0.0,0.0,0
3,1771968724.6811,46.7,4.2,69.1,20.0,0.112,-0.52,PILOTING,SYS_GO,16.8367,1.0237,-1.8407,-105.47,249,0.0,0.0,0.0,0
3,1771968724.765,40.1,6.6,14.7,20.0,0.112,-0.31,PILOTING,SYS_GO,16.8345,1.0158,-1.8411,-105.49,249,0.0,0.0,0.0,0
3,1771968724.8021,38.9,0.4,26.5,20.0,0.112,-0.19,PILOTING,SYS_GO,16.8336,1.0126,-1.8413,-105.5,249,0.0,0.0,0.0,0
3,1771968724.8494,38.6,3.2,21.6,20.0,0.112,-0.11,PILOTING,SYS_GO,16.8328,1.0097,-1.8414,-105.51,249,0.0,0.0,0.0,0
3,1771968724.899,38.0,4.5,25.7,20.0,0.112,-0.07,PILOTING,SYS_GO,16.832,1.0067,-1.8415,-105.51,249,0.0,0.0,0.0,0
3,1771968724.9395,36.6,0.0,16.7,20.0,0.112,-0.04,PILOTING,SYS_GO,16.831,1.0032,-1.8416,-105.51,249,0.0,0.0,0.0,0
3,1771968724.9873,40.6,1.0,55.1,20.0,0.112,-0.02,PILOTING,SYS_GO,16.8305,1.0013,-1.8416,-105.52,249,0.0,0.0,0.0,0
3,1771968725.0607,35.8,0.0,17.8,20.0,0.112,-0.01,PILOTING,SYS_GO,16.8287,0.9948,-1.8416,-105.52,249,0.0,0.0,0.0,0
3,1771968725.1069,39.8,0.0,15.2,20.0,0.112,-0.01,PILOTING,SYS_GO,16.8281,0.9929,-1.8416,-105.52,249,0.0,0.0,0.0,0
3,1771968725.1534,42.5,6.3,21.1,20.0,0.112,-0.01,PILOTING,SYS_GO,16.8276,0.9908,-1.8416,-105.52,249,0.0,0.0,0.0,0
3,1771968725.1993,41.3,1.9,25.7,20.0,0.112,-0.0,PILOTING,SYS_GO,16.8267,0.9879,-1.8416,-105.52,249,0.0,0.0,0.0,0
3,1771968725.2457,40.1,2.5,17.0,20.0,0.112,-0.0,PILOTING,SYS_GO,16.8259,0.9848,-1.8416,-105.52,249,0.0,0.0,0.0,0
3,1771968725.2947,42.0,2.2,17.5,20.0,0.112,-0.0,PILOTING,SYS_GO,16.8253,0.9826,-1.8416,-105.52,249,0.0,0.0,0.0,0
3,1771968725.3373,42.0,7.5,28.2,20.0,0.112,-0.0,PILOTING,SYS_GO,16.8246,0.9801,-1.8416,-105.52,249,0.0,0.0,0.0,0
3,1771968725.3843,39.2,1.3,38.0,20.0,0.112,-0.0,PILOTING,SYS_GO,16.8235,0.9762,-1.8416,-105.52,249,0.0,0.0,0.0,0
3,1771968725.4292,36.3,0.0,24.5,20.0,0.112,-0.0,PILOTING,SYS_GO,16.8223,0.9719,-1.8416,-105.52,249,0.0,0.0,0.0,0
3,1771968725.4757,36.2,4.6,22.0,20.0,0.112,-0.0,PILOTING,SYS_GO,16.8215,0.9689,-1.8416,-105.52,249,0.0,0.0,0.0,0
3,1771968725.5214,36.5,0.0,36.1,20.0,0.112,-0.0,PILOTING,SYS_GO,16.8207,0.966,-1.8416,-105.52,249,0.0,0.0,0.0,0
3,1771968725.5675,34.2,1.5,10.2,20.0,0.112,-0.0,PILOTING,SYS_GO,16.8195,0.9617,-1.8416,-105.52,249,0.0,0.0,0.0,0
3,1771968725.6109,38.7,1.8,62.2,20.0,0.112,-0.0,PILOTING,SYS_GO,16.8189,0.9597,-1.8416,-105.52,249,0.0,0.0,0.0,0
3,1771968725.7022,33.6,0.0,13.6,20.0,0.112,-0.0,PILOTING,SYS_GO,16.8166,0.9515,-1.8416,-105.52,249,0.0,0.0,0.0,0
3,1771968725.7499,41.6,27.0,36.9,20.0,0.112,-0.0,PILOTING,SYS_GO,16.8162,0.95,-1.8416,-105.52,249,0.0,0.0,0.0,0
3,1771968725.822,36.3,0.4,24.6,20.0,0.112,-0.0,PILOTING,SYS_GO,16.8143,0.9431,-1.8416,-105.52,249,0.0,0.0,0.0,0
3,1771968725.8674,36.8,0.7,31.2,20.0,0.112,-0.0,PILOTING,SYS_GO,16.8135,0.9403,-1.8416,-105.52,249,0.0,0.0,0.0,0
3,1771968725.9138,35.6,8.6,10.6,20.0,0.112,-0.0,PILOTING,SYS_GO,16.8126,0.9368,-1.8416,-105.52,249,0.0,0.0,0.0,0
3,1771968725.9582,38.3,3.2,34.0,20.0,0.112,-0.0,PILOTING,SYS_GO,16.8119,0.9346,-1.8416,-105.52,249,0.0,0.0,0.0,0
3,1771968726.003,35.5,15.5,21.8,20.0,0.112,-0.0,PILOTING,SYS_GO,16.8107,0.9301,-1.8416,-105.52,249,0.0,0.0,0.0,0
3,1771968726.0644,32.7,1.1,17.0,20.0,0.112,-0.0,PILOTING,SYS_GO,16.8093,0.9251,-1.8416,-105.52,249,0.0,0.0,0.0,0
3,1771968726.1098,36.4,2.8,45.2,20.0,0.112,-0.0,PILOTING,SYS_GO,16.8087,0.923,-1.8416,-105.52,249,0.0,0.0,0.0,0
3,1771968726.1717,33.3,0.0,22.5,20.0,0.112,-0.0,PILOTING,SYS_GO,16.8073,0.9178,-1.8416,-105.52,249,0.0,0.0,0.0,0
3,1771968726.2215,35.5,1.0,19.2,20.0,0.112,-0.0,PILOTING,SYS_GO,16.8066,0.9154,-1.8416,-105.52,249,0.0,0.0,0.0,0
3,1771968726.2636,38.3,0.0,11.9,20.0,0.112,-0.0,PILOTING,SYS_GO,16.806,0.9132,-1.8416,-105.52,249,0.0,0.0,0.0,0
3,1771968726.3106,45.8,1.0,21.4,20.0,0.112,-0.0,PILOTING,SYS_GO,16.8056,0.9118,-1.8416,-105.52,249,0.0,0.0,0.0,0
3,1771968726.3555,45.5,4.3,37.2,20.0,0.112,-0.0,PILOTING,SYS_GO,16.8049,0.9094,-1.8416,-105.52,249,0.0,0.0,0.0,0
3,1771968726.4023,41.2,0.0,18.6,20.0,0.112,-0.0,PILOTING,SYS_GO,16.8037,0.9048,-1.8416,-105.52,249,0.0,0.0,0.0,0
3,1771968726.4474,43.1,8.7,96.3,20.0,0.112,-0.0,PILOTING,SYS_GO,16.8031,0.9027,-1.8416,-105.52,249,0.0,0.0,0.0,0
3,1771968726.5698,36.3,0.0,11.5,20.0,0.112,-0.0,PILOTING,SYS_GO,16.7998,0.8909,-1.8416,-105.52,249,0.0,0.0,0.0,0
3,1771968726.6154,45.0,0.8,64.1,20.0,0.112,-0.0,PILOTING,SYS_GO,16.7994,0.8895,-1.8416,-105.52,249,0.0,0.0,0.0,0
3,1771968726.7021,39.1,9.2,14.1,20.0,0.112,-0.0,PILOTING,SYS_GO,16.7975,0.8825,-1.8416,-105.52,249,0.0,0.0,0.0,0
3,1771968726.7531,35.7,0.3,29.6,20.0,0.112,-0.0,PILOTING,SYS_GO,16.7961,0.8776,-1.8416,-105.52,249,0.0,0.0,0.0,0
3,1771968726.7991,35.0,1.2,37.0,20.0,0.112,-0.0,PILOTING,SYS_GO,16.7952,0.8743,-1.8416,-105.52,249,0.0,0.0,0.0,0
3,1771968726.8441,33.1,1.4,62.2,20.0,0.112,-0.0,PILOTING,SYS_GO,16.794,0.8701,-1.8416,-105.52,249,0.0,0.0,0.0,0
3,1771968726.9194,29.2,0.0,11.5,20.0,0.112,-0.0,PILOTING,SYS_GO,16.7919,0.8623,-1.8416,-105.52,249,0.0,0.0,0.0,0
3,1771968726.9685,40.1,0.0,34.7,20.0,0.112,-0.0,PILOTING,SYS_GO,16.7915,0.861,-1.8416,-105.52,249,0.0,0.0,0.0,0
3,1771968727.0162,37.8,1.0,24.4,20.0,0.112,-0.0,PILOTING,SYS_GO,16.7905,0.8573,-1.8416,-105.52,249,0.0,0.0,0.0,0
3,1771968727.0567,36.7,0.0,14.9,20.0,0.112,-0.0,PILOTING,SYS_GO,16.7895,0.8539,-1.8416,-105.52,249,0.0,0.0,0.0,0
3,1771968727.1023,41.9,1.5,33.3,20.0,0.112,-0.0,PILOTING,SYS_GO,16.7891,0.8522,-1.8416,-105.52,249,0.0,0.0,0.0,0
3,1771968727.1509,39.3,4.0,34.4,20.0,0.112,-0.0,PILOTING,SYS_GO,16.788,0.8484,-1.8416,-105.52,249,0.0,0.0,0.0,0
3,1771968727.208,36.1,0.0,27.7,20.0,0.112,-0.0,PILOTING,SYS_GO,16.7867,0.8438,-1.8416,-105.52,249,0.0,0.0,0.0,0
3,1771968727.2538,35.7,0.0,16.1,20.0,0.112,-0.0,PILOTING,SYS_GO,16.7859,0.8407,-1.8416,-105.52,249,0.0,0.0,0.0,0
3,1771968727.3134,40.2,12.6,9.6,20.0,0.112,-0.0,PILOTING,SYS_GO,16.7853,0.8388,-1.8416,-105.52,249,0.0,0.0,0.0,0
3,1771968727.3477,40.2,2.1,29.6,20.0,0.112,-0.0,PILOTING,SYS_GO,16.7846,0.8361,-1.8416,-105.52,249,0.0,0.0,0.0,0
3,1771968727.3957,38.0,6.8,19.8,20.0,0.112,-0.0,PILOTING,SYS_GO,16.7836,0.8325,-1.8416,-105.52,249,0.0,0.0,0.0,0
3,1771968727.4397,37.7,5.7,32.6,20.0,0.112,-0.0,PILOTING,SYS_GO,16.7828,0.8295,-1.8416,-105.52,249,0.0,0.0,0.0,0
3,1771968727.4864,35.3,0.7,17.8,20.0,0.112,-0.0,PILOTING,SYS_GO,16.7816,0.8253,-1.8416,-105.52,249,0.0,0.0,0.0,0
3,1771968727.5326,39.1,0.6,19.0,20.0,0.112,-0.0,PILOTING,SYS_GO,16.7811,0.8233,-1.8416,-105.52,249,0.0,0.0,0.0,0
3,1771968727.5781,41.0,8.8,19.3,20.0,0.112,-0.0,PILOTING,SYS_GO,16.7804,0.8211,-1.8416,-105.52,249,0.0,0.0,0.0,0
3,1771968727.6233,39.8,0.0,21.3,20.0,0.112,-0.0,PILOTING,SYS_GO,16.7796,0.818,-1.8416,-105.52,249,0.0,0.0,0.0,0
3,1771968727.6688,40.9,13.4,55.2,20.0,0.112,-0.0,PILOTING,SYS_GO,16.7789,0.8156,-1.8416,-105.52,249,0.0,0.0,0.0,0
3,1771968727.7456,35.5,0.0,12.6,20.0,0.112,-0.0,PILOTING,SYS_GO,16.7768,0.808,-1.8416,-105.52,248,0.0,0.0,0.0,0
3,1771968727.7927,42.6,10.9,75.0,20.0,0.112,-3.94,PILOTING,SYS_GO,16.4996,0.9185,-1.8416,-105.52,248,0.0,0.0,0.0,0
3,1771968727.8834,36.4,0.0,9.6,20.0,0.112,-7.5,PILOTING,SYS_GO,16.497,0.9092,-1.8444,-105.68,248,0.0,0.0,0.0,0
3,1771968727.9308,48.2,7.3,37.1,20.0,0.112,-10.72,PILOTING,SYS_GO,16.4967,0.9081,-1.8497,-105.98,248,0.0,0.0,0.0,0
3,1771968727.9921,42.1,11.4,11.3,16.0,0.112,-13.63,PILOTING,SYS_GO,16.4949,0.902,-1.8573,-106.41,248,0.0,0.0,0.0,0
3,1771968728.0371,40.2,0.6,34.7,16.0,0.056,-16.28,PILOTING,SYS_GO,16.4944,0.9004,-1.8651,-106.86,248,0.0,0.0,0.0,0
3,1771968728.0856,37.7,4.8,93.5,16.0,0.056,-18.68,PILOTING,SYS_GO,16.4938,0.8984,-1.8745,-107.4,248,0.0,0.0,0.0,0
3,1771968728.1908,32.2,0.0,12.9,16.0,0.056,-20.86,PILOTING,SYS_GO,16.4921,0.8932,-1.8853,-108.02,248,0.0,0.0,0.0,0
3,1771968728.238,40.1,2.1,86.8,16.0,0.056,-22.86,PILOTING,SYS_GO,16.4918,0.8924,-1.8976,-108.72,248,0.0,0.0,0.0,0
3,1771968728.3417,34.3,0.5,29.4,16.0,0.056,-24.67,PILOTING,SYS_GO,16.4901,0.8878,-1.9111,-109.5,248,0.0,0.0,0.0,0
3,1771968728.3894,34.1,2.5,90.7,12.0,0.056,-26.34,PILOTING,SYS_GO,16.4896,0.8862,-1.9259,-110.35,248,0.0,0.0,0.0,0
3,1771968728.4944,29.4,0.7,33.6,12.0,0.0,-27.87,PILOTING,SYS_GO,16.4896,0.8862,-1.9378,-111.03,248,0.0,0.0,0.0,0
3,1771968728.5409,29.4,0.9,35.5,12.0,0.0,-29.27,PILOTING,SYS_GO,16.4896,0.8862,-1.9506,-111.76,248,0.0,0.0,0.0,0
3,1771968728.5872,28.4,7.8,21.0,12.0,0.0,-30.56,PILOTING,SYS_GO,16.4896,0.8862,-1.9641,-112.53,248,0.0,0.0,0.0,0
3,1771968728.6328,28.5,0.0,37.7,12.0,0.0,-35.32,PILOTING,SYS_GO,16.4896,0.8862,-1.9783,-113.35,248,0.0,0.0,0.0,0
3,1771968728.6811,28.1,4.1,100.4,12.0,0.0,-38.31,PILOTING,SYS_GO,16.4896,0.8862,-1.9954,-114.33,248,0.0,0.0,0.0,0
3,1771968728.8026,24.4,0.6,15.5,12.0,0.0,-40.25,PILOTING,SYS_GO,16.4896,0.8862,-2.0144,-115.42,248,0.0,0.0,0.0,0
3,1771968728.849,32.0,0.0,30.3,12.0,0.0,-41.56,PILOTING,SYS_GO,16.4896,0.8862,-2.0348,-116.59,248,0.0,0.0,0.0,0
3,1771968728.8959,32.2,3.0,30.2,12.0,0.0,-42.5,PILOTING,SYS_GO,16.4896,0.8862,-2.0562,-117.81,248,0.0,0.0,0.0,0
3,1771968728.9403,31.1,0.0,17.8,12.0,0.0,-43.21,PILOTING,SYS_GO,16.4896,0.8862,-2.0783,-119.08,248,0.0,0.0,0.0,0
3,1771968728.9859,35.2,5.9,15.8,12.0,0.0,-41.81,PILOTING,SYS_GO,16.4896,0.8862,-2.1009,-120.38,248,0.0,0.0,0.0,0
3,1771968729.032,37.0,3.0,25.1,12.0,0.0,-40.57,PILOTING,SYS_GO,16.4896,0.8862,-2.1225,-121.61,248,0.0,0.0,0.0,0
3,1771968729.0771,36.7,1.7,18.6,12.0,0.0,-36.17,PILOTING,SYS_GO,16.4896,0.8862,-2.1431,-122.79,248,0.0,0.0,0.0,0
3,1771968729.123,39.2,1.9,18.4,12.0,0.0,-33.59,PILOTING,SYS_GO,16.4896,0.8862,-2.1608,-123.8,248,0.0,0.0,0.0,0
3,1771968729.1694,41.2,2.0,23.4,12.0,0.0,-30.23,PILOTING,SYS_GO,16.4896,0.8862,-2.1768,-124.72,248,0.0,0.0,0.0,0
3,1771968729.2174,40.6,2.0,27.2,12.0,0.0,-27.2,PILOTING,SYS_GO,16.4896,0.8862,-2.1908,-125.52,248,0.0,0.0,0.0,0
3,1771968729.2626,39.3,1.1,19.1,16.0,0.0,-24.48,PILOTING,SYS_GO,16.4896,0.8862,-2.2032,-126.23,248,0.0,0.0,0.0,0
3,1771968729.3204,41.4,13.3,8.6,16.0,0.056,-22.04,PILOTING,SYS_GO,16.4889,0.8853,-2.2178,-127.07,248,0.0,0.0,0.0,0
3,1771968729.3682,40.0,1.0,19.5,16.0,0.056,-19.83,PILOTING,SYS_GO,16.4879,0.884,-2.2309,-127.82,248,0.0,0.0,0.0,0
3,1771968729.4147,41.8,7.6,37.5,16.0,0.056,-17.85,PILOTING,SYS_GO,16.4872,0.8831,-2.2424,-128.48,248,0.0,0.0,0.0,0
3,1771968729.4752,37.9,0.0,23.7,16.0,0.056,-16.06,PILOTING,SYS_GO,16.4856,0.8811,-2.2528,-129.08,248,0.0,0.0,0.0,0
3,1771968729.525,38.2,1.1,40.2,16.0,0.056,-14.46,PILOTING,SYS_GO,16.4847,0.8801,-2.262,-129.61,248,0.0,0.0,0.0,0
3,1771968729.5815,35.4,0.7,9.8,16.0,0.056,-13.01,PILOTING,SYS_GO,16.4832,0.8783,-2.2703,-130.08,248,0.0,0.0,0.0,0
3,1771968729.6268,45.8,1.0,22.5,20.0,0.056,-11.71,PILOTING,SYS_GO,16.4828,0.8778,-2.2778,-130.51,248,0.0,0.0,0.0,0
3,1771968729.6741,44.9,6.5,20.4,20.0,0.112,-7.03,PILOTING,SYS_GO,16.481,0.8758,-2.2861,-130.98,248,0.0,0.0,0.0,0
3,1771968729.7189,43.4,4.1,25.0,20.0,0.112,-4.22,PILOTING,SYS_GO,16.479,0.8735,-2.291,-131.27,248,0.0,0.0,0.0,0
3,1771968729.7639,41.6,4.6,38.7,20.0,0.112,-2.53,PILOTING,SYS_GO,16.4769,0.8711,-2.294,-131.44,248,0.0,0.0,0.0,0
3,1771968729.8114,37.8,13.3,41.0,20.0,0.112,-1.52,PILOTING,SYS_GO,16.4736,0.8673,-2.2958,-131.54,248,0.0,0.0,0.0,0
3,1771968729.8874,33.5,0.4,32.2,20.0,0.112,-0.91,PILOTING,SYS_GO,16.469,0.8622,-2.2968,-131.6,248,0.0,0.0,0.0,0
3,1771968729.9336,32.9,3.6,71.6,20.0,0.112,-0.55,PILOTING,SYS_GO,16.4666,0.8595,-2.2975,-131.64,248,0.0,0.0,0.0,0
3,1771968730.011,29.0,0.0,16.8,20.0,0.112,-0.33,PILOTING,SYS_GO,16.461,0.8532,-2.2979,-131.66,248,0.0,0.0,0.0,0
3,1771968730.0572,34.4,5.5,72.5,20.0,0.112,-0.2,PILOTING,SYS_GO,16.4597,0.8517,-2.2981,-131.67,248,0.0,0.0,0.0,0
3,1771968730.15,30.1,1.0,32.2,20.0,0.112,-0.12,PILOTING,SYS_GO,16.4539,0.8452,-2.2982,-131.68,248,0.0,0.0,0.0,0
3,1771968730.1973,30.1,1.5,17.8,20.0,0.112,-0.07,PILOTING,SYS_GO,16.4514,0.8424,-2.2983,-131.68,248,0.0,0.0,0.0,0
3,1771968730.2431,33.9,13.1,50.6,20.0,0.112,-0.04,PILOTING,SYS_GO,16.4499,0.8407,-2.2984,-131.69,248,0.0,0.0,0.0,0
3,1771968730.3172,30.2,0.0,36.1,20.0,0.112,-0.03,PILOTING,SYS_GO,16.4451,0.8353,-2.2984,-131.69,248,0.0,0.0,0.0,0
3,1771968730.3638,29.7,0.0,68.8,20.0,0.112,-0.02,PILOTING,SYS_GO,16.4424,0.8323,-2.2984,-131.69,248,0.0,0.0,0.0,0
3,1771968730.4402,26.6,0.0,13.6,20.0,0.112,-0.01,PILOTING,SYS_GO,16.4372,0.8264,-2.2984,-131.69,248,0.0,0.0,0.0,0
3,1771968730.4863,36.1,16.4,55.0,20.0,0.112,-0.01,PILOTING,SYS_GO,16.4362,0.8253,-2.2984,-131.69,248,0.0,0.0,0.0,0
3,1771968730.5611,31.6,0.0,9.5,20.0,0.112,-0.0,PILOTING,SYS_GO,16.4307,0.8192,-2.2984,-131.69,248,0.0,0.0,0.0,0
3,1771968730.6148,44.4,3.3,58.9,20.0,0.112,-0.0,PILOTING,SYS_GO,16.4299,0.8183,-2.2984,-131.69,248,0.0,0.0,0.0,0
3,1771968730.6833,38.7,0.0,20.1,20.0,0.112,-0.0,PILOTING,SYS_GO,16.4252,0.813,-2.2984,-131.69,248,0.0,0.0,0.0,0
3,1771968730.7294,40.8,2.1,80.9,20.0,0.112,-0.0,PILOTING,SYS_GO,16.4237,0.8113,-2.2984,-131.69,248,0.0,0.0,0.0,0
3,1771968730.8213,35.0,0.0,12.5,20.0,0.112,-0.0,PILOTING,SYS_GO,16.4175,0.8043,-2.2984,-131.69,248,0.0,0.0,0.0,0
3,1771968730.8683,42.3,2.1,69.1,20.0,0.112,-0.0,PILOTING,SYS_GO,16.4164,0.8031,-2.2984,-131.69,248,0.0,0.0,0.0,0
3,1771968730.9448,36.6,10.4,29.1,20.0,0.112,-0.0,PILOTING,SYS_GO,16.411,0.7971,-2.2984,-131.69,248,0.0,0.0,0.0,0
3,1771968731.0052,33.8,0.7,19.8,20.0,0.112,-0.0,PILOTING,SYS_GO,16.4078,0.7934,-2.2984,-131.69,248,0.0,0.0,0.0,0
3,1771968731.0545,36.8,6.6,42.4,20.0,0.112,-0.0,PILOTING,SYS_GO,16.4062,0.7917,-2.2984,-131.69,248,0.0,0.0,0.0,0
3,1771968731.1429,32.2,0.4,22.7,20.0,0.112,-0.0,PILOTING,SYS_GO,16.4008,0.7856,-2.2984,-131.69,248,0.0,0.0,0.0,0
3,1771968731.189,34.4,13.5,44.8,20.0,0.112,-0.0,PILOTING,SYS_GO,16.399,0.7836,-2.2984,-131.69,248,0.0,0.0,0.0,0
3,1771968731.2677,30.8,1.0,28.3,20.0,0.112,-0.0,PILOTING,SYS_GO,16.3945,0.7785,-2.2984,-131.69,248,0.0,0.0,0.0,0
3,1771968731.3117,31.2,1.1,16.8,20.0,0.112,-0.0,PILOTING,SYS_GO,16.3922,0.776,-2.2984,-131.69,248,0.0,0.0,0.0,0
3,1771968731.3598,35.2,7.2,13.5,20.0,0.112,-0.0,PILOTING,SYS_GO,16.3908,0.7744,-2.2984,-131.69,248,0.0,0.0,0.0,0
3,1771968731.4081,37.1,0.0,36.6,20.0,0.112,-0.0,PILOTING,SYS_GO,16.3891,0.7725,-2.2984,-131.69,248,0.0,0.0,0.0,0
3,1771968731.4498,35.2,1.1,23.4,20.0,0.112,-0.0,PILOTING,SYS_GO,16.3864,0.7694,-2.2984,-131.69,248,0.0,0.0,0.0,0
3,1771968731.4974,35.5,1.5,39.2,20.0,0.112,-0.0,PILOTING,SYS_GO,16.3844,0.7672,-2.2984,-131.69,248,0.0,0.0,0.0,0
3,1771968731.5574,32.8,0.0,10.1,20.0,0.112,-0.0,PILOTING,SYS_GO,16.381,0.7634,-2.2984,-131.69,248,0.0,0.0,0.0,0
3,1771968731.6066,44.2,3.0,46.1,20.0,0.112,-0.0,PILOTING,SYS_GO,16.3802,0.7624,-2.2984,-131.69,248,0.0,0.0,0.0,0
3,1771968731.6649,39.4,6.5,25.6,20.0,0.112,-0.0,PILOTING,SYS_GO,16.3765,0.7583,-2.2984,-131.69,248,0.0,0.0,0.0,0
3,1771968731.7105,37.0,0.4,27.3,20.0,0.112,-0.0,PILOTING,SYS_GO,16.3738,0.7553,-2.2984,-131.69,248,0.0,0.0,0.0,0
3,1771968731.758,36.8,1.5,23.6,20.0,0.112,-0.0,PILOTING,SYS_GO,16.3717,0.753,-2.2984,-131.69,248,0.0,0.0,0.0,0
3,1771968731.8057,37.3,7.8,11.3,20.0,0.112,-0.0,PILOTING,SYS_GO,16.3698,0.7508,-2.2984,-131.69,248,0.0,0.0,0.0,0
3,1771968731.8493,35.9,0.0,29.0,20.0,0.112,-0.0,PILOTING,SYS_GO,16.3674,0.7481,-2.2984,-131.69,248,0.0,0.0,0.0,0
3,1771968731.8945,35.6,0.0,18.0,20.0,0.112,-0.0,PILOTING,SYS_GO,16.3652,0.7456,-2.2984,-131.69,248,0.0,0.0,0.0,0
3,1771968731.9444,38.9,2.2,15.5,20.0,0.112,-0.0,PILOTING,SYS_GO,16.3638,0.744,-2.2984,-131.69,248,0.0,0.0,0.0,0
3,1771968731.9864,39.8,2.1,25.6,20.0,0.112,-0.0,PILOTING,SYS_GO,16.3621,0.7421,-2.2984,-131.69,248,0.0,0.0,0.0,0
3,1771968732.0401,38.9,7.5,44.6,20.0,0.112,-0.0,PILOTING,SYS_GO,16.3599,0.7397,-2.2984,-131.69,248,0.0,0.0,0.0,0
3,1771968732.107,34.7,0.0,24.8,20.0,0.112,-0.0,PILOTING,SYS_GO,16.3558,0.7351,-2.2984,-131.69,248,0.0,0.0,0.0,0
3,1771968732.1525,35.4,2.0,44.6,20.0,0.112,-0.0,PILOTING,SYS_GO,16.3539,0.7329,-2.2984,-131.69,248,0.0,0.0,0.0,0
3,1771968732.2153,32.4,6.6,15.3,20.0,0.112,-0.0,PILOTING,SYS_GO,16.3503,0.7289,-2.2984,-131.69,248,0.0,0.0,0.0,0
3,1771968732.26,32.7,1.1,38.9,20.0,0.112,-0.0,PILOTING,SYS_GO,16.3481,0.7264,-2.2984,-131.69,248,0.0,0.0,0.0,0
3,1771968732.308,31.1,0.0,23.7,20.0,0.112,-0.0,PILOTING,SYS_GO,16.3451,0.723,-2.2984,-131.69,248,0.0,0.0,0.0,0
3,1771968732.3563,33.3,18.5,12.8,20.0,0.112,-0.0,PILOTING,SYS_GO,16.3433,0.7211,-2.2984,-131.69,248,0.0,0.0,0.0,0
3,1771968732.4137,31.9,1.0,18.8,20.0,0.112,-0.0,PILOTING,SYS_GO,16.3405,0.7179,-2.2984,-131.69,248,0.0,0.0,0.0,0
3,1771968732.4576,35.6,0.5,48.6,20.0,0.112,-0.0,PILOTING,SYS_GO,16.339,0.7162,-2.2984,-131.69,248,0.0,0.0,0.0,0
3,1771968732.5177,32.4,0.0,13.9,20.0,0.112,-0.0,PILOTING,SYS_GO,16.3352,0.7119,-2.2984,-131.69,248,0.0,0.0,0.0,0
3,1771968732.5631,40.3,2.6,42.4,20.0,0.112,-0.0,PILOTING,SYS_GO,16.3341,0.7108,-2.2984,-131.69,248,0.0,0.0,0.0,0
3,1771968732.6458,35.5,10.2,19.0,20.0,0.112,-0.0,PILOTING,SYS_GO,16.3295,0.7056,-2.2984,-131.69,248,0.0,0.0,0.0,0
3,1771968732.6852,35.3,0.3,26.5,20.0,0.112,-0.0,PILOTING,SYS_GO,16.3273,0.7031,-2.2984,-131.69,248,0.0,0.0,0.0,0
3,1771968732.7383,35.6,0.0,28.7,20.0,0.112,-0.0,PILOTING,SYS_GO,16.3253,0.7009,-2.2984,-131.69,248,0.0,0.0,0.0,0
3,1771968732.7795,34.7,4.8,24.7,20.0,0.112,-0.0,PILOTING,SYS_GO,16.3229,0.6982,-2.2984,-131.69,248,0.0,0.0,0.0,0
3,1771968732.8225,34.3,0.4,25.3,20.0,0.112,-0.0,PILOTING,SYS_GO,16.3207,0.6956,-2.2984,-131.69,248,0.0,0.0,0.0,0
3,1771968732.8683,35.2,8.6,36.6,20.0,0.112,-0.0,PILOTING,SYS_GO,16.3187,0.6935,-2.2984,-131.69,248,0.0,0.0,0.0,0
3,1771968732.9298,32.0,0.0,10.3,20.0,0.112,-0.0,PILOTING,SYS_GO,16.3149,0.6891,-2.2984,-131.69,248,0.0,0.0,0.0,0
3,1771968732.9802,43.2,5.3,44.6,20.0,0.112,-0.0,PILOTING,SYS_GO,16.314,0.6882,-2.2984,-131.69,248,0.0,0.0,0.0,0
3,1771968733.0522,38.5,0.0,15.1,20.0,0.112,-0.0,PILOTING,SYS_GO,16.3102,0.6839,-2.2984,-131.69,248,0.0,0.0,0.0,0
3,1771968733.0993,40.9,2.6,37.4,20.0,0.112,-0.0,PILOTING,SYS_GO,16.3087,0.6822,-2.2984,-131.69,248,0.0,0.0,0.0,0
3,1771968733.1463,37.6,6.2,69.0,20.0,0.112,-0.0,PILOTING,SYS_GO,16.3057,0.6788,-2.2984,-131.69,248,0.0,0.0,0.0,0
3,1771968733.2369,32.5,13.2,14.6,20.0,0.112,-0.0,PILOTING,SYS_GO,16.2994,0.6718,-2.2984,-131.69,248,0.0,0.0,0.0,0
3,1771968733.2828,30.9,0.0,24.9,20.0,0.112,-0.0,PILOTING,SYS_GO,16.2964,0.6684,-2.2984,-131.69,248,0.0,0.0,0.0,0
3,1771968733.3307,32.7,3.6,55.3,20.0,0.112,-0.0,PILOTING,SYS_GO,16.2945,0.6663,-2.2984,-131.69,247,0.0,0.0,0.0,0
3,1771968733.4212,28.7,0.0,14.6,20.0,0.112,-3.73,PILOTING,SYS_GO,16.1141,0.9334,-2.2984,-131.69,247,0.0,0.0,0.0,0
3,1771968733.4671,36.7,29.9,20.9,20.0,0.112,-7.09,PILOTING,SYS_GO,16.113,0.9321,-2.3011,-131.84,247,0.0,0.0,0.0,0
3,1771968733.5423,32.1,0.0,12.5,20.0,0.112,-10.15,PILOTING,SYS_GO,16.1076,0.9261,-2.3061,-132.13,247,0.0,0.0,0.0,0
3,1771968733.5901,41.6,28.3,43.8,16.0,0.112,-12.93,PILOTING,SYS_GO,16.1066,0.9251,-2.3132,-132.54,247,0.0,0.0,0.0,0
3,1771968733.6798,36.0,0.0,23.1,16.0,0.056,-15.46,PILOTING,SYS_GO,16.1038,0.922,-2.3206,-132.96,247,0.0,0.0,0.0,0
3,1771968733.7255,37.2,1.5,58.6,16.0,0.056,-17.76,PILOTING,SYS_GO,16.1028,0.9211,-2.3295,-133.47,247,0.0,0.0,0.0,0
3,1771968733.8017,32.9,0.0,14.7,16.0,0.056,-19.86,PILOTING,SYS_GO,16.1003,0.9185,-2.3398,-134.06,247,0.0,0.0,0.0,0
3,1771968733.8543,39.0,3.7,27.7,16.0,0.056,-21.79,PILOTING,SYS_GO,16.0997,0.9179,-2.3514,-134.73,247,0.0,0.0,0.0,0
3,1771968733.8962,37.6,3.6,29.2,16.0,0.056,-23.55,PILOTING,SYS_GO,16.0985,0.9166,-2.3643,-135.46,247,0.0,0.0,0.0,0
3,1771968733.9453,36.2,1.0,10.0,12.0,0.056,-25.18,PILOTING,SYS_GO,16.0971,0.9154,-2.3783,-136.26,247,0.0,0.0,0.0,0
3,1771968733.9875,47.0,0.6,23.2,12.0,0.0,-26.68,PILOTING,SYS_GO,16.0971,0.9154,-2.3896,-136.91,247,0.0,0.0,0.0,0
3,1771968734.0347,46.0,0.6,31.1,12.0,0.0,-28.05,PILOTING,SYS_GO,16.0971,0.9154,-2.4017,-137.61,247,0.0,0.0,0.0,0
3,1771968734.0768,43.0,4.8,19.3,12.0,0.0,-29.32,PILOTING,SYS_GO,16.0971,0.9154,-2.4146,-138.34,247,0.0,0.0,0.0,0
3,1771968734.1237,42.0,1.5,18.9,12.0,0.0,-34.03,PILOTING,SYS_GO,16.0971,0.9154,-2.4281,-139.12,247,0.0,0.0,0.0,0
3,1771968734.1666,43.5,0.0,25.2,12.0,0.0,-37.0,PILOTING,SYS_GO,16.0971,0.9154,-2.4444,-140.05,247,0.0,0.0,0.0,0
3,1771968734.2123,41.7,1.0,14.1,12.0,0.0,-38.95,PILOTING,SYS_GO,16.0971,0.9154,-2.4625,-141.09,247,0.0,0.0,0.0,0
3,1771968734.2567,46.5,0.0,38.8,12.0,0.0,-40.3,PILOTING,SYS_GO,16.0971,0.9154,-2.482,-142.21,247,0.0,0.0,0.0,0
3,1771968734.3195,41.0,6.5,21.3,12.0,0.0,-41.28,PILOTING,SYS_GO,16.0971,0.9154,-2.5025,-143.38,247,0.0,0.0,0.0,0
3,1771968734.3638,40.0,0.0,28.3,12.0,0.0,-42.03,PILOTING,SYS_GO,16.0971,0.9154,-2.5236,-144.59,247,0.0,0.0,0.0,0
3,1771968734.4104,38.8,1.1,24.8,12.0,0.0,-42.66,PILOTING,SYS_GO,16.0971,0.9154,-2.5454,-145.84,247,0.0,0.0,0.0,0
3,1771968734.4621,38.1,6.3,22.1,12.0,0.0,-43.2,PILOTING,SYS_GO,16.0971,0.9154,-2.5676,-147.11,247,0.0,0.0,0.0,0
3,1771968734.5032,37.0,0.0,32.4,12.0,0.0,-43.68,PILOTING,SYS_GO,16.0971,0.9154,-2.5902,-148.41,247,0.0,0.0,0.0,0
3,1771968734.5494,35.8,0.8,77.9,12.0,0.0,-42.31,PILOTING,SYS_GO,16.0971,0.9154,-2.6132,-149.73,247,0.0,0.0,0.0,0
3,1771968734.6405,31.1,0.6,19.5,12.0,0.0,-38.08,PILOTING,SYS_GO,16.0971,0.9154,-2.6352,-150.98,247,0.0,0.0,0.0,0
3,1771968734.6863,34.9,1.0,33.3,12.0,0.0,-34.27,PILOTING,SYS_GO,16.0971,0.9154,-2.654,-152.07,247,0.0,0.0,0.0,0
3,1771968734.749,33.2,10.7,35.7,12.0,0.0,-30.84,PILOTING,SYS_GO,16.0971,0.9154,-2.6705,-153.01,247,0.0,0.0,0.0,0
3,1771968734.8099,30.8,0.0,44.0,12.0,0.0,-27.76,PILOTING,SYS_GO,16.0971,0.9154,-2.6849,-153.83,247,0.0,0.0,0.0,0
3,1771968734.8733,29.0,4.0,83.4,16.0,0.0,-24.98,PILOTING,SYS_GO,16.0971,0.9154,-2.6975,-154.56,247,0.0,0.0,0.0,0
3,1771968734.9636,25.5,1.9,9.9,16.0,0.056,-22.48,PILOTING,SYS_GO,16.0926,0.9133,-2.7125,-155.42,247,0.0,0.0,0.0,0
3,1771968735.009,37.4,2.7,72.2,16.0,0.056,-20.24,PILOTING,SYS_GO,16.092,0.913,-2.7258,-156.18,247,0.0,0.0,0.0,0
3,1771968735.0874,32.6,2.0,38.6,16.0,0.056,-18.21,PILOTING,SYS_GO,16.0882,0.9114,-2.7377,-156.86,247,0.0,0.0,0.0,0
3,1771968735.1333,30.9,0.0,15.0,16.0,0.056,-16.39,PILOTING,SYS_GO,16.0861,0.9105,-2.7482,-157.46,247,0.0,0.0,0.0,0
3,1771968735.1825,38.1,1.0,48.1,16.0,0.056,-14.75,PILOTING,SYS_GO,16.0853,0.9102,-2.7577,-158.0,247,0.0,0.0,0.0,0
3,1771968735.2559,33.9,3.6,13.8,16.0,0.056,-13.28,PILOTING,SYS_GO,16.0822,0.909,-2.7662,-158.49,247,0.0,0.0,0.0,0
3,1771968735.3021,38.6,1.5,28.6,20.0,0.056,-11.95,PILOTING,SYS_GO,16.0813,0.9086,-2.7737,-158.92,247,0.0,0.0,0.0,0
3,1771968735.3456,37.5,1.4,14.8,20.0,0.112,-7.17,PILOTING,SYS_GO,16.0781,0.9074,-2.7822,-159.41,247,0.0,0.0,0.0,0
3,1771968735.3918,41.4,1.0,10.4,20.0,0.112,-4.3,PILOTING,SYS_GO,16.0763,0.9067,-2.7873,-159.7,247,0.0,0.0,0.0,0
3,1771968735.4396,49.8,4.9,16.2,20.0,0.112,-2.58,PILOTING,SYS_GO,16.075,0.9063,-2.7903,-159.87,247,0.0,0.0,0.0,0
3,1771968735.4844,48.8,5.3,16.5,20.0,0.112,-1.55,PILOTING,SYS_GO,16.0727,0.9054,-2.7921,-159.98,247,0.0,0.0,0.0,0
3,1771968735.5303,47.4,3.7,27.0,20.0,0.112,-0.93,PILOTING,SYS_GO,16.0702,0.9045,-2.7932,-160.04,247,0.0,0.0,0.0,0
3,1771968735.5817,44.5,8.4,44.1,20.0,0.112,-0.56,PILOTING,SYS_GO,16.0669,0.9033,-2.7939,-160.08,247,0.0,0.0,0.0,0
3,1771968735.652,39.2,2.7,40.6,20.0,0.112,-0.33,PILOTING,SYS_GO,16.0611,0.9013,-2.7943,-160.1,247,0.0,0.0,0.0,0
3,1771968735.6974,36.0,1.7,99.5,20.0,0.112,-0.2,PILOTING,SYS_GO,16.0566,0.8996,-2.7945,-160.11,247,0.0,0.0,0.0,0
3,1771968735.8057,30.7,0.5,9.2,20.0,0.112,-0.12,PILOTING,SYS_GO,16.0457,0.8957,-2.7946,-160.12,247,0.0,0.0,0.0,0
3,1771968735.8524,43.1,0.0,27.7,20.0,0.112,-0.07,PILOTING,SYS_GO,16.0446,0.8953,-2.7947,-160.13,247,0.0,0.0,0.0,0
3,1771968735.9035,40.5,5.1,16.4,20.0,0.112,-0.04,PILOTING,SYS_GO,16.0411,0.894,-2.7948,-160.13,247,0.0,0.0,0.0,0
3,1771968735.9456,41.8,0.8,35.6,20.0,0.112,-0.03,PILOTING,SYS_GO,16.0388,0.8932,-2.7948,-160.13,247,0.0,0.0,0.0,0
3,1771968735.9966,38.9,0.0,22.5,20.0,0.112,-0.02,PILOTING,SYS_GO,16.035,0.8918,-2.7948,-160.13,247,0.0,0.0,0.0,0
3,1771968736.0381,40.0,3.1,30.4,20.0,0.112,-0.01,PILOTING,SYS_GO,16.0326,0.8909,-2.7948,-160.13,247,0.0,0.0,0.0,0
3,1771968736.0839,38.0,0.0,10.4,20.0,0.112,-0.01,PILOTING,SYS_GO,16.0291,0.8897,-2.7948,-160.13,247,0.0,0.0,0.0,0
3,1771968736.1301,48.7,2.8,17.1,20.0,0.112,-0.0,PILOTING,SYS_GO,16.0279,0.8893,-2.7948,-160.13,247,0.0,0.0,0.0,0
3,1771968736.1815,49.0,3.7,26.6,20.0,0.112,-0.0,PILOTING,SYS_GO,16.0258,0.8885,-2.7948,-160.13,247,0.0,0.0,0.0,0
3,1771968736.2224,45.6,0.0,32.5,20.0,0.112,-0.0,PILOTING,SYS_GO,16.0225,0.8873,-2.7948,-160.13,247,0.0,0.0,0.0,0
3,1771968736.27,42.6,4.9,61.9,20.0,0.112,-0.0,PILOTING,SYS_GO,16.0191,0.8861,-2.7948,-160.13,247,0.0,0.0,0.0,0
3,1771968736.349,36.9,1.1,45.3,20.0,0.112,-0.0,PILOTING,SYS_GO,16.0115,0.8833,-2.7948,-160.13,247,0.0,0.0,0.0,0
3,1771968736.4074,33.8,0.0,9.8,20.0,0.112,-0.0,PILOTING,SYS_GO,16.0066,0.8815,-2.7949,-160.13,247,0.0,0.0,0.0,0
3,1771968736.4528,47.4,0.9,25.3,20.0,0.112,-0.0,PILOTING,SYS_GO,16.0056,0.8812,-2.7949,-160.13,247,0.0,0.0,0.0,0
3,1771968736.4997,44.5,2.0,50.2,20.0,0.112,-0.0,PILOTING,SYS_GO,16.0024,0.88,-2.7949,-160.13,247,0.0,0.0,0.0,0
3,1771968736.5602,39.3,0.0,16.7,20.0,0.112,-0.0,PILOTING,SYS_GO,15.9966,0.8779,-2.7949,-160.13,247,0.0,0.0,0.0,0
3,1771968736.6056,43.4,0.0,16.7,20.0,0.112,-0.0,PILOTING,SYS_GO,15.9949,0.8773,-2.7949,-160.13,247,0.0,0.0,0.0,0
3,1771968736.6509,46.0,6.4,27.3,20.0,0.112,-0.0,PILOTING,SYS_GO,15.993,0.8766,-2.7949,-160.13,247,0.0,0.0,0.0,0
3,1771968736.6962,42.3,0.0,17.4,20.0,0.112,-0.0,PILOTING,SYS_GO,15.9891,0.8752,-2.7949,-160.13,247,0.0,0.0,0.0,0
3,1771968736.7412,45.3,4.3,42.0,20.0,0.112,-0.0,PILOTING,SYS_GO,15.9873,0.8746,-2.7949,-160.13,247,0.0,0.0,0.0,0
3,1771968736.8011,40.6,0.6,10.2,20.0,0.112,-0.0,PILOTING,SYS_GO,15.9824,0.8728,-2.7949,-160.13,247,0.0,0.0,0.0,0
3,1771968736.8463,51.0,0.0,16.9,20.0,0.112,-0.0,PILOTING,SYS_GO,15.9813,0.8724,-2.7949,-160.13,247,0.0,0.0,0.0,0
3,1771968736.892,50.5,11.1,26.1,20.0,0.112,-0.0,PILOTING,SYS_GO,15.9791,0.8716,-2.7949,-160.13,247,0.0,0.0,0.0,0
3,1771968736.9375,45.5,0.0,29.9,20.0,0.112,-0.0,PILOTING,SYS_GO,15.975,0.8701,-2.7949,-160.13,247,0.0,0.0,0.0,0
3,1771968736.9824,42.8,0.0,22.3,20.0,0.112,-0.0,PILOTING,SYS_GO,15.9717,0.8689,-2.7949,-160.13,247,0.0,0.0,0.0,0
3,1771968737.0293,41.6,13.8,26.8,20.0,0.112,-0.0,PILOTING,SYS_GO,15.9688,0.8679,-2.7949,-160.13,247,0.0,0.0,0.0,0
3,1771968737.0887,36.9,0.9,19.2,20.0,0.112,-0.0,PILOTING,SYS_GO,15.9631,0.8658,-2.7949,-160.13,247,0.0,0.0,0.0,0
3,1771968737.1336,39.0,4.3,35.7,20.0,0.112,-0.0,PILOTING,SYS_GO,15.9608,0.865,-2.7949,-160.13,247,0.0,0.0,0.0,0
3,1771968737.1803,36.2,8.5,11.6,20.0,0.112,-0.0,PILOTING,SYS_GO,15.9566,0.8635,-2.7949,-160.13,247,0.0,0.0,0.0,0
3,1771968737.2262,36.4,3.9,21.0,20.0,0.112,-0.0,PILOTING,SYS_GO,15.9538,0.8625,-2.7949,-160.13,247,0.0,0.0,0.0,0
3,1771968737.2721,37.0,0.6,16.2,20.0,0.112,-0.0,PILOTING,SYS_GO,15.9511,0.8615,-2.7949,-160.13,247,0.0,0.0,0.0,0
3,1771968737.3183,41.5,5.0,12.5,20.0,0.112,-0.0,PILOTING,SYS_GO,15.9493,0.8609,-2.7949,-160.13,247,0.0,0.0,0.0,0
3,1771968737.3652,44.6,0.0,32.0,20.0,0.112,-0.0,PILOTING,SYS_GO,15.9475,0.8602,-2.7949,-160.13,247,0.0,0.0,0.0,0
3,1771968737.4099,40.6,11.5,22.7,20.0,0.112,-0.0,PILOTING,SYS_GO,15.9432,0.8586,-2.7949,-160.13,247,0.0,0.0,0.0,0
3,1771968737.4635,37.4,13.9,18.9,20.0,0.112,-0.0,PILOTING,SYS_GO,15.9389,0.8571,-2.7949,-160.13,247,0.0,0.0,0.0,0
3,1771968737.5023,35.5,0.0,12.9,20.0,0.112,-0.0,PILOTING,SYS_GO,15.9352,0.8557,-2.7949,-160.13,247,0.0,0.0,0.0,0
3,1771968737.5506,44.0,2.2,36.1,20.0,0.112,-0.0,PILOTING,SYS_GO,15.9338,0.8552,-2.7949,-160.13,247,0.0,0.0,0.0,0
3,1771968737.5959,40.3,3.6,16.9,20.0,0.112,-0.0,PILOTING,SYS_GO,15.9297,0.8538,-2.7949,-160.13,246,0.0,0.0,0.0,0
3,1771968737.6448,42.0,1.0,26.5,20.0,0.112,-2.93,PILOTING,SYS_GO,15.7378,0.9392,-2.7949,-160.13,246,0.0,0.0,0.0,0
3,1771968737.6863,40.9,2.0,42.8,20.0,0.112,-5.57,PILOTING,SYS_GO,15.7349,0.9382,-2.7969,-160.25,246,0.0,0.0,0.0,0
3,1771968737.7461,37.1,2.1,11.8,20.0,0.112,-7.93,PILOTING,SYS_GO,15.7301,0.9365,-2.8008,-160.48,246,0.0,0.0,0.0,0
3,1771968737.7928,43.7,2.1,36.8,20.0,0.112,-10.06,PILOTING,SYS_GO,15.7286,0.9359,-2.8064,-160.8,246,0.0,0.0,0.0,0
3,1771968737.8396,39.9,1.7,26.4,20.0,0.112,-11.97,PILOTING,SYS_GO,15.7243,0.9345,-2.8135,-161.2,246,0.0,0.0,0.0,0
3,1771968737.8871,38.5,0.0,12.0,16.0,0.112,-13.68,PILOTING,SYS_GO,15.7211,0.9334,-2.8221,-161.69,246,0.0,0.0,0.0,0
3,1771968737.9293,46.6,1.0,17.9,16.0,0.056,-15.23,PILOTING,SYS_GO,15.7204,0.9332,-2.8299,-162.14,246,0.0,0.0,0.0,0
3,1771968737.9766,46.3,4.1,31.6,16.0,0.056,-16.63,PILOTING,SYS_GO,15.7192,0.9328,-2.8386,-162.64,246,0.0,0.0,0.0,0
3,1771968738.0194,42.7,0.0,10.0,16.0,0.056,-17.89,PILOTING,SYS_GO,15.7173,0.9322,-2.8482,-163.19,246,0.0,0.0,0.0,0
3,1771968738.0657,50.8,0.0,31.7,16.0,0.056,-22.46,PILOTING,SYS_GO,15.7166,0.9321,-2.8586,-163.79,246,0.0,0.0,0.0,0
3,1771968738.1111,46.9,3.4,31.5,12.0,0.056,-25.21,PILOTING,SYS_GO,15.7149,0.9316,-2.8719,-164.55,246,0.0,0.0,0.0,0
3,1771968738.1578,43.1,1.0,27.2,12.0,0.0,-26.9,PILOTING,SYS_GO,15.7149,0.9316,-2.8832,-165.2,246,0.0,0.0,0.0,0
3,1771968738.205,40.9,1.6,10.6,12.0,0.0,-27.94,PILOTING,SYS_GO,15.7149,0.9316,-2.8955,-165.9,246,0.0,0.0,0.0,0
3,1771968738.2513,48.4,0.0,36.8,12.0,0.0,-25.15,PILOTING,SYS_GO,15.7149,0.9316,-2.9083,-166.63,246,0.0,0.0,0.0,0
3,1771968738.2947,44.1,0.9,31.2,16.0,0.0,-22.63,PILOTING,SYS_GO,15.7149,0.9316,-2.9196,-167.28,246,0.0,0.0,0.0,0
3,1771968738.3416,40.6,1.0,23.9,16.0,0.056,-20.37,PILOTING,SYS_GO,15.7129,0.9311,-2.933,-168.05,246,0.0,0.0,0.0,0
3,1771968738.3873,40.5,0.0,15.7,16.0,0.056,-18.33,PILOTING,SYS_GO,15.7115,0.9309,-2.9449,-168.73,246,0.0,0.0,0.0,0
3,1771968738.435,43.9,1.0,17.3,16.0,0.056,-16.5,PILOTING,SYS_GO,15.7105,0.9307,-2.9556,-169.34,246,0.0,0.0,0.0,0
3,1771968738.4803,45.5,5.1,56.8,16.0,0.056,-14.85,PILOTING,SYS_GO,15.7095,0.9305,-2.9651,-169.89,246,0.0,0.0,0.0,0
3,1771968738.5574,39.6,0.0,13.3,16.0,0.056,-13.37,PILOTING,SYS_GO,15.706,0.9299,-2.9736,-170.38,246,0.0,0.0,0.0,0
3,1771968738.6076,46.7,9.3,55.6,16.0,0.056,-12.03,PILOTING,SYS_GO,15.7053,0.9298,-2.9812,-170.81,246,0.0,0.0,0.0,0
3,1771968738.6837,40.4,0.0,10.1,20.0,0.056,-10.83,PILOTING,SYS_GO,15.7016,0.9292,-2.9881,-171.2,246,0.0,0.0,0.0,0
3,1771968738.7272,46.5,0.0,34.0,20.0,0.112,-6.5,PILOTING,SYS_GO,15.7001,0.929,-2.9958,-171.65,246,0.0,0.0,0.0,0
3,1771968738.7711,43.1,1.1,56.0,20.0,0.112,-3.9,PILOTING,SYS_GO,15.6963,0.9285,-3.0003,-171.91,246,0.0,0.0,0.0,0
3,1771968738.8323,37.9,0.0,10.2,20.0,0.112,-2.34,PILOTING,SYS_GO,15.6899,0.9276,-3.0031,-172.06,246,0.0,0.0,0.0,0
3,1771968738.8822,50.0,4.4,14.7,20.0,0.112,-1.4,PILOTING,SYS_GO,15.6888,0.9274,-3.0047,-172.16,246,0.0,0.0,0.0,0
3,1771968738.925,47.1,6.1,16.9,20.0,0.112,-0.84,PILOTING,SYS_GO,15.6856,0.927,-3.0057,-172.21,246,0.0,0.0,0.0,0
3,1771968738.9713,46.0,2.1,26.7,20.0,0.112,-0.51,PILOTING,SYS_GO,15.683,0.9266,-3.0063,-172.25,246,0.0,0.0,0.0,0
3,1771968739.0173,43.4,5.1,31.1,20.0,0.112,-0.3,PILOTING,SYS_GO,15.6796,0.9262,-3.0067,-172.27,246,0.0,0.0,0.0,0
3,1771968739.0661,40.1,9.2,11.0,20.0,0.112,-0.18,PILOTING,SYS_GO,15.6755,0.9256,-3.0069,-172.28,246,0.0,0.0,0.0,0
3,1771968739.111,41.7,0.0,31.1,20.0,0.112,-0.11,PILOTING,SYS_GO,15.6732,0.9253,-3.007,-172.29,246,0.0,0.0,0.0,0
3,1771968739.1576,39.6,4.6,94.1,20.0,0.112,-0.07,PILOTING,SYS_GO,15.6696,0.9248,-3.0071,-172.29,246,0.0,0.0,0.0,0
3,1771968739.2634,33.7,0.0,14.4,20.0,0.112,-0.04,PILOTING,SYS_GO,15.6586,0.9233,-3.0071,-172.3,246,0.0,0.0,0.0,0
3,1771968739.311,39.8,0.0,27.5,20.0,0.112,-0.02,PILOTING,SYS_GO,15.6569,0.9231,-3.0071,-172.3,246,0.0,0.0,0.0,0
3,1771968739.3561,39.1,1.0,57.5,20.0,0.112,-0.01,PILOTING,SYS_GO,15.6538,0.9227,-3.0072,-172.3,246,0.0,0.0,0.0,0
3,1771968739.4317,34.5,0.4,27.5,20.0,0.112,-0.01,PILOTING,SYS_GO,15.647,0.9217,-3.0072,-172.3,246,0.0,0.0,0.0,0
3,1771968739.4777,34.7,1.0,27.5,20.0,0.112,-0.01,PILOTING,SYS_GO,15.6438,0.9213,-3.0072,-172.3,246,0.0,0.0,0.0,0
3,1771968739.5231,34.8,0.7,37.2,20.0,0.112,-0.0,PILOTING,SYS_GO,15.6407,0.9209,-3.0072,-172.3,246,0.0,0.0,0.0,0
3,1771968739.5829,32.2,1.0,15.8,20.0,0.112,-0.0,PILOTING,SYS_GO,15.6356,0.9202,-3.0072,-172.3,246,0.0,0.0,0.0,0
3,1771968739.6302,37.3,0.0,19.0,20.0,0.112,-0.0,PILOTING,SYS_GO,15.6337,0.92,-3.0072,-172.3,246,0.0,0.0,0.0,0
3,1771968739.6751,40.2,23.7,32.1,20.0,0.112,-0.0,PILOTING,SYS_GO,15.6315,0.9197,-3.0072,-172.3,246,0.0,0.0,0.0,0
3,1771968739.7359,35.7,0.7,19.1,20.0,0.112,-0.0,PILOTING,SYS_GO,15.6253,0.9188,-3.0072,-172.3,246,0.0,0.0,0.0,0
3,1771968739.7837,38.1,4.5,16.3,20.0,0.112,-0.0,PILOTING,SYS_GO,15.623,0.9185,-3.0072,-172.3,246,0.0,0.0,0.0,0
3,1771968739.827,39.1,1.7,14.3,20.0,0.112,-0.0,PILOTING,SYS_GO,15.6204,0.9181,-3.0072,-172.3,246,0.0,0.0,0.0,0
3,1771968739.8735,43.3,0.0,26.2,20.0,0.112,-0.0,PILOTING,SYS_GO,15.6185,0.9179,-3.0072,-172.3,246,0.0,0.0,0.0,0
3,1771968739.9184,42.0,2.0,25.3,20.0,0.112,-0.0,PILOTING,SYS_GO,15.6155,0.9175,-3.0072,-172.3,246,0.0,0.0,0.0,0
3,1771968739.9661,40.7,2.0,19.8,20.0,0.112,-0.0,PILOTING,SYS_GO,15.6124,0.9171,-3.0072,-172.3,246,0.0,0.0,0.0,0
3,1771968740.0106,41.2,0.0,26.4,20.0,0.112,-0.0,PILOTING,SYS_GO,15.6098,0.9167,-3.0072,-172.3,246,0.0,0.0,0.0,0
3,1771968740.0557,40.4,3.8,13.9,20.0,0.112,-0.0,PILOTING,SYS_GO,15.6068,0.9163,-3.0072,-172.3,246,0.0,0.0,0.0,0
3,1771968740.1015,42.7,4.3,32.2,20.0,0.112,-0.0,PILOTING,SYS_GO,15.6047,0.916,-3.0072,-172.3,246,0.0,0.0,0.0,0
3,1771968740.1467,39.3,0.0,13.0,20.0,0.112,-0.0,PILOTING,SYS_GO,15.6004,0.9154,-3.0072,-172.3,246,0.0,0.0,0.0,0
3,1771968740.1943,46.9,2.0,56.3,20.0,0.112,-0.0,PILOTING,SYS_GO,15.5989,0.9153,-3.0072,-172.3,246,0.0,0.0,0.0,0
3,1771968740.2679,40.9,0.0,9.7,20.0,0.112,-0.0,PILOTING,SYS_GO,15.5924,0.9144,-3.0072,-172.3,246,0.0,0.0,0.0,0
3,1771968740.3157,51.4,0.0,28.6,20.0,0.112,-0.0,PILOTING,SYS_GO,15.5912,0.9142,-3.0072,-172.3,246,0.0,0.0,0.0,0
3,1771968740.3627,47.9,5.1,54.5,20.0,0.112,-0.0,PILOTING,SYS_GO,15.5879,0.9138,-3.0072,-172.3,246,0.0,0.0,0.0,0
3,1771968740.4402,41.7,0.0,17.6,20.0,0.112,-0.0,PILOTING,SYS_GO,15.5812,0.9129,-3.0072,-172.3,246,0.0,0.0,0.0,0
3,1771968740.4874,44.1,1.0,36.4,20.0,0.112,-0.0,PILOTING,SYS_GO,15.5792,0.9126,-3.0072,-172.3,246,0.0,0.0,0.0,0
3,1771968740.5303,40.3,1.5,31.6,20.0,0.112,-0.0,PILOTING,SYS_GO,15.5747,0.912,-3.0072,-172.3,246,0.0,0.0,0.0,0
3,1771968740.5749,38.2,6.8,29.6,20.0,0.112,-0.0,PILOTING,SYS_GO,15.571,0.9115,-3.0072,-172.3,246,0.0,0.0,0.0,0
3,1771968740.622,35.3,1.1,14.1,20.0,0.112,-0.0,PILOTING,SYS_GO,15.5663,0.9108,-3.0072,-172.3,246,0.0,0.0,0.0,0
3,1771968740.6692,41.4,0.0,29.3,20.0,0.112,-0.0,PILOTING,SYS_GO,15.5646,0.9106,-3.0072,-172.3,246,0.0,0.0,0.0,0
3,1771968740.7137,39.9,1.5,34.7,20.0,0.112,-0.0,PILOTING,SYS_GO,15.5614,0.9102,-3.0072,-172.3,246,0.0,0.0,0.0,0
3,1771968740.7582,37.3,5.9,18.3,20.0,0.112,-0.0,PILOTING,SYS_GO,15.5572,0.9096,-3.0072,-172.3,246,0.0,0.0,0.0,0
3,1771968740.8038,37.5,0.4,17.8,20.0,0.112,-0.0,PILOTING,SYS_GO,15.5543,0.9092,-3.0072,-172.3,246,0.0,0.0,0.0,0
3,1771968740.8491,41.0,0.7,19.3,20.0,0.112,-0.0,PILOTING,SYS_GO,15.5523,0.9089,-3.0072,-172.3,246,0.0,0.0,0.0,0
3,1771968740.8948,42.8,1.5,21.3,20.0,0.112,-0.0,PILOTING,SYS_GO,15.5501,0.9086,-3.0072,-172.3,246,0.0,0.0,0.0,0
3,1771968740.9405,43.0,0.0,36.2,20.0,0.112,-0.0,PILOTING,SYS_GO,15.5476,0.9083,-3.0072,-172.3,245,0.0,0.0,0.0,0
3,1771968740.9885,39.9,2.1,42.9,20.0,0.112,-0.0,PILOTING,SYS_GO,15.356,0.9395,-3.0072,-172.3,245,0.0,0.0,0.0,0
3,1771968741.056,36.4,8.6,19.0,20.0,0.112,-0.0,PILOTING,SYS_GO,15.351,0.9388,-3.0072,-172.3,245,0.0,0.0,0.0,0
3,1771968741.0944,36.0,0.0,22.6,20.0,0.112,-0.0,PILOTING,SYS_GO,15.3477,0.9383,-3.0072,-172.3,245,0.0,0.0,0.0,0
3,1771968741.1446,37.6,3.8,57.3,20.0,0.112,-0.0,PILOTING,SYS_GO,15.3452,0.938,-3.0072,-172.3,245,0.0,0.0,0.0,0
3,1771968741.2236,33.4,6.5,10.1,20.0,0.112,-0.0,PILOTING,SYS_GO,15.3385,0.9371,-3.0072,-172.3,245,0.0,0.0,0.0,0
3,1771968741.2708,34.1,1.1,25.7,20.0,0.112,-0.0,PILOTING,SYS_GO,15.3354,0.9367,-3.0072,-172.3,245,0.0,0.0,0.0,0
3,1771968741.3163,34.7,2.6,61.1,20.0,0.112,-0.0,PILOTING,SYS_GO,15.3325,0.9363,-3.0072,-172.3,245,0.0,0.0,0.0,0
3,1771968741.3882,30.9,0.0,17.5,20.0,0.112,-0.0,PILOTING,SYS_GO,15.3254,0.9353,-3.0072,-172.3,245,0.0,0.0,0.0,0
3,1771968741.4421,35.5,2.6,41.0,20.0,0.112,-0.0,PILOTING,SYS_GO,15.3233,0.935,-3.0072,-172.3,245,0.0,0.0,0.0,0
3,1771968741.5069,33.0,19.2,13.2,20.0,0.112,-0.0,PILOTING,SYS_GO,15.3185,0.9344,-3.0072,-172.3,245,0.0,0.0,0.0,0
3,1771968741.5428,32.4,0.0,13.2,20.0,0.112,-0.0,PILOTING,SYS_GO,15.3148,0.9339,-3.0072,-172.3,245,0.0,0.0,0.0,0
3,1771968741.5897,41.0,4.5,71.9,20.0,0.112,-0.0,PILOTING,SYS_GO,15.3133,0.9337,-3.0072,-172.3,245,0.0,0.0,0.0,0
3,1771968741.6801,35.5,0.0,11.5,20.0,0.112,-0.0,PILOTING,SYS_GO,15.3048,0.9325,-3.0072,-172.3,245,0.0,0.0,0.0,0
3,1771968741.734,44.4,8.6,53.1,20.0,0.112,-0.0,PILOTING,SYS_GO,15.3035,0.9324,-3.0072,-172.3,245,0.0,0.0,0.0,0
3,1771968741.8033,38.8,0.0,14.0,20.0,0.112,-0.0,PILOTING,SYS_GO,15.2966,0.9314,-3.0072,-172.3,245,0.0,0.0,0.0,0
3,1771968741.8493,44.4,7.1,44.3,20.0,0.112,-0.0,PILOTING,SYS_GO,15.2949,0.9312,-3.0072,-172.3,245,0.0,0.0,0.0,0
3,1771968741.9095,39.2,3.8,9.9,20.0,0.112,-0.0,PILOTING,SYS_GO,15.2889,0.9304,-3.0072,-172.3,245,0.0,0.0,0.0,0
3,1771968741.9605,45.9,2.1,26.1,20.0,0.112,-0.0,PILOTING,SYS_GO,15.2874,0.9302,-3.0072,-172.3,245,0.0,0.0,0.0,0
3,1771968742.0025,43.8,1.1,40.2,20.0,0.112,-0.0,PILOTING,SYS_GO,15.2843,0.9298,-3.0072,-172.3,245,0.0,0.0,0.0,0
3,1771968742.0491,39.8,0.6,11.2,20.0,0.112,-0.0,PILOTING,SYS_GO,15.2796,0.9291,-3.0072,-172.3,245,0.0,0.0,0.0,0
3,1771968742.098,47.7,1.5,21.1,20.0,0.112,-0.0,PILOTING,SYS_GO,15.2782,0.9289,-3.0072,-172.3,245,0.0,0.0,0.0,0
3,1771968742.1406,47.0,1.6,27.5,20.0,0.112,-0.0,PILOTING,SYS_GO,15.2757,0.9286,-3.0072,-172.3,245,0.0,0.0,0.0,0
3,1771968742.1862,43.1,2.6,15.9,20.0,0.112,-0.0,PILOTING,SYS_GO,15.2717,0.9281,-3.0072,-172.3,245,0.0,0.0,0.0,0
3,1771968742.2333,42.7,2.3,36.9,20.0,0.112,-0.0,PILOTING,SYS_GO,15.269,0.9277,-3.0072,-172.3,245,0.0,0.0,0.0,0
3,1771968742.2775,39.2,0.5,32.9,20.0,0.112,-0.0,PILOTING,SYS_GO,15.2645,0.9271,-3.0072,-172.3,245,0.0,0.0,0.0,0
3,1771968742.3241,36.9,0.0,26.1,20.0,0.112,-0.0,PILOTING,SYS_GO,15.2605,0.9265,-3.0072,-172.3,245,0.0,0.0,0.0,0
3,1771968742.3678,36.6,0.0,32.3,20.0,0.112,-0.0,PILOTING,SYS_GO,15.2574,0.9261,-3.0072,-172.3,245,0.0,0.0,0.0,0
3,1771968742.4179,35.4,3.1,45.2,20.0,0.112,-0.0,PILOTING,SYS_GO,15.2538,0.9256,-3.0072,-172.3,245,0.0,0.0,0.0,0
3,1771968742.4896,32.3,1.0,24.4,20.0,0.112,-0.0,PILOTING,SYS_GO,15.2482,0.9249,-3.0072,-172.3,245,0.0,0.0,0.0,0
3,1771968742.5379,33.4,0.8,30.4,20.0,0.112,-0.0,PILOTING,SYS_GO,15.2453,0.9245,-3.0072,-172.3,245,0.0,0.0,0.0,0
3,1771968742.586,33.0,1.5,20.3,20.0,0.112,-0.0,PILOTING,SYS_GO,15.2417,0.924,-3.0072,-172.3,245,0.0,0.0,0.0,0
3,1771968742.6317,34.8,5.0,25.1,20.0,0.112,-0.0,PILOTING,SYS_GO,15.2391,0.9237,-3.0072,-172.3,245,0.0,0.0,0.0,0
3,1771968742.6779,34.1,0.3,31.1,20.0,0.112,-0.0,PILOTING,SYS_GO,15.2356,0.9232,-3.0072,-172.3,245,0.0,0.0,0.0,0
3,1771968742.7242,33.5,1.0,26.6,20.0,0.112,-0.0,PILOTING,SYS_GO,15.232,0.9227,-3.0072,-172.3,245,0.0,0.0,0.0,0
3,1771968742.77,33.0,6.7,36.8,20.0,0.112,-0.0,PILOTING,SYS_GO,15.2284,0.9222,-3.0072,-172.3,245,0.0,0.0,0.0,0
3,1771968742.8301,30.8,0.0,24.4,20.0,0.112,-0.0,PILOTING,SYS_GO,15.2234,0.9215,-3.0072,-172.3,245,0.0,0.0,0.0,0
3,1771968742.8754,32.9,0.5,31.0,20.0,0.112,-0.0,PILOTING,SYS_GO,15.2207,0.9212,-3.0072,-172.3,245,0.0,0.0,0.0,0
3,1771968742.9207,32.1,2.6,18.0,20.0,0.112,-0.0,PILOTING,SYS_GO,15.2168,0.9206,-3.0072,-172.3,245,0.0,0.0,0.0,0
3,1771968742.9663,32.5,1.0,21.3,20.0,0.112,-0.0,PILOTING,SYS_GO,15.2136,0.9202,-3.0072,-172.3,245,0.0,0.0,0.0,0
3,1771968743.0115,34.5,1.0,31.2,20.0,0.112,-0.0,PILOTING,SYS_GO,15.211,0.9199,-3.0072,-172.3,245,0.0,0.0,0.0,0
3,1771968743.0608,32.5,2.8,44.3,20.0,0.112,-0.0,PILOTING,SYS_GO,15.2064,0.9192,-3.0072,-172.3,245,0.0,0.0,0.0,0
3,1771968743.1185,30.0,0.0,11.9,20.0,0.112,-0.0,PILOTING,SYS_GO,15.2009,0.9185,-3.0072,-172.3,245,0.0,0.0,0.0,0
3,1771968743.1646,40.8,1.8,40.2,20.0,0.112,-0.0,PILOTING,SYS_GO,15.1996,0.9183,-3.0072,-172.3,245,0.0,0.0,0.0,0
3,1771968743.2182,37.4,1.0,47.2,20.0,0.112,-0.0,PILOTING,SYS_GO,15.1949,0.9177,-3.0072,-172.3,245,0.0,0.0,0.0,0
3,1771968743.2716,33.8,0.0,10.9,20.0,0.112,-0.0,PILOTING,SYS_GO,15.1892,0.9169,-3.0072,-172.3,245,0.0,0.0,0.0,0
3,1771968743.3181,42.5,2.0,22.7,20.0,0.112,-0.0,PILOTING,SYS_GO,15.1878,0.9167,-3.0072,-172.3,245,0.0,0.0,0.0,0
3,1771968743.364,41.7,3.0,23.3,20.0,0.112,-0.0,PILOTING,SYS_GO,15.1849,0.9163,-3.0072,-172.3,245,0.0,0.0,0.0,0
3,1771968743.4096,39.6,0.3,25.5,20.0,0.112,-0.0,PILOTING,SYS_GO,15.1813,0.9158,-3.0072,-172.3,245,0.0,0.0,0.0,0
3,1771968743.4638,39.4,7.6,50.2,20.0,0.112,-0.0,PILOTING,SYS_GO,15.1785,0.9155,-3.0072,-172.3,245,0.0,0.0,0.0,0
3,1771968743.5307,34.9,0.0,23.3,20.0,0.112,-0.0,PILOTING,SYS_GO,15.1719,0.9146,-3.0072,-172.3,244,0.0,0.0,0.0,0
3,1771968743.5801,36.4,6.2,64.5,50.0,0.112,-0.0,PILOTING,SYS_GO,14.9874,0.9396,-3.0072,-172.3,244,0.0,0.0,0.0,0
3,1771968743.6681,31.8,0.0,24.8,50.0,0.532,-0.0,PILOTING,SYS_GO,14.9484,0.9344,-3.0072,-172.3,244,0.0,0.0,0.0,0
3,1771968743.7139,33.5,11.7,69.3,50.0,0.532,-0.0,PILOTING,SYS_GO,14.9354,0.9326,-3.0072,-172.3,244,0.0,0.0,0.0,0
3,1771968743.8042,29.2,3.6,13.0,50.0,0.532,-0.0,PILOTING,SYS_GO,14.8909,0.9266,-3.0072,-172.3,244,0.0,0.0,0.0,0
3,1771968743.8491,32.4,7.8,29.0,50.0,0.532,-0.0,PILOTING,SYS_GO,14.8793,0.925,-3.0072,-172.3,244,0.0,0.0,0.0,0
3,1771968743.8959,31.2,3.7,40.4,50.0,0.532,-0.0,PILOTING,SYS_GO,14.8593,0.9223,-3.0072,-172.3,244,0.0,0.0,0.0,0
3,1771968743.958,29.3,0.0,10.6,50.0,0.532,-0.0,PILOTING,SYS_GO,14.8347,0.919,-3.0072,-172.3,244,0.0,0.0,0.0,0
3,1771968744.001,40.3,1.1,23.6,50.0,0.532,-0.0,PILOTING,SYS_GO,14.8284,0.9181,-3.0072,-172.3,244,0.0,0.0,0.0,0
3,1771968744.0481,40.0,7.4,36.4,50.0,0.532,-0.0,PILOTING,SYS_GO,14.8149,0.9163,-3.0072,-172.3,244,0.0,0.0,0.0,0
3,1771968744.107,36.5,0.0,0.0,0.0,0.532,0.0,E-STOP,SYS_STOP,14.8149,0.9163,-3.0072,0.0,—,0.0,0.0,0.0,1
3,1771968744.1521,229.2,0.0,0.0,0.0,0.0,0.0,E-STOP,SYS_STOP,14.8149,0.9163,-3.0072,0.0,—,0.0,0.0,0.0,1
3,1771968744.199,383.4,0.0,0.0,0.0,0.0,0.0,E-STOP,SYS_STOP,14.8149,0.9163,-3.0072,0.0,—,0.0,0.0,0.0,1
3,1771968744.2455,506.7,0.0,0.0,0.0,0.0,0.0,E-STOP,SYS_STOP,14.8149,0.9163,-3.0072,0.0,—,0.0,0.0,0.0,1
3,1771968744.2921,605.3,0.0,0.0,0.0,0.0,0.0,E-STOP,SYS_STOP,14.8149,0.9163,-3.0072,0.0,—,0.0,0.0,0.0,1
3,1771968744.3374,684.3,0.0,0.0,0.0,0.0,0.0,E-STOP,SYS_STOP,14.8149,0.9163,-3.0072,0.0,—,0.0,0.0,0.0,1
3,1771968744.3829,747.4,0.0,0.0,0.0,0.0,0.0,E-STOP,SYS_STOP,14.8149,0.9163,-3.0072,0.0,—,0.0,0.0,0.0,1
